ISO-10303-21;
HEADER;
FILE_DESCRIPTION(('KiCad electronic assembly'),'2;1');
FILE_NAME('Pilot.step','2025-11-14T04:15:31',('Pcbnew'),('Kicad'),
  'Open CASCADE STEP processor 7.9','KiCad to STEP converter','Unknown'
  );
FILE_SCHEMA(('AUTOMOTIVE_DESIGN { 1 0 10303 214 1 1 1 1 }'));
ENDSEC;
DATA;
#1 = APPLICATION_PROTOCOL_DEFINITION('international standard',
  'automotive_design',2000,#2);
#2 = APPLICATION_CONTEXT(
  'core data for automotive mechanical design processes');
#3 = SHAPE_DEFINITION_REPRESENTATION(#4,#10);
#4 = PRODUCT_DEFINITION_SHAPE('','',#5);
#5 = PRODUCT_DEFINITION('design','',#6,#9);
#6 = PRODUCT_DEFINITION_FORMATION('','',#7);
#7 = PRODUCT('Pilot 1','Pilot 1','',(#8));
#8 = PRODUCT_CONTEXT('',#2,'mechanical');
#9 = PRODUCT_DEFINITION_CONTEXT('part definition',#2,'design');
#10 = SHAPE_REPRESENTATION('',(#11,#15,#19,#23,#27,#31,#35,#39,#43,#47,
    #51,#55,#59,#63,#67,#71,#75,#79,#83,#87,#91,#95,#99,#103),#107);
#11 = AXIS2_PLACEMENT_3D('',#12,#13,#14);
#12 = CARTESIAN_POINT('',(0.,0.,0.));
#13 = DIRECTION('',(0.,0.,1.));
#14 = DIRECTION('',(1.,0.,-0.));
#15 = AXIS2_PLACEMENT_3D('',#16,#17,#18);
#16 = CARTESIAN_POINT('',(128.62,-79.757618,-8.5E-02));
#17 = DIRECTION('',(-1.224646799147E-16,-1.359631073447E-32,-1.));
#18 = DIRECTION('',(1.110223024625E-16,-1.,0.));
#19 = AXIS2_PLACEMENT_3D('',#20,#21,#22);
#20 = CARTESIAN_POINT('',(135.32,-79.757618,-8.5E-02));
#21 = DIRECTION('',(-1.224646799147E-16,-1.359631073447E-32,-1.));
#22 = DIRECTION('',(1.110223024625E-16,-1.,0.));
#23 = AXIS2_PLACEMENT_3D('',#24,#25,#26);
#24 = CARTESIAN_POINT('',(138.45,-73.777618,-8.5E-02));
#25 = DIRECTION('',(-1.224646799147E-16,-1.359631073447E-32,-1.));
#26 = DIRECTION('',(1.110223024625E-16,-1.,0.));
#27 = AXIS2_PLACEMENT_3D('',#28,#29,#30);
#28 = CARTESIAN_POINT('',(125.27,-79.757618,-8.5E-02));
#29 = DIRECTION('',(-1.224646799147E-16,-1.359631073447E-32,-1.));
#30 = DIRECTION('',(1.110223024625E-16,-1.,0.));
#31 = AXIS2_PLACEMENT_3D('',#32,#33,#34);
#32 = CARTESIAN_POINT('',(145.07,-73.777618,-8.5E-02));
#33 = DIRECTION('',(-1.224646799147E-16,-1.359631073447E-32,-1.));
#34 = DIRECTION('',(1.110223024625E-16,-1.,0.));
#35 = AXIS2_PLACEMENT_3D('',#36,#37,#38);
#36 = CARTESIAN_POINT('',(148.38,-73.777618,-8.5E-02));
#37 = DIRECTION('',(-1.224646799147E-16,-1.359631073447E-32,-1.));
#38 = DIRECTION('',(1.110223024625E-16,-1.,0.));
#39 = AXIS2_PLACEMENT_3D('',#40,#41,#42);
#40 = CARTESIAN_POINT('',(131.97,-79.757618,-8.5E-02));
#41 = DIRECTION('',(-1.224646799147E-16,-1.359631073447E-32,-1.));
#42 = DIRECTION('',(1.110223024625E-16,-1.,0.));
#43 = AXIS2_PLACEMENT_3D('',#44,#45,#46);
#44 = CARTESIAN_POINT('',(135.14,-73.777618,-8.5E-02));
#45 = DIRECTION('',(-1.224646799147E-16,-1.359631073447E-32,-1.));
#46 = DIRECTION('',(1.110223024625E-16,-1.,0.));
#47 = AXIS2_PLACEMENT_3D('',#48,#49,#50);
#48 = CARTESIAN_POINT('',(121.9,-73.777618,-8.5E-02));
#49 = DIRECTION('',(-1.224646799147E-16,-1.359631073447E-32,-1.));
#50 = DIRECTION('',(1.110223024625E-16,-1.,0.));
#51 = AXIS2_PLACEMENT_3D('',#52,#53,#54);
#52 = CARTESIAN_POINT('',(145.37,-79.757618,-8.5E-02));
#53 = DIRECTION('',(-1.224646799147E-16,-1.359631073447E-32,-1.));
#54 = DIRECTION('',(1.110223024625E-16,-1.,0.));
#55 = AXIS2_PLACEMENT_3D('',#56,#57,#58);
#56 = CARTESIAN_POINT('',(138.67,-79.757618,-8.5E-02));
#57 = DIRECTION('',(-1.224646799147E-16,-1.359631073447E-32,-1.));
#58 = DIRECTION('',(1.110223024625E-16,-1.,0.));
#59 = AXIS2_PLACEMENT_3D('',#60,#61,#62);
#60 = CARTESIAN_POINT('',(165.055,-85.277618,-8.5E-02));
#61 = DIRECTION('',(-1.224646799147E-16,-1.359631073447E-32,-1.));
#62 = DIRECTION('',(1.110223024625E-16,-1.,0.));
#63 = AXIS2_PLACEMENT_3D('',#64,#65,#66);
#64 = CARTESIAN_POINT('',(141.76,-73.777618,-8.5E-02));
#65 = DIRECTION('',(-1.224646799147E-16,-1.359631073447E-32,-1.));
#66 = DIRECTION('',(1.110223024625E-16,-1.,0.));
#67 = AXIS2_PLACEMENT_3D('',#68,#69,#70);
#68 = CARTESIAN_POINT('',(161.305,-85.377618,-8.5E-02));
#69 = DIRECTION('',(-1.224646799147E-16,-1.359631073447E-32,-1.));
#70 = DIRECTION('',(1.110223024625E-16,-1.,0.));
#71 = AXIS2_PLACEMENT_3D('',#72,#73,#74);
#72 = CARTESIAN_POINT('',(131.83,-73.777618,-8.5E-02));
#73 = DIRECTION('',(-1.224646799147E-16,-1.359631073447E-32,-1.));
#74 = DIRECTION('',(1.110223024625E-16,-1.,0.));
#75 = AXIS2_PLACEMENT_3D('',#76,#77,#78);
#76 = CARTESIAN_POINT('',(161.,-73.827618,-8.5E-02));
#77 = DIRECTION('',(-1.224646799147E-16,-1.359631073447E-32,-1.));
#78 = DIRECTION('',(1.110223024625E-16,-1.,0.));
#79 = AXIS2_PLACEMENT_3D('',#80,#81,#82);
#80 = CARTESIAN_POINT('',(125.21,-73.777618,-8.5E-02));
#81 = DIRECTION('',(-1.224646799147E-16,-1.359631073447E-32,-1.));
#82 = DIRECTION('',(1.110223024625E-16,-1.,0.));
#83 = AXIS2_PLACEMENT_3D('',#84,#85,#86);
#84 = CARTESIAN_POINT('',(162.43,-80.132618,-8.5E-02));
#85 = DIRECTION('',(-1.224646799147E-16,-1.359631073447E-32,-1.));
#86 = DIRECTION('',(1.110223024625E-16,-1.,0.));
#87 = AXIS2_PLACEMENT_3D('',#88,#89,#90);
#88 = CARTESIAN_POINT('',(142.02,-79.757618,-8.5E-02));
#89 = DIRECTION('',(-1.224646799147E-16,-1.359631073447E-32,-1.));
#90 = DIRECTION('',(1.110223024625E-16,-1.,0.));
#91 = AXIS2_PLACEMENT_3D('',#92,#93,#94);
#92 = CARTESIAN_POINT('',(121.92,-79.757618,-8.5E-02));
#93 = DIRECTION('',(-1.224646799147E-16,-1.359631073447E-32,-1.));
#94 = DIRECTION('',(1.110223024625E-16,-1.,0.));
#95 = AXIS2_PLACEMENT_3D('',#96,#97,#98);
#96 = CARTESIAN_POINT('',(164.39,-73.827618,-8.5E-02));
#97 = DIRECTION('',(-1.224646799147E-16,-1.359631073447E-32,-1.));
#98 = DIRECTION('',(1.110223024625E-16,-1.,0.));
#99 = AXIS2_PLACEMENT_3D('',#100,#101,#102);
#100 = CARTESIAN_POINT('',(128.52,-73.777618,-8.5E-02));
#101 = DIRECTION('',(-1.224646799147E-16,-1.359631073447E-32,-1.));
#102 = DIRECTION('',(1.110223024625E-16,-1.,0.));
#103 = AXIS2_PLACEMENT_3D('',#104,#105,#106);
#104 = CARTESIAN_POINT('',(0.,0.,0.));
#105 = DIRECTION('',(0.,0.,1.));
#106 = DIRECTION('',(1.,0.,-0.));
#107 = ( GEOMETRIC_REPRESENTATION_CONTEXT(3) 
GLOBAL_UNCERTAINTY_ASSIGNED_CONTEXT((#111)) GLOBAL_UNIT_ASSIGNED_CONTEXT
((#108,#109,#110)) REPRESENTATION_CONTEXT('Context #1',
  '3D Context with UNIT and UNCERTAINTY') );
#108 = ( LENGTH_UNIT() NAMED_UNIT(*) SI_UNIT(.MILLI.,.METRE.) );
#109 = ( NAMED_UNIT(*) PLANE_ANGLE_UNIT() SI_UNIT($,.RADIAN.) );
#110 = ( NAMED_UNIT(*) SI_UNIT($,.STERADIAN.) SOLID_ANGLE_UNIT() );
#111 = UNCERTAINTY_MEASURE_WITH_UNIT(LENGTH_MEASURE(1.E-07),#108,
  'distance_accuracy_value','confusion accuracy');
#112 = PRODUCT_RELATED_PRODUCT_CATEGORY('part',$,(#7));
#113 = SHAPE_DEFINITION_REPRESENTATION(#114,#120);
#114 = PRODUCT_DEFINITION_SHAPE('','',#115);
#115 = PRODUCT_DEFINITION('design','',#116,#119);
#116 = PRODUCT_DEFINITION_FORMATION('','',#117);
#117 = PRODUCT('C_1206_3216Metric','C_1206_3216Metric','',(#118));
#118 = PRODUCT_CONTEXT('',#2,'mechanical');
#119 = PRODUCT_DEFINITION_CONTEXT('part definition',#2,'design');
#120 = ADVANCED_BREP_SHAPE_REPRESENTATION('',(#11,#121),#975);
#121 = MANIFOLD_SOLID_BREP('',#122);
#122 = CLOSED_SHELL('',(#123,#199,#230,#255,#280,#304,#328,#353,#378,
    #395,#481,#513,#537,#562,#586,#611,#635,#660,#677,#763,#794,#819,
    #844,#868,#892,#917,#942,#959));
#123 = ADVANCED_FACE('',(#124),#194,.F.);
#124 = FACE_BOUND('',#125,.F.);
#125 = EDGE_LOOP('',(#126,#136,#145,#153,#162,#170,#179,#187));
#126 = ORIENTED_EDGE('',*,*,#127,.F.);
#127 = EDGE_CURVE('',#128,#130,#132,.T.);
#128 = VERTEX_POINT('',#129);
#129 = CARTESIAN_POINT('',(-1.6,-0.8,4.E-02));
#130 = VERTEX_POINT('',#131);
#131 = CARTESIAN_POINT('',(-1.6,-0.8,1.56));
#132 = LINE('',#133,#134);
#133 = CARTESIAN_POINT('',(-1.6,-0.8,0.));
#134 = VECTOR('',#135,1.);
#135 = DIRECTION('',(0.,0.,1.));
#136 = ORIENTED_EDGE('',*,*,#137,.T.);
#137 = EDGE_CURVE('',#128,#138,#140,.T.);
#138 = VERTEX_POINT('',#139);
#139 = CARTESIAN_POINT('',(-1.6,-0.76,0.));
#140 = CIRCLE('',#141,4.E-02);
#141 = AXIS2_PLACEMENT_3D('',#142,#143,#144);
#142 = CARTESIAN_POINT('',(-1.6,-0.76,4.E-02));
#143 = DIRECTION('',(1.,0.,-0.));
#144 = DIRECTION('',(0.,0.,1.));
#145 = ORIENTED_EDGE('',*,*,#146,.T.);
#146 = EDGE_CURVE('',#138,#147,#149,.T.);
#147 = VERTEX_POINT('',#148);
#148 = CARTESIAN_POINT('',(-1.6,0.76,0.));
#149 = LINE('',#150,#151);
#150 = CARTESIAN_POINT('',(-1.6,-0.8,0.));
#151 = VECTOR('',#152,1.);
#152 = DIRECTION('',(0.,1.,0.));
#153 = ORIENTED_EDGE('',*,*,#154,.F.);
#154 = EDGE_CURVE('',#155,#147,#157,.T.);
#155 = VERTEX_POINT('',#156);
#156 = CARTESIAN_POINT('',(-1.6,0.8,4.E-02));
#157 = CIRCLE('',#158,4.E-02);
#158 = AXIS2_PLACEMENT_3D('',#159,#160,#161);
#159 = CARTESIAN_POINT('',(-1.6,0.76,4.E-02));
#160 = DIRECTION('',(-1.,0.,0.));
#161 = DIRECTION('',(0.,0.,1.));
#162 = ORIENTED_EDGE('',*,*,#163,.T.);
#163 = EDGE_CURVE('',#155,#164,#166,.T.);
#164 = VERTEX_POINT('',#165);
#165 = CARTESIAN_POINT('',(-1.6,0.8,1.56));
#166 = LINE('',#167,#168);
#167 = CARTESIAN_POINT('',(-1.6,0.8,0.));
#168 = VECTOR('',#169,1.);
#169 = DIRECTION('',(0.,0.,1.));
#170 = ORIENTED_EDGE('',*,*,#171,.T.);
#171 = EDGE_CURVE('',#164,#172,#174,.T.);
#172 = VERTEX_POINT('',#173);
#173 = CARTESIAN_POINT('',(-1.6,0.76,1.6));
#174 = CIRCLE('',#175,4.E-02);
#175 = AXIS2_PLACEMENT_3D('',#176,#177,#178);
#176 = CARTESIAN_POINT('',(-1.6,0.76,1.56));
#177 = DIRECTION('',(1.,0.,-0.));
#178 = DIRECTION('',(0.,0.,1.));
#179 = ORIENTED_EDGE('',*,*,#180,.F.);
#180 = EDGE_CURVE('',#181,#172,#183,.T.);
#181 = VERTEX_POINT('',#182);
#182 = CARTESIAN_POINT('',(-1.6,-0.76,1.6));
#183 = LINE('',#184,#185);
#184 = CARTESIAN_POINT('',(-1.6,-0.8,1.6));
#185 = VECTOR('',#186,1.);
#186 = DIRECTION('',(0.,1.,0.));
#187 = ORIENTED_EDGE('',*,*,#188,.F.);
#188 = EDGE_CURVE('',#130,#181,#189,.T.);
#189 = CIRCLE('',#190,4.E-02);
#190 = AXIS2_PLACEMENT_3D('',#191,#192,#193);
#191 = CARTESIAN_POINT('',(-1.6,-0.76,1.56));
#192 = DIRECTION('',(-1.,0.,0.));
#193 = DIRECTION('',(0.,0.,1.));
#194 = PLANE('',#195);
#195 = AXIS2_PLACEMENT_3D('',#196,#197,#198);
#196 = CARTESIAN_POINT('',(-1.6,-0.8,0.));
#197 = DIRECTION('',(1.,0.,0.));
#198 = DIRECTION('',(0.,0.,1.));
#199 = ADVANCED_FACE('',(#200),#225,.F.);
#200 = FACE_BOUND('',#201,.F.);
#201 = EDGE_LOOP('',(#202,#212,#218,#219));
#202 = ORIENTED_EDGE('',*,*,#203,.F.);
#203 = EDGE_CURVE('',#204,#206,#208,.T.);
#204 = VERTEX_POINT('',#205);
#205 = CARTESIAN_POINT('',(-1.2,-0.8,4.E-02));
#206 = VERTEX_POINT('',#207);
#207 = CARTESIAN_POINT('',(-1.2,-0.8,1.56));
#208 = LINE('',#209,#210);
#209 = CARTESIAN_POINT('',(-1.2,-0.8,0.));
#210 = VECTOR('',#211,1.);
#211 = DIRECTION('',(0.,0.,1.));
#212 = ORIENTED_EDGE('',*,*,#213,.F.);
#213 = EDGE_CURVE('',#128,#204,#214,.T.);
#214 = LINE('',#215,#216);
#215 = CARTESIAN_POINT('',(-1.6,-0.8,4.E-02));
#216 = VECTOR('',#217,1.);
#217 = DIRECTION('',(1.,0.,0.));
#218 = ORIENTED_EDGE('',*,*,#127,.T.);
#219 = ORIENTED_EDGE('',*,*,#220,.T.);
#220 = EDGE_CURVE('',#130,#206,#221,.T.);
#221 = LINE('',#222,#223);
#222 = CARTESIAN_POINT('',(-1.6,-0.8,1.56));
#223 = VECTOR('',#224,1.);
#224 = DIRECTION('',(1.,0.,0.));
#225 = PLANE('',#226);
#226 = AXIS2_PLACEMENT_3D('',#227,#228,#229);
#227 = CARTESIAN_POINT('',(-1.6,-0.8,0.));
#228 = DIRECTION('',(0.,1.,0.));
#229 = DIRECTION('',(0.,-0.,1.));
#230 = ADVANCED_FACE('',(#231),#250,.T.);
#231 = FACE_BOUND('',#232,.T.);
#232 = EDGE_LOOP('',(#233,#234,#242,#249));
#233 = ORIENTED_EDGE('',*,*,#137,.T.);
#234 = ORIENTED_EDGE('',*,*,#235,.T.);
#235 = EDGE_CURVE('',#138,#236,#238,.T.);
#236 = VERTEX_POINT('',#237);
#237 = CARTESIAN_POINT('',(-1.2,-0.76,0.));
#238 = LINE('',#239,#240);
#239 = CARTESIAN_POINT('',(-1.6,-0.76,0.));
#240 = VECTOR('',#241,1.);
#241 = DIRECTION('',(1.,0.,0.));
#242 = ORIENTED_EDGE('',*,*,#243,.F.);
#243 = EDGE_CURVE('',#204,#236,#244,.T.);
#244 = CIRCLE('',#245,4.E-02);
#245 = AXIS2_PLACEMENT_3D('',#246,#247,#248);
#246 = CARTESIAN_POINT('',(-1.2,-0.76,4.E-02));
#247 = DIRECTION('',(1.,0.,-0.));
#248 = DIRECTION('',(0.,0.,1.));
#249 = ORIENTED_EDGE('',*,*,#213,.F.);
#250 = CYLINDRICAL_SURFACE('',#251,4.E-02);
#251 = AXIS2_PLACEMENT_3D('',#252,#253,#254);
#252 = CARTESIAN_POINT('',(-1.6,-0.76,4.E-02));
#253 = DIRECTION('',(1.,0.,0.));
#254 = DIRECTION('',(0.,-1.,0.));
#255 = ADVANCED_FACE('',(#256),#275,.T.);
#256 = FACE_BOUND('',#257,.T.);
#257 = EDGE_LOOP('',(#258,#259,#268,#274));
#258 = ORIENTED_EDGE('',*,*,#220,.T.);
#259 = ORIENTED_EDGE('',*,*,#260,.T.);
#260 = EDGE_CURVE('',#206,#261,#263,.T.);
#261 = VERTEX_POINT('',#262);
#262 = CARTESIAN_POINT('',(-1.2,-0.76,1.6));
#263 = CIRCLE('',#264,4.E-02);
#264 = AXIS2_PLACEMENT_3D('',#265,#266,#267);
#265 = CARTESIAN_POINT('',(-1.2,-0.76,1.56));
#266 = DIRECTION('',(-1.,0.,0.));
#267 = DIRECTION('',(0.,0.,1.));
#268 = ORIENTED_EDGE('',*,*,#269,.F.);
#269 = EDGE_CURVE('',#181,#261,#270,.T.);
#270 = LINE('',#271,#272);
#271 = CARTESIAN_POINT('',(-1.6,-0.76,1.6));
#272 = VECTOR('',#273,1.);
#273 = DIRECTION('',(1.,0.,0.));
#274 = ORIENTED_EDGE('',*,*,#188,.F.);
#275 = CYLINDRICAL_SURFACE('',#276,4.E-02);
#276 = AXIS2_PLACEMENT_3D('',#277,#278,#279);
#277 = CARTESIAN_POINT('',(-1.6,-0.76,1.56));
#278 = DIRECTION('',(1.,0.,0.));
#279 = DIRECTION('',(0.,-1.,0.));
#280 = ADVANCED_FACE('',(#281),#299,.F.);
#281 = FACE_BOUND('',#282,.F.);
#282 = EDGE_LOOP('',(#283,#284,#285,#293));
#283 = ORIENTED_EDGE('',*,*,#146,.F.);
#284 = ORIENTED_EDGE('',*,*,#235,.T.);
#285 = ORIENTED_EDGE('',*,*,#286,.T.);
#286 = EDGE_CURVE('',#236,#287,#289,.T.);
#287 = VERTEX_POINT('',#288);
#288 = CARTESIAN_POINT('',(-1.2,0.76,0.));
#289 = LINE('',#290,#291);
#290 = CARTESIAN_POINT('',(-1.2,-0.8,0.));
#291 = VECTOR('',#292,1.);
#292 = DIRECTION('',(0.,1.,0.));
#293 = ORIENTED_EDGE('',*,*,#294,.F.);
#294 = EDGE_CURVE('',#147,#287,#295,.T.);
#295 = LINE('',#296,#297);
#296 = CARTESIAN_POINT('',(-1.6,0.76,0.));
#297 = VECTOR('',#298,1.);
#298 = DIRECTION('',(1.,0.,0.));
#299 = PLANE('',#300);
#300 = AXIS2_PLACEMENT_3D('',#301,#302,#303);
#301 = CARTESIAN_POINT('',(-1.6,-0.8,0.));
#302 = DIRECTION('',(0.,0.,1.));
#303 = DIRECTION('',(1.,0.,-0.));
#304 = ADVANCED_FACE('',(#305),#323,.T.);
#305 = FACE_BOUND('',#306,.T.);
#306 = EDGE_LOOP('',(#307,#308,#309,#317));
#307 = ORIENTED_EDGE('',*,*,#180,.F.);
#308 = ORIENTED_EDGE('',*,*,#269,.T.);
#309 = ORIENTED_EDGE('',*,*,#310,.T.);
#310 = EDGE_CURVE('',#261,#311,#313,.T.);
#311 = VERTEX_POINT('',#312);
#312 = CARTESIAN_POINT('',(-1.2,0.76,1.6));
#313 = LINE('',#314,#315);
#314 = CARTESIAN_POINT('',(-1.2,-0.8,1.6));
#315 = VECTOR('',#316,1.);
#316 = DIRECTION('',(0.,1.,0.));
#317 = ORIENTED_EDGE('',*,*,#318,.F.);
#318 = EDGE_CURVE('',#172,#311,#319,.T.);
#319 = LINE('',#320,#321);
#320 = CARTESIAN_POINT('',(-1.6,0.76,1.6));
#321 = VECTOR('',#322,1.);
#322 = DIRECTION('',(1.,0.,0.));
#323 = PLANE('',#324);
#324 = AXIS2_PLACEMENT_3D('',#325,#326,#327);
#325 = CARTESIAN_POINT('',(-1.6,-0.8,1.6));
#326 = DIRECTION('',(0.,0.,1.));
#327 = DIRECTION('',(1.,0.,-0.));
#328 = ADVANCED_FACE('',(#329),#348,.T.);
#329 = FACE_BOUND('',#330,.T.);
#330 = EDGE_LOOP('',(#331,#339,#346,#347));
#331 = ORIENTED_EDGE('',*,*,#332,.T.);
#332 = EDGE_CURVE('',#155,#333,#335,.T.);
#333 = VERTEX_POINT('',#334);
#334 = CARTESIAN_POINT('',(-1.2,0.8,4.E-02));
#335 = LINE('',#336,#337);
#336 = CARTESIAN_POINT('',(-1.6,0.8,4.E-02));
#337 = VECTOR('',#338,1.);
#338 = DIRECTION('',(1.,0.,0.));
#339 = ORIENTED_EDGE('',*,*,#340,.T.);
#340 = EDGE_CURVE('',#333,#287,#341,.T.);
#341 = CIRCLE('',#342,4.E-02);
#342 = AXIS2_PLACEMENT_3D('',#343,#344,#345);
#343 = CARTESIAN_POINT('',(-1.2,0.76,4.E-02));
#344 = DIRECTION('',(-1.,0.,0.));
#345 = DIRECTION('',(0.,0.,1.));
#346 = ORIENTED_EDGE('',*,*,#294,.F.);
#347 = ORIENTED_EDGE('',*,*,#154,.F.);
#348 = CYLINDRICAL_SURFACE('',#349,4.E-02);
#349 = AXIS2_PLACEMENT_3D('',#350,#351,#352);
#350 = CARTESIAN_POINT('',(-1.6,0.76,4.E-02));
#351 = DIRECTION('',(1.,0.,0.));
#352 = DIRECTION('',(-0.,1.,0.));
#353 = ADVANCED_FACE('',(#354),#373,.T.);
#354 = FACE_BOUND('',#355,.T.);
#355 = EDGE_LOOP('',(#356,#357,#358,#367));
#356 = ORIENTED_EDGE('',*,*,#171,.T.);
#357 = ORIENTED_EDGE('',*,*,#318,.T.);
#358 = ORIENTED_EDGE('',*,*,#359,.F.);
#359 = EDGE_CURVE('',#360,#311,#362,.T.);
#360 = VERTEX_POINT('',#361);
#361 = CARTESIAN_POINT('',(-1.2,0.8,1.56));
#362 = CIRCLE('',#363,4.E-02);
#363 = AXIS2_PLACEMENT_3D('',#364,#365,#366);
#364 = CARTESIAN_POINT('',(-1.2,0.76,1.56));
#365 = DIRECTION('',(1.,0.,-0.));
#366 = DIRECTION('',(0.,0.,1.));
#367 = ORIENTED_EDGE('',*,*,#368,.F.);
#368 = EDGE_CURVE('',#164,#360,#369,.T.);
#369 = LINE('',#370,#371);
#370 = CARTESIAN_POINT('',(-1.6,0.8,1.56));
#371 = VECTOR('',#372,1.);
#372 = DIRECTION('',(1.,0.,0.));
#373 = CYLINDRICAL_SURFACE('',#374,4.E-02);
#374 = AXIS2_PLACEMENT_3D('',#375,#376,#377);
#375 = CARTESIAN_POINT('',(-1.6,0.76,1.56));
#376 = DIRECTION('',(1.,0.,0.));
#377 = DIRECTION('',(-0.,1.,0.));
#378 = ADVANCED_FACE('',(#379),#390,.T.);
#379 = FACE_BOUND('',#380,.T.);
#380 = EDGE_LOOP('',(#381,#387,#388,#389));
#381 = ORIENTED_EDGE('',*,*,#382,.F.);
#382 = EDGE_CURVE('',#333,#360,#383,.T.);
#383 = LINE('',#384,#385);
#384 = CARTESIAN_POINT('',(-1.2,0.8,0.));
#385 = VECTOR('',#386,1.);
#386 = DIRECTION('',(0.,0.,1.));
#387 = ORIENTED_EDGE('',*,*,#332,.F.);
#388 = ORIENTED_EDGE('',*,*,#163,.T.);
#389 = ORIENTED_EDGE('',*,*,#368,.T.);
#390 = PLANE('',#391);
#391 = AXIS2_PLACEMENT_3D('',#392,#393,#394);
#392 = CARTESIAN_POINT('',(-1.6,0.8,0.));
#393 = DIRECTION('',(0.,1.,0.));
#394 = DIRECTION('',(0.,-0.,1.));
#395 = ADVANCED_FACE('',(#396,#406),#476,.T.);
#396 = FACE_BOUND('',#397,.T.);
#397 = EDGE_LOOP('',(#398,#399,#400,#401,#402,#403,#404,#405));
#398 = ORIENTED_EDGE('',*,*,#203,.F.);
#399 = ORIENTED_EDGE('',*,*,#243,.T.);
#400 = ORIENTED_EDGE('',*,*,#286,.T.);
#401 = ORIENTED_EDGE('',*,*,#340,.F.);
#402 = ORIENTED_EDGE('',*,*,#382,.T.);
#403 = ORIENTED_EDGE('',*,*,#359,.T.);
#404 = ORIENTED_EDGE('',*,*,#310,.F.);
#405 = ORIENTED_EDGE('',*,*,#260,.F.);
#406 = FACE_BOUND('',#407,.T.);
#407 = EDGE_LOOP('',(#408,#419,#427,#436,#444,#453,#461,#470));
#408 = ORIENTED_EDGE('',*,*,#409,.F.);
#409 = EDGE_CURVE('',#410,#412,#414,.T.);
#410 = VERTEX_POINT('',#411);
#411 = CARTESIAN_POINT('',(-1.2,-0.76,8.E-02));
#412 = VERTEX_POINT('',#413);
#413 = CARTESIAN_POINT('',(-1.2,-0.72,4.E-02));
#414 = CIRCLE('',#415,4.E-02);
#415 = AXIS2_PLACEMENT_3D('',#416,#417,#418);
#416 = CARTESIAN_POINT('',(-1.2,-0.72,8.E-02));
#417 = DIRECTION('',(1.,0.,-0.));
#418 = DIRECTION('',(0.,0.,1.));
#419 = ORIENTED_EDGE('',*,*,#420,.T.);
#420 = EDGE_CURVE('',#410,#421,#423,.T.);
#421 = VERTEX_POINT('',#422);
#422 = CARTESIAN_POINT('',(-1.2,-0.76,1.52));
#423 = LINE('',#424,#425);
#424 = CARTESIAN_POINT('',(-1.2,-0.76,4.E-02));
#425 = VECTOR('',#426,1.);
#426 = DIRECTION('',(0.,0.,1.));
#427 = ORIENTED_EDGE('',*,*,#428,.T.);
#428 = EDGE_CURVE('',#421,#429,#431,.T.);
#429 = VERTEX_POINT('',#430);
#430 = CARTESIAN_POINT('',(-1.2,-0.72,1.56));
#431 = CIRCLE('',#432,4.E-02);
#432 = AXIS2_PLACEMENT_3D('',#433,#434,#435);
#433 = CARTESIAN_POINT('',(-1.2,-0.72,1.52));
#434 = DIRECTION('',(-1.,0.,0.));
#435 = DIRECTION('',(0.,0.,1.));
#436 = ORIENTED_EDGE('',*,*,#437,.T.);
#437 = EDGE_CURVE('',#429,#438,#440,.T.);
#438 = VERTEX_POINT('',#439);
#439 = CARTESIAN_POINT('',(-1.2,0.72,1.56));
#440 = LINE('',#441,#442);
#441 = CARTESIAN_POINT('',(-1.2,-0.76,1.56));
#442 = VECTOR('',#443,1.);
#443 = DIRECTION('',(0.,1.,0.));
#444 = ORIENTED_EDGE('',*,*,#445,.F.);
#445 = EDGE_CURVE('',#446,#438,#448,.T.);
#446 = VERTEX_POINT('',#447);
#447 = CARTESIAN_POINT('',(-1.2,0.76,1.52));
#448 = CIRCLE('',#449,4.E-02);
#449 = AXIS2_PLACEMENT_3D('',#450,#451,#452);
#450 = CARTESIAN_POINT('',(-1.2,0.72,1.52));
#451 = DIRECTION('',(1.,0.,-0.));
#452 = DIRECTION('',(0.,0.,1.));
#453 = ORIENTED_EDGE('',*,*,#454,.F.);
#454 = EDGE_CURVE('',#455,#446,#457,.T.);
#455 = VERTEX_POINT('',#456);
#456 = CARTESIAN_POINT('',(-1.2,0.76,8.E-02));
#457 = LINE('',#458,#459);
#458 = CARTESIAN_POINT('',(-1.2,0.76,4.E-02));
#459 = VECTOR('',#460,1.);
#460 = DIRECTION('',(0.,0.,1.));
#461 = ORIENTED_EDGE('',*,*,#462,.T.);
#462 = EDGE_CURVE('',#455,#463,#465,.T.);
#463 = VERTEX_POINT('',#464);
#464 = CARTESIAN_POINT('',(-1.2,0.72,4.E-02));
#465 = CIRCLE('',#466,4.E-02);
#466 = AXIS2_PLACEMENT_3D('',#467,#468,#469);
#467 = CARTESIAN_POINT('',(-1.2,0.72,8.E-02));
#468 = DIRECTION('',(-1.,0.,0.));
#469 = DIRECTION('',(0.,0.,1.));
#470 = ORIENTED_EDGE('',*,*,#471,.F.);
#471 = EDGE_CURVE('',#412,#463,#472,.T.);
#472 = LINE('',#473,#474);
#473 = CARTESIAN_POINT('',(-1.2,-0.76,4.E-02));
#474 = VECTOR('',#475,1.);
#475 = DIRECTION('',(0.,1.,0.));
#476 = PLANE('',#477);
#477 = AXIS2_PLACEMENT_3D('',#478,#479,#480);
#478 = CARTESIAN_POINT('',(-1.2,-0.8,0.));
#479 = DIRECTION('',(1.,0.,0.));
#480 = DIRECTION('',(0.,0.,1.));
#481 = ADVANCED_FACE('',(#482),#508,.T.);
#482 = FACE_BOUND('',#483,.T.);
#483 = EDGE_LOOP('',(#484,#485,#493,#502));
#484 = ORIENTED_EDGE('',*,*,#409,.T.);
#485 = ORIENTED_EDGE('',*,*,#486,.T.);
#486 = EDGE_CURVE('',#412,#487,#489,.T.);
#487 = VERTEX_POINT('',#488);
#488 = CARTESIAN_POINT('',(1.2,-0.72,4.E-02));
#489 = LINE('',#490,#491);
#490 = CARTESIAN_POINT('',(-1.2,-0.72,4.E-02));
#491 = VECTOR('',#492,1.);
#492 = DIRECTION('',(1.,0.,0.));
#493 = ORIENTED_EDGE('',*,*,#494,.F.);
#494 = EDGE_CURVE('',#495,#487,#497,.T.);
#495 = VERTEX_POINT('',#496);
#496 = CARTESIAN_POINT('',(1.2,-0.76,8.E-02));
#497 = CIRCLE('',#498,4.E-02);
#498 = AXIS2_PLACEMENT_3D('',#499,#500,#501);
#499 = CARTESIAN_POINT('',(1.2,-0.72,8.E-02));
#500 = DIRECTION('',(1.,0.,-0.));
#501 = DIRECTION('',(0.,0.,1.));
#502 = ORIENTED_EDGE('',*,*,#503,.F.);
#503 = EDGE_CURVE('',#410,#495,#504,.T.);
#504 = LINE('',#505,#506);
#505 = CARTESIAN_POINT('',(-1.2,-0.76,8.E-02));
#506 = VECTOR('',#507,1.);
#507 = DIRECTION('',(1.,0.,0.));
#508 = CYLINDRICAL_SURFACE('',#509,4.E-02);
#509 = AXIS2_PLACEMENT_3D('',#510,#511,#512);
#510 = CARTESIAN_POINT('',(-1.2,-0.72,8.E-02));
#511 = DIRECTION('',(1.,0.,0.));
#512 = DIRECTION('',(0.,-1.,0.));
#513 = ADVANCED_FACE('',(#514),#532,.F.);
#514 = FACE_BOUND('',#515,.F.);
#515 = EDGE_LOOP('',(#516,#517,#518,#526));
#516 = ORIENTED_EDGE('',*,*,#471,.F.);
#517 = ORIENTED_EDGE('',*,*,#486,.T.);
#518 = ORIENTED_EDGE('',*,*,#519,.T.);
#519 = EDGE_CURVE('',#487,#520,#522,.T.);
#520 = VERTEX_POINT('',#521);
#521 = CARTESIAN_POINT('',(1.2,0.72,4.E-02));
#522 = LINE('',#523,#524);
#523 = CARTESIAN_POINT('',(1.2,-0.76,4.E-02));
#524 = VECTOR('',#525,1.);
#525 = DIRECTION('',(0.,1.,0.));
#526 = ORIENTED_EDGE('',*,*,#527,.F.);
#527 = EDGE_CURVE('',#463,#520,#528,.T.);
#528 = LINE('',#529,#530);
#529 = CARTESIAN_POINT('',(-1.2,0.72,4.E-02));
#530 = VECTOR('',#531,1.);
#531 = DIRECTION('',(1.,0.,0.));
#532 = PLANE('',#533);
#533 = AXIS2_PLACEMENT_3D('',#534,#535,#536);
#534 = CARTESIAN_POINT('',(-1.2,-0.76,4.E-02));
#535 = DIRECTION('',(0.,0.,1.));
#536 = DIRECTION('',(1.,0.,-0.));
#537 = ADVANCED_FACE('',(#538),#557,.T.);
#538 = FACE_BOUND('',#539,.T.);
#539 = EDGE_LOOP('',(#540,#548,#555,#556));
#540 = ORIENTED_EDGE('',*,*,#541,.T.);
#541 = EDGE_CURVE('',#455,#542,#544,.T.);
#542 = VERTEX_POINT('',#543);
#543 = CARTESIAN_POINT('',(1.2,0.76,8.E-02));
#544 = LINE('',#545,#546);
#545 = CARTESIAN_POINT('',(-1.2,0.76,8.E-02));
#546 = VECTOR('',#547,1.);
#547 = DIRECTION('',(1.,0.,0.));
#548 = ORIENTED_EDGE('',*,*,#549,.T.);
#549 = EDGE_CURVE('',#542,#520,#550,.T.);
#550 = CIRCLE('',#551,4.E-02);
#551 = AXIS2_PLACEMENT_3D('',#552,#553,#554);
#552 = CARTESIAN_POINT('',(1.2,0.72,8.E-02));
#553 = DIRECTION('',(-1.,0.,0.));
#554 = DIRECTION('',(0.,0.,1.));
#555 = ORIENTED_EDGE('',*,*,#527,.F.);
#556 = ORIENTED_EDGE('',*,*,#462,.F.);
#557 = CYLINDRICAL_SURFACE('',#558,4.E-02);
#558 = AXIS2_PLACEMENT_3D('',#559,#560,#561);
#559 = CARTESIAN_POINT('',(-1.2,0.72,8.E-02));
#560 = DIRECTION('',(1.,0.,0.));
#561 = DIRECTION('',(-0.,1.,0.));
#562 = ADVANCED_FACE('',(#563),#581,.T.);
#563 = FACE_BOUND('',#564,.T.);
#564 = EDGE_LOOP('',(#565,#573,#574,#575));
#565 = ORIENTED_EDGE('',*,*,#566,.F.);
#566 = EDGE_CURVE('',#542,#567,#569,.T.);
#567 = VERTEX_POINT('',#568);
#568 = CARTESIAN_POINT('',(1.2,0.76,1.52));
#569 = LINE('',#570,#571);
#570 = CARTESIAN_POINT('',(1.2,0.76,4.E-02));
#571 = VECTOR('',#572,1.);
#572 = DIRECTION('',(0.,0.,1.));
#573 = ORIENTED_EDGE('',*,*,#541,.F.);
#574 = ORIENTED_EDGE('',*,*,#454,.T.);
#575 = ORIENTED_EDGE('',*,*,#576,.T.);
#576 = EDGE_CURVE('',#446,#567,#577,.T.);
#577 = LINE('',#578,#579);
#578 = CARTESIAN_POINT('',(-1.2,0.76,1.52));
#579 = VECTOR('',#580,1.);
#580 = DIRECTION('',(1.,0.,0.));
#581 = PLANE('',#582);
#582 = AXIS2_PLACEMENT_3D('',#583,#584,#585);
#583 = CARTESIAN_POINT('',(-1.2,0.76,4.E-02));
#584 = DIRECTION('',(0.,1.,0.));
#585 = DIRECTION('',(0.,-0.,1.));
#586 = ADVANCED_FACE('',(#587),#606,.T.);
#587 = FACE_BOUND('',#588,.T.);
#588 = EDGE_LOOP('',(#589,#590,#598,#605));
#589 = ORIENTED_EDGE('',*,*,#445,.T.);
#590 = ORIENTED_EDGE('',*,*,#591,.T.);
#591 = EDGE_CURVE('',#438,#592,#594,.T.);
#592 = VERTEX_POINT('',#593);
#593 = CARTESIAN_POINT('',(1.2,0.72,1.56));
#594 = LINE('',#595,#596);
#595 = CARTESIAN_POINT('',(-1.2,0.72,1.56));
#596 = VECTOR('',#597,1.);
#597 = DIRECTION('',(1.,0.,0.));
#598 = ORIENTED_EDGE('',*,*,#599,.F.);
#599 = EDGE_CURVE('',#567,#592,#600,.T.);
#600 = CIRCLE('',#601,4.E-02);
#601 = AXIS2_PLACEMENT_3D('',#602,#603,#604);
#602 = CARTESIAN_POINT('',(1.2,0.72,1.52));
#603 = DIRECTION('',(1.,0.,-0.));
#604 = DIRECTION('',(0.,0.,1.));
#605 = ORIENTED_EDGE('',*,*,#576,.F.);
#606 = CYLINDRICAL_SURFACE('',#607,4.E-02);
#607 = AXIS2_PLACEMENT_3D('',#608,#609,#610);
#608 = CARTESIAN_POINT('',(-1.2,0.72,1.52));
#609 = DIRECTION('',(1.,0.,0.));
#610 = DIRECTION('',(-0.,1.,0.));
#611 = ADVANCED_FACE('',(#612),#630,.T.);
#612 = FACE_BOUND('',#613,.T.);
#613 = EDGE_LOOP('',(#614,#615,#623,#629));
#614 = ORIENTED_EDGE('',*,*,#437,.F.);
#615 = ORIENTED_EDGE('',*,*,#616,.T.);
#616 = EDGE_CURVE('',#429,#617,#619,.T.);
#617 = VERTEX_POINT('',#618);
#618 = CARTESIAN_POINT('',(1.2,-0.72,1.56));
#619 = LINE('',#620,#621);
#620 = CARTESIAN_POINT('',(-1.2,-0.72,1.56));
#621 = VECTOR('',#622,1.);
#622 = DIRECTION('',(1.,0.,0.));
#623 = ORIENTED_EDGE('',*,*,#624,.T.);
#624 = EDGE_CURVE('',#617,#592,#625,.T.);
#625 = LINE('',#626,#627);
#626 = CARTESIAN_POINT('',(1.2,-0.76,1.56));
#627 = VECTOR('',#628,1.);
#628 = DIRECTION('',(0.,1.,0.));
#629 = ORIENTED_EDGE('',*,*,#591,.F.);
#630 = PLANE('',#631);
#631 = AXIS2_PLACEMENT_3D('',#632,#633,#634);
#632 = CARTESIAN_POINT('',(-1.2,-0.76,1.56));
#633 = DIRECTION('',(0.,0.,1.));
#634 = DIRECTION('',(1.,0.,-0.));
#635 = ADVANCED_FACE('',(#636),#655,.T.);
#636 = FACE_BOUND('',#637,.T.);
#637 = EDGE_LOOP('',(#638,#646,#653,#654));
#638 = ORIENTED_EDGE('',*,*,#639,.T.);
#639 = EDGE_CURVE('',#421,#640,#642,.T.);
#640 = VERTEX_POINT('',#641);
#641 = CARTESIAN_POINT('',(1.2,-0.76,1.52));
#642 = LINE('',#643,#644);
#643 = CARTESIAN_POINT('',(-1.2,-0.76,1.52));
#644 = VECTOR('',#645,1.);
#645 = DIRECTION('',(1.,0.,0.));
#646 = ORIENTED_EDGE('',*,*,#647,.T.);
#647 = EDGE_CURVE('',#640,#617,#648,.T.);
#648 = CIRCLE('',#649,4.E-02);
#649 = AXIS2_PLACEMENT_3D('',#650,#651,#652);
#650 = CARTESIAN_POINT('',(1.2,-0.72,1.52));
#651 = DIRECTION('',(-1.,0.,0.));
#652 = DIRECTION('',(0.,0.,1.));
#653 = ORIENTED_EDGE('',*,*,#616,.F.);
#654 = ORIENTED_EDGE('',*,*,#428,.F.);
#655 = CYLINDRICAL_SURFACE('',#656,4.E-02);
#656 = AXIS2_PLACEMENT_3D('',#657,#658,#659);
#657 = CARTESIAN_POINT('',(-1.2,-0.72,1.52));
#658 = DIRECTION('',(1.,0.,0.));
#659 = DIRECTION('',(0.,-1.,0.));
#660 = ADVANCED_FACE('',(#661),#672,.F.);
#661 = FACE_BOUND('',#662,.F.);
#662 = EDGE_LOOP('',(#663,#669,#670,#671));
#663 = ORIENTED_EDGE('',*,*,#664,.F.);
#664 = EDGE_CURVE('',#495,#640,#665,.T.);
#665 = LINE('',#666,#667);
#666 = CARTESIAN_POINT('',(1.2,-0.76,4.E-02));
#667 = VECTOR('',#668,1.);
#668 = DIRECTION('',(0.,0.,1.));
#669 = ORIENTED_EDGE('',*,*,#503,.F.);
#670 = ORIENTED_EDGE('',*,*,#420,.T.);
#671 = ORIENTED_EDGE('',*,*,#639,.T.);
#672 = PLANE('',#673);
#673 = AXIS2_PLACEMENT_3D('',#674,#675,#676);
#674 = CARTESIAN_POINT('',(-1.2,-0.76,4.E-02));
#675 = DIRECTION('',(0.,1.,0.));
#676 = DIRECTION('',(0.,-0.,1.));
#677 = ADVANCED_FACE('',(#678,#748),#758,.F.);
#678 = FACE_BOUND('',#679,.F.);
#679 = EDGE_LOOP('',(#680,#690,#699,#707,#716,#724,#733,#741));
#680 = ORIENTED_EDGE('',*,*,#681,.F.);
#681 = EDGE_CURVE('',#682,#684,#686,.T.);
#682 = VERTEX_POINT('',#683);
#683 = CARTESIAN_POINT('',(1.2,-0.8,4.E-02));
#684 = VERTEX_POINT('',#685);
#685 = CARTESIAN_POINT('',(1.2,-0.8,1.56));
#686 = LINE('',#687,#688);
#687 = CARTESIAN_POINT('',(1.2,-0.8,0.));
#688 = VECTOR('',#689,1.);
#689 = DIRECTION('',(0.,0.,1.));
#690 = ORIENTED_EDGE('',*,*,#691,.T.);
#691 = EDGE_CURVE('',#682,#692,#694,.T.);
#692 = VERTEX_POINT('',#693);
#693 = CARTESIAN_POINT('',(1.2,-0.76,0.));
#694 = CIRCLE('',#695,4.E-02);
#695 = AXIS2_PLACEMENT_3D('',#696,#697,#698);
#696 = CARTESIAN_POINT('',(1.2,-0.76,4.E-02));
#697 = DIRECTION('',(1.,0.,-0.));
#698 = DIRECTION('',(0.,0.,1.));
#699 = ORIENTED_EDGE('',*,*,#700,.T.);
#700 = EDGE_CURVE('',#692,#701,#703,.T.);
#701 = VERTEX_POINT('',#702);
#702 = CARTESIAN_POINT('',(1.2,0.76,0.));
#703 = LINE('',#704,#705);
#704 = CARTESIAN_POINT('',(1.2,-0.8,0.));
#705 = VECTOR('',#706,1.);
#706 = DIRECTION('',(0.,1.,0.));
#707 = ORIENTED_EDGE('',*,*,#708,.F.);
#708 = EDGE_CURVE('',#709,#701,#711,.T.);
#709 = VERTEX_POINT('',#710);
#710 = CARTESIAN_POINT('',(1.2,0.8,4.E-02));
#711 = CIRCLE('',#712,4.E-02);
#712 = AXIS2_PLACEMENT_3D('',#713,#714,#715);
#713 = CARTESIAN_POINT('',(1.2,0.76,4.E-02));
#714 = DIRECTION('',(-1.,0.,0.));
#715 = DIRECTION('',(0.,0.,1.));
#716 = ORIENTED_EDGE('',*,*,#717,.T.);
#717 = EDGE_CURVE('',#709,#718,#720,.T.);
#718 = VERTEX_POINT('',#719);
#719 = CARTESIAN_POINT('',(1.2,0.8,1.56));
#720 = LINE('',#721,#722);
#721 = CARTESIAN_POINT('',(1.2,0.8,0.));
#722 = VECTOR('',#723,1.);
#723 = DIRECTION('',(0.,0.,1.));
#724 = ORIENTED_EDGE('',*,*,#725,.T.);
#725 = EDGE_CURVE('',#718,#726,#728,.T.);
#726 = VERTEX_POINT('',#727);
#727 = CARTESIAN_POINT('',(1.2,0.76,1.6));
#728 = CIRCLE('',#729,4.E-02);
#729 = AXIS2_PLACEMENT_3D('',#730,#731,#732);
#730 = CARTESIAN_POINT('',(1.2,0.76,1.56));
#731 = DIRECTION('',(1.,0.,-0.));
#732 = DIRECTION('',(0.,0.,1.));
#733 = ORIENTED_EDGE('',*,*,#734,.F.);
#734 = EDGE_CURVE('',#735,#726,#737,.T.);
#735 = VERTEX_POINT('',#736);
#736 = CARTESIAN_POINT('',(1.2,-0.76,1.6));
#737 = LINE('',#738,#739);
#738 = CARTESIAN_POINT('',(1.2,-0.8,1.6));
#739 = VECTOR('',#740,1.);
#740 = DIRECTION('',(0.,1.,0.));
#741 = ORIENTED_EDGE('',*,*,#742,.F.);
#742 = EDGE_CURVE('',#684,#735,#743,.T.);
#743 = CIRCLE('',#744,4.E-02);
#744 = AXIS2_PLACEMENT_3D('',#745,#746,#747);
#745 = CARTESIAN_POINT('',(1.2,-0.76,1.56));
#746 = DIRECTION('',(-1.,0.,0.));
#747 = DIRECTION('',(0.,0.,1.));
#748 = FACE_BOUND('',#749,.F.);
#749 = EDGE_LOOP('',(#750,#751,#752,#753,#754,#755,#756,#757));
#750 = ORIENTED_EDGE('',*,*,#494,.F.);
#751 = ORIENTED_EDGE('',*,*,#664,.T.);
#752 = ORIENTED_EDGE('',*,*,#647,.T.);
#753 = ORIENTED_EDGE('',*,*,#624,.T.);
#754 = ORIENTED_EDGE('',*,*,#599,.F.);
#755 = ORIENTED_EDGE('',*,*,#566,.F.);
#756 = ORIENTED_EDGE('',*,*,#549,.T.);
#757 = ORIENTED_EDGE('',*,*,#519,.F.);
#758 = PLANE('',#759);
#759 = AXIS2_PLACEMENT_3D('',#760,#761,#762);
#760 = CARTESIAN_POINT('',(1.2,-0.8,0.));
#761 = DIRECTION('',(1.,0.,0.));
#762 = DIRECTION('',(0.,0.,1.));
#763 = ADVANCED_FACE('',(#764),#789,.F.);
#764 = FACE_BOUND('',#765,.F.);
#765 = EDGE_LOOP('',(#766,#776,#782,#783));
#766 = ORIENTED_EDGE('',*,*,#767,.F.);
#767 = EDGE_CURVE('',#768,#770,#772,.T.);
#768 = VERTEX_POINT('',#769);
#769 = CARTESIAN_POINT('',(1.6,-0.8,4.E-02));
#770 = VERTEX_POINT('',#771);
#771 = CARTESIAN_POINT('',(1.6,-0.8,1.56));
#772 = LINE('',#773,#774);
#773 = CARTESIAN_POINT('',(1.6,-0.8,0.));
#774 = VECTOR('',#775,1.);
#775 = DIRECTION('',(0.,0.,1.));
#776 = ORIENTED_EDGE('',*,*,#777,.F.);
#777 = EDGE_CURVE('',#682,#768,#778,.T.);
#778 = LINE('',#779,#780);
#779 = CARTESIAN_POINT('',(1.2,-0.8,4.E-02));
#780 = VECTOR('',#781,1.);
#781 = DIRECTION('',(1.,0.,0.));
#782 = ORIENTED_EDGE('',*,*,#681,.T.);
#783 = ORIENTED_EDGE('',*,*,#784,.T.);
#784 = EDGE_CURVE('',#684,#770,#785,.T.);
#785 = LINE('',#786,#787);
#786 = CARTESIAN_POINT('',(1.2,-0.8,1.56));
#787 = VECTOR('',#788,1.);
#788 = DIRECTION('',(1.,0.,0.));
#789 = PLANE('',#790);
#790 = AXIS2_PLACEMENT_3D('',#791,#792,#793);
#791 = CARTESIAN_POINT('',(1.2,-0.8,0.));
#792 = DIRECTION('',(0.,1.,0.));
#793 = DIRECTION('',(0.,-0.,1.));
#794 = ADVANCED_FACE('',(#795),#814,.T.);
#795 = FACE_BOUND('',#796,.T.);
#796 = EDGE_LOOP('',(#797,#798,#806,#813));
#797 = ORIENTED_EDGE('',*,*,#691,.T.);
#798 = ORIENTED_EDGE('',*,*,#799,.T.);
#799 = EDGE_CURVE('',#692,#800,#802,.T.);
#800 = VERTEX_POINT('',#801);
#801 = CARTESIAN_POINT('',(1.6,-0.76,0.));
#802 = LINE('',#803,#804);
#803 = CARTESIAN_POINT('',(1.2,-0.76,0.));
#804 = VECTOR('',#805,1.);
#805 = DIRECTION('',(1.,0.,0.));
#806 = ORIENTED_EDGE('',*,*,#807,.F.);
#807 = EDGE_CURVE('',#768,#800,#808,.T.);
#808 = CIRCLE('',#809,4.E-02);
#809 = AXIS2_PLACEMENT_3D('',#810,#811,#812);
#810 = CARTESIAN_POINT('',(1.6,-0.76,4.E-02));
#811 = DIRECTION('',(1.,0.,-0.));
#812 = DIRECTION('',(0.,0.,1.));
#813 = ORIENTED_EDGE('',*,*,#777,.F.);
#814 = CYLINDRICAL_SURFACE('',#815,4.E-02);
#815 = AXIS2_PLACEMENT_3D('',#816,#817,#818);
#816 = CARTESIAN_POINT('',(1.2,-0.76,4.E-02));
#817 = DIRECTION('',(1.,0.,0.));
#818 = DIRECTION('',(0.,-1.,0.));
#819 = ADVANCED_FACE('',(#820),#839,.T.);
#820 = FACE_BOUND('',#821,.T.);
#821 = EDGE_LOOP('',(#822,#823,#832,#838));
#822 = ORIENTED_EDGE('',*,*,#784,.T.);
#823 = ORIENTED_EDGE('',*,*,#824,.T.);
#824 = EDGE_CURVE('',#770,#825,#827,.T.);
#825 = VERTEX_POINT('',#826);
#826 = CARTESIAN_POINT('',(1.6,-0.76,1.6));
#827 = CIRCLE('',#828,4.E-02);
#828 = AXIS2_PLACEMENT_3D('',#829,#830,#831);
#829 = CARTESIAN_POINT('',(1.6,-0.76,1.56));
#830 = DIRECTION('',(-1.,0.,0.));
#831 = DIRECTION('',(0.,0.,1.));
#832 = ORIENTED_EDGE('',*,*,#833,.F.);
#833 = EDGE_CURVE('',#735,#825,#834,.T.);
#834 = LINE('',#835,#836);
#835 = CARTESIAN_POINT('',(1.2,-0.76,1.6));
#836 = VECTOR('',#837,1.);
#837 = DIRECTION('',(1.,0.,0.));
#838 = ORIENTED_EDGE('',*,*,#742,.F.);
#839 = CYLINDRICAL_SURFACE('',#840,4.E-02);
#840 = AXIS2_PLACEMENT_3D('',#841,#842,#843);
#841 = CARTESIAN_POINT('',(1.2,-0.76,1.56));
#842 = DIRECTION('',(1.,0.,0.));
#843 = DIRECTION('',(0.,-1.,0.));
#844 = ADVANCED_FACE('',(#845),#863,.F.);
#845 = FACE_BOUND('',#846,.F.);
#846 = EDGE_LOOP('',(#847,#848,#849,#857));
#847 = ORIENTED_EDGE('',*,*,#700,.F.);
#848 = ORIENTED_EDGE('',*,*,#799,.T.);
#849 = ORIENTED_EDGE('',*,*,#850,.T.);
#850 = EDGE_CURVE('',#800,#851,#853,.T.);
#851 = VERTEX_POINT('',#852);
#852 = CARTESIAN_POINT('',(1.6,0.76,0.));
#853 = LINE('',#854,#855);
#854 = CARTESIAN_POINT('',(1.6,-0.8,0.));
#855 = VECTOR('',#856,1.);
#856 = DIRECTION('',(0.,1.,0.));
#857 = ORIENTED_EDGE('',*,*,#858,.F.);
#858 = EDGE_CURVE('',#701,#851,#859,.T.);
#859 = LINE('',#860,#861);
#860 = CARTESIAN_POINT('',(1.2,0.76,0.));
#861 = VECTOR('',#862,1.);
#862 = DIRECTION('',(1.,0.,0.));
#863 = PLANE('',#864);
#864 = AXIS2_PLACEMENT_3D('',#865,#866,#867);
#865 = CARTESIAN_POINT('',(1.2,-0.8,0.));
#866 = DIRECTION('',(0.,0.,1.));
#867 = DIRECTION('',(1.,0.,-0.));
#868 = ADVANCED_FACE('',(#869),#887,.T.);
#869 = FACE_BOUND('',#870,.T.);
#870 = EDGE_LOOP('',(#871,#872,#873,#881));
#871 = ORIENTED_EDGE('',*,*,#734,.F.);
#872 = ORIENTED_EDGE('',*,*,#833,.T.);
#873 = ORIENTED_EDGE('',*,*,#874,.T.);
#874 = EDGE_CURVE('',#825,#875,#877,.T.);
#875 = VERTEX_POINT('',#876);
#876 = CARTESIAN_POINT('',(1.6,0.76,1.6));
#877 = LINE('',#878,#879);
#878 = CARTESIAN_POINT('',(1.6,-0.8,1.6));
#879 = VECTOR('',#880,1.);
#880 = DIRECTION('',(0.,1.,0.));
#881 = ORIENTED_EDGE('',*,*,#882,.F.);
#882 = EDGE_CURVE('',#726,#875,#883,.T.);
#883 = LINE('',#884,#885);
#884 = CARTESIAN_POINT('',(1.2,0.76,1.6));
#885 = VECTOR('',#886,1.);
#886 = DIRECTION('',(1.,0.,0.));
#887 = PLANE('',#888);
#888 = AXIS2_PLACEMENT_3D('',#889,#890,#891);
#889 = CARTESIAN_POINT('',(1.2,-0.8,1.6));
#890 = DIRECTION('',(0.,0.,1.));
#891 = DIRECTION('',(1.,0.,-0.));
#892 = ADVANCED_FACE('',(#893),#912,.T.);
#893 = FACE_BOUND('',#894,.T.);
#894 = EDGE_LOOP('',(#895,#903,#910,#911));
#895 = ORIENTED_EDGE('',*,*,#896,.T.);
#896 = EDGE_CURVE('',#709,#897,#899,.T.);
#897 = VERTEX_POINT('',#898);
#898 = CARTESIAN_POINT('',(1.6,0.8,4.E-02));
#899 = LINE('',#900,#901);
#900 = CARTESIAN_POINT('',(1.2,0.8,4.E-02));
#901 = VECTOR('',#902,1.);
#902 = DIRECTION('',(1.,0.,0.));
#903 = ORIENTED_EDGE('',*,*,#904,.T.);
#904 = EDGE_CURVE('',#897,#851,#905,.T.);
#905 = CIRCLE('',#906,4.E-02);
#906 = AXIS2_PLACEMENT_3D('',#907,#908,#909);
#907 = CARTESIAN_POINT('',(1.6,0.76,4.E-02));
#908 = DIRECTION('',(-1.,0.,0.));
#909 = DIRECTION('',(0.,0.,1.));
#910 = ORIENTED_EDGE('',*,*,#858,.F.);
#911 = ORIENTED_EDGE('',*,*,#708,.F.);
#912 = CYLINDRICAL_SURFACE('',#913,4.E-02);
#913 = AXIS2_PLACEMENT_3D('',#914,#915,#916);
#914 = CARTESIAN_POINT('',(1.2,0.76,4.E-02));
#915 = DIRECTION('',(1.,0.,0.));
#916 = DIRECTION('',(-0.,1.,0.));
#917 = ADVANCED_FACE('',(#918),#937,.T.);
#918 = FACE_BOUND('',#919,.T.);
#919 = EDGE_LOOP('',(#920,#921,#922,#931));
#920 = ORIENTED_EDGE('',*,*,#725,.T.);
#921 = ORIENTED_EDGE('',*,*,#882,.T.);
#922 = ORIENTED_EDGE('',*,*,#923,.F.);
#923 = EDGE_CURVE('',#924,#875,#926,.T.);
#924 = VERTEX_POINT('',#925);
#925 = CARTESIAN_POINT('',(1.6,0.8,1.56));
#926 = CIRCLE('',#927,4.E-02);
#927 = AXIS2_PLACEMENT_3D('',#928,#929,#930);
#928 = CARTESIAN_POINT('',(1.6,0.76,1.56));
#929 = DIRECTION('',(1.,0.,-0.));
#930 = DIRECTION('',(0.,0.,1.));
#931 = ORIENTED_EDGE('',*,*,#932,.F.);
#932 = EDGE_CURVE('',#718,#924,#933,.T.);
#933 = LINE('',#934,#935);
#934 = CARTESIAN_POINT('',(1.2,0.8,1.56));
#935 = VECTOR('',#936,1.);
#936 = DIRECTION('',(1.,0.,0.));
#937 = CYLINDRICAL_SURFACE('',#938,4.E-02);
#938 = AXIS2_PLACEMENT_3D('',#939,#940,#941);
#939 = CARTESIAN_POINT('',(1.2,0.76,1.56));
#940 = DIRECTION('',(1.,0.,0.));
#941 = DIRECTION('',(-0.,1.,0.));
#942 = ADVANCED_FACE('',(#943),#954,.T.);
#943 = FACE_BOUND('',#944,.T.);
#944 = EDGE_LOOP('',(#945,#951,#952,#953));
#945 = ORIENTED_EDGE('',*,*,#946,.F.);
#946 = EDGE_CURVE('',#897,#924,#947,.T.);
#947 = LINE('',#948,#949);
#948 = CARTESIAN_POINT('',(1.6,0.8,0.));
#949 = VECTOR('',#950,1.);
#950 = DIRECTION('',(0.,0.,1.));
#951 = ORIENTED_EDGE('',*,*,#896,.F.);
#952 = ORIENTED_EDGE('',*,*,#717,.T.);
#953 = ORIENTED_EDGE('',*,*,#932,.T.);
#954 = PLANE('',#955);
#955 = AXIS2_PLACEMENT_3D('',#956,#957,#958);
#956 = CARTESIAN_POINT('',(1.2,0.8,0.));
#957 = DIRECTION('',(0.,1.,0.));
#958 = DIRECTION('',(0.,-0.,1.));
#959 = ADVANCED_FACE('',(#960),#970,.T.);
#960 = FACE_BOUND('',#961,.T.);
#961 = EDGE_LOOP('',(#962,#963,#964,#965,#966,#967,#968,#969));
#962 = ORIENTED_EDGE('',*,*,#767,.F.);
#963 = ORIENTED_EDGE('',*,*,#807,.T.);
#964 = ORIENTED_EDGE('',*,*,#850,.T.);
#965 = ORIENTED_EDGE('',*,*,#904,.F.);
#966 = ORIENTED_EDGE('',*,*,#946,.T.);
#967 = ORIENTED_EDGE('',*,*,#923,.T.);
#968 = ORIENTED_EDGE('',*,*,#874,.F.);
#969 = ORIENTED_EDGE('',*,*,#824,.F.);
#970 = PLANE('',#971);
#971 = AXIS2_PLACEMENT_3D('',#972,#973,#974);
#972 = CARTESIAN_POINT('',(1.6,-0.8,0.));
#973 = DIRECTION('',(1.,0.,0.));
#974 = DIRECTION('',(0.,0.,1.));
#975 = ( GEOMETRIC_REPRESENTATION_CONTEXT(3) 
GLOBAL_UNCERTAINTY_ASSIGNED_CONTEXT((#979)) GLOBAL_UNIT_ASSIGNED_CONTEXT
((#976,#977,#978)) REPRESENTATION_CONTEXT('Context #1',
  '3D Context with UNIT and UNCERTAINTY') );
#976 = ( LENGTH_UNIT() NAMED_UNIT(*) SI_UNIT(.MILLI.,.METRE.) );
#977 = ( NAMED_UNIT(*) PLANE_ANGLE_UNIT() SI_UNIT($,.RADIAN.) );
#978 = ( NAMED_UNIT(*) SI_UNIT($,.STERADIAN.) SOLID_ANGLE_UNIT() );
#979 = UNCERTAINTY_MEASURE_WITH_UNIT(LENGTH_MEASURE(1.E-07),#976,
  'distance_accuracy_value','confusion accuracy');
#980 = CONTEXT_DEPENDENT_SHAPE_REPRESENTATION(#981,#983);
#981 = ( REPRESENTATION_RELATIONSHIP('','',#120,#10) 
REPRESENTATION_RELATIONSHIP_WITH_TRANSFORMATION(#982) 
SHAPE_REPRESENTATION_RELATIONSHIP() );
#982 = ITEM_DEFINED_TRANSFORMATION('','',#11,#15);
#983 = PRODUCT_DEFINITION_SHAPE('Placement','Placement of an item',#984
  );
#984 = NEXT_ASSEMBLY_USAGE_OCCURRENCE('1','C11','',#5,#115,$);
#985 = PRODUCT_RELATED_PRODUCT_CATEGORY('part',$,(#117));
#986 = CONTEXT_DEPENDENT_SHAPE_REPRESENTATION(#987,#989);
#987 = ( REPRESENTATION_RELATIONSHIP('','',#120,#10) 
REPRESENTATION_RELATIONSHIP_WITH_TRANSFORMATION(#988) 
SHAPE_REPRESENTATION_RELATIONSHIP() );
#988 = ITEM_DEFINED_TRANSFORMATION('','',#11,#19);
#989 = PRODUCT_DEFINITION_SHAPE('Placement','Placement of an item',#990
  );
#990 = NEXT_ASSEMBLY_USAGE_OCCURRENCE('2','C13','',#5,#115,$);
#991 = SHAPE_DEFINITION_REPRESENTATION(#992,#998);
#992 = PRODUCT_DEFINITION_SHAPE('','',#993);
#993 = PRODUCT_DEFINITION('design','',#994,#997);
#994 = PRODUCT_DEFINITION_FORMATION('','',#995);
#995 = PRODUCT('R_1206_3216Metric','R_1206_3216Metric','',(#996));
#996 = PRODUCT_CONTEXT('',#2,'mechanical');
#997 = PRODUCT_DEFINITION_CONTEXT('part definition',#2,'design');
#998 = ADVANCED_BREP_SHAPE_REPRESENTATION('',(#11,#999),#1789);
#999 = MANIFOLD_SOLID_BREP('',#1000);
#1000 = CLOSED_SHELL('',(#1001,#1041,#1124,#1149,#1174,#1241,#1258,#1275
    ,#1324,#1341,#1358,#1407,#1424,#1493,#1524,#1548,#1617,#1641,#1658,
    #1675,#1692,#1709,#1726,#1743,#1760,#1777));
#1001 = ADVANCED_FACE('',(#1002),#1036,.F.);
#1002 = FACE_BOUND('',#1003,.F.);
#1003 = EDGE_LOOP('',(#1004,#1014,#1022,#1030));
#1004 = ORIENTED_EDGE('',*,*,#1005,.F.);
#1005 = EDGE_CURVE('',#1006,#1008,#1010,.T.);
#1006 = VERTEX_POINT('',#1007);
#1007 = CARTESIAN_POINT('',(-1.6,-0.8,5.5E-02));
#1008 = VERTEX_POINT('',#1009);
#1009 = CARTESIAN_POINT('',(-1.6,-0.8,0.495));
#1010 = LINE('',#1011,#1012);
#1011 = CARTESIAN_POINT('',(-1.6,-0.8,0.));
#1012 = VECTOR('',#1013,1.);
#1013 = DIRECTION('',(0.,0.,1.));
#1014 = ORIENTED_EDGE('',*,*,#1015,.T.);
#1015 = EDGE_CURVE('',#1006,#1016,#1018,.T.);
#1016 = VERTEX_POINT('',#1017);
#1017 = CARTESIAN_POINT('',(-1.6,0.8,5.5E-02));
#1018 = LINE('',#1019,#1020);
#1019 = CARTESIAN_POINT('',(-1.6,-0.8,5.5E-02));
#1020 = VECTOR('',#1021,1.);
#1021 = DIRECTION('',(0.,1.,0.));
#1022 = ORIENTED_EDGE('',*,*,#1023,.T.);
#1023 = EDGE_CURVE('',#1016,#1024,#1026,.T.);
#1024 = VERTEX_POINT('',#1025);
#1025 = CARTESIAN_POINT('',(-1.6,0.8,0.495));
#1026 = LINE('',#1027,#1028);
#1027 = CARTESIAN_POINT('',(-1.6,0.8,0.));
#1028 = VECTOR('',#1029,1.);
#1029 = DIRECTION('',(0.,0.,1.));
#1030 = ORIENTED_EDGE('',*,*,#1031,.F.);
#1031 = EDGE_CURVE('',#1008,#1024,#1032,.T.);
#1032 = LINE('',#1033,#1034);
#1033 = CARTESIAN_POINT('',(-1.6,-0.8,0.495));
#1034 = VECTOR('',#1035,1.);
#1035 = DIRECTION('',(0.,1.,0.));
#1036 = PLANE('',#1037);
#1037 = AXIS2_PLACEMENT_3D('',#1038,#1039,#1040);
#1038 = CARTESIAN_POINT('',(-1.6,-0.8,0.));
#1039 = DIRECTION('',(1.,0.,0.));
#1040 = DIRECTION('',(0.,0.,1.));
#1041 = ADVANCED_FACE('',(#1042),#1119,.F.);
#1042 = FACE_BOUND('',#1043,.F.);
#1043 = EDGE_LOOP('',(#1044,#1054,#1061,#1062,#1071,#1079,#1088,#1096,
    #1104,#1112));
#1044 = ORIENTED_EDGE('',*,*,#1045,.F.);
#1045 = EDGE_CURVE('',#1046,#1048,#1050,.T.);
#1046 = VERTEX_POINT('',#1047);
#1047 = CARTESIAN_POINT('',(-1.545,-0.8,0.));
#1048 = VERTEX_POINT('',#1049);
#1049 = CARTESIAN_POINT('',(-1.255,-0.8,0.));
#1050 = LINE('',#1051,#1052);
#1051 = CARTESIAN_POINT('',(-1.6,-0.8,0.));
#1052 = VECTOR('',#1053,1.);
#1053 = DIRECTION('',(1.,0.,0.));
#1054 = ORIENTED_EDGE('',*,*,#1055,.F.);
#1055 = EDGE_CURVE('',#1006,#1046,#1056,.T.);
#1056 = CIRCLE('',#1057,5.5E-02);
#1057 = AXIS2_PLACEMENT_3D('',#1058,#1059,#1060);
#1058 = CARTESIAN_POINT('',(-1.545,-0.8,5.5E-02));
#1059 = DIRECTION('',(0.,-1.,0.));
#1060 = DIRECTION('',(0.,0.,1.));
#1061 = ORIENTED_EDGE('',*,*,#1005,.T.);
#1062 = ORIENTED_EDGE('',*,*,#1063,.T.);
#1063 = EDGE_CURVE('',#1008,#1064,#1066,.T.);
#1064 = VERTEX_POINT('',#1065);
#1065 = CARTESIAN_POINT('',(-1.545,-0.8,0.55));
#1066 = CIRCLE('',#1067,5.5E-02);
#1067 = AXIS2_PLACEMENT_3D('',#1068,#1069,#1070);
#1068 = CARTESIAN_POINT('',(-1.545,-0.8,0.495));
#1069 = DIRECTION('',(0.,1.,0.));
#1070 = DIRECTION('',(0.,-0.,1.));
#1071 = ORIENTED_EDGE('',*,*,#1072,.T.);
#1072 = EDGE_CURVE('',#1064,#1073,#1075,.T.);
#1073 = VERTEX_POINT('',#1074);
#1074 = CARTESIAN_POINT('',(-1.255,-0.8,0.55));
#1075 = LINE('',#1076,#1077);
#1076 = CARTESIAN_POINT('',(-1.6,-0.8,0.55));
#1077 = VECTOR('',#1078,1.);
#1078 = DIRECTION('',(1.,0.,0.));
#1079 = ORIENTED_EDGE('',*,*,#1080,.F.);
#1080 = EDGE_CURVE('',#1081,#1073,#1083,.T.);
#1081 = VERTEX_POINT('',#1082);
#1082 = CARTESIAN_POINT('',(-1.2,-0.8,0.495));
#1083 = CIRCLE('',#1084,5.5E-02);
#1084 = AXIS2_PLACEMENT_3D('',#1085,#1086,#1087);
#1085 = CARTESIAN_POINT('',(-1.255,-0.8,0.495));
#1086 = DIRECTION('',(0.,-1.,0.));
#1087 = DIRECTION('',(0.,0.,1.));
#1088 = ORIENTED_EDGE('',*,*,#1089,.F.);
#1089 = EDGE_CURVE('',#1090,#1081,#1092,.T.);
#1090 = VERTEX_POINT('',#1091);
#1091 = CARTESIAN_POINT('',(-1.545,-0.8,0.495));
#1092 = LINE('',#1093,#1094);
#1093 = CARTESIAN_POINT('',(-1.545,-0.8,0.495));
#1094 = VECTOR('',#1095,1.);
#1095 = DIRECTION('',(1.,0.,0.));
#1096 = ORIENTED_EDGE('',*,*,#1097,.F.);
#1097 = EDGE_CURVE('',#1098,#1090,#1100,.T.);
#1098 = VERTEX_POINT('',#1099);
#1099 = CARTESIAN_POINT('',(-1.545,-0.8,5.5E-02));
#1100 = LINE('',#1101,#1102);
#1101 = CARTESIAN_POINT('',(-1.545,-0.8,5.5E-02));
#1102 = VECTOR('',#1103,1.);
#1103 = DIRECTION('',(0.,0.,1.));
#1104 = ORIENTED_EDGE('',*,*,#1105,.T.);
#1105 = EDGE_CURVE('',#1098,#1106,#1108,.T.);
#1106 = VERTEX_POINT('',#1107);
#1107 = CARTESIAN_POINT('',(-1.2,-0.8,5.5E-02));
#1108 = LINE('',#1109,#1110);
#1109 = CARTESIAN_POINT('',(-1.545,-0.8,5.5E-02));
#1110 = VECTOR('',#1111,1.);
#1111 = DIRECTION('',(1.,0.,0.));
#1112 = ORIENTED_EDGE('',*,*,#1113,.T.);
#1113 = EDGE_CURVE('',#1106,#1048,#1114,.T.);
#1114 = CIRCLE('',#1115,5.5E-02);
#1115 = AXIS2_PLACEMENT_3D('',#1116,#1117,#1118);
#1116 = CARTESIAN_POINT('',(-1.255,-0.8,5.5E-02));
#1117 = DIRECTION('',(0.,1.,0.));
#1118 = DIRECTION('',(0.,-0.,1.));
#1119 = PLANE('',#1120);
#1120 = AXIS2_PLACEMENT_3D('',#1121,#1122,#1123);
#1121 = CARTESIAN_POINT('',(-1.6,-0.8,0.));
#1122 = DIRECTION('',(0.,1.,0.));
#1123 = DIRECTION('',(0.,-0.,1.));
#1124 = ADVANCED_FACE('',(#1125),#1144,.T.);
#1125 = FACE_BOUND('',#1126,.T.);
#1126 = EDGE_LOOP('',(#1127,#1128,#1137,#1143));
#1127 = ORIENTED_EDGE('',*,*,#1015,.T.);
#1128 = ORIENTED_EDGE('',*,*,#1129,.T.);
#1129 = EDGE_CURVE('',#1016,#1130,#1132,.T.);
#1130 = VERTEX_POINT('',#1131);
#1131 = CARTESIAN_POINT('',(-1.545,0.8,0.));
#1132 = CIRCLE('',#1133,5.5E-02);
#1133 = AXIS2_PLACEMENT_3D('',#1134,#1135,#1136);
#1134 = CARTESIAN_POINT('',(-1.545,0.8,5.5E-02));
#1135 = DIRECTION('',(0.,-1.,0.));
#1136 = DIRECTION('',(0.,0.,1.));
#1137 = ORIENTED_EDGE('',*,*,#1138,.F.);
#1138 = EDGE_CURVE('',#1046,#1130,#1139,.T.);
#1139 = LINE('',#1140,#1141);
#1140 = CARTESIAN_POINT('',(-1.545,-0.8,0.));
#1141 = VECTOR('',#1142,1.);
#1142 = DIRECTION('',(0.,1.,0.));
#1143 = ORIENTED_EDGE('',*,*,#1055,.F.);
#1144 = CYLINDRICAL_SURFACE('',#1145,5.5E-02);
#1145 = AXIS2_PLACEMENT_3D('',#1146,#1147,#1148);
#1146 = CARTESIAN_POINT('',(-1.545,-0.8,5.5E-02));
#1147 = DIRECTION('',(0.,1.,0.));
#1148 = DIRECTION('',(-1.,0.,0.));
#1149 = ADVANCED_FACE('',(#1150),#1169,.T.);
#1150 = FACE_BOUND('',#1151,.T.);
#1151 = EDGE_LOOP('',(#1152,#1153,#1161,#1168));
#1152 = ORIENTED_EDGE('',*,*,#1063,.T.);
#1153 = ORIENTED_EDGE('',*,*,#1154,.T.);
#1154 = EDGE_CURVE('',#1064,#1155,#1157,.T.);
#1155 = VERTEX_POINT('',#1156);
#1156 = CARTESIAN_POINT('',(-1.545,0.8,0.55));
#1157 = LINE('',#1158,#1159);
#1158 = CARTESIAN_POINT('',(-1.545,-0.8,0.55));
#1159 = VECTOR('',#1160,1.);
#1160 = DIRECTION('',(0.,1.,0.));
#1161 = ORIENTED_EDGE('',*,*,#1162,.F.);
#1162 = EDGE_CURVE('',#1024,#1155,#1163,.T.);
#1163 = CIRCLE('',#1164,5.5E-02);
#1164 = AXIS2_PLACEMENT_3D('',#1165,#1166,#1167);
#1165 = CARTESIAN_POINT('',(-1.545,0.8,0.495));
#1166 = DIRECTION('',(0.,1.,0.));
#1167 = DIRECTION('',(0.,-0.,1.));
#1168 = ORIENTED_EDGE('',*,*,#1031,.F.);
#1169 = CYLINDRICAL_SURFACE('',#1170,5.5E-02);
#1170 = AXIS2_PLACEMENT_3D('',#1171,#1172,#1173);
#1171 = CARTESIAN_POINT('',(-1.545,-0.8,0.495));
#1172 = DIRECTION('',(0.,1.,0.));
#1173 = DIRECTION('',(-1.,0.,0.));
#1174 = ADVANCED_FACE('',(#1175),#1236,.T.);
#1175 = FACE_BOUND('',#1176,.T.);
#1176 = EDGE_LOOP('',(#1177,#1185,#1186,#1187,#1188,#1196,#1205,#1213,
    #1221,#1229));
#1177 = ORIENTED_EDGE('',*,*,#1178,.F.);
#1178 = EDGE_CURVE('',#1130,#1179,#1181,.T.);
#1179 = VERTEX_POINT('',#1180);
#1180 = CARTESIAN_POINT('',(-1.255,0.8,0.));
#1181 = LINE('',#1182,#1183);
#1182 = CARTESIAN_POINT('',(-1.6,0.8,0.));
#1183 = VECTOR('',#1184,1.);
#1184 = DIRECTION('',(1.,0.,0.));
#1185 = ORIENTED_EDGE('',*,*,#1129,.F.);
#1186 = ORIENTED_EDGE('',*,*,#1023,.T.);
#1187 = ORIENTED_EDGE('',*,*,#1162,.T.);
#1188 = ORIENTED_EDGE('',*,*,#1189,.T.);
#1189 = EDGE_CURVE('',#1155,#1190,#1192,.T.);
#1190 = VERTEX_POINT('',#1191);
#1191 = CARTESIAN_POINT('',(-1.255,0.8,0.55));
#1192 = LINE('',#1193,#1194);
#1193 = CARTESIAN_POINT('',(-1.6,0.8,0.55));
#1194 = VECTOR('',#1195,1.);
#1195 = DIRECTION('',(1.,0.,0.));
#1196 = ORIENTED_EDGE('',*,*,#1197,.F.);
#1197 = EDGE_CURVE('',#1198,#1190,#1200,.T.);
#1198 = VERTEX_POINT('',#1199);
#1199 = CARTESIAN_POINT('',(-1.2,0.8,0.495));
#1200 = CIRCLE('',#1201,5.5E-02);
#1201 = AXIS2_PLACEMENT_3D('',#1202,#1203,#1204);
#1202 = CARTESIAN_POINT('',(-1.255,0.8,0.495));
#1203 = DIRECTION('',(0.,-1.,0.));
#1204 = DIRECTION('',(0.,0.,1.));
#1205 = ORIENTED_EDGE('',*,*,#1206,.F.);
#1206 = EDGE_CURVE('',#1207,#1198,#1209,.T.);
#1207 = VERTEX_POINT('',#1208);
#1208 = CARTESIAN_POINT('',(-1.545,0.8,0.495));
#1209 = LINE('',#1210,#1211);
#1210 = CARTESIAN_POINT('',(-1.545,0.8,0.495));
#1211 = VECTOR('',#1212,1.);
#1212 = DIRECTION('',(1.,0.,0.));
#1213 = ORIENTED_EDGE('',*,*,#1214,.F.);
#1214 = EDGE_CURVE('',#1215,#1207,#1217,.T.);
#1215 = VERTEX_POINT('',#1216);
#1216 = CARTESIAN_POINT('',(-1.545,0.8,5.5E-02));
#1217 = LINE('',#1218,#1219);
#1218 = CARTESIAN_POINT('',(-1.545,0.8,5.5E-02));
#1219 = VECTOR('',#1220,1.);
#1220 = DIRECTION('',(0.,0.,1.));
#1221 = ORIENTED_EDGE('',*,*,#1222,.T.);
#1222 = EDGE_CURVE('',#1215,#1223,#1225,.T.);
#1223 = VERTEX_POINT('',#1224);
#1224 = CARTESIAN_POINT('',(-1.2,0.8,5.5E-02));
#1225 = LINE('',#1226,#1227);
#1226 = CARTESIAN_POINT('',(-1.545,0.8,5.5E-02));
#1227 = VECTOR('',#1228,1.);
#1228 = DIRECTION('',(1.,0.,0.));
#1229 = ORIENTED_EDGE('',*,*,#1230,.T.);
#1230 = EDGE_CURVE('',#1223,#1179,#1231,.T.);
#1231 = CIRCLE('',#1232,5.5E-02);
#1232 = AXIS2_PLACEMENT_3D('',#1233,#1234,#1235);
#1233 = CARTESIAN_POINT('',(-1.255,0.8,5.5E-02));
#1234 = DIRECTION('',(0.,1.,0.));
#1235 = DIRECTION('',(0.,-0.,1.));
#1236 = PLANE('',#1237);
#1237 = AXIS2_PLACEMENT_3D('',#1238,#1239,#1240);
#1238 = CARTESIAN_POINT('',(-1.6,0.8,0.));
#1239 = DIRECTION('',(0.,1.,0.));
#1240 = DIRECTION('',(0.,-0.,1.));
#1241 = ADVANCED_FACE('',(#1242),#1253,.F.);
#1242 = FACE_BOUND('',#1243,.F.);
#1243 = EDGE_LOOP('',(#1244,#1245,#1246,#1247));
#1244 = ORIENTED_EDGE('',*,*,#1178,.F.);
#1245 = ORIENTED_EDGE('',*,*,#1138,.F.);
#1246 = ORIENTED_EDGE('',*,*,#1045,.T.);
#1247 = ORIENTED_EDGE('',*,*,#1248,.T.);
#1248 = EDGE_CURVE('',#1048,#1179,#1249,.T.);
#1249 = LINE('',#1250,#1251);
#1250 = CARTESIAN_POINT('',(-1.255,-0.8,0.));
#1251 = VECTOR('',#1252,1.);
#1252 = DIRECTION('',(0.,1.,0.));
#1253 = PLANE('',#1254);
#1254 = AXIS2_PLACEMENT_3D('',#1255,#1256,#1257);
#1255 = CARTESIAN_POINT('',(-1.6,-0.8,0.));
#1256 = DIRECTION('',(0.,0.,1.));
#1257 = DIRECTION('',(1.,0.,-0.));
#1258 = ADVANCED_FACE('',(#1259),#1270,.T.);
#1259 = FACE_BOUND('',#1260,.T.);
#1260 = EDGE_LOOP('',(#1261,#1262,#1263,#1264));
#1261 = ORIENTED_EDGE('',*,*,#1113,.T.);
#1262 = ORIENTED_EDGE('',*,*,#1248,.T.);
#1263 = ORIENTED_EDGE('',*,*,#1230,.F.);
#1264 = ORIENTED_EDGE('',*,*,#1265,.F.);
#1265 = EDGE_CURVE('',#1106,#1223,#1266,.T.);
#1266 = LINE('',#1267,#1268);
#1267 = CARTESIAN_POINT('',(-1.2,-0.8,5.5E-02));
#1268 = VECTOR('',#1269,1.);
#1269 = DIRECTION('',(0.,1.,0.));
#1270 = CYLINDRICAL_SURFACE('',#1271,5.5E-02);
#1271 = AXIS2_PLACEMENT_3D('',#1272,#1273,#1274);
#1272 = CARTESIAN_POINT('',(-1.255,-0.8,5.5E-02));
#1273 = DIRECTION('',(0.,1.,0.));
#1274 = DIRECTION('',(1.,0.,0.));
#1275 = ADVANCED_FACE('',(#1276),#1319,.F.);
#1276 = FACE_BOUND('',#1277,.F.);
#1277 = EDGE_LOOP('',(#1278,#1279,#1280,#1281,#1289,#1297,#1305,#1313));
#1278 = ORIENTED_EDGE('',*,*,#1105,.F.);
#1279 = ORIENTED_EDGE('',*,*,#1097,.T.);
#1280 = ORIENTED_EDGE('',*,*,#1089,.T.);
#1281 = ORIENTED_EDGE('',*,*,#1282,.T.);
#1282 = EDGE_CURVE('',#1081,#1283,#1285,.T.);
#1283 = VERTEX_POINT('',#1284);
#1284 = CARTESIAN_POINT('',(1.2,-0.8,0.495));
#1285 = LINE('',#1286,#1287);
#1286 = CARTESIAN_POINT('',(-1.2,-0.8,0.495));
#1287 = VECTOR('',#1288,1.);
#1288 = DIRECTION('',(1.,0.,0.));
#1289 = ORIENTED_EDGE('',*,*,#1290,.T.);
#1290 = EDGE_CURVE('',#1283,#1291,#1293,.T.);
#1291 = VERTEX_POINT('',#1292);
#1292 = CARTESIAN_POINT('',(1.545,-0.8,0.495));
#1293 = LINE('',#1294,#1295);
#1294 = CARTESIAN_POINT('',(-1.545,-0.8,0.495));
#1295 = VECTOR('',#1296,1.);
#1296 = DIRECTION('',(1.,0.,0.));
#1297 = ORIENTED_EDGE('',*,*,#1298,.F.);
#1298 = EDGE_CURVE('',#1299,#1291,#1301,.T.);
#1299 = VERTEX_POINT('',#1300);
#1300 = CARTESIAN_POINT('',(1.545,-0.8,5.5E-02));
#1301 = LINE('',#1302,#1303);
#1302 = CARTESIAN_POINT('',(1.545,-0.8,5.5E-02));
#1303 = VECTOR('',#1304,1.);
#1304 = DIRECTION('',(0.,0.,1.));
#1305 = ORIENTED_EDGE('',*,*,#1306,.F.);
#1306 = EDGE_CURVE('',#1307,#1299,#1309,.T.);
#1307 = VERTEX_POINT('',#1308);
#1308 = CARTESIAN_POINT('',(1.2,-0.8,5.5E-02));
#1309 = LINE('',#1310,#1311);
#1310 = CARTESIAN_POINT('',(-1.545,-0.8,5.5E-02));
#1311 = VECTOR('',#1312,1.);
#1312 = DIRECTION('',(1.,0.,0.));
#1313 = ORIENTED_EDGE('',*,*,#1314,.F.);
#1314 = EDGE_CURVE('',#1106,#1307,#1315,.T.);
#1315 = LINE('',#1316,#1317);
#1316 = CARTESIAN_POINT('',(-1.545,-0.8,5.5E-02));
#1317 = VECTOR('',#1318,1.);
#1318 = DIRECTION('',(1.,0.,0.));
#1319 = PLANE('',#1320);
#1320 = AXIS2_PLACEMENT_3D('',#1321,#1322,#1323);
#1321 = CARTESIAN_POINT('',(-1.545,-0.8,5.5E-02));
#1322 = DIRECTION('',(0.,1.,0.));
#1323 = DIRECTION('',(0.,-0.,1.));
#1324 = ADVANCED_FACE('',(#1325),#1336,.T.);
#1325 = FACE_BOUND('',#1326,.T.);
#1326 = EDGE_LOOP('',(#1327,#1328,#1329,#1330));
#1327 = ORIENTED_EDGE('',*,*,#1189,.F.);
#1328 = ORIENTED_EDGE('',*,*,#1154,.F.);
#1329 = ORIENTED_EDGE('',*,*,#1072,.T.);
#1330 = ORIENTED_EDGE('',*,*,#1331,.T.);
#1331 = EDGE_CURVE('',#1073,#1190,#1332,.T.);
#1332 = LINE('',#1333,#1334);
#1333 = CARTESIAN_POINT('',(-1.255,-0.8,0.55));
#1334 = VECTOR('',#1335,1.);
#1335 = DIRECTION('',(0.,1.,0.));
#1336 = PLANE('',#1337);
#1337 = AXIS2_PLACEMENT_3D('',#1338,#1339,#1340);
#1338 = CARTESIAN_POINT('',(-1.6,-0.8,0.55));
#1339 = DIRECTION('',(0.,0.,1.));
#1340 = DIRECTION('',(1.,0.,-0.));
#1341 = ADVANCED_FACE('',(#1342),#1353,.T.);
#1342 = FACE_BOUND('',#1343,.T.);
#1343 = EDGE_LOOP('',(#1344,#1350,#1351,#1352));
#1344 = ORIENTED_EDGE('',*,*,#1345,.T.);
#1345 = EDGE_CURVE('',#1081,#1198,#1346,.T.);
#1346 = LINE('',#1347,#1348);
#1347 = CARTESIAN_POINT('',(-1.2,-0.8,0.495));
#1348 = VECTOR('',#1349,1.);
#1349 = DIRECTION('',(0.,1.,0.));
#1350 = ORIENTED_EDGE('',*,*,#1197,.T.);
#1351 = ORIENTED_EDGE('',*,*,#1331,.F.);
#1352 = ORIENTED_EDGE('',*,*,#1080,.F.);
#1353 = CYLINDRICAL_SURFACE('',#1354,5.5E-02);
#1354 = AXIS2_PLACEMENT_3D('',#1355,#1356,#1357);
#1355 = CARTESIAN_POINT('',(-1.255,-0.8,0.495));
#1356 = DIRECTION('',(0.,1.,0.));
#1357 = DIRECTION('',(1.,0.,0.));
#1358 = ADVANCED_FACE('',(#1359),#1402,.T.);
#1359 = FACE_BOUND('',#1360,.T.);
#1360 = EDGE_LOOP('',(#1361,#1362,#1363,#1364,#1372,#1380,#1388,#1396));
#1361 = ORIENTED_EDGE('',*,*,#1222,.F.);
#1362 = ORIENTED_EDGE('',*,*,#1214,.T.);
#1363 = ORIENTED_EDGE('',*,*,#1206,.T.);
#1364 = ORIENTED_EDGE('',*,*,#1365,.T.);
#1365 = EDGE_CURVE('',#1198,#1366,#1368,.T.);
#1366 = VERTEX_POINT('',#1367);
#1367 = CARTESIAN_POINT('',(1.2,0.8,0.495));
#1368 = LINE('',#1369,#1370);
#1369 = CARTESIAN_POINT('',(-1.2,0.8,0.495));
#1370 = VECTOR('',#1371,1.);
#1371 = DIRECTION('',(1.,0.,0.));
#1372 = ORIENTED_EDGE('',*,*,#1373,.T.);
#1373 = EDGE_CURVE('',#1366,#1374,#1376,.T.);
#1374 = VERTEX_POINT('',#1375);
#1375 = CARTESIAN_POINT('',(1.545,0.8,0.495));
#1376 = LINE('',#1377,#1378);
#1377 = CARTESIAN_POINT('',(-1.545,0.8,0.495));
#1378 = VECTOR('',#1379,1.);
#1379 = DIRECTION('',(1.,0.,0.));
#1380 = ORIENTED_EDGE('',*,*,#1381,.F.);
#1381 = EDGE_CURVE('',#1382,#1374,#1384,.T.);
#1382 = VERTEX_POINT('',#1383);
#1383 = CARTESIAN_POINT('',(1.545,0.8,5.5E-02));
#1384 = LINE('',#1385,#1386);
#1385 = CARTESIAN_POINT('',(1.545,0.8,5.5E-02));
#1386 = VECTOR('',#1387,1.);
#1387 = DIRECTION('',(0.,0.,1.));
#1388 = ORIENTED_EDGE('',*,*,#1389,.F.);
#1389 = EDGE_CURVE('',#1390,#1382,#1392,.T.);
#1390 = VERTEX_POINT('',#1391);
#1391 = CARTESIAN_POINT('',(1.2,0.8,5.5E-02));
#1392 = LINE('',#1393,#1394);
#1393 = CARTESIAN_POINT('',(-1.545,0.8,5.5E-02));
#1394 = VECTOR('',#1395,1.);
#1395 = DIRECTION('',(1.,0.,0.));
#1396 = ORIENTED_EDGE('',*,*,#1397,.F.);
#1397 = EDGE_CURVE('',#1223,#1390,#1398,.T.);
#1398 = LINE('',#1399,#1400);
#1399 = CARTESIAN_POINT('',(-1.545,0.8,5.5E-02));
#1400 = VECTOR('',#1401,1.);
#1401 = DIRECTION('',(1.,0.,0.));
#1402 = PLANE('',#1403);
#1403 = AXIS2_PLACEMENT_3D('',#1404,#1405,#1406);
#1404 = CARTESIAN_POINT('',(-1.545,0.8,5.5E-02));
#1405 = DIRECTION('',(0.,1.,0.));
#1406 = DIRECTION('',(0.,-0.,1.));
#1407 = ADVANCED_FACE('',(#1408),#1419,.F.);
#1408 = FACE_BOUND('',#1409,.F.);
#1409 = EDGE_LOOP('',(#1410,#1411,#1412,#1418));
#1410 = ORIENTED_EDGE('',*,*,#1265,.F.);
#1411 = ORIENTED_EDGE('',*,*,#1314,.T.);
#1412 = ORIENTED_EDGE('',*,*,#1413,.T.);
#1413 = EDGE_CURVE('',#1307,#1390,#1414,.T.);
#1414 = LINE('',#1415,#1416);
#1415 = CARTESIAN_POINT('',(1.2,-0.8,5.5E-02));
#1416 = VECTOR('',#1417,1.);
#1417 = DIRECTION('',(0.,1.,0.));
#1418 = ORIENTED_EDGE('',*,*,#1397,.F.);
#1419 = PLANE('',#1420);
#1420 = AXIS2_PLACEMENT_3D('',#1421,#1422,#1423);
#1421 = CARTESIAN_POINT('',(-1.545,-0.8,5.5E-02));
#1422 = DIRECTION('',(0.,0.,1.));
#1423 = DIRECTION('',(1.,0.,-0.));
#1424 = ADVANCED_FACE('',(#1425),#1488,.F.);
#1425 = FACE_BOUND('',#1426,.F.);
#1426 = EDGE_LOOP('',(#1427,#1437,#1444,#1445,#1446,#1447,#1456,#1464,
    #1473,#1481));
#1427 = ORIENTED_EDGE('',*,*,#1428,.F.);
#1428 = EDGE_CURVE('',#1429,#1431,#1433,.T.);
#1429 = VERTEX_POINT('',#1430);
#1430 = CARTESIAN_POINT('',(1.255,-0.8,0.));
#1431 = VERTEX_POINT('',#1432);
#1432 = CARTESIAN_POINT('',(1.545,-0.8,0.));
#1433 = LINE('',#1434,#1435);
#1434 = CARTESIAN_POINT('',(1.2,-0.8,0.));
#1435 = VECTOR('',#1436,1.);
#1436 = DIRECTION('',(1.,0.,0.));
#1437 = ORIENTED_EDGE('',*,*,#1438,.F.);
#1438 = EDGE_CURVE('',#1307,#1429,#1439,.T.);
#1439 = CIRCLE('',#1440,5.5E-02);
#1440 = AXIS2_PLACEMENT_3D('',#1441,#1442,#1443);
#1441 = CARTESIAN_POINT('',(1.255,-0.8,5.5E-02));
#1442 = DIRECTION('',(0.,-1.,0.));
#1443 = DIRECTION('',(0.,0.,1.));
#1444 = ORIENTED_EDGE('',*,*,#1306,.T.);
#1445 = ORIENTED_EDGE('',*,*,#1298,.T.);
#1446 = ORIENTED_EDGE('',*,*,#1290,.F.);
#1447 = ORIENTED_EDGE('',*,*,#1448,.T.);
#1448 = EDGE_CURVE('',#1283,#1449,#1451,.T.);
#1449 = VERTEX_POINT('',#1450);
#1450 = CARTESIAN_POINT('',(1.255,-0.8,0.55));
#1451 = CIRCLE('',#1452,5.5E-02);
#1452 = AXIS2_PLACEMENT_3D('',#1453,#1454,#1455);
#1453 = CARTESIAN_POINT('',(1.255,-0.8,0.495));
#1454 = DIRECTION('',(0.,1.,0.));
#1455 = DIRECTION('',(0.,-0.,1.));
#1456 = ORIENTED_EDGE('',*,*,#1457,.T.);
#1457 = EDGE_CURVE('',#1449,#1458,#1460,.T.);
#1458 = VERTEX_POINT('',#1459);
#1459 = CARTESIAN_POINT('',(1.545,-0.8,0.55));
#1460 = LINE('',#1461,#1462);
#1461 = CARTESIAN_POINT('',(1.2,-0.8,0.55));
#1462 = VECTOR('',#1463,1.);
#1463 = DIRECTION('',(1.,0.,0.));
#1464 = ORIENTED_EDGE('',*,*,#1465,.F.);
#1465 = EDGE_CURVE('',#1466,#1458,#1468,.T.);
#1466 = VERTEX_POINT('',#1467);
#1467 = CARTESIAN_POINT('',(1.6,-0.8,0.495));
#1468 = CIRCLE('',#1469,5.5E-02);
#1469 = AXIS2_PLACEMENT_3D('',#1470,#1471,#1472);
#1470 = CARTESIAN_POINT('',(1.545,-0.8,0.495));
#1471 = DIRECTION('',(0.,-1.,0.));
#1472 = DIRECTION('',(0.,0.,1.));
#1473 = ORIENTED_EDGE('',*,*,#1474,.F.);
#1474 = EDGE_CURVE('',#1475,#1466,#1477,.T.);
#1475 = VERTEX_POINT('',#1476);
#1476 = CARTESIAN_POINT('',(1.6,-0.8,5.5E-02));
#1477 = LINE('',#1478,#1479);
#1478 = CARTESIAN_POINT('',(1.6,-0.8,0.));
#1479 = VECTOR('',#1480,1.);
#1480 = DIRECTION('',(0.,0.,1.));
#1481 = ORIENTED_EDGE('',*,*,#1482,.T.);
#1482 = EDGE_CURVE('',#1475,#1431,#1483,.T.);
#1483 = CIRCLE('',#1484,5.5E-02);
#1484 = AXIS2_PLACEMENT_3D('',#1485,#1486,#1487);
#1485 = CARTESIAN_POINT('',(1.545,-0.8,5.5E-02));
#1486 = DIRECTION('',(0.,1.,0.));
#1487 = DIRECTION('',(0.,-0.,1.));
#1488 = PLANE('',#1489);
#1489 = AXIS2_PLACEMENT_3D('',#1490,#1491,#1492);
#1490 = CARTESIAN_POINT('',(1.2,-0.8,0.));
#1491 = DIRECTION('',(0.,1.,0.));
#1492 = DIRECTION('',(0.,-0.,1.));
#1493 = ADVANCED_FACE('',(#1494),#1519,.F.);
#1494 = FACE_BOUND('',#1495,.F.);
#1495 = EDGE_LOOP('',(#1496,#1497,#1505,#1513));
#1496 = ORIENTED_EDGE('',*,*,#1282,.F.);
#1497 = ORIENTED_EDGE('',*,*,#1498,.T.);
#1498 = EDGE_CURVE('',#1081,#1499,#1501,.T.);
#1499 = VERTEX_POINT('',#1500);
#1500 = CARTESIAN_POINT('',(-1.2,-0.8,0.55));
#1501 = LINE('',#1502,#1503);
#1502 = CARTESIAN_POINT('',(-1.2,-0.8,0.495));
#1503 = VECTOR('',#1504,1.);
#1504 = DIRECTION('',(0.,0.,1.));
#1505 = ORIENTED_EDGE('',*,*,#1506,.T.);
#1506 = EDGE_CURVE('',#1499,#1507,#1509,.T.);
#1507 = VERTEX_POINT('',#1508);
#1508 = CARTESIAN_POINT('',(1.2,-0.8,0.55));
#1509 = LINE('',#1510,#1511);
#1510 = CARTESIAN_POINT('',(-1.2,-0.8,0.55));
#1511 = VECTOR('',#1512,1.);
#1512 = DIRECTION('',(1.,0.,0.));
#1513 = ORIENTED_EDGE('',*,*,#1514,.F.);
#1514 = EDGE_CURVE('',#1283,#1507,#1515,.T.);
#1515 = LINE('',#1516,#1517);
#1516 = CARTESIAN_POINT('',(1.2,-0.8,0.495));
#1517 = VECTOR('',#1518,1.);
#1518 = DIRECTION('',(0.,0.,1.));
#1519 = PLANE('',#1520);
#1520 = AXIS2_PLACEMENT_3D('',#1521,#1522,#1523);
#1521 = CARTESIAN_POINT('',(-1.2,-0.8,0.495));
#1522 = DIRECTION('',(0.,1.,0.));
#1523 = DIRECTION('',(0.,-0.,1.));
#1524 = ADVANCED_FACE('',(#1525),#1543,.F.);
#1525 = FACE_BOUND('',#1526,.F.);
#1526 = EDGE_LOOP('',(#1527,#1528,#1529,#1537));
#1527 = ORIENTED_EDGE('',*,*,#1498,.F.);
#1528 = ORIENTED_EDGE('',*,*,#1345,.T.);
#1529 = ORIENTED_EDGE('',*,*,#1530,.T.);
#1530 = EDGE_CURVE('',#1198,#1531,#1533,.T.);
#1531 = VERTEX_POINT('',#1532);
#1532 = CARTESIAN_POINT('',(-1.2,0.8,0.55));
#1533 = LINE('',#1534,#1535);
#1534 = CARTESIAN_POINT('',(-1.2,0.8,0.495));
#1535 = VECTOR('',#1536,1.);
#1536 = DIRECTION('',(0.,0.,1.));
#1537 = ORIENTED_EDGE('',*,*,#1538,.F.);
#1538 = EDGE_CURVE('',#1499,#1531,#1539,.T.);
#1539 = LINE('',#1540,#1541);
#1540 = CARTESIAN_POINT('',(-1.2,-0.8,0.55));
#1541 = VECTOR('',#1542,1.);
#1542 = DIRECTION('',(0.,1.,0.));
#1543 = PLANE('',#1544);
#1544 = AXIS2_PLACEMENT_3D('',#1545,#1546,#1547);
#1545 = CARTESIAN_POINT('',(-1.2,-0.8,0.495));
#1546 = DIRECTION('',(1.,0.,0.));
#1547 = DIRECTION('',(0.,0.,1.));
#1548 = ADVANCED_FACE('',(#1549),#1612,.T.);
#1549 = FACE_BOUND('',#1550,.T.);
#1550 = EDGE_LOOP('',(#1551,#1561,#1568,#1569,#1570,#1571,#1580,#1588,
    #1597,#1605));
#1551 = ORIENTED_EDGE('',*,*,#1552,.F.);
#1552 = EDGE_CURVE('',#1553,#1555,#1557,.T.);
#1553 = VERTEX_POINT('',#1554);
#1554 = CARTESIAN_POINT('',(1.255,0.8,0.));
#1555 = VERTEX_POINT('',#1556);
#1556 = CARTESIAN_POINT('',(1.545,0.8,0.));
#1557 = LINE('',#1558,#1559);
#1558 = CARTESIAN_POINT('',(1.2,0.8,0.));
#1559 = VECTOR('',#1560,1.);
#1560 = DIRECTION('',(1.,0.,0.));
#1561 = ORIENTED_EDGE('',*,*,#1562,.F.);
#1562 = EDGE_CURVE('',#1390,#1553,#1563,.T.);
#1563 = CIRCLE('',#1564,5.5E-02);
#1564 = AXIS2_PLACEMENT_3D('',#1565,#1566,#1567);
#1565 = CARTESIAN_POINT('',(1.255,0.8,5.5E-02));
#1566 = DIRECTION('',(0.,-1.,0.));
#1567 = DIRECTION('',(0.,0.,1.));
#1568 = ORIENTED_EDGE('',*,*,#1389,.T.);
#1569 = ORIENTED_EDGE('',*,*,#1381,.T.);
#1570 = ORIENTED_EDGE('',*,*,#1373,.F.);
#1571 = ORIENTED_EDGE('',*,*,#1572,.T.);
#1572 = EDGE_CURVE('',#1366,#1573,#1575,.T.);
#1573 = VERTEX_POINT('',#1574);
#1574 = CARTESIAN_POINT('',(1.255,0.8,0.55));
#1575 = CIRCLE('',#1576,5.5E-02);
#1576 = AXIS2_PLACEMENT_3D('',#1577,#1578,#1579);
#1577 = CARTESIAN_POINT('',(1.255,0.8,0.495));
#1578 = DIRECTION('',(0.,1.,0.));
#1579 = DIRECTION('',(0.,-0.,1.));
#1580 = ORIENTED_EDGE('',*,*,#1581,.T.);
#1581 = EDGE_CURVE('',#1573,#1582,#1584,.T.);
#1582 = VERTEX_POINT('',#1583);
#1583 = CARTESIAN_POINT('',(1.545,0.8,0.55));
#1584 = LINE('',#1585,#1586);
#1585 = CARTESIAN_POINT('',(1.2,0.8,0.55));
#1586 = VECTOR('',#1587,1.);
#1587 = DIRECTION('',(1.,0.,0.));
#1588 = ORIENTED_EDGE('',*,*,#1589,.F.);
#1589 = EDGE_CURVE('',#1590,#1582,#1592,.T.);
#1590 = VERTEX_POINT('',#1591);
#1591 = CARTESIAN_POINT('',(1.6,0.8,0.495));
#1592 = CIRCLE('',#1593,5.5E-02);
#1593 = AXIS2_PLACEMENT_3D('',#1594,#1595,#1596);
#1594 = CARTESIAN_POINT('',(1.545,0.8,0.495));
#1595 = DIRECTION('',(0.,-1.,0.));
#1596 = DIRECTION('',(0.,0.,1.));
#1597 = ORIENTED_EDGE('',*,*,#1598,.F.);
#1598 = EDGE_CURVE('',#1599,#1590,#1601,.T.);
#1599 = VERTEX_POINT('',#1600);
#1600 = CARTESIAN_POINT('',(1.6,0.8,5.5E-02));
#1601 = LINE('',#1602,#1603);
#1602 = CARTESIAN_POINT('',(1.6,0.8,0.));
#1603 = VECTOR('',#1604,1.);
#1604 = DIRECTION('',(0.,0.,1.));
#1605 = ORIENTED_EDGE('',*,*,#1606,.T.);
#1606 = EDGE_CURVE('',#1599,#1555,#1607,.T.);
#1607 = CIRCLE('',#1608,5.5E-02);
#1608 = AXIS2_PLACEMENT_3D('',#1609,#1610,#1611);
#1609 = CARTESIAN_POINT('',(1.545,0.8,5.5E-02));
#1610 = DIRECTION('',(0.,1.,0.));
#1611 = DIRECTION('',(0.,-0.,1.));
#1612 = PLANE('',#1613);
#1613 = AXIS2_PLACEMENT_3D('',#1614,#1615,#1616);
#1614 = CARTESIAN_POINT('',(1.2,0.8,0.));
#1615 = DIRECTION('',(0.,1.,0.));
#1616 = DIRECTION('',(0.,-0.,1.));
#1617 = ADVANCED_FACE('',(#1618),#1636,.T.);
#1618 = FACE_BOUND('',#1619,.T.);
#1619 = EDGE_LOOP('',(#1620,#1621,#1622,#1630));
#1620 = ORIENTED_EDGE('',*,*,#1365,.F.);
#1621 = ORIENTED_EDGE('',*,*,#1530,.T.);
#1622 = ORIENTED_EDGE('',*,*,#1623,.T.);
#1623 = EDGE_CURVE('',#1531,#1624,#1626,.T.);
#1624 = VERTEX_POINT('',#1625);
#1625 = CARTESIAN_POINT('',(1.2,0.8,0.55));
#1626 = LINE('',#1627,#1628);
#1627 = CARTESIAN_POINT('',(-1.2,0.8,0.55));
#1628 = VECTOR('',#1629,1.);
#1629 = DIRECTION('',(1.,0.,0.));
#1630 = ORIENTED_EDGE('',*,*,#1631,.F.);
#1631 = EDGE_CURVE('',#1366,#1624,#1632,.T.);
#1632 = LINE('',#1633,#1634);
#1633 = CARTESIAN_POINT('',(1.2,0.8,0.495));
#1634 = VECTOR('',#1635,1.);
#1635 = DIRECTION('',(0.,0.,1.));
#1636 = PLANE('',#1637);
#1637 = AXIS2_PLACEMENT_3D('',#1638,#1639,#1640);
#1638 = CARTESIAN_POINT('',(-1.2,0.8,0.495));
#1639 = DIRECTION('',(0.,1.,0.));
#1640 = DIRECTION('',(0.,-0.,1.));
#1641 = ADVANCED_FACE('',(#1642),#1653,.T.);
#1642 = FACE_BOUND('',#1643,.T.);
#1643 = EDGE_LOOP('',(#1644,#1645,#1646,#1652));
#1644 = ORIENTED_EDGE('',*,*,#1413,.T.);
#1645 = ORIENTED_EDGE('',*,*,#1562,.T.);
#1646 = ORIENTED_EDGE('',*,*,#1647,.F.);
#1647 = EDGE_CURVE('',#1429,#1553,#1648,.T.);
#1648 = LINE('',#1649,#1650);
#1649 = CARTESIAN_POINT('',(1.255,-0.8,0.));
#1650 = VECTOR('',#1651,1.);
#1651 = DIRECTION('',(0.,1.,0.));
#1652 = ORIENTED_EDGE('',*,*,#1438,.F.);
#1653 = CYLINDRICAL_SURFACE('',#1654,5.5E-02);
#1654 = AXIS2_PLACEMENT_3D('',#1655,#1656,#1657);
#1655 = CARTESIAN_POINT('',(1.255,-0.8,5.5E-02));
#1656 = DIRECTION('',(0.,1.,0.));
#1657 = DIRECTION('',(-1.,0.,0.));
#1658 = ADVANCED_FACE('',(#1659),#1670,.F.);
#1659 = FACE_BOUND('',#1660,.F.);
#1660 = EDGE_LOOP('',(#1661,#1662,#1663,#1664));
#1661 = ORIENTED_EDGE('',*,*,#1552,.F.);
#1662 = ORIENTED_EDGE('',*,*,#1647,.F.);
#1663 = ORIENTED_EDGE('',*,*,#1428,.T.);
#1664 = ORIENTED_EDGE('',*,*,#1665,.T.);
#1665 = EDGE_CURVE('',#1431,#1555,#1666,.T.);
#1666 = LINE('',#1667,#1668);
#1667 = CARTESIAN_POINT('',(1.545,-0.8,0.));
#1668 = VECTOR('',#1669,1.);
#1669 = DIRECTION('',(0.,1.,0.));
#1670 = PLANE('',#1671);
#1671 = AXIS2_PLACEMENT_3D('',#1672,#1673,#1674);
#1672 = CARTESIAN_POINT('',(1.2,-0.8,0.));
#1673 = DIRECTION('',(0.,0.,1.));
#1674 = DIRECTION('',(1.,0.,-0.));
#1675 = ADVANCED_FACE('',(#1676),#1687,.T.);
#1676 = FACE_BOUND('',#1677,.T.);
#1677 = EDGE_LOOP('',(#1678,#1679,#1680,#1681));
#1678 = ORIENTED_EDGE('',*,*,#1482,.T.);
#1679 = ORIENTED_EDGE('',*,*,#1665,.T.);
#1680 = ORIENTED_EDGE('',*,*,#1606,.F.);
#1681 = ORIENTED_EDGE('',*,*,#1682,.F.);
#1682 = EDGE_CURVE('',#1475,#1599,#1683,.T.);
#1683 = LINE('',#1684,#1685);
#1684 = CARTESIAN_POINT('',(1.6,-0.8,5.5E-02));
#1685 = VECTOR('',#1686,1.);
#1686 = DIRECTION('',(0.,1.,0.));
#1687 = CYLINDRICAL_SURFACE('',#1688,5.5E-02);
#1688 = AXIS2_PLACEMENT_3D('',#1689,#1690,#1691);
#1689 = CARTESIAN_POINT('',(1.545,-0.8,5.5E-02));
#1690 = DIRECTION('',(0.,1.,0.));
#1691 = DIRECTION('',(1.,0.,0.));
#1692 = ADVANCED_FACE('',(#1693),#1704,.T.);
#1693 = FACE_BOUND('',#1694,.T.);
#1694 = EDGE_LOOP('',(#1695,#1696,#1697,#1698));
#1695 = ORIENTED_EDGE('',*,*,#1474,.F.);
#1696 = ORIENTED_EDGE('',*,*,#1682,.T.);
#1697 = ORIENTED_EDGE('',*,*,#1598,.T.);
#1698 = ORIENTED_EDGE('',*,*,#1699,.F.);
#1699 = EDGE_CURVE('',#1466,#1590,#1700,.T.);
#1700 = LINE('',#1701,#1702);
#1701 = CARTESIAN_POINT('',(1.6,-0.8,0.495));
#1702 = VECTOR('',#1703,1.);
#1703 = DIRECTION('',(0.,1.,0.));
#1704 = PLANE('',#1705);
#1705 = AXIS2_PLACEMENT_3D('',#1706,#1707,#1708);
#1706 = CARTESIAN_POINT('',(1.6,-0.8,0.));
#1707 = DIRECTION('',(1.,0.,0.));
#1708 = DIRECTION('',(0.,0.,1.));
#1709 = ADVANCED_FACE('',(#1710),#1721,.T.);
#1710 = FACE_BOUND('',#1711,.T.);
#1711 = EDGE_LOOP('',(#1712,#1713,#1714,#1720));
#1712 = ORIENTED_EDGE('',*,*,#1699,.T.);
#1713 = ORIENTED_EDGE('',*,*,#1589,.T.);
#1714 = ORIENTED_EDGE('',*,*,#1715,.F.);
#1715 = EDGE_CURVE('',#1458,#1582,#1716,.T.);
#1716 = LINE('',#1717,#1718);
#1717 = CARTESIAN_POINT('',(1.545,-0.8,0.55));
#1718 = VECTOR('',#1719,1.);
#1719 = DIRECTION('',(0.,1.,0.));
#1720 = ORIENTED_EDGE('',*,*,#1465,.F.);
#1721 = CYLINDRICAL_SURFACE('',#1722,5.5E-02);
#1722 = AXIS2_PLACEMENT_3D('',#1723,#1724,#1725);
#1723 = CARTESIAN_POINT('',(1.545,-0.8,0.495));
#1724 = DIRECTION('',(0.,1.,0.));
#1725 = DIRECTION('',(1.,0.,0.));
#1726 = ADVANCED_FACE('',(#1727),#1738,.T.);
#1727 = FACE_BOUND('',#1728,.T.);
#1728 = EDGE_LOOP('',(#1729,#1730,#1736,#1737));
#1729 = ORIENTED_EDGE('',*,*,#1581,.F.);
#1730 = ORIENTED_EDGE('',*,*,#1731,.F.);
#1731 = EDGE_CURVE('',#1449,#1573,#1732,.T.);
#1732 = LINE('',#1733,#1734);
#1733 = CARTESIAN_POINT('',(1.255,-0.8,0.55));
#1734 = VECTOR('',#1735,1.);
#1735 = DIRECTION('',(0.,1.,0.));
#1736 = ORIENTED_EDGE('',*,*,#1457,.T.);
#1737 = ORIENTED_EDGE('',*,*,#1715,.T.);
#1738 = PLANE('',#1739);
#1739 = AXIS2_PLACEMENT_3D('',#1740,#1741,#1742);
#1740 = CARTESIAN_POINT('',(1.2,-0.8,0.55));
#1741 = DIRECTION('',(0.,0.,1.));
#1742 = DIRECTION('',(1.,0.,-0.));
#1743 = ADVANCED_FACE('',(#1744),#1755,.T.);
#1744 = FACE_BOUND('',#1745,.T.);
#1745 = EDGE_LOOP('',(#1746,#1747,#1748,#1749));
#1746 = ORIENTED_EDGE('',*,*,#1448,.T.);
#1747 = ORIENTED_EDGE('',*,*,#1731,.T.);
#1748 = ORIENTED_EDGE('',*,*,#1572,.F.);
#1749 = ORIENTED_EDGE('',*,*,#1750,.F.);
#1750 = EDGE_CURVE('',#1283,#1366,#1751,.T.);
#1751 = LINE('',#1752,#1753);
#1752 = CARTESIAN_POINT('',(1.2,-0.8,0.495));
#1753 = VECTOR('',#1754,1.);
#1754 = DIRECTION('',(0.,1.,0.));
#1755 = CYLINDRICAL_SURFACE('',#1756,5.5E-02);
#1756 = AXIS2_PLACEMENT_3D('',#1757,#1758,#1759);
#1757 = CARTESIAN_POINT('',(1.255,-0.8,0.495));
#1758 = DIRECTION('',(0.,1.,0.));
#1759 = DIRECTION('',(-1.,0.,0.));
#1760 = ADVANCED_FACE('',(#1761),#1772,.T.);
#1761 = FACE_BOUND('',#1762,.T.);
#1762 = EDGE_LOOP('',(#1763,#1764,#1765,#1766));
#1763 = ORIENTED_EDGE('',*,*,#1514,.F.);
#1764 = ORIENTED_EDGE('',*,*,#1750,.T.);
#1765 = ORIENTED_EDGE('',*,*,#1631,.T.);
#1766 = ORIENTED_EDGE('',*,*,#1767,.F.);
#1767 = EDGE_CURVE('',#1507,#1624,#1768,.T.);
#1768 = LINE('',#1769,#1770);
#1769 = CARTESIAN_POINT('',(1.2,-0.8,0.55));
#1770 = VECTOR('',#1771,1.);
#1771 = DIRECTION('',(0.,1.,0.));
#1772 = PLANE('',#1773);
#1773 = AXIS2_PLACEMENT_3D('',#1774,#1775,#1776);
#1774 = CARTESIAN_POINT('',(1.2,-0.8,0.495));
#1775 = DIRECTION('',(1.,0.,0.));
#1776 = DIRECTION('',(0.,0.,1.));
#1777 = ADVANCED_FACE('',(#1778),#1784,.T.);
#1778 = FACE_BOUND('',#1779,.T.);
#1779 = EDGE_LOOP('',(#1780,#1781,#1782,#1783));
#1780 = ORIENTED_EDGE('',*,*,#1538,.F.);
#1781 = ORIENTED_EDGE('',*,*,#1506,.T.);
#1782 = ORIENTED_EDGE('',*,*,#1767,.T.);
#1783 = ORIENTED_EDGE('',*,*,#1623,.F.);
#1784 = PLANE('',#1785);
#1785 = AXIS2_PLACEMENT_3D('',#1786,#1787,#1788);
#1786 = CARTESIAN_POINT('',(-1.2,-0.8,0.55));
#1787 = DIRECTION('',(0.,0.,1.));
#1788 = DIRECTION('',(1.,0.,-0.));
#1789 = ( GEOMETRIC_REPRESENTATION_CONTEXT(3) 
GLOBAL_UNCERTAINTY_ASSIGNED_CONTEXT((#1793)) 
GLOBAL_UNIT_ASSIGNED_CONTEXT((#1790,#1791,#1792)) REPRESENTATION_CONTEXT
('Context #1','3D Context with UNIT and UNCERTAINTY') );
#1790 = ( LENGTH_UNIT() NAMED_UNIT(*) SI_UNIT(.MILLI.,.METRE.) );
#1791 = ( NAMED_UNIT(*) PLANE_ANGLE_UNIT() SI_UNIT($,.RADIAN.) );
#1792 = ( NAMED_UNIT(*) SI_UNIT($,.STERADIAN.) SOLID_ANGLE_UNIT() );
#1793 = UNCERTAINTY_MEASURE_WITH_UNIT(LENGTH_MEASURE(1.E-07),#1790,
  'distance_accuracy_value','confusion accuracy');
#1794 = CONTEXT_DEPENDENT_SHAPE_REPRESENTATION(#1795,#1797);
#1795 = ( REPRESENTATION_RELATIONSHIP('','',#998,#10) 
REPRESENTATION_RELATIONSHIP_WITH_TRANSFORMATION(#1796) 
SHAPE_REPRESENTATION_RELATIONSHIP() );
#1796 = ITEM_DEFINED_TRANSFORMATION('','',#11,#23);
#1797 = PRODUCT_DEFINITION_SHAPE('Placement','Placement of an item',
  #1798);
#1798 = NEXT_ASSEMBLY_USAGE_OCCURRENCE('3','R6','',#5,#993,$);
#1799 = PRODUCT_RELATED_PRODUCT_CATEGORY('part',$,(#995));
#1800 = CONTEXT_DEPENDENT_SHAPE_REPRESENTATION(#1801,#1803);
#1801 = ( REPRESENTATION_RELATIONSHIP('','',#120,#10) 
REPRESENTATION_RELATIONSHIP_WITH_TRANSFORMATION(#1802) 
SHAPE_REPRESENTATION_RELATIONSHIP() );
#1802 = ITEM_DEFINED_TRANSFORMATION('','',#11,#27);
#1803 = PRODUCT_DEFINITION_SHAPE('Placement','Placement of an item',
  #1804);
#1804 = NEXT_ASSEMBLY_USAGE_OCCURRENCE('4','C10','',#5,#115,$);
#1805 = CONTEXT_DEPENDENT_SHAPE_REPRESENTATION(#1806,#1808);
#1806 = ( REPRESENTATION_RELATIONSHIP('','',#998,#10) 
REPRESENTATION_RELATIONSHIP_WITH_TRANSFORMATION(#1807) 
SHAPE_REPRESENTATION_RELATIONSHIP() );
#1807 = ITEM_DEFINED_TRANSFORMATION('','',#11,#31);
#1808 = PRODUCT_DEFINITION_SHAPE('Placement','Placement of an item',
  #1809);
#1809 = NEXT_ASSEMBLY_USAGE_OCCURRENCE('5','R8','',#5,#993,$);
#1810 = CONTEXT_DEPENDENT_SHAPE_REPRESENTATION(#1811,#1813);
#1811 = ( REPRESENTATION_RELATIONSHIP('','',#998,#10) 
REPRESENTATION_RELATIONSHIP_WITH_TRANSFORMATION(#1812) 
SHAPE_REPRESENTATION_RELATIONSHIP() );
#1812 = ITEM_DEFINED_TRANSFORMATION('','',#11,#35);
#1813 = PRODUCT_DEFINITION_SHAPE('Placement','Placement of an item',
  #1814);
#1814 = NEXT_ASSEMBLY_USAGE_OCCURRENCE('6','R9','',#5,#993,$);
#1815 = CONTEXT_DEPENDENT_SHAPE_REPRESENTATION(#1816,#1818);
#1816 = ( REPRESENTATION_RELATIONSHIP('','',#120,#10) 
REPRESENTATION_RELATIONSHIP_WITH_TRANSFORMATION(#1817) 
SHAPE_REPRESENTATION_RELATIONSHIP() );
#1817 = ITEM_DEFINED_TRANSFORMATION('','',#11,#39);
#1818 = PRODUCT_DEFINITION_SHAPE('Placement','Placement of an item',
  #1819);
#1819 = NEXT_ASSEMBLY_USAGE_OCCURRENCE('7','C12','',#5,#115,$);
#1820 = CONTEXT_DEPENDENT_SHAPE_REPRESENTATION(#1821,#1823);
#1821 = ( REPRESENTATION_RELATIONSHIP('','',#998,#10) 
REPRESENTATION_RELATIONSHIP_WITH_TRANSFORMATION(#1822) 
SHAPE_REPRESENTATION_RELATIONSHIP() );
#1822 = ITEM_DEFINED_TRANSFORMATION('','',#11,#43);
#1823 = PRODUCT_DEFINITION_SHAPE('Placement','Placement of an item',
  #1824);
#1824 = NEXT_ASSEMBLY_USAGE_OCCURRENCE('8','R5','',#5,#993,$);
#1825 = CONTEXT_DEPENDENT_SHAPE_REPRESENTATION(#1826,#1828);
#1826 = ( REPRESENTATION_RELATIONSHIP('','',#998,#10) 
REPRESENTATION_RELATIONSHIP_WITH_TRANSFORMATION(#1827) 
SHAPE_REPRESENTATION_RELATIONSHIP() );
#1827 = ITEM_DEFINED_TRANSFORMATION('','',#11,#47);
#1828 = PRODUCT_DEFINITION_SHAPE('Placement','Placement of an item',
  #1829);
#1829 = NEXT_ASSEMBLY_USAGE_OCCURRENCE('9','R1','',#5,#993,$);
#1830 = CONTEXT_DEPENDENT_SHAPE_REPRESENTATION(#1831,#1833);
#1831 = ( REPRESENTATION_RELATIONSHIP('','',#120,#10) 
REPRESENTATION_RELATIONSHIP_WITH_TRANSFORMATION(#1832) 
SHAPE_REPRESENTATION_RELATIONSHIP() );
#1832 = ITEM_DEFINED_TRANSFORMATION('','',#11,#51);
#1833 = PRODUCT_DEFINITION_SHAPE('Placement','Placement of an item',
  #1834);
#1834 = NEXT_ASSEMBLY_USAGE_OCCURRENCE('10','C16','',#5,#115,$);
#1835 = CONTEXT_DEPENDENT_SHAPE_REPRESENTATION(#1836,#1838);
#1836 = ( REPRESENTATION_RELATIONSHIP('','',#120,#10) 
REPRESENTATION_RELATIONSHIP_WITH_TRANSFORMATION(#1837) 
SHAPE_REPRESENTATION_RELATIONSHIP() );
#1837 = ITEM_DEFINED_TRANSFORMATION('','',#11,#55);
#1838 = PRODUCT_DEFINITION_SHAPE('Placement','Placement of an item',
  #1839);
#1839 = NEXT_ASSEMBLY_USAGE_OCCURRENCE('11','C14','',#5,#115,$);
#1840 = SHAPE_DEFINITION_REPRESENTATION(#1841,#1847);
#1841 = PRODUCT_DEFINITION_SHAPE('','',#1842);
#1842 = PRODUCT_DEFINITION('design','',#1843,#1846);
#1843 = PRODUCT_DEFINITION_FORMATION('','',#1844);
#1844 = PRODUCT('SOT-666','SOT-666','',(#1845));
#1845 = PRODUCT_CONTEXT('',#2,'mechanical');
#1846 = PRODUCT_DEFINITION_CONTEXT('part definition',#2,'design');
#1847 = ADVANCED_BREP_SHAPE_REPRESENTATION('',(#11,#1848),#3090);
#1848 = MANIFOLD_SOLID_BREP('',#1849);
#1849 = CLOSED_SHELL('',(#1850,#1888,#2015,#2042,#2071,#2098,#2129,#2165
    ,#2196,#2227,#2263,#2299,#2330,#2361,#2397,#2430,#2461,#2484,#2511,
    #2555,#2579,#2603,#2640,#2664,#2688,#2705,#2729,#2753,#2770,#2794,
    #2811,#2835,#2859,#2883,#2900,#2924,#2941,#2965,#2989,#3006,#3018,
    #3030,#3042,#3054,#3066,#3078));
#1850 = ADVANCED_FACE('',(#1851),#1883,.T.);
#1851 = FACE_BOUND('',#1852,.T.);
#1852 = EDGE_LOOP('',(#1853,#1863,#1870,#1878));
#1853 = ORIENTED_EDGE('',*,*,#1854,.T.);
#1854 = EDGE_CURVE('',#1855,#1857,#1859,.T.);
#1855 = VERTEX_POINT('',#1856);
#1856 = CARTESIAN_POINT('',(0.590909514447,0.790909514447,0.));
#1857 = VERTEX_POINT('',#1858);
#1858 = CARTESIAN_POINT('',(-0.590909514447,0.790909514447,0.));
#1859 = LINE('',#1860,#1861);
#1860 = CARTESIAN_POINT('',(0.590909514447,0.790909514447,0.));
#1861 = VECTOR('',#1862,1.);
#1862 = DIRECTION('',(-1.,-2.22044604925E-16,0.));
#1863 = ORIENTED_EDGE('',*,*,#1864,.T.);
#1864 = EDGE_CURVE('',#1857,#1865,#1867,.T.);
#1865 = VERTEX_POINT('',#1866);
#1866 = CARTESIAN_POINT('',(-0.6,0.8,0.13));
#1867 = B_SPLINE_CURVE_WITH_KNOTS('',1,(#1868,#1869),.UNSPECIFIED.,.F.,
  .F.,(2,2),(0.,1.),.PIECEWISE_BEZIER_KNOTS.);
#1868 = CARTESIAN_POINT('',(-0.590909514447,0.790909514447,0.));
#1869 = CARTESIAN_POINT('',(-0.6,0.8,0.13));
#1870 = ORIENTED_EDGE('',*,*,#1871,.F.);
#1871 = EDGE_CURVE('',#1872,#1865,#1874,.T.);
#1872 = VERTEX_POINT('',#1873);
#1873 = CARTESIAN_POINT('',(0.6,0.8,0.13));
#1874 = LINE('',#1875,#1876);
#1875 = CARTESIAN_POINT('',(0.6,0.8,0.13));
#1876 = VECTOR('',#1877,1.);
#1877 = DIRECTION('',(-1.,-2.22044604925E-16,0.));
#1878 = ORIENTED_EDGE('',*,*,#1879,.F.);
#1879 = EDGE_CURVE('',#1855,#1872,#1880,.T.);
#1880 = B_SPLINE_CURVE_WITH_KNOTS('',1,(#1881,#1882),.UNSPECIFIED.,.F.,
  .F.,(2,2),(0.,1.),.PIECEWISE_BEZIER_KNOTS.);
#1881 = CARTESIAN_POINT('',(0.590909514447,0.790909514447,0.));
#1882 = CARTESIAN_POINT('',(0.6,0.8,0.13));
#1883 = B_SPLINE_SURFACE_WITH_KNOTS('',1,1,(
    (#1884,#1885)
    ,(#1886,#1887
    )),.UNSPECIFIED.,.F.,.F.,.F.,(2,2),(2,2),(0.,1.2),(0.,1.),
  .PIECEWISE_BEZIER_KNOTS.);
#1884 = CARTESIAN_POINT('',(0.590909514447,0.790909514447,0.));
#1885 = CARTESIAN_POINT('',(0.6,0.8,0.13));
#1886 = CARTESIAN_POINT('',(-0.590909514447,0.790909514447,0.));
#1887 = CARTESIAN_POINT('',(-0.6,0.8,0.13));
#1888 = ADVANCED_FACE('',(#1889),#2010,.T.);
#1889 = FACE_BOUND('',#1890,.T.);
#1890 = EDGE_LOOP('',(#1891,#1899,#1900,#1908,#1916,#1924,#1932,#1940,
    #1948,#1956,#1964,#1972,#1980,#1988,#1996,#2004));
#1891 = ORIENTED_EDGE('',*,*,#1892,.F.);
#1892 = EDGE_CURVE('',#1857,#1893,#1895,.T.);
#1893 = VERTEX_POINT('',#1894);
#1894 = CARTESIAN_POINT('',(-0.590909514447,0.61,0.));
#1895 = LINE('',#1896,#1897);
#1896 = CARTESIAN_POINT('',(-0.590909514447,0.790909514447,0.));
#1897 = VECTOR('',#1898,1.);
#1898 = DIRECTION('',(2.22044604925E-16,-1.,0.));
#1899 = ORIENTED_EDGE('',*,*,#1854,.F.);
#1900 = ORIENTED_EDGE('',*,*,#1901,.F.);
#1901 = EDGE_CURVE('',#1902,#1855,#1904,.T.);
#1902 = VERTEX_POINT('',#1903);
#1903 = CARTESIAN_POINT('',(0.590909514447,0.61,0.));
#1904 = LINE('',#1905,#1906);
#1905 = CARTESIAN_POINT('',(0.590909514447,-0.790909514447,0.));
#1906 = VECTOR('',#1907,1.);
#1907 = DIRECTION('',(-2.22044604925E-16,1.,0.));
#1908 = ORIENTED_EDGE('',*,*,#1909,.F.);
#1909 = EDGE_CURVE('',#1910,#1902,#1912,.T.);
#1910 = VERTEX_POINT('',#1911);
#1911 = CARTESIAN_POINT('',(0.590909514447,0.39,0.));
#1912 = LINE('',#1913,#1914);
#1913 = CARTESIAN_POINT('',(0.590909514447,0.39,0.));
#1914 = VECTOR('',#1915,1.);
#1915 = DIRECTION('',(-1.110223024625E-16,1.,0.));
#1916 = ORIENTED_EDGE('',*,*,#1917,.F.);
#1917 = EDGE_CURVE('',#1918,#1910,#1920,.T.);
#1918 = VERTEX_POINT('',#1919);
#1919 = CARTESIAN_POINT('',(0.590909514447,0.11,0.));
#1920 = LINE('',#1921,#1922);
#1921 = CARTESIAN_POINT('',(0.590909514447,-0.790909514447,0.));
#1922 = VECTOR('',#1923,1.);
#1923 = DIRECTION('',(-2.22044604925E-16,1.,0.));
#1924 = ORIENTED_EDGE('',*,*,#1925,.F.);
#1925 = EDGE_CURVE('',#1926,#1918,#1928,.T.);
#1926 = VERTEX_POINT('',#1927);
#1927 = CARTESIAN_POINT('',(0.590909514447,-0.11,0.));
#1928 = LINE('',#1929,#1930);
#1929 = CARTESIAN_POINT('',(0.590909514447,-0.11,0.));
#1930 = VECTOR('',#1931,1.);
#1931 = DIRECTION('',(-1.110223024625E-16,1.,0.));
#1932 = ORIENTED_EDGE('',*,*,#1933,.F.);
#1933 = EDGE_CURVE('',#1934,#1926,#1936,.T.);
#1934 = VERTEX_POINT('',#1935);
#1935 = CARTESIAN_POINT('',(0.590909514447,-0.39,0.));
#1936 = LINE('',#1937,#1938);
#1937 = CARTESIAN_POINT('',(0.590909514447,-0.790909514447,0.));
#1938 = VECTOR('',#1939,1.);
#1939 = DIRECTION('',(-2.22044604925E-16,1.,0.));
#1940 = ORIENTED_EDGE('',*,*,#1941,.F.);
#1941 = EDGE_CURVE('',#1942,#1934,#1944,.T.);
#1942 = VERTEX_POINT('',#1943);
#1943 = CARTESIAN_POINT('',(0.590909514447,-0.61,0.));
#1944 = LINE('',#1945,#1946);
#1945 = CARTESIAN_POINT('',(0.590909514447,-0.61,0.));
#1946 = VECTOR('',#1947,1.);
#1947 = DIRECTION('',(-1.110223024625E-16,1.,0.));
#1948 = ORIENTED_EDGE('',*,*,#1949,.F.);
#1949 = EDGE_CURVE('',#1950,#1942,#1952,.T.);
#1950 = VERTEX_POINT('',#1951);
#1951 = CARTESIAN_POINT('',(0.590909514447,-0.790909514447,0.));
#1952 = LINE('',#1953,#1954);
#1953 = CARTESIAN_POINT('',(0.590909514447,-0.790909514447,0.));
#1954 = VECTOR('',#1955,1.);
#1955 = DIRECTION('',(-2.22044604925E-16,1.,0.));
#1956 = ORIENTED_EDGE('',*,*,#1957,.F.);
#1957 = EDGE_CURVE('',#1958,#1950,#1960,.T.);
#1958 = VERTEX_POINT('',#1959);
#1959 = CARTESIAN_POINT('',(-0.590909514447,-0.790909514447,0.));
#1960 = LINE('',#1961,#1962);
#1961 = CARTESIAN_POINT('',(-0.590909514447,-0.790909514447,0.));
#1962 = VECTOR('',#1963,1.);
#1963 = DIRECTION('',(1.,2.22044604925E-16,0.));
#1964 = ORIENTED_EDGE('',*,*,#1965,.F.);
#1965 = EDGE_CURVE('',#1966,#1958,#1968,.T.);
#1966 = VERTEX_POINT('',#1967);
#1967 = CARTESIAN_POINT('',(-0.590909514447,-0.61,0.));
#1968 = LINE('',#1969,#1970);
#1969 = CARTESIAN_POINT('',(-0.590909514447,0.790909514447,0.));
#1970 = VECTOR('',#1971,1.);
#1971 = DIRECTION('',(2.22044604925E-16,-1.,0.));
#1972 = ORIENTED_EDGE('',*,*,#1973,.F.);
#1973 = EDGE_CURVE('',#1974,#1966,#1976,.T.);
#1974 = VERTEX_POINT('',#1975);
#1975 = CARTESIAN_POINT('',(-0.590909514447,-0.39,0.));
#1976 = LINE('',#1977,#1978);
#1977 = CARTESIAN_POINT('',(-0.590909514447,-0.39,0.));
#1978 = VECTOR('',#1979,1.);
#1979 = DIRECTION('',(-1.144237745222E-17,-1.,0.));
#1980 = ORIENTED_EDGE('',*,*,#1981,.F.);
#1981 = EDGE_CURVE('',#1982,#1974,#1984,.T.);
#1982 = VERTEX_POINT('',#1983);
#1983 = CARTESIAN_POINT('',(-0.590909514447,-0.11,0.));
#1984 = LINE('',#1985,#1986);
#1985 = CARTESIAN_POINT('',(-0.590909514447,0.790909514447,0.));
#1986 = VECTOR('',#1987,1.);
#1987 = DIRECTION('',(2.22044604925E-16,-1.,0.));
#1988 = ORIENTED_EDGE('',*,*,#1989,.F.);
#1989 = EDGE_CURVE('',#1990,#1982,#1992,.T.);
#1990 = VERTEX_POINT('',#1991);
#1991 = CARTESIAN_POINT('',(-0.590909514447,0.11,0.));
#1992 = LINE('',#1993,#1994);
#1993 = CARTESIAN_POINT('',(-0.590909514447,0.11,0.));
#1994 = VECTOR('',#1995,1.);
#1995 = DIRECTION('',(-1.144237745222E-17,-1.,0.));
#1996 = ORIENTED_EDGE('',*,*,#1997,.F.);
#1997 = EDGE_CURVE('',#1998,#1990,#2000,.T.);
#1998 = VERTEX_POINT('',#1999);
#1999 = CARTESIAN_POINT('',(-0.590909514447,0.39,0.));
#2000 = LINE('',#2001,#2002);
#2001 = CARTESIAN_POINT('',(-0.590909514447,0.790909514447,0.));
#2002 = VECTOR('',#2003,1.);
#2003 = DIRECTION('',(2.22044604925E-16,-1.,0.));
#2004 = ORIENTED_EDGE('',*,*,#2005,.F.);
#2005 = EDGE_CURVE('',#1893,#1998,#2006,.T.);
#2006 = LINE('',#2007,#2008);
#2007 = CARTESIAN_POINT('',(-0.590909514447,0.61,0.));
#2008 = VECTOR('',#2009,1.);
#2009 = DIRECTION('',(-1.144237745222E-17,-1.,0.));
#2010 = PLANE('',#2011);
#2011 = AXIS2_PLACEMENT_3D('',#2012,#2013,#2014);
#2012 = CARTESIAN_POINT('',(-0.590909514447,0.790909514447,0.));
#2013 = DIRECTION('',(0.,0.,-1.));
#2014 = DIRECTION('',(0.59852575815,-0.801103561864,0.));
#2015 = ADVANCED_FACE('',(#2016),#2037,.T.);
#2016 = FACE_BOUND('',#2017,.T.);
#2017 = EDGE_LOOP('',(#2018,#2019,#2020,#2031));
#2018 = ORIENTED_EDGE('',*,*,#1864,.F.);
#2019 = ORIENTED_EDGE('',*,*,#1892,.T.);
#2020 = ORIENTED_EDGE('',*,*,#2021,.T.);
#2021 = EDGE_CURVE('',#1893,#2022,#2024,.T.);
#2022 = VERTEX_POINT('',#2023);
#2023 = CARTESIAN_POINT('',(-0.6,0.61,0.13));
#2024 = B_SPLINE_CURVE_WITH_KNOTS('',5,(#2025,#2026,#2027,#2028,#2029,
    #2030),.UNSPECIFIED.,.F.,.F.,(6,6),(0.,1.),
  .PIECEWISE_BEZIER_KNOTS.);
#2025 = CARTESIAN_POINT('',(-0.590909514447,0.61,0.));
#2026 = CARTESIAN_POINT('',(-0.592883488296,0.61,2.822914120861E-02));
#2027 = CARTESIAN_POINT('',(-0.594447291941,0.61,5.059257522843E-02));
#2028 = CARTESIAN_POINT('',(-0.596461879591,0.61,7.940252085492E-02));
#2029 = CARTESIAN_POINT('',(-0.598744830828,0.61,0.112050244575));
#2030 = CARTESIAN_POINT('',(-0.6,0.61,0.13));
#2031 = ORIENTED_EDGE('',*,*,#2032,.F.);
#2032 = EDGE_CURVE('',#1865,#2022,#2033,.T.);
#2033 = LINE('',#2034,#2035);
#2034 = CARTESIAN_POINT('',(-0.6,0.8,0.13));
#2035 = VECTOR('',#2036,1.);
#2036 = DIRECTION('',(2.22044604925E-16,-1.,0.));
#2037 = B_SPLINE_SURFACE_WITH_KNOTS('',1,1,(
    (#2038,#2039)
    ,(#2040,#2041
    )),.UNSPECIFIED.,.F.,.F.,.F.,(2,2),(2,2),(0.,1.6),(0.,1.),
  .PIECEWISE_BEZIER_KNOTS.);
#2038 = CARTESIAN_POINT('',(-0.590909514447,0.790909514447,0.));
#2039 = CARTESIAN_POINT('',(-0.6,0.8,0.13));
#2040 = CARTESIAN_POINT('',(-0.590909514447,-0.790909514447,0.));
#2041 = CARTESIAN_POINT('',(-0.6,-0.8,0.13));
#2042 = ADVANCED_FACE('',(#2043),#2066,.T.);
#2043 = FACE_BOUND('',#2044,.T.);
#2044 = EDGE_LOOP('',(#2045,#2046,#2053,#2061));
#2045 = ORIENTED_EDGE('',*,*,#1871,.T.);
#2046 = ORIENTED_EDGE('',*,*,#2047,.T.);
#2047 = EDGE_CURVE('',#1865,#2048,#2050,.T.);
#2048 = VERTEX_POINT('',#2049);
#2049 = CARTESIAN_POINT('',(-0.570630738984,0.770630738984,0.55));
#2050 = B_SPLINE_CURVE_WITH_KNOTS('',1,(#2051,#2052),.UNSPECIFIED.,.F.,
  .F.,(2,2),(0.,1.),.PIECEWISE_BEZIER_KNOTS.);
#2051 = CARTESIAN_POINT('',(-0.6,0.8,0.13));
#2052 = CARTESIAN_POINT('',(-0.570630738984,0.770630738984,0.55));
#2053 = ORIENTED_EDGE('',*,*,#2054,.F.);
#2054 = EDGE_CURVE('',#2055,#2048,#2057,.T.);
#2055 = VERTEX_POINT('',#2056);
#2056 = CARTESIAN_POINT('',(0.570630738984,0.770630738984,0.55));
#2057 = LINE('',#2058,#2059);
#2058 = CARTESIAN_POINT('',(0.570630738984,0.770630738984,0.55));
#2059 = VECTOR('',#2060,1.);
#2060 = DIRECTION('',(-1.,-2.22044604925E-16,0.));
#2061 = ORIENTED_EDGE('',*,*,#2062,.F.);
#2062 = EDGE_CURVE('',#1872,#2055,#2063,.T.);
#2063 = B_SPLINE_CURVE_WITH_KNOTS('',1,(#2064,#2065),.UNSPECIFIED.,.F.,
  .F.,(2,2),(0.,1.),.PIECEWISE_BEZIER_KNOTS.);
#2064 = CARTESIAN_POINT('',(0.6,0.8,0.13));
#2065 = CARTESIAN_POINT('',(0.570630738984,0.770630738984,0.55));
#2066 = B_SPLINE_SURFACE_WITH_KNOTS('',1,1,(
    (#2067,#2068)
    ,(#2069,#2070
    )),.UNSPECIFIED.,.F.,.F.,.F.,(2,2),(2,2),(0.,1.2),(0.,1.),
  .PIECEWISE_BEZIER_KNOTS.);
#2067 = CARTESIAN_POINT('',(0.6,0.8,0.13));
#2068 = CARTESIAN_POINT('',(0.570630738984,0.770630738984,0.55));
#2069 = CARTESIAN_POINT('',(-0.6,0.8,0.13));
#2070 = CARTESIAN_POINT('',(-0.570630738984,0.770630738984,0.55));
#2071 = ADVANCED_FACE('',(#2072),#2093,.T.);
#2072 = FACE_BOUND('',#2073,.T.);
#2073 = EDGE_LOOP('',(#2074,#2085,#2086,#2087));
#2074 = ORIENTED_EDGE('',*,*,#2075,.F.);
#2075 = EDGE_CURVE('',#1902,#2076,#2078,.T.);
#2076 = VERTEX_POINT('',#2077);
#2077 = CARTESIAN_POINT('',(0.6,0.61,0.13));
#2078 = B_SPLINE_CURVE_WITH_KNOTS('',5,(#2079,#2080,#2081,#2082,#2083,
    #2084),.UNSPECIFIED.,.F.,.F.,(6,6),(0.,1.),
  .PIECEWISE_BEZIER_KNOTS.);
#2079 = CARTESIAN_POINT('',(0.590909514447,0.61,0.));
#2080 = CARTESIAN_POINT('',(0.592883488296,0.61,2.822914120861E-02));
#2081 = CARTESIAN_POINT('',(0.594447291941,0.61,5.059257522843E-02));
#2082 = CARTESIAN_POINT('',(0.596461879591,0.61,7.940252085492E-02));
#2083 = CARTESIAN_POINT('',(0.598744830828,0.61,0.112050244575));
#2084 = CARTESIAN_POINT('',(0.6,0.61,0.13));
#2085 = ORIENTED_EDGE('',*,*,#1901,.T.);
#2086 = ORIENTED_EDGE('',*,*,#1879,.T.);
#2087 = ORIENTED_EDGE('',*,*,#2088,.F.);
#2088 = EDGE_CURVE('',#2076,#1872,#2089,.T.);
#2089 = LINE('',#2090,#2091);
#2090 = CARTESIAN_POINT('',(0.6,-0.8,0.13));
#2091 = VECTOR('',#2092,1.);
#2092 = DIRECTION('',(-2.22044604925E-16,1.,0.));
#2093 = B_SPLINE_SURFACE_WITH_KNOTS('',1,1,(
    (#2094,#2095)
    ,(#2096,#2097
    )),.UNSPECIFIED.,.F.,.F.,.F.,(2,2),(2,2),(0.,1.6),(0.,1.),
  .PIECEWISE_BEZIER_KNOTS.);
#2094 = CARTESIAN_POINT('',(0.590909514447,-0.790909514447,0.));
#2095 = CARTESIAN_POINT('',(0.6,-0.8,0.13));
#2096 = CARTESIAN_POINT('',(0.590909514447,0.790909514447,0.));
#2097 = CARTESIAN_POINT('',(0.6,0.8,0.13));
#2098 = ADVANCED_FACE('',(#2099),#2124,.F.);
#2099 = FACE_BOUND('',#2100,.F.);
#2100 = EDGE_LOOP('',(#2101,#2102,#2110,#2118));
#2101 = ORIENTED_EDGE('',*,*,#2005,.F.);
#2102 = ORIENTED_EDGE('',*,*,#2103,.T.);
#2103 = EDGE_CURVE('',#1893,#2104,#2106,.T.);
#2104 = VERTEX_POINT('',#2105);
#2105 = CARTESIAN_POINT('',(-0.8,0.61,0.));
#2106 = LINE('',#2107,#2108);
#2107 = CARTESIAN_POINT('',(-0.590909514447,0.61,0.));
#2108 = VECTOR('',#2109,1.);
#2109 = DIRECTION('',(-1.,1.144237745222E-17,0.));
#2110 = ORIENTED_EDGE('',*,*,#2111,.T.);
#2111 = EDGE_CURVE('',#2104,#2112,#2114,.T.);
#2112 = VERTEX_POINT('',#2113);
#2113 = CARTESIAN_POINT('',(-0.8,0.39,0.));
#2114 = LINE('',#2115,#2116);
#2115 = CARTESIAN_POINT('',(-0.8,0.61,0.));
#2116 = VECTOR('',#2117,1.);
#2117 = DIRECTION('',(-1.144237745222E-17,-1.,0.));
#2118 = ORIENTED_EDGE('',*,*,#2119,.F.);
#2119 = EDGE_CURVE('',#1998,#2112,#2120,.T.);
#2120 = LINE('',#2121,#2122);
#2121 = CARTESIAN_POINT('',(-0.590909514447,0.39,0.));
#2122 = VECTOR('',#2123,1.);
#2123 = DIRECTION('',(-1.,1.144237745222E-17,0.));
#2124 = PLANE('',#2125);
#2125 = AXIS2_PLACEMENT_3D('',#2126,#2127,#2128);
#2126 = CARTESIAN_POINT('',(-0.590909514447,0.61,0.));
#2127 = DIRECTION('',(0.,0.,1.));
#2128 = DIRECTION('',(-1.,1.144237745222E-17,0.));
#2129 = ADVANCED_FACE('',(#2130),#2160,.T.);
#2130 = FACE_BOUND('',#2131,.T.);
#2131 = EDGE_LOOP('',(#2132,#2143,#2144,#2154));
#2132 = ORIENTED_EDGE('',*,*,#2133,.F.);
#2133 = EDGE_CURVE('',#1998,#2134,#2136,.T.);
#2134 = VERTEX_POINT('',#2135);
#2135 = CARTESIAN_POINT('',(-0.6,0.39,0.13));
#2136 = B_SPLINE_CURVE_WITH_KNOTS('',5,(#2137,#2138,#2139,#2140,#2141,
    #2142),.UNSPECIFIED.,.F.,.F.,(6,6),(0.,1.),
  .PIECEWISE_BEZIER_KNOTS.);
#2137 = CARTESIAN_POINT('',(-0.590909514447,0.39,0.));
#2138 = CARTESIAN_POINT('',(-0.593032028298,0.39,3.0353362199E-02));
#2139 = CARTESIAN_POINT('',(-0.594408427174,0.39,5.003678316888E-02));
#2140 = CARTESIAN_POINT('',(-0.59655980306,0.39,8.080289170971E-02));
#2141 = CARTESIAN_POINT('',(-0.599196195111,0.39,0.118505054549));
#2142 = CARTESIAN_POINT('',(-0.6,0.39,0.13));
#2143 = ORIENTED_EDGE('',*,*,#1997,.T.);
#2144 = ORIENTED_EDGE('',*,*,#2145,.T.);
#2145 = EDGE_CURVE('',#1990,#2146,#2148,.T.);
#2146 = VERTEX_POINT('',#2147);
#2147 = CARTESIAN_POINT('',(-0.6,0.11,0.13));
#2148 = B_SPLINE_CURVE_WITH_KNOTS('',4,(#2149,#2150,#2151,#2152,#2153),
  .UNSPECIFIED.,.F.,.F.,(5,5),(0.,1.),.PIECEWISE_BEZIER_KNOTS.);
#2149 = CARTESIAN_POINT('',(-0.590909514447,0.11,0.));
#2150 = CARTESIAN_POINT('',(-0.593182135798,0.11,3.249999946972E-02));
#2151 = CARTESIAN_POINT('',(-0.595454757175,0.11,6.49999992997E-02));
#2152 = CARTESIAN_POINT('',(-0.597727378575,0.11,9.749999947975E-02));
#2153 = CARTESIAN_POINT('',(-0.6,0.11,0.13));
#2154 = ORIENTED_EDGE('',*,*,#2155,.F.);
#2155 = EDGE_CURVE('',#2134,#2146,#2156,.T.);
#2156 = LINE('',#2157,#2158);
#2157 = CARTESIAN_POINT('',(-0.6,0.8,0.13));
#2158 = VECTOR('',#2159,1.);
#2159 = DIRECTION('',(2.22044604925E-16,-1.,0.));
#2160 = B_SPLINE_SURFACE_WITH_KNOTS('',1,1,(
    (#2161,#2162)
    ,(#2163,#2164
    )),.UNSPECIFIED.,.F.,.F.,.F.,(2,2),(2,2),(0.,1.6),(0.,1.),
  .PIECEWISE_BEZIER_KNOTS.);
#2161 = CARTESIAN_POINT('',(-0.590909514447,0.790909514447,0.));
#2162 = CARTESIAN_POINT('',(-0.6,0.8,0.13));
#2163 = CARTESIAN_POINT('',(-0.590909514447,-0.790909514447,0.));
#2164 = CARTESIAN_POINT('',(-0.6,-0.8,0.13));
#2165 = ADVANCED_FACE('',(#2166),#2191,.F.);
#2166 = FACE_BOUND('',#2167,.F.);
#2167 = EDGE_LOOP('',(#2168,#2169,#2177,#2185));
#2168 = ORIENTED_EDGE('',*,*,#1909,.F.);
#2169 = ORIENTED_EDGE('',*,*,#2170,.T.);
#2170 = EDGE_CURVE('',#1910,#2171,#2173,.T.);
#2171 = VERTEX_POINT('',#2172);
#2172 = CARTESIAN_POINT('',(0.8,0.39,0.));
#2173 = LINE('',#2174,#2175);
#2174 = CARTESIAN_POINT('',(0.590909514447,0.39,0.));
#2175 = VECTOR('',#2176,1.);
#2176 = DIRECTION('',(1.,1.110223024625E-16,0.));
#2177 = ORIENTED_EDGE('',*,*,#2178,.T.);
#2178 = EDGE_CURVE('',#2171,#2179,#2181,.T.);
#2179 = VERTEX_POINT('',#2180);
#2180 = CARTESIAN_POINT('',(0.8,0.61,0.));
#2181 = LINE('',#2182,#2183);
#2182 = CARTESIAN_POINT('',(0.8,0.39,0.));
#2183 = VECTOR('',#2184,1.);
#2184 = DIRECTION('',(-1.110223024625E-16,1.,0.));
#2185 = ORIENTED_EDGE('',*,*,#2186,.F.);
#2186 = EDGE_CURVE('',#1902,#2179,#2187,.T.);
#2187 = LINE('',#2188,#2189);
#2188 = CARTESIAN_POINT('',(0.590909514447,0.61,0.));
#2189 = VECTOR('',#2190,1.);
#2190 = DIRECTION('',(1.,1.110223024625E-16,0.));
#2191 = PLANE('',#2192);
#2192 = AXIS2_PLACEMENT_3D('',#2193,#2194,#2195);
#2193 = CARTESIAN_POINT('',(0.590909514447,0.39,0.));
#2194 = DIRECTION('',(0.,0.,1.));
#2195 = DIRECTION('',(1.,1.110223024625E-16,-0.));
#2196 = ADVANCED_FACE('',(#2197),#2222,.F.);
#2197 = FACE_BOUND('',#2198,.F.);
#2198 = EDGE_LOOP('',(#2199,#2200,#2208,#2216));
#2199 = ORIENTED_EDGE('',*,*,#1989,.F.);
#2200 = ORIENTED_EDGE('',*,*,#2201,.T.);
#2201 = EDGE_CURVE('',#1990,#2202,#2204,.T.);
#2202 = VERTEX_POINT('',#2203);
#2203 = CARTESIAN_POINT('',(-0.8,0.11,0.));
#2204 = LINE('',#2205,#2206);
#2205 = CARTESIAN_POINT('',(-0.590909514447,0.11,0.));
#2206 = VECTOR('',#2207,1.);
#2207 = DIRECTION('',(-1.,1.144237745222E-17,0.));
#2208 = ORIENTED_EDGE('',*,*,#2209,.T.);
#2209 = EDGE_CURVE('',#2202,#2210,#2212,.T.);
#2210 = VERTEX_POINT('',#2211);
#2211 = CARTESIAN_POINT('',(-0.8,-0.11,0.));
#2212 = LINE('',#2213,#2214);
#2213 = CARTESIAN_POINT('',(-0.8,0.11,0.));
#2214 = VECTOR('',#2215,1.);
#2215 = DIRECTION('',(-1.144237745222E-17,-1.,0.));
#2216 = ORIENTED_EDGE('',*,*,#2217,.F.);
#2217 = EDGE_CURVE('',#1982,#2210,#2218,.T.);
#2218 = LINE('',#2219,#2220);
#2219 = CARTESIAN_POINT('',(-0.590909514447,-0.11,0.));
#2220 = VECTOR('',#2221,1.);
#2221 = DIRECTION('',(-1.,1.144237745222E-17,0.));
#2222 = PLANE('',#2223);
#2223 = AXIS2_PLACEMENT_3D('',#2224,#2225,#2226);
#2224 = CARTESIAN_POINT('',(-0.590909514447,0.11,0.));
#2225 = DIRECTION('',(0.,0.,1.));
#2226 = DIRECTION('',(-1.,1.144237745222E-17,0.));
#2227 = ADVANCED_FACE('',(#2228),#2258,.T.);
#2228 = FACE_BOUND('',#2229,.T.);
#2229 = EDGE_LOOP('',(#2230,#2240,#2241,#2252));
#2230 = ORIENTED_EDGE('',*,*,#2231,.F.);
#2231 = EDGE_CURVE('',#1918,#2232,#2234,.T.);
#2232 = VERTEX_POINT('',#2233);
#2233 = CARTESIAN_POINT('',(0.6,0.11,0.13));
#2234 = B_SPLINE_CURVE_WITH_KNOTS('',4,(#2235,#2236,#2237,#2238,#2239),
  .UNSPECIFIED.,.F.,.F.,(5,5),(0.,1.),.PIECEWISE_BEZIER_KNOTS.);
#2235 = CARTESIAN_POINT('',(0.590909514447,0.11,0.));
#2236 = CARTESIAN_POINT('',(0.593182135798,0.11,3.249999946972E-02));
#2237 = CARTESIAN_POINT('',(0.595454757175,0.11,6.49999992997E-02));
#2238 = CARTESIAN_POINT('',(0.597727378575,0.11,9.749999947975E-02));
#2239 = CARTESIAN_POINT('',(0.6,0.11,0.13));
#2240 = ORIENTED_EDGE('',*,*,#1917,.T.);
#2241 = ORIENTED_EDGE('',*,*,#2242,.T.);
#2242 = EDGE_CURVE('',#1910,#2243,#2245,.T.);
#2243 = VERTEX_POINT('',#2244);
#2244 = CARTESIAN_POINT('',(0.6,0.39,0.13));
#2245 = B_SPLINE_CURVE_WITH_KNOTS('',5,(#2246,#2247,#2248,#2249,#2250,
    #2251),.UNSPECIFIED.,.F.,.F.,(6,6),(0.,1.),
  .PIECEWISE_BEZIER_KNOTS.);
#2246 = CARTESIAN_POINT('',(0.590909514447,0.39,0.));
#2247 = CARTESIAN_POINT('',(0.593032028298,0.39,3.0353362199E-02));
#2248 = CARTESIAN_POINT('',(0.594408427174,0.39,5.003678316887E-02));
#2249 = CARTESIAN_POINT('',(0.59655980306,0.39,8.080289170971E-02));
#2250 = CARTESIAN_POINT('',(0.599196195111,0.39,0.118505054549));
#2251 = CARTESIAN_POINT('',(0.6,0.39,0.13));
#2252 = ORIENTED_EDGE('',*,*,#2253,.F.);
#2253 = EDGE_CURVE('',#2232,#2243,#2254,.T.);
#2254 = LINE('',#2255,#2256);
#2255 = CARTESIAN_POINT('',(0.6,-0.8,0.13));
#2256 = VECTOR('',#2257,1.);
#2257 = DIRECTION('',(-2.22044604925E-16,1.,0.));
#2258 = B_SPLINE_SURFACE_WITH_KNOTS('',1,1,(
    (#2259,#2260)
    ,(#2261,#2262
    )),.UNSPECIFIED.,.F.,.F.,.F.,(2,2),(2,2),(0.,1.6),(0.,1.),
  .PIECEWISE_BEZIER_KNOTS.);
#2259 = CARTESIAN_POINT('',(0.590909514447,-0.790909514447,0.));
#2260 = CARTESIAN_POINT('',(0.6,-0.8,0.13));
#2261 = CARTESIAN_POINT('',(0.590909514447,0.790909514447,0.));
#2262 = CARTESIAN_POINT('',(0.6,0.8,0.13));
#2263 = ADVANCED_FACE('',(#2264),#2294,.T.);
#2264 = FACE_BOUND('',#2265,.T.);
#2265 = EDGE_LOOP('',(#2266,#2276,#2277,#2288));
#2266 = ORIENTED_EDGE('',*,*,#2267,.F.);
#2267 = EDGE_CURVE('',#1982,#2268,#2270,.T.);
#2268 = VERTEX_POINT('',#2269);
#2269 = CARTESIAN_POINT('',(-0.6,-0.11,0.13));
#2270 = B_SPLINE_CURVE_WITH_KNOTS('',4,(#2271,#2272,#2273,#2274,#2275),
  .UNSPECIFIED.,.F.,.F.,(5,5),(0.,1.),.PIECEWISE_BEZIER_KNOTS.);
#2271 = CARTESIAN_POINT('',(-0.590909514447,-0.11,0.));
#2272 = CARTESIAN_POINT('',(-0.593182135798,-0.11,3.249999946972E-02));
#2273 = CARTESIAN_POINT('',(-0.595454757175,-0.11,6.49999992997E-02));
#2274 = CARTESIAN_POINT('',(-0.597727378575,-0.11,9.749999947975E-02));
#2275 = CARTESIAN_POINT('',(-0.6,-0.11,0.13));
#2276 = ORIENTED_EDGE('',*,*,#1981,.T.);
#2277 = ORIENTED_EDGE('',*,*,#2278,.T.);
#2278 = EDGE_CURVE('',#1974,#2279,#2281,.T.);
#2279 = VERTEX_POINT('',#2280);
#2280 = CARTESIAN_POINT('',(-0.6,-0.39,0.13));
#2281 = B_SPLINE_CURVE_WITH_KNOTS('',5,(#2282,#2283,#2284,#2285,#2286,
    #2287),.UNSPECIFIED.,.F.,.F.,(6,6),(0.,1.),
  .PIECEWISE_BEZIER_KNOTS.);
#2282 = CARTESIAN_POINT('',(-0.590909514447,-0.39,0.));
#2283 = CARTESIAN_POINT('',(-0.593032028298,-0.39,3.0353362199E-02));
#2284 = CARTESIAN_POINT('',(-0.594408427174,-0.39,5.003678316887E-02));
#2285 = CARTESIAN_POINT('',(-0.59655980306,-0.39,8.080289170971E-02));
#2286 = CARTESIAN_POINT('',(-0.599196195111,-0.39,0.118505054549));
#2287 = CARTESIAN_POINT('',(-0.6,-0.39,0.13));
#2288 = ORIENTED_EDGE('',*,*,#2289,.F.);
#2289 = EDGE_CURVE('',#2268,#2279,#2290,.T.);
#2290 = LINE('',#2291,#2292);
#2291 = CARTESIAN_POINT('',(-0.6,0.8,0.13));
#2292 = VECTOR('',#2293,1.);
#2293 = DIRECTION('',(2.22044604925E-16,-1.,0.));
#2294 = B_SPLINE_SURFACE_WITH_KNOTS('',1,1,(
    (#2295,#2296)
    ,(#2297,#2298
    )),.UNSPECIFIED.,.F.,.F.,.F.,(2,2),(2,2),(0.,1.6),(0.,1.),
  .PIECEWISE_BEZIER_KNOTS.);
#2295 = CARTESIAN_POINT('',(-0.590909514447,0.790909514447,0.));
#2296 = CARTESIAN_POINT('',(-0.6,0.8,0.13));
#2297 = CARTESIAN_POINT('',(-0.590909514447,-0.790909514447,0.));
#2298 = CARTESIAN_POINT('',(-0.6,-0.8,0.13));
#2299 = ADVANCED_FACE('',(#2300),#2325,.F.);
#2300 = FACE_BOUND('',#2301,.F.);
#2301 = EDGE_LOOP('',(#2302,#2303,#2311,#2319));
#2302 = ORIENTED_EDGE('',*,*,#1925,.F.);
#2303 = ORIENTED_EDGE('',*,*,#2304,.T.);
#2304 = EDGE_CURVE('',#1926,#2305,#2307,.T.);
#2305 = VERTEX_POINT('',#2306);
#2306 = CARTESIAN_POINT('',(0.8,-0.11,0.));
#2307 = LINE('',#2308,#2309);
#2308 = CARTESIAN_POINT('',(0.590909514447,-0.11,0.));
#2309 = VECTOR('',#2310,1.);
#2310 = DIRECTION('',(1.,1.110223024625E-16,0.));
#2311 = ORIENTED_EDGE('',*,*,#2312,.T.);
#2312 = EDGE_CURVE('',#2305,#2313,#2315,.T.);
#2313 = VERTEX_POINT('',#2314);
#2314 = CARTESIAN_POINT('',(0.8,0.11,0.));
#2315 = LINE('',#2316,#2317);
#2316 = CARTESIAN_POINT('',(0.8,-0.11,0.));
#2317 = VECTOR('',#2318,1.);
#2318 = DIRECTION('',(-1.110223024625E-16,1.,0.));
#2319 = ORIENTED_EDGE('',*,*,#2320,.F.);
#2320 = EDGE_CURVE('',#1918,#2313,#2321,.T.);
#2321 = LINE('',#2322,#2323);
#2322 = CARTESIAN_POINT('',(0.590909514447,0.11,0.));
#2323 = VECTOR('',#2324,1.);
#2324 = DIRECTION('',(1.,1.110223024625E-16,0.));
#2325 = PLANE('',#2326);
#2326 = AXIS2_PLACEMENT_3D('',#2327,#2328,#2329);
#2327 = CARTESIAN_POINT('',(0.590909514447,-0.11,0.));
#2328 = DIRECTION('',(0.,0.,1.));
#2329 = DIRECTION('',(1.,1.110223024625E-16,-0.));
#2330 = ADVANCED_FACE('',(#2331),#2356,.F.);
#2331 = FACE_BOUND('',#2332,.F.);
#2332 = EDGE_LOOP('',(#2333,#2334,#2342,#2350));
#2333 = ORIENTED_EDGE('',*,*,#1973,.F.);
#2334 = ORIENTED_EDGE('',*,*,#2335,.T.);
#2335 = EDGE_CURVE('',#1974,#2336,#2338,.T.);
#2336 = VERTEX_POINT('',#2337);
#2337 = CARTESIAN_POINT('',(-0.8,-0.39,0.));
#2338 = LINE('',#2339,#2340);
#2339 = CARTESIAN_POINT('',(-0.590909514447,-0.39,0.));
#2340 = VECTOR('',#2341,1.);
#2341 = DIRECTION('',(-1.,1.144237745222E-17,0.));
#2342 = ORIENTED_EDGE('',*,*,#2343,.T.);
#2343 = EDGE_CURVE('',#2336,#2344,#2346,.T.);
#2344 = VERTEX_POINT('',#2345);
#2345 = CARTESIAN_POINT('',(-0.8,-0.61,0.));
#2346 = LINE('',#2347,#2348);
#2347 = CARTESIAN_POINT('',(-0.8,-0.39,0.));
#2348 = VECTOR('',#2349,1.);
#2349 = DIRECTION('',(-1.144237745222E-17,-1.,0.));
#2350 = ORIENTED_EDGE('',*,*,#2351,.F.);
#2351 = EDGE_CURVE('',#1966,#2344,#2352,.T.);
#2352 = LINE('',#2353,#2354);
#2353 = CARTESIAN_POINT('',(-0.590909514447,-0.61,0.));
#2354 = VECTOR('',#2355,1.);
#2355 = DIRECTION('',(-1.,1.144237745222E-17,0.));
#2356 = PLANE('',#2357);
#2357 = AXIS2_PLACEMENT_3D('',#2358,#2359,#2360);
#2358 = CARTESIAN_POINT('',(-0.590909514447,-0.39,0.));
#2359 = DIRECTION('',(0.,0.,1.));
#2360 = DIRECTION('',(-1.,1.144237745222E-17,0.));
#2361 = ADVANCED_FACE('',(#2362),#2392,.T.);
#2362 = FACE_BOUND('',#2363,.T.);
#2363 = EDGE_LOOP('',(#2364,#2375,#2376,#2386));
#2364 = ORIENTED_EDGE('',*,*,#2365,.F.);
#2365 = EDGE_CURVE('',#1934,#2366,#2368,.T.);
#2366 = VERTEX_POINT('',#2367);
#2367 = CARTESIAN_POINT('',(0.6,-0.39,0.13));
#2368 = B_SPLINE_CURVE_WITH_KNOTS('',5,(#2369,#2370,#2371,#2372,#2373,
    #2374),.UNSPECIFIED.,.F.,.F.,(6,6),(0.,1.),
  .PIECEWISE_BEZIER_KNOTS.);
#2369 = CARTESIAN_POINT('',(0.590909514447,-0.39,0.));
#2370 = CARTESIAN_POINT('',(0.593032028298,-0.39,3.0353362199E-02));
#2371 = CARTESIAN_POINT('',(0.594408427174,-0.39,5.003678316887E-02));
#2372 = CARTESIAN_POINT('',(0.59655980306,-0.39,8.080289170971E-02));
#2373 = CARTESIAN_POINT('',(0.599196195111,-0.39,0.118505054549));
#2374 = CARTESIAN_POINT('',(0.6,-0.39,0.13));
#2375 = ORIENTED_EDGE('',*,*,#1933,.T.);
#2376 = ORIENTED_EDGE('',*,*,#2377,.T.);
#2377 = EDGE_CURVE('',#1926,#2378,#2380,.T.);
#2378 = VERTEX_POINT('',#2379);
#2379 = CARTESIAN_POINT('',(0.6,-0.11,0.13));
#2380 = B_SPLINE_CURVE_WITH_KNOTS('',4,(#2381,#2382,#2383,#2384,#2385),
  .UNSPECIFIED.,.F.,.F.,(5,5),(0.,1.),.PIECEWISE_BEZIER_KNOTS.);
#2381 = CARTESIAN_POINT('',(0.590909514447,-0.11,0.));
#2382 = CARTESIAN_POINT('',(0.593182135798,-0.11,3.249999946972E-02));
#2383 = CARTESIAN_POINT('',(0.595454757175,-0.11,6.49999992997E-02));
#2384 = CARTESIAN_POINT('',(0.597727378575,-0.11,9.749999947975E-02));
#2385 = CARTESIAN_POINT('',(0.6,-0.11,0.13));
#2386 = ORIENTED_EDGE('',*,*,#2387,.F.);
#2387 = EDGE_CURVE('',#2366,#2378,#2388,.T.);
#2388 = LINE('',#2389,#2390);
#2389 = CARTESIAN_POINT('',(0.6,-0.8,0.13));
#2390 = VECTOR('',#2391,1.);
#2391 = DIRECTION('',(-2.22044604925E-16,1.,0.));
#2392 = B_SPLINE_SURFACE_WITH_KNOTS('',1,1,(
    (#2393,#2394)
    ,(#2395,#2396
    )),.UNSPECIFIED.,.F.,.F.,.F.,(2,2),(2,2),(0.,1.6),(0.,1.),
  .PIECEWISE_BEZIER_KNOTS.);
#2393 = CARTESIAN_POINT('',(0.590909514447,-0.790909514447,0.));
#2394 = CARTESIAN_POINT('',(0.6,-0.8,0.13));
#2395 = CARTESIAN_POINT('',(0.590909514447,0.790909514447,0.));
#2396 = CARTESIAN_POINT('',(0.6,0.8,0.13));
#2397 = ADVANCED_FACE('',(#2398),#2425,.T.);
#2398 = FACE_BOUND('',#2399,.T.);
#2399 = EDGE_LOOP('',(#2400,#2411,#2412,#2419));
#2400 = ORIENTED_EDGE('',*,*,#2401,.F.);
#2401 = EDGE_CURVE('',#1966,#2402,#2404,.T.);
#2402 = VERTEX_POINT('',#2403);
#2403 = CARTESIAN_POINT('',(-0.6,-0.61,0.13));
#2404 = B_SPLINE_CURVE_WITH_KNOTS('',5,(#2405,#2406,#2407,#2408,#2409,
    #2410),.UNSPECIFIED.,.F.,.F.,(6,6),(0.,1.),
  .PIECEWISE_BEZIER_KNOTS.);
#2405 = CARTESIAN_POINT('',(-0.590909514447,-0.61,0.));
#2406 = CARTESIAN_POINT('',(-0.592883488296,-0.61,2.822914120861E-02));
#2407 = CARTESIAN_POINT('',(-0.594447291941,-0.61,5.059257522843E-02));
#2408 = CARTESIAN_POINT('',(-0.596461879591,-0.61,7.940252085492E-02));
#2409 = CARTESIAN_POINT('',(-0.598744830828,-0.61,0.112050244575));
#2410 = CARTESIAN_POINT('',(-0.6,-0.61,0.13));
#2411 = ORIENTED_EDGE('',*,*,#1965,.T.);
#2412 = ORIENTED_EDGE('',*,*,#2413,.T.);
#2413 = EDGE_CURVE('',#1958,#2414,#2416,.T.);
#2414 = VERTEX_POINT('',#2415);
#2415 = CARTESIAN_POINT('',(-0.6,-0.8,0.13));
#2416 = B_SPLINE_CURVE_WITH_KNOTS('',1,(#2417,#2418),.UNSPECIFIED.,.F.,
  .F.,(2,2),(0.,1.),.PIECEWISE_BEZIER_KNOTS.);
#2417 = CARTESIAN_POINT('',(-0.590909514447,-0.790909514447,0.));
#2418 = CARTESIAN_POINT('',(-0.6,-0.8,0.13));
#2419 = ORIENTED_EDGE('',*,*,#2420,.F.);
#2420 = EDGE_CURVE('',#2402,#2414,#2421,.T.);
#2421 = LINE('',#2422,#2423);
#2422 = CARTESIAN_POINT('',(-0.6,0.8,0.13));
#2423 = VECTOR('',#2424,1.);
#2424 = DIRECTION('',(2.22044604925E-16,-1.,0.));
#2425 = B_SPLINE_SURFACE_WITH_KNOTS('',1,1,(
    (#2426,#2427)
    ,(#2428,#2429
    )),.UNSPECIFIED.,.F.,.F.,.F.,(2,2),(2,2),(0.,1.6),(0.,1.),
  .PIECEWISE_BEZIER_KNOTS.);
#2426 = CARTESIAN_POINT('',(-0.590909514447,0.790909514447,0.));
#2427 = CARTESIAN_POINT('',(-0.6,0.8,0.13));
#2428 = CARTESIAN_POINT('',(-0.590909514447,-0.790909514447,0.));
#2429 = CARTESIAN_POINT('',(-0.6,-0.8,0.13));
#2430 = ADVANCED_FACE('',(#2431),#2456,.F.);
#2431 = FACE_BOUND('',#2432,.F.);
#2432 = EDGE_LOOP('',(#2433,#2434,#2442,#2450));
#2433 = ORIENTED_EDGE('',*,*,#1941,.F.);
#2434 = ORIENTED_EDGE('',*,*,#2435,.T.);
#2435 = EDGE_CURVE('',#1942,#2436,#2438,.T.);
#2436 = VERTEX_POINT('',#2437);
#2437 = CARTESIAN_POINT('',(0.8,-0.61,0.));
#2438 = LINE('',#2439,#2440);
#2439 = CARTESIAN_POINT('',(0.590909514447,-0.61,0.));
#2440 = VECTOR('',#2441,1.);
#2441 = DIRECTION('',(1.,1.110223024625E-16,0.));
#2442 = ORIENTED_EDGE('',*,*,#2443,.T.);
#2443 = EDGE_CURVE('',#2436,#2444,#2446,.T.);
#2444 = VERTEX_POINT('',#2445);
#2445 = CARTESIAN_POINT('',(0.8,-0.39,0.));
#2446 = LINE('',#2447,#2448);
#2447 = CARTESIAN_POINT('',(0.8,-0.61,0.));
#2448 = VECTOR('',#2449,1.);
#2449 = DIRECTION('',(-1.110223024625E-16,1.,0.));
#2450 = ORIENTED_EDGE('',*,*,#2451,.F.);
#2451 = EDGE_CURVE('',#1934,#2444,#2452,.T.);
#2452 = LINE('',#2453,#2454);
#2453 = CARTESIAN_POINT('',(0.590909514447,-0.39,0.));
#2454 = VECTOR('',#2455,1.);
#2455 = DIRECTION('',(1.,1.110223024625E-16,0.));
#2456 = PLANE('',#2457);
#2457 = AXIS2_PLACEMENT_3D('',#2458,#2459,#2460);
#2458 = CARTESIAN_POINT('',(0.590909514447,-0.61,0.));
#2459 = DIRECTION('',(0.,0.,1.));
#2460 = DIRECTION('',(1.,1.110223024625E-16,-0.));
#2461 = ADVANCED_FACE('',(#2462),#2479,.T.);
#2462 = FACE_BOUND('',#2463,.T.);
#2463 = EDGE_LOOP('',(#2464,#2465,#2472,#2478));
#2464 = ORIENTED_EDGE('',*,*,#1957,.T.);
#2465 = ORIENTED_EDGE('',*,*,#2466,.T.);
#2466 = EDGE_CURVE('',#1950,#2467,#2469,.T.);
#2467 = VERTEX_POINT('',#2468);
#2468 = CARTESIAN_POINT('',(0.6,-0.8,0.13));
#2469 = B_SPLINE_CURVE_WITH_KNOTS('',1,(#2470,#2471),.UNSPECIFIED.,.F.,
  .F.,(2,2),(0.,1.),.PIECEWISE_BEZIER_KNOTS.);
#2470 = CARTESIAN_POINT('',(0.590909514447,-0.790909514447,0.));
#2471 = CARTESIAN_POINT('',(0.6,-0.8,0.13));
#2472 = ORIENTED_EDGE('',*,*,#2473,.F.);
#2473 = EDGE_CURVE('',#2414,#2467,#2474,.T.);
#2474 = LINE('',#2475,#2476);
#2475 = CARTESIAN_POINT('',(-0.6,-0.8,0.13));
#2476 = VECTOR('',#2477,1.);
#2477 = DIRECTION('',(1.,2.22044604925E-16,0.));
#2478 = ORIENTED_EDGE('',*,*,#2413,.F.);
#2479 = B_SPLINE_SURFACE_WITH_KNOTS('',1,1,(
    (#2480,#2481)
    ,(#2482,#2483
    )),.UNSPECIFIED.,.F.,.F.,.F.,(2,2),(2,2),(0.,1.2),(0.,1.),
  .PIECEWISE_BEZIER_KNOTS.);
#2480 = CARTESIAN_POINT('',(-0.590909514447,-0.790909514447,0.));
#2481 = CARTESIAN_POINT('',(-0.6,-0.8,0.13));
#2482 = CARTESIAN_POINT('',(0.590909514447,-0.790909514447,0.));
#2483 = CARTESIAN_POINT('',(0.6,-0.8,0.13));
#2484 = ADVANCED_FACE('',(#2485),#2506,.T.);
#2485 = FACE_BOUND('',#2486,.T.);
#2486 = EDGE_LOOP('',(#2487,#2488,#2489,#2500));
#2487 = ORIENTED_EDGE('',*,*,#2466,.F.);
#2488 = ORIENTED_EDGE('',*,*,#1949,.T.);
#2489 = ORIENTED_EDGE('',*,*,#2490,.T.);
#2490 = EDGE_CURVE('',#1942,#2491,#2493,.T.);
#2491 = VERTEX_POINT('',#2492);
#2492 = CARTESIAN_POINT('',(0.6,-0.61,0.13));
#2493 = B_SPLINE_CURVE_WITH_KNOTS('',5,(#2494,#2495,#2496,#2497,#2498,
    #2499),.UNSPECIFIED.,.F.,.F.,(6,6),(0.,1.),
  .PIECEWISE_BEZIER_KNOTS.);
#2494 = CARTESIAN_POINT('',(0.590909514447,-0.61,0.));
#2495 = CARTESIAN_POINT('',(0.592883488296,-0.61,2.822914120861E-02));
#2496 = CARTESIAN_POINT('',(0.594447291941,-0.61,5.059257522843E-02));
#2497 = CARTESIAN_POINT('',(0.596461879591,-0.61,7.940252085492E-02));
#2498 = CARTESIAN_POINT('',(0.598744830828,-0.61,0.112050244575));
#2499 = CARTESIAN_POINT('',(0.6,-0.61,0.13));
#2500 = ORIENTED_EDGE('',*,*,#2501,.F.);
#2501 = EDGE_CURVE('',#2467,#2491,#2502,.T.);
#2502 = LINE('',#2503,#2504);
#2503 = CARTESIAN_POINT('',(0.6,-0.8,0.13));
#2504 = VECTOR('',#2505,1.);
#2505 = DIRECTION('',(-2.22044604925E-16,1.,0.));
#2506 = B_SPLINE_SURFACE_WITH_KNOTS('',1,1,(
    (#2507,#2508)
    ,(#2509,#2510
    )),.UNSPECIFIED.,.F.,.F.,.F.,(2,2),(2,2),(0.,1.6),(0.,1.),
  .PIECEWISE_BEZIER_KNOTS.);
#2507 = CARTESIAN_POINT('',(0.590909514447,-0.790909514447,0.));
#2508 = CARTESIAN_POINT('',(0.6,-0.8,0.13));
#2509 = CARTESIAN_POINT('',(0.590909514447,0.790909514447,0.));
#2510 = CARTESIAN_POINT('',(0.6,0.8,0.13));
#2511 = ADVANCED_FACE('',(#2512),#2550,.T.);
#2512 = FACE_BOUND('',#2513,.T.);
#2513 = EDGE_LOOP('',(#2514,#2515,#2521,#2522,#2528,#2529,#2535,#2536,
    #2543,#2549));
#2514 = ORIENTED_EDGE('',*,*,#2032,.T.);
#2515 = ORIENTED_EDGE('',*,*,#2516,.T.);
#2516 = EDGE_CURVE('',#2022,#2134,#2517,.T.);
#2517 = LINE('',#2518,#2519);
#2518 = CARTESIAN_POINT('',(-0.6,0.8,0.13));
#2519 = VECTOR('',#2520,1.);
#2520 = DIRECTION('',(2.22044604925E-16,-1.,0.));
#2521 = ORIENTED_EDGE('',*,*,#2155,.T.);
#2522 = ORIENTED_EDGE('',*,*,#2523,.T.);
#2523 = EDGE_CURVE('',#2146,#2268,#2524,.T.);
#2524 = LINE('',#2525,#2526);
#2525 = CARTESIAN_POINT('',(-0.6,0.8,0.13));
#2526 = VECTOR('',#2527,1.);
#2527 = DIRECTION('',(2.22044604925E-16,-1.,0.));
#2528 = ORIENTED_EDGE('',*,*,#2289,.T.);
#2529 = ORIENTED_EDGE('',*,*,#2530,.T.);
#2530 = EDGE_CURVE('',#2279,#2402,#2531,.T.);
#2531 = LINE('',#2532,#2533);
#2532 = CARTESIAN_POINT('',(-0.6,0.8,0.13));
#2533 = VECTOR('',#2534,1.);
#2534 = DIRECTION('',(2.22044604925E-16,-1.,0.));
#2535 = ORIENTED_EDGE('',*,*,#2420,.T.);
#2536 = ORIENTED_EDGE('',*,*,#2537,.T.);
#2537 = EDGE_CURVE('',#2414,#2538,#2540,.T.);
#2538 = VERTEX_POINT('',#2539);
#2539 = CARTESIAN_POINT('',(-0.570630738984,-0.770630738984,0.55));
#2540 = B_SPLINE_CURVE_WITH_KNOTS('',1,(#2541,#2542),.UNSPECIFIED.,.F.,
  .F.,(2,2),(0.,1.),.PIECEWISE_BEZIER_KNOTS.);
#2541 = CARTESIAN_POINT('',(-0.6,-0.8,0.13));
#2542 = CARTESIAN_POINT('',(-0.570630738984,-0.770630738984,0.55));
#2543 = ORIENTED_EDGE('',*,*,#2544,.F.);
#2544 = EDGE_CURVE('',#2048,#2538,#2545,.T.);
#2545 = LINE('',#2546,#2547);
#2546 = CARTESIAN_POINT('',(-0.570630738984,0.770630738984,0.55));
#2547 = VECTOR('',#2548,1.);
#2548 = DIRECTION('',(2.22044604925E-16,-1.,0.));
#2549 = ORIENTED_EDGE('',*,*,#2047,.F.);
#2550 = B_SPLINE_SURFACE_WITH_KNOTS('',1,1,(
    (#2551,#2552)
    ,(#2553,#2554
    )),.UNSPECIFIED.,.F.,.F.,.F.,(2,2),(2,2),(0.,1.6),(0.,1.),
  .PIECEWISE_BEZIER_KNOTS.);
#2551 = CARTESIAN_POINT('',(-0.6,0.8,0.13));
#2552 = CARTESIAN_POINT('',(-0.570630738984,0.770630738984,0.55));
#2553 = CARTESIAN_POINT('',(-0.6,-0.8,0.13));
#2554 = CARTESIAN_POINT('',(-0.570630738984,-0.770630738984,0.55));
#2555 = ADVANCED_FACE('',(#2556),#2574,.F.);
#2556 = FACE_BOUND('',#2557,.F.);
#2557 = EDGE_LOOP('',(#2558,#2559,#2560,#2568));
#2558 = ORIENTED_EDGE('',*,*,#2103,.F.);
#2559 = ORIENTED_EDGE('',*,*,#2021,.T.);
#2560 = ORIENTED_EDGE('',*,*,#2561,.T.);
#2561 = EDGE_CURVE('',#2022,#2562,#2564,.T.);
#2562 = VERTEX_POINT('',#2563);
#2563 = CARTESIAN_POINT('',(-0.8,0.61,0.13));
#2564 = LINE('',#2565,#2566);
#2565 = CARTESIAN_POINT('',(-0.590909514447,0.61,0.13));
#2566 = VECTOR('',#2567,1.);
#2567 = DIRECTION('',(-1.,1.144237745222E-17,0.));
#2568 = ORIENTED_EDGE('',*,*,#2569,.F.);
#2569 = EDGE_CURVE('',#2104,#2562,#2570,.T.);
#2570 = LINE('',#2571,#2572);
#2571 = CARTESIAN_POINT('',(-0.8,0.61,0.));
#2572 = VECTOR('',#2573,1.);
#2573 = DIRECTION('',(0.,0.,1.));
#2574 = PLANE('',#2575);
#2575 = AXIS2_PLACEMENT_3D('',#2576,#2577,#2578);
#2576 = CARTESIAN_POINT('',(-0.590909514447,0.61,0.));
#2577 = DIRECTION('',(-1.144237745222E-17,-1.,0.));
#2578 = DIRECTION('',(0.,0.,1.));
#2579 = ADVANCED_FACE('',(#2580),#2598,.F.);
#2580 = FACE_BOUND('',#2581,.T.);
#2581 = EDGE_LOOP('',(#2582,#2583,#2591,#2597));
#2582 = ORIENTED_EDGE('',*,*,#2544,.T.);
#2583 = ORIENTED_EDGE('',*,*,#2584,.T.);
#2584 = EDGE_CURVE('',#2538,#2585,#2587,.T.);
#2585 = VERTEX_POINT('',#2586);
#2586 = CARTESIAN_POINT('',(0.570630738984,-0.770630738984,0.55));
#2587 = LINE('',#2588,#2589);
#2588 = CARTESIAN_POINT('',(-0.570630738984,-0.770630738984,0.55));
#2589 = VECTOR('',#2590,1.);
#2590 = DIRECTION('',(1.,2.22044604925E-16,0.));
#2591 = ORIENTED_EDGE('',*,*,#2592,.T.);
#2592 = EDGE_CURVE('',#2585,#2055,#2593,.T.);
#2593 = LINE('',#2594,#2595);
#2594 = CARTESIAN_POINT('',(0.570630738984,-0.770630738984,0.55));
#2595 = VECTOR('',#2596,1.);
#2596 = DIRECTION('',(-2.22044604925E-16,1.,0.));
#2597 = ORIENTED_EDGE('',*,*,#2054,.T.);
#2598 = PLANE('',#2599);
#2599 = AXIS2_PLACEMENT_3D('',#2600,#2601,#2602);
#2600 = CARTESIAN_POINT('',(-0.570630738984,0.770630738984,0.55));
#2601 = DIRECTION('',(0.,0.,-1.));
#2602 = DIRECTION('',(0.595088256227,-0.803660355686,0.));
#2603 = ADVANCED_FACE('',(#2604),#2635,.T.);
#2604 = FACE_BOUND('',#2605,.T.);
#2605 = EDGE_LOOP('',(#2606,#2607,#2613,#2614,#2620,#2621,#2627,#2628,
    #2629,#2630));
#2606 = ORIENTED_EDGE('',*,*,#2501,.T.);
#2607 = ORIENTED_EDGE('',*,*,#2608,.T.);
#2608 = EDGE_CURVE('',#2491,#2366,#2609,.T.);
#2609 = LINE('',#2610,#2611);
#2610 = CARTESIAN_POINT('',(0.6,-0.8,0.13));
#2611 = VECTOR('',#2612,1.);
#2612 = DIRECTION('',(-2.22044604925E-16,1.,0.));
#2613 = ORIENTED_EDGE('',*,*,#2387,.T.);
#2614 = ORIENTED_EDGE('',*,*,#2615,.T.);
#2615 = EDGE_CURVE('',#2378,#2232,#2616,.T.);
#2616 = LINE('',#2617,#2618);
#2617 = CARTESIAN_POINT('',(0.6,-0.8,0.13));
#2618 = VECTOR('',#2619,1.);
#2619 = DIRECTION('',(-2.22044604925E-16,1.,0.));
#2620 = ORIENTED_EDGE('',*,*,#2253,.T.);
#2621 = ORIENTED_EDGE('',*,*,#2622,.T.);
#2622 = EDGE_CURVE('',#2243,#2076,#2623,.T.);
#2623 = LINE('',#2624,#2625);
#2624 = CARTESIAN_POINT('',(0.6,-0.8,0.13));
#2625 = VECTOR('',#2626,1.);
#2626 = DIRECTION('',(-2.22044604925E-16,1.,0.));
#2627 = ORIENTED_EDGE('',*,*,#2088,.T.);
#2628 = ORIENTED_EDGE('',*,*,#2062,.T.);
#2629 = ORIENTED_EDGE('',*,*,#2592,.F.);
#2630 = ORIENTED_EDGE('',*,*,#2631,.F.);
#2631 = EDGE_CURVE('',#2467,#2585,#2632,.T.);
#2632 = B_SPLINE_CURVE_WITH_KNOTS('',1,(#2633,#2634),.UNSPECIFIED.,.F.,
  .F.,(2,2),(0.,1.),.PIECEWISE_BEZIER_KNOTS.);
#2633 = CARTESIAN_POINT('',(0.6,-0.8,0.13));
#2634 = CARTESIAN_POINT('',(0.570630738984,-0.770630738984,0.55));
#2635 = B_SPLINE_SURFACE_WITH_KNOTS('',1,1,(
    (#2636,#2637)
    ,(#2638,#2639
    )),.UNSPECIFIED.,.F.,.F.,.F.,(2,2),(2,2),(0.,1.6),(0.,1.),
  .PIECEWISE_BEZIER_KNOTS.);
#2636 = CARTESIAN_POINT('',(0.6,-0.8,0.13));
#2637 = CARTESIAN_POINT('',(0.570630738984,-0.770630738984,0.55));
#2638 = CARTESIAN_POINT('',(0.6,0.8,0.13));
#2639 = CARTESIAN_POINT('',(0.570630738984,0.770630738984,0.55));
#2640 = ADVANCED_FACE('',(#2641),#2659,.T.);
#2641 = FACE_BOUND('',#2642,.T.);
#2642 = EDGE_LOOP('',(#2643,#2644,#2645,#2653));
#2643 = ORIENTED_EDGE('',*,*,#2186,.F.);
#2644 = ORIENTED_EDGE('',*,*,#2075,.T.);
#2645 = ORIENTED_EDGE('',*,*,#2646,.T.);
#2646 = EDGE_CURVE('',#2076,#2647,#2649,.T.);
#2647 = VERTEX_POINT('',#2648);
#2648 = CARTESIAN_POINT('',(0.8,0.61,0.13));
#2649 = LINE('',#2650,#2651);
#2650 = CARTESIAN_POINT('',(0.590909514447,0.61,0.13));
#2651 = VECTOR('',#2652,1.);
#2652 = DIRECTION('',(1.,1.110223024625E-16,0.));
#2653 = ORIENTED_EDGE('',*,*,#2654,.F.);
#2654 = EDGE_CURVE('',#2179,#2647,#2655,.T.);
#2655 = LINE('',#2656,#2657);
#2656 = CARTESIAN_POINT('',(0.8,0.61,0.));
#2657 = VECTOR('',#2658,1.);
#2658 = DIRECTION('',(0.,0.,1.));
#2659 = PLANE('',#2660);
#2660 = AXIS2_PLACEMENT_3D('',#2661,#2662,#2663);
#2661 = CARTESIAN_POINT('',(0.590909514447,0.61,0.));
#2662 = DIRECTION('',(-1.110223024625E-16,1.,0.));
#2663 = DIRECTION('',(0.,0.,1.));
#2664 = ADVANCED_FACE('',(#2665),#2683,.T.);
#2665 = FACE_BOUND('',#2666,.T.);
#2666 = EDGE_LOOP('',(#2667,#2668,#2669,#2677));
#2667 = ORIENTED_EDGE('',*,*,#2119,.F.);
#2668 = ORIENTED_EDGE('',*,*,#2133,.T.);
#2669 = ORIENTED_EDGE('',*,*,#2670,.T.);
#2670 = EDGE_CURVE('',#2134,#2671,#2673,.T.);
#2671 = VERTEX_POINT('',#2672);
#2672 = CARTESIAN_POINT('',(-0.8,0.39,0.13));
#2673 = LINE('',#2674,#2675);
#2674 = CARTESIAN_POINT('',(-0.590909514447,0.39,0.13));
#2675 = VECTOR('',#2676,1.);
#2676 = DIRECTION('',(-1.,1.144237745222E-17,0.));
#2677 = ORIENTED_EDGE('',*,*,#2678,.F.);
#2678 = EDGE_CURVE('',#2112,#2671,#2679,.T.);
#2679 = LINE('',#2680,#2681);
#2680 = CARTESIAN_POINT('',(-0.8,0.39,0.));
#2681 = VECTOR('',#2682,1.);
#2682 = DIRECTION('',(0.,0.,1.));
#2683 = PLANE('',#2684);
#2684 = AXIS2_PLACEMENT_3D('',#2685,#2686,#2687);
#2685 = CARTESIAN_POINT('',(-0.590909514447,0.39,0.));
#2686 = DIRECTION('',(-1.144237745222E-17,-1.,0.));
#2687 = DIRECTION('',(0.,0.,1.));
#2688 = ADVANCED_FACE('',(#2689),#2700,.T.);
#2689 = FACE_BOUND('',#2690,.T.);
#2690 = EDGE_LOOP('',(#2691,#2692,#2693,#2694));
#2691 = ORIENTED_EDGE('',*,*,#2569,.F.);
#2692 = ORIENTED_EDGE('',*,*,#2111,.T.);
#2693 = ORIENTED_EDGE('',*,*,#2678,.T.);
#2694 = ORIENTED_EDGE('',*,*,#2695,.F.);
#2695 = EDGE_CURVE('',#2562,#2671,#2696,.T.);
#2696 = LINE('',#2697,#2698);
#2697 = CARTESIAN_POINT('',(-0.8,0.61,0.13));
#2698 = VECTOR('',#2699,1.);
#2699 = DIRECTION('',(-1.144237745222E-17,-1.,0.));
#2700 = PLANE('',#2701);
#2701 = AXIS2_PLACEMENT_3D('',#2702,#2703,#2704);
#2702 = CARTESIAN_POINT('',(-0.8,0.61,0.));
#2703 = DIRECTION('',(-1.,1.144237745222E-17,0.));
#2704 = DIRECTION('',(0.,0.,1.));
#2705 = ADVANCED_FACE('',(#2706),#2724,.F.);
#2706 = FACE_BOUND('',#2707,.F.);
#2707 = EDGE_LOOP('',(#2708,#2709,#2710,#2718));
#2708 = ORIENTED_EDGE('',*,*,#2201,.F.);
#2709 = ORIENTED_EDGE('',*,*,#2145,.T.);
#2710 = ORIENTED_EDGE('',*,*,#2711,.T.);
#2711 = EDGE_CURVE('',#2146,#2712,#2714,.T.);
#2712 = VERTEX_POINT('',#2713);
#2713 = CARTESIAN_POINT('',(-0.8,0.11,0.13));
#2714 = LINE('',#2715,#2716);
#2715 = CARTESIAN_POINT('',(-0.590909514447,0.11,0.13));
#2716 = VECTOR('',#2717,1.);
#2717 = DIRECTION('',(-1.,1.144237745222E-17,0.));
#2718 = ORIENTED_EDGE('',*,*,#2719,.F.);
#2719 = EDGE_CURVE('',#2202,#2712,#2720,.T.);
#2720 = LINE('',#2721,#2722);
#2721 = CARTESIAN_POINT('',(-0.8,0.11,0.));
#2722 = VECTOR('',#2723,1.);
#2723 = DIRECTION('',(0.,0.,1.));
#2724 = PLANE('',#2725);
#2725 = AXIS2_PLACEMENT_3D('',#2726,#2727,#2728);
#2726 = CARTESIAN_POINT('',(-0.590909514447,0.11,0.));
#2727 = DIRECTION('',(-1.144237745222E-17,-1.,0.));
#2728 = DIRECTION('',(0.,0.,1.));
#2729 = ADVANCED_FACE('',(#2730),#2748,.F.);
#2730 = FACE_BOUND('',#2731,.F.);
#2731 = EDGE_LOOP('',(#2732,#2733,#2734,#2742));
#2732 = ORIENTED_EDGE('',*,*,#2170,.F.);
#2733 = ORIENTED_EDGE('',*,*,#2242,.T.);
#2734 = ORIENTED_EDGE('',*,*,#2735,.T.);
#2735 = EDGE_CURVE('',#2243,#2736,#2738,.T.);
#2736 = VERTEX_POINT('',#2737);
#2737 = CARTESIAN_POINT('',(0.8,0.39,0.13));
#2738 = LINE('',#2739,#2740);
#2739 = CARTESIAN_POINT('',(0.590909514447,0.39,0.13));
#2740 = VECTOR('',#2741,1.);
#2741 = DIRECTION('',(1.,1.110223024625E-16,0.));
#2742 = ORIENTED_EDGE('',*,*,#2743,.F.);
#2743 = EDGE_CURVE('',#2171,#2736,#2744,.T.);
#2744 = LINE('',#2745,#2746);
#2745 = CARTESIAN_POINT('',(0.8,0.39,0.));
#2746 = VECTOR('',#2747,1.);
#2747 = DIRECTION('',(0.,0.,1.));
#2748 = PLANE('',#2749);
#2749 = AXIS2_PLACEMENT_3D('',#2750,#2751,#2752);
#2750 = CARTESIAN_POINT('',(0.590909514447,0.39,0.));
#2751 = DIRECTION('',(-1.110223024625E-16,1.,0.));
#2752 = DIRECTION('',(0.,0.,1.));
#2753 = ADVANCED_FACE('',(#2754),#2765,.T.);
#2754 = FACE_BOUND('',#2755,.T.);
#2755 = EDGE_LOOP('',(#2756,#2757,#2758,#2759));
#2756 = ORIENTED_EDGE('',*,*,#2743,.F.);
#2757 = ORIENTED_EDGE('',*,*,#2178,.T.);
#2758 = ORIENTED_EDGE('',*,*,#2654,.T.);
#2759 = ORIENTED_EDGE('',*,*,#2760,.F.);
#2760 = EDGE_CURVE('',#2736,#2647,#2761,.T.);
#2761 = LINE('',#2762,#2763);
#2762 = CARTESIAN_POINT('',(0.8,0.39,0.13));
#2763 = VECTOR('',#2764,1.);
#2764 = DIRECTION('',(-1.110223024625E-16,1.,0.));
#2765 = PLANE('',#2766);
#2766 = AXIS2_PLACEMENT_3D('',#2767,#2768,#2769);
#2767 = CARTESIAN_POINT('',(0.8,0.39,0.));
#2768 = DIRECTION('',(1.,1.110223024625E-16,0.));
#2769 = DIRECTION('',(0.,-0.,1.));
#2770 = ADVANCED_FACE('',(#2771),#2789,.T.);
#2771 = FACE_BOUND('',#2772,.T.);
#2772 = EDGE_LOOP('',(#2773,#2774,#2775,#2783));
#2773 = ORIENTED_EDGE('',*,*,#2217,.F.);
#2774 = ORIENTED_EDGE('',*,*,#2267,.T.);
#2775 = ORIENTED_EDGE('',*,*,#2776,.T.);
#2776 = EDGE_CURVE('',#2268,#2777,#2779,.T.);
#2777 = VERTEX_POINT('',#2778);
#2778 = CARTESIAN_POINT('',(-0.8,-0.11,0.13));
#2779 = LINE('',#2780,#2781);
#2780 = CARTESIAN_POINT('',(-0.590909514447,-0.11,0.13));
#2781 = VECTOR('',#2782,1.);
#2782 = DIRECTION('',(-1.,1.144237745222E-17,0.));
#2783 = ORIENTED_EDGE('',*,*,#2784,.F.);
#2784 = EDGE_CURVE('',#2210,#2777,#2785,.T.);
#2785 = LINE('',#2786,#2787);
#2786 = CARTESIAN_POINT('',(-0.8,-0.11,0.));
#2787 = VECTOR('',#2788,1.);
#2788 = DIRECTION('',(0.,0.,1.));
#2789 = PLANE('',#2790);
#2790 = AXIS2_PLACEMENT_3D('',#2791,#2792,#2793);
#2791 = CARTESIAN_POINT('',(-0.590909514447,-0.11,0.));
#2792 = DIRECTION('',(-1.144237745222E-17,-1.,0.));
#2793 = DIRECTION('',(0.,0.,1.));
#2794 = ADVANCED_FACE('',(#2795),#2806,.T.);
#2795 = FACE_BOUND('',#2796,.T.);
#2796 = EDGE_LOOP('',(#2797,#2798,#2799,#2800));
#2797 = ORIENTED_EDGE('',*,*,#2719,.F.);
#2798 = ORIENTED_EDGE('',*,*,#2209,.T.);
#2799 = ORIENTED_EDGE('',*,*,#2784,.T.);
#2800 = ORIENTED_EDGE('',*,*,#2801,.F.);
#2801 = EDGE_CURVE('',#2712,#2777,#2802,.T.);
#2802 = LINE('',#2803,#2804);
#2803 = CARTESIAN_POINT('',(-0.8,0.11,0.13));
#2804 = VECTOR('',#2805,1.);
#2805 = DIRECTION('',(-1.144237745222E-17,-1.,0.));
#2806 = PLANE('',#2807);
#2807 = AXIS2_PLACEMENT_3D('',#2808,#2809,#2810);
#2808 = CARTESIAN_POINT('',(-0.8,0.11,0.));
#2809 = DIRECTION('',(-1.,1.144237745222E-17,0.));
#2810 = DIRECTION('',(0.,0.,1.));
#2811 = ADVANCED_FACE('',(#2812),#2830,.T.);
#2812 = FACE_BOUND('',#2813,.T.);
#2813 = EDGE_LOOP('',(#2814,#2815,#2816,#2824));
#2814 = ORIENTED_EDGE('',*,*,#2320,.F.);
#2815 = ORIENTED_EDGE('',*,*,#2231,.T.);
#2816 = ORIENTED_EDGE('',*,*,#2817,.T.);
#2817 = EDGE_CURVE('',#2232,#2818,#2820,.T.);
#2818 = VERTEX_POINT('',#2819);
#2819 = CARTESIAN_POINT('',(0.8,0.11,0.13));
#2820 = LINE('',#2821,#2822);
#2821 = CARTESIAN_POINT('',(0.590909514447,0.11,0.13));
#2822 = VECTOR('',#2823,1.);
#2823 = DIRECTION('',(1.,1.110223024625E-16,0.));
#2824 = ORIENTED_EDGE('',*,*,#2825,.F.);
#2825 = EDGE_CURVE('',#2313,#2818,#2826,.T.);
#2826 = LINE('',#2827,#2828);
#2827 = CARTESIAN_POINT('',(0.8,0.11,0.));
#2828 = VECTOR('',#2829,1.);
#2829 = DIRECTION('',(0.,0.,1.));
#2830 = PLANE('',#2831);
#2831 = AXIS2_PLACEMENT_3D('',#2832,#2833,#2834);
#2832 = CARTESIAN_POINT('',(0.590909514447,0.11,0.));
#2833 = DIRECTION('',(-1.110223024625E-16,1.,0.));
#2834 = DIRECTION('',(0.,0.,1.));
#2835 = ADVANCED_FACE('',(#2836),#2854,.F.);
#2836 = FACE_BOUND('',#2837,.F.);
#2837 = EDGE_LOOP('',(#2838,#2839,#2840,#2848));
#2838 = ORIENTED_EDGE('',*,*,#2335,.F.);
#2839 = ORIENTED_EDGE('',*,*,#2278,.T.);
#2840 = ORIENTED_EDGE('',*,*,#2841,.T.);
#2841 = EDGE_CURVE('',#2279,#2842,#2844,.T.);
#2842 = VERTEX_POINT('',#2843);
#2843 = CARTESIAN_POINT('',(-0.8,-0.39,0.13));
#2844 = LINE('',#2845,#2846);
#2845 = CARTESIAN_POINT('',(-0.590909514447,-0.39,0.13));
#2846 = VECTOR('',#2847,1.);
#2847 = DIRECTION('',(-1.,1.144237745222E-17,0.));
#2848 = ORIENTED_EDGE('',*,*,#2849,.F.);
#2849 = EDGE_CURVE('',#2336,#2842,#2850,.T.);
#2850 = LINE('',#2851,#2852);
#2851 = CARTESIAN_POINT('',(-0.8,-0.39,0.));
#2852 = VECTOR('',#2853,1.);
#2853 = DIRECTION('',(0.,0.,1.));
#2854 = PLANE('',#2855);
#2855 = AXIS2_PLACEMENT_3D('',#2856,#2857,#2858);
#2856 = CARTESIAN_POINT('',(-0.590909514447,-0.39,0.));
#2857 = DIRECTION('',(-1.144237745222E-17,-1.,0.));
#2858 = DIRECTION('',(0.,0.,1.));
#2859 = ADVANCED_FACE('',(#2860),#2878,.F.);
#2860 = FACE_BOUND('',#2861,.F.);
#2861 = EDGE_LOOP('',(#2862,#2863,#2864,#2872));
#2862 = ORIENTED_EDGE('',*,*,#2304,.F.);
#2863 = ORIENTED_EDGE('',*,*,#2377,.T.);
#2864 = ORIENTED_EDGE('',*,*,#2865,.T.);
#2865 = EDGE_CURVE('',#2378,#2866,#2868,.T.);
#2866 = VERTEX_POINT('',#2867);
#2867 = CARTESIAN_POINT('',(0.8,-0.11,0.13));
#2868 = LINE('',#2869,#2870);
#2869 = CARTESIAN_POINT('',(0.590909514447,-0.11,0.13));
#2870 = VECTOR('',#2871,1.);
#2871 = DIRECTION('',(1.,1.110223024625E-16,0.));
#2872 = ORIENTED_EDGE('',*,*,#2873,.F.);
#2873 = EDGE_CURVE('',#2305,#2866,#2874,.T.);
#2874 = LINE('',#2875,#2876);
#2875 = CARTESIAN_POINT('',(0.8,-0.11,0.));
#2876 = VECTOR('',#2877,1.);
#2877 = DIRECTION('',(0.,0.,1.));
#2878 = PLANE('',#2879);
#2879 = AXIS2_PLACEMENT_3D('',#2880,#2881,#2882);
#2880 = CARTESIAN_POINT('',(0.590909514447,-0.11,0.));
#2881 = DIRECTION('',(-1.110223024625E-16,1.,0.));
#2882 = DIRECTION('',(0.,0.,1.));
#2883 = ADVANCED_FACE('',(#2884),#2895,.T.);
#2884 = FACE_BOUND('',#2885,.T.);
#2885 = EDGE_LOOP('',(#2886,#2887,#2888,#2889));
#2886 = ORIENTED_EDGE('',*,*,#2873,.F.);
#2887 = ORIENTED_EDGE('',*,*,#2312,.T.);
#2888 = ORIENTED_EDGE('',*,*,#2825,.T.);
#2889 = ORIENTED_EDGE('',*,*,#2890,.F.);
#2890 = EDGE_CURVE('',#2866,#2818,#2891,.T.);
#2891 = LINE('',#2892,#2893);
#2892 = CARTESIAN_POINT('',(0.8,-0.11,0.13));
#2893 = VECTOR('',#2894,1.);
#2894 = DIRECTION('',(-1.110223024625E-16,1.,0.));
#2895 = PLANE('',#2896);
#2896 = AXIS2_PLACEMENT_3D('',#2897,#2898,#2899);
#2897 = CARTESIAN_POINT('',(0.8,-0.11,0.));
#2898 = DIRECTION('',(1.,1.110223024625E-16,0.));
#2899 = DIRECTION('',(0.,-0.,1.));
#2900 = ADVANCED_FACE('',(#2901),#2919,.T.);
#2901 = FACE_BOUND('',#2902,.T.);
#2902 = EDGE_LOOP('',(#2903,#2904,#2905,#2913));
#2903 = ORIENTED_EDGE('',*,*,#2351,.F.);
#2904 = ORIENTED_EDGE('',*,*,#2401,.T.);
#2905 = ORIENTED_EDGE('',*,*,#2906,.T.);
#2906 = EDGE_CURVE('',#2402,#2907,#2909,.T.);
#2907 = VERTEX_POINT('',#2908);
#2908 = CARTESIAN_POINT('',(-0.8,-0.61,0.13));
#2909 = LINE('',#2910,#2911);
#2910 = CARTESIAN_POINT('',(-0.590909514447,-0.61,0.13));
#2911 = VECTOR('',#2912,1.);
#2912 = DIRECTION('',(-1.,1.144237745222E-17,0.));
#2913 = ORIENTED_EDGE('',*,*,#2914,.F.);
#2914 = EDGE_CURVE('',#2344,#2907,#2915,.T.);
#2915 = LINE('',#2916,#2917);
#2916 = CARTESIAN_POINT('',(-0.8,-0.61,0.));
#2917 = VECTOR('',#2918,1.);
#2918 = DIRECTION('',(0.,0.,1.));
#2919 = PLANE('',#2920);
#2920 = AXIS2_PLACEMENT_3D('',#2921,#2922,#2923);
#2921 = CARTESIAN_POINT('',(-0.590909514447,-0.61,0.));
#2922 = DIRECTION('',(-1.144237745222E-17,-1.,0.));
#2923 = DIRECTION('',(0.,0.,1.));
#2924 = ADVANCED_FACE('',(#2925),#2936,.T.);
#2925 = FACE_BOUND('',#2926,.T.);
#2926 = EDGE_LOOP('',(#2927,#2928,#2929,#2930));
#2927 = ORIENTED_EDGE('',*,*,#2849,.F.);
#2928 = ORIENTED_EDGE('',*,*,#2343,.T.);
#2929 = ORIENTED_EDGE('',*,*,#2914,.T.);
#2930 = ORIENTED_EDGE('',*,*,#2931,.F.);
#2931 = EDGE_CURVE('',#2842,#2907,#2932,.T.);
#2932 = LINE('',#2933,#2934);
#2933 = CARTESIAN_POINT('',(-0.8,-0.39,0.13));
#2934 = VECTOR('',#2935,1.);
#2935 = DIRECTION('',(-1.144237745222E-17,-1.,0.));
#2936 = PLANE('',#2937);
#2937 = AXIS2_PLACEMENT_3D('',#2938,#2939,#2940);
#2938 = CARTESIAN_POINT('',(-0.8,-0.39,0.));
#2939 = DIRECTION('',(-1.,1.144237745222E-17,0.));
#2940 = DIRECTION('',(0.,0.,1.));
#2941 = ADVANCED_FACE('',(#2942),#2960,.T.);
#2942 = FACE_BOUND('',#2943,.T.);
#2943 = EDGE_LOOP('',(#2944,#2945,#2946,#2954));
#2944 = ORIENTED_EDGE('',*,*,#2451,.F.);
#2945 = ORIENTED_EDGE('',*,*,#2365,.T.);
#2946 = ORIENTED_EDGE('',*,*,#2947,.T.);
#2947 = EDGE_CURVE('',#2366,#2948,#2950,.T.);
#2948 = VERTEX_POINT('',#2949);
#2949 = CARTESIAN_POINT('',(0.8,-0.39,0.13));
#2950 = LINE('',#2951,#2952);
#2951 = CARTESIAN_POINT('',(0.590909514447,-0.39,0.13));
#2952 = VECTOR('',#2953,1.);
#2953 = DIRECTION('',(1.,1.110223024625E-16,0.));
#2954 = ORIENTED_EDGE('',*,*,#2955,.F.);
#2955 = EDGE_CURVE('',#2444,#2948,#2956,.T.);
#2956 = LINE('',#2957,#2958);
#2957 = CARTESIAN_POINT('',(0.8,-0.39,0.));
#2958 = VECTOR('',#2959,1.);
#2959 = DIRECTION('',(0.,0.,1.));
#2960 = PLANE('',#2961);
#2961 = AXIS2_PLACEMENT_3D('',#2962,#2963,#2964);
#2962 = CARTESIAN_POINT('',(0.590909514447,-0.39,0.));
#2963 = DIRECTION('',(-1.110223024625E-16,1.,0.));
#2964 = DIRECTION('',(0.,0.,1.));
#2965 = ADVANCED_FACE('',(#2966),#2984,.F.);
#2966 = FACE_BOUND('',#2967,.F.);
#2967 = EDGE_LOOP('',(#2968,#2969,#2970,#2978));
#2968 = ORIENTED_EDGE('',*,*,#2435,.F.);
#2969 = ORIENTED_EDGE('',*,*,#2490,.T.);
#2970 = ORIENTED_EDGE('',*,*,#2971,.T.);
#2971 = EDGE_CURVE('',#2491,#2972,#2974,.T.);
#2972 = VERTEX_POINT('',#2973);
#2973 = CARTESIAN_POINT('',(0.8,-0.61,0.13));
#2974 = LINE('',#2975,#2976);
#2975 = CARTESIAN_POINT('',(0.590909514447,-0.61,0.13));
#2976 = VECTOR('',#2977,1.);
#2977 = DIRECTION('',(1.,1.110223024625E-16,0.));
#2978 = ORIENTED_EDGE('',*,*,#2979,.F.);
#2979 = EDGE_CURVE('',#2436,#2972,#2980,.T.);
#2980 = LINE('',#2981,#2982);
#2981 = CARTESIAN_POINT('',(0.8,-0.61,0.));
#2982 = VECTOR('',#2983,1.);
#2983 = DIRECTION('',(0.,0.,1.));
#2984 = PLANE('',#2985);
#2985 = AXIS2_PLACEMENT_3D('',#2986,#2987,#2988);
#2986 = CARTESIAN_POINT('',(0.590909514447,-0.61,0.));
#2987 = DIRECTION('',(-1.110223024625E-16,1.,0.));
#2988 = DIRECTION('',(0.,0.,1.));
#2989 = ADVANCED_FACE('',(#2990),#3001,.T.);
#2990 = FACE_BOUND('',#2991,.T.);
#2991 = EDGE_LOOP('',(#2992,#2993,#2994,#2995));
#2992 = ORIENTED_EDGE('',*,*,#2979,.F.);
#2993 = ORIENTED_EDGE('',*,*,#2443,.T.);
#2994 = ORIENTED_EDGE('',*,*,#2955,.T.);
#2995 = ORIENTED_EDGE('',*,*,#2996,.F.);
#2996 = EDGE_CURVE('',#2972,#2948,#2997,.T.);
#2997 = LINE('',#2998,#2999);
#2998 = CARTESIAN_POINT('',(0.8,-0.61,0.13));
#2999 = VECTOR('',#3000,1.);
#3000 = DIRECTION('',(-1.110223024625E-16,1.,0.));
#3001 = PLANE('',#3002);
#3002 = AXIS2_PLACEMENT_3D('',#3003,#3004,#3005);
#3003 = CARTESIAN_POINT('',(0.8,-0.61,0.));
#3004 = DIRECTION('',(1.,1.110223024625E-16,0.));
#3005 = DIRECTION('',(0.,-0.,1.));
#3006 = ADVANCED_FACE('',(#3007),#3013,.T.);
#3007 = FACE_BOUND('',#3008,.T.);
#3008 = EDGE_LOOP('',(#3009,#3010,#3011,#3012));
#3009 = ORIENTED_EDGE('',*,*,#2473,.T.);
#3010 = ORIENTED_EDGE('',*,*,#2631,.T.);
#3011 = ORIENTED_EDGE('',*,*,#2584,.F.);
#3012 = ORIENTED_EDGE('',*,*,#2537,.F.);
#3013 = B_SPLINE_SURFACE_WITH_KNOTS('',1,1,(
    (#3014,#3015)
    ,(#3016,#3017
    )),.UNSPECIFIED.,.F.,.F.,.F.,(2,2),(2,2),(0.,1.2),(0.,1.),
  .PIECEWISE_BEZIER_KNOTS.);
#3014 = CARTESIAN_POINT('',(-0.6,-0.8,0.13));
#3015 = CARTESIAN_POINT('',(-0.570630738984,-0.770630738984,0.55));
#3016 = CARTESIAN_POINT('',(0.6,-0.8,0.13));
#3017 = CARTESIAN_POINT('',(0.570630738984,-0.770630738984,0.55));
#3018 = ADVANCED_FACE('',(#3019),#3025,.T.);
#3019 = FACE_BOUND('',#3020,.T.);
#3020 = EDGE_LOOP('',(#3021,#3022,#3023,#3024));
#3021 = ORIENTED_EDGE('',*,*,#2516,.F.);
#3022 = ORIENTED_EDGE('',*,*,#2561,.T.);
#3023 = ORIENTED_EDGE('',*,*,#2695,.T.);
#3024 = ORIENTED_EDGE('',*,*,#2670,.F.);
#3025 = PLANE('',#3026);
#3026 = AXIS2_PLACEMENT_3D('',#3027,#3028,#3029);
#3027 = CARTESIAN_POINT('',(-0.590909514447,0.61,0.13));
#3028 = DIRECTION('',(0.,0.,1.));
#3029 = DIRECTION('',(-1.,1.144237745222E-17,0.));
#3030 = ADVANCED_FACE('',(#3031),#3037,.T.);
#3031 = FACE_BOUND('',#3032,.T.);
#3032 = EDGE_LOOP('',(#3033,#3034,#3035,#3036));
#3033 = ORIENTED_EDGE('',*,*,#2523,.F.);
#3034 = ORIENTED_EDGE('',*,*,#2711,.T.);
#3035 = ORIENTED_EDGE('',*,*,#2801,.T.);
#3036 = ORIENTED_EDGE('',*,*,#2776,.F.);
#3037 = PLANE('',#3038);
#3038 = AXIS2_PLACEMENT_3D('',#3039,#3040,#3041);
#3039 = CARTESIAN_POINT('',(-0.590909514447,0.11,0.13));
#3040 = DIRECTION('',(0.,0.,1.));
#3041 = DIRECTION('',(-1.,1.144237745222E-17,0.));
#3042 = ADVANCED_FACE('',(#3043),#3049,.T.);
#3043 = FACE_BOUND('',#3044,.T.);
#3044 = EDGE_LOOP('',(#3045,#3046,#3047,#3048));
#3045 = ORIENTED_EDGE('',*,*,#2530,.F.);
#3046 = ORIENTED_EDGE('',*,*,#2841,.T.);
#3047 = ORIENTED_EDGE('',*,*,#2931,.T.);
#3048 = ORIENTED_EDGE('',*,*,#2906,.F.);
#3049 = PLANE('',#3050);
#3050 = AXIS2_PLACEMENT_3D('',#3051,#3052,#3053);
#3051 = CARTESIAN_POINT('',(-0.590909514447,-0.39,0.13));
#3052 = DIRECTION('',(0.,0.,1.));
#3053 = DIRECTION('',(-1.,1.144237745222E-17,0.));
#3054 = ADVANCED_FACE('',(#3055),#3061,.T.);
#3055 = FACE_BOUND('',#3056,.T.);
#3056 = EDGE_LOOP('',(#3057,#3058,#3059,#3060));
#3057 = ORIENTED_EDGE('',*,*,#2608,.F.);
#3058 = ORIENTED_EDGE('',*,*,#2971,.T.);
#3059 = ORIENTED_EDGE('',*,*,#2996,.T.);
#3060 = ORIENTED_EDGE('',*,*,#2947,.F.);
#3061 = PLANE('',#3062);
#3062 = AXIS2_PLACEMENT_3D('',#3063,#3064,#3065);
#3063 = CARTESIAN_POINT('',(0.590909514447,-0.61,0.13));
#3064 = DIRECTION('',(0.,0.,1.));
#3065 = DIRECTION('',(1.,1.110223024625E-16,-0.));
#3066 = ADVANCED_FACE('',(#3067),#3073,.T.);
#3067 = FACE_BOUND('',#3068,.T.);
#3068 = EDGE_LOOP('',(#3069,#3070,#3071,#3072));
#3069 = ORIENTED_EDGE('',*,*,#2615,.F.);
#3070 = ORIENTED_EDGE('',*,*,#2865,.T.);
#3071 = ORIENTED_EDGE('',*,*,#2890,.T.);
#3072 = ORIENTED_EDGE('',*,*,#2817,.F.);
#3073 = PLANE('',#3074);
#3074 = AXIS2_PLACEMENT_3D('',#3075,#3076,#3077);
#3075 = CARTESIAN_POINT('',(0.590909514447,-0.11,0.13));
#3076 = DIRECTION('',(0.,0.,1.));
#3077 = DIRECTION('',(1.,1.110223024625E-16,-0.));
#3078 = ADVANCED_FACE('',(#3079),#3085,.T.);
#3079 = FACE_BOUND('',#3080,.T.);
#3080 = EDGE_LOOP('',(#3081,#3082,#3083,#3084));
#3081 = ORIENTED_EDGE('',*,*,#2622,.F.);
#3082 = ORIENTED_EDGE('',*,*,#2735,.T.);
#3083 = ORIENTED_EDGE('',*,*,#2760,.T.);
#3084 = ORIENTED_EDGE('',*,*,#2646,.F.);
#3085 = PLANE('',#3086);
#3086 = AXIS2_PLACEMENT_3D('',#3087,#3088,#3089);
#3087 = CARTESIAN_POINT('',(0.590909514447,0.39,0.13));
#3088 = DIRECTION('',(0.,0.,1.));
#3089 = DIRECTION('',(1.,1.110223024625E-16,-0.));
#3090 = ( GEOMETRIC_REPRESENTATION_CONTEXT(3) 
GLOBAL_UNCERTAINTY_ASSIGNED_CONTEXT((#3094)) 
GLOBAL_UNIT_ASSIGNED_CONTEXT((#3091,#3092,#3093)) REPRESENTATION_CONTEXT
('Context #1','3D Context with UNIT and UNCERTAINTY') );
#3091 = ( LENGTH_UNIT() NAMED_UNIT(*) SI_UNIT(.MILLI.,.METRE.) );
#3092 = ( NAMED_UNIT(*) PLANE_ANGLE_UNIT() SI_UNIT($,.RADIAN.) );
#3093 = ( NAMED_UNIT(*) SI_UNIT($,.STERADIAN.) SOLID_ANGLE_UNIT() );
#3094 = UNCERTAINTY_MEASURE_WITH_UNIT(LENGTH_MEASURE(5.E-07),#3091,
  'distance_accuracy_value','confusion accuracy');
#3095 = CONTEXT_DEPENDENT_SHAPE_REPRESENTATION(#3096,#3098);
#3096 = ( REPRESENTATION_RELATIONSHIP('','',#1847,#10) 
REPRESENTATION_RELATIONSHIP_WITH_TRANSFORMATION(#3097) 
SHAPE_REPRESENTATION_RELATIONSHIP() );
#3097 = ITEM_DEFINED_TRANSFORMATION('','',#11,#59);
#3098 = PRODUCT_DEFINITION_SHAPE('Placement','Placement of an item',
  #3099);
#3099 = NEXT_ASSEMBLY_USAGE_OCCURRENCE('12','U6','',#5,#1842,$);
#3100 = PRODUCT_RELATED_PRODUCT_CATEGORY('part',$,(#1844));
#3101 = CONTEXT_DEPENDENT_SHAPE_REPRESENTATION(#3102,#3104);
#3102 = ( REPRESENTATION_RELATIONSHIP('','',#998,#10) 
REPRESENTATION_RELATIONSHIP_WITH_TRANSFORMATION(#3103) 
SHAPE_REPRESENTATION_RELATIONSHIP() );
#3103 = ITEM_DEFINED_TRANSFORMATION('','',#11,#63);
#3104 = PRODUCT_DEFINITION_SHAPE('Placement','Placement of an item',
  #3105);
#3105 = NEXT_ASSEMBLY_USAGE_OCCURRENCE('13','R7','',#5,#993,$);
#3106 = SHAPE_DEFINITION_REPRESENTATION(#3107,#3113);
#3107 = PRODUCT_DEFINITION_SHAPE('','',#3108);
#3108 = PRODUCT_DEFINITION('design','',#3109,#3112);
#3109 = PRODUCT_DEFINITION_FORMATION('','',#3110);
#3110 = PRODUCT('SOT-363_SC-70-6','SOT-363_SC-70-6','',(#3111));
#3111 = PRODUCT_CONTEXT('',#2,'mechanical');
#3112 = PRODUCT_DEFINITION_CONTEXT('part definition',#2,'design');
#3113 = ADVANCED_BREP_SHAPE_REPRESENTATION('',(#11,#3114),#6344);
#3114 = MANIFOLD_SOLID_BREP('',#3115);
#3115 = CLOSED_SHELL('',(#3116,#3154,#3217,#3240,#3269,#3292,#3363,#3434
    ,#3457,#3480,#3497,#3520,#3608,#3624,#3654,#3687,#3718,#3751,#3782,
    #3815,#3832,#3849,#3882,#3913,#3946,#3977,#4010,#4040,#4063,#4086,
    #4103,#4132,#4202,#4225,#4248,#4271,#4342,#4364,#4413,#4488,#4512,
    #4580,#4602,#4677,#4701,#4769,#4786,#4861,#4885,#4953,#5028,#5052,
    #5120,#5137,#5212,#5236,#5304,#5326,#5401,#5425,#5493,#5510,#5527,
    #5544,#5590,#5606,#5623,#5640,#5656,#5673,#5685,#5702,#5719,#5736,
    #5753,#5770,#5787,#5799,#5816,#5833,#5850,#5867,#5884,#5901,#5913,
    #5930,#5947,#5964,#5981,#5998,#6010,#6027,#6044,#6061,#6078,#6095,
    #6107,#6124,#6141,#6158,#6175,#6192,#6209,#6221,#6238,#6255,#6272,
    #6289,#6306,#6323,#6335));
#3116 = ADVANCED_FACE('',(#3117),#3149,.F.);
#3117 = FACE_BOUND('',#3118,.F.);
#3118 = EDGE_LOOP('',(#3119,#3129,#3136,#3144));
#3119 = ORIENTED_EDGE('',*,*,#3120,.T.);
#3120 = EDGE_CURVE('',#3121,#3123,#3125,.T.);
#3121 = VERTEX_POINT('',#3122);
#3122 = CARTESIAN_POINT('',(-0.50189183306,0.943783666119,0.1));
#3123 = VERTEX_POINT('',#3124);
#3124 = CARTESIAN_POINT('',(0.50189183306,0.943783666119,0.1));
#3125 = LINE('',#3126,#3127);
#3126 = CARTESIAN_POINT('',(-0.50189183306,0.943783666119,0.1));
#3127 = VECTOR('',#3128,1.);
#3128 = DIRECTION('',(1.,1.110223024625E-16,0.));
#3129 = ORIENTED_EDGE('',*,*,#3130,.T.);
#3130 = EDGE_CURVE('',#3123,#3131,#3133,.T.);
#3131 = VERTEX_POINT('',#3132);
#3132 = CARTESIAN_POINT('',(0.53,1.,0.5));
#3133 = B_SPLINE_CURVE_WITH_KNOTS('',1,(#3134,#3135),.UNSPECIFIED.,.F.,
  .F.,(2,2),(0.,1.),.PIECEWISE_BEZIER_KNOTS.);
#3134 = CARTESIAN_POINT('',(0.50189183306,0.943783666119,0.1));
#3135 = CARTESIAN_POINT('',(0.53,1.,0.5));
#3136 = ORIENTED_EDGE('',*,*,#3137,.F.);
#3137 = EDGE_CURVE('',#3138,#3131,#3140,.T.);
#3138 = VERTEX_POINT('',#3139);
#3139 = CARTESIAN_POINT('',(-0.53,1.,0.5));
#3140 = LINE('',#3141,#3142);
#3141 = CARTESIAN_POINT('',(-0.53,1.,0.5));
#3142 = VECTOR('',#3143,1.);
#3143 = DIRECTION('',(1.,1.110223024625E-16,0.));
#3144 = ORIENTED_EDGE('',*,*,#3145,.F.);
#3145 = EDGE_CURVE('',#3121,#3138,#3146,.T.);
#3146 = B_SPLINE_CURVE_WITH_KNOTS('',1,(#3147,#3148),.UNSPECIFIED.,.F.,
  .F.,(2,2),(0.,1.),.PIECEWISE_BEZIER_KNOTS.);
#3147 = CARTESIAN_POINT('',(-0.50189183306,0.943783666119,0.1));
#3148 = CARTESIAN_POINT('',(-0.53,1.,0.5));
#3149 = B_SPLINE_SURFACE_WITH_KNOTS('',1,1,(
    (#3150,#3151)
    ,(#3152,#3153
    )),.UNSPECIFIED.,.F.,.F.,.F.,(2,2),(2,2),(0.,1.06),(0.,1.),
  .PIECEWISE_BEZIER_KNOTS.);
#3150 = CARTESIAN_POINT('',(-0.50189183306,0.943783666119,0.1));
#3151 = CARTESIAN_POINT('',(-0.53,1.,0.5));
#3152 = CARTESIAN_POINT('',(0.50189183306,0.943783666119,0.1));
#3153 = CARTESIAN_POINT('',(0.53,1.,0.5));
#3154 = ADVANCED_FACE('',(#3155),#3212,.F.);
#3155 = FACE_BOUND('',#3156,.T.);
#3156 = EDGE_LOOP('',(#3157,#3158,#3166,#3174,#3182,#3190,#3198,#3206));
#3157 = ORIENTED_EDGE('',*,*,#3120,.T.);
#3158 = ORIENTED_EDGE('',*,*,#3159,.T.);
#3159 = EDGE_CURVE('',#3123,#3160,#3162,.T.);
#3160 = VERTEX_POINT('',#3161);
#3161 = CARTESIAN_POINT('',(0.568783666119,0.87689183306,0.1));
#3162 = LINE('',#3163,#3164);
#3163 = CARTESIAN_POINT('',(0.50189183306,0.943783666119,0.1));
#3164 = VECTOR('',#3165,1.);
#3165 = DIRECTION('',(0.707106781187,-0.707106781187,0.));
#3166 = ORIENTED_EDGE('',*,*,#3167,.T.);
#3167 = EDGE_CURVE('',#3160,#3168,#3170,.T.);
#3168 = VERTEX_POINT('',#3169);
#3169 = CARTESIAN_POINT('',(0.568783666119,-0.87689183306,0.1));
#3170 = LINE('',#3171,#3172);
#3171 = CARTESIAN_POINT('',(0.568783666119,0.87689183306,0.1));
#3172 = VECTOR('',#3173,1.);
#3173 = DIRECTION('',(1.110223024625E-16,-1.,0.));
#3174 = ORIENTED_EDGE('',*,*,#3175,.T.);
#3175 = EDGE_CURVE('',#3168,#3176,#3178,.T.);
#3176 = VERTEX_POINT('',#3177);
#3177 = CARTESIAN_POINT('',(0.50189183306,-0.943783666119,0.1));
#3178 = LINE('',#3179,#3180);
#3179 = CARTESIAN_POINT('',(0.568783666119,-0.87689183306,0.1));
#3180 = VECTOR('',#3181,1.);
#3181 = DIRECTION('',(-0.707106781187,-0.707106781187,0.));
#3182 = ORIENTED_EDGE('',*,*,#3183,.T.);
#3183 = EDGE_CURVE('',#3176,#3184,#3186,.T.);
#3184 = VERTEX_POINT('',#3185);
#3185 = CARTESIAN_POINT('',(-0.50189183306,-0.943783666119,0.1));
#3186 = LINE('',#3187,#3188);
#3187 = CARTESIAN_POINT('',(0.50189183306,-0.943783666119,0.1));
#3188 = VECTOR('',#3189,1.);
#3189 = DIRECTION('',(-1.,-1.110223024625E-16,0.));
#3190 = ORIENTED_EDGE('',*,*,#3191,.T.);
#3191 = EDGE_CURVE('',#3184,#3192,#3194,.T.);
#3192 = VERTEX_POINT('',#3193);
#3193 = CARTESIAN_POINT('',(-0.568783666119,-0.87689183306,0.1));
#3194 = LINE('',#3195,#3196);
#3195 = CARTESIAN_POINT('',(-0.50189183306,-0.943783666119,0.1));
#3196 = VECTOR('',#3197,1.);
#3197 = DIRECTION('',(-0.707106781187,0.707106781187,0.));
#3198 = ORIENTED_EDGE('',*,*,#3199,.T.);
#3199 = EDGE_CURVE('',#3192,#3200,#3202,.T.);
#3200 = VERTEX_POINT('',#3201);
#3201 = CARTESIAN_POINT('',(-0.568783666119,0.87689183306,0.1));
#3202 = LINE('',#3203,#3204);
#3203 = CARTESIAN_POINT('',(-0.568783666119,-0.87689183306,0.1));
#3204 = VECTOR('',#3205,1.);
#3205 = DIRECTION('',(-1.110223024625E-16,1.,0.));
#3206 = ORIENTED_EDGE('',*,*,#3207,.T.);
#3207 = EDGE_CURVE('',#3200,#3121,#3208,.T.);
#3208 = LINE('',#3209,#3210);
#3209 = CARTESIAN_POINT('',(-0.568783666119,0.87689183306,0.1));
#3210 = VECTOR('',#3211,1.);
#3211 = DIRECTION('',(0.707106781187,0.707106781187,0.));
#3212 = PLANE('',#3213);
#3213 = AXIS2_PLACEMENT_3D('',#3214,#3215,#3216);
#3214 = CARTESIAN_POINT('',(-0.50189183306,0.943783666119,0.1));
#3215 = DIRECTION('',(0.,0.,1.));
#3216 = DIRECTION('',(0.469524916338,-0.882919222204,0.));
#3217 = ADVANCED_FACE('',(#3218),#3235,.F.);
#3218 = FACE_BOUND('',#3219,.F.);
#3219 = EDGE_LOOP('',(#3220,#3221,#3228,#3234));
#3220 = ORIENTED_EDGE('',*,*,#3159,.T.);
#3221 = ORIENTED_EDGE('',*,*,#3222,.T.);
#3222 = EDGE_CURVE('',#3160,#3223,#3225,.T.);
#3223 = VERTEX_POINT('',#3224);
#3224 = CARTESIAN_POINT('',(0.625,0.905,0.5));
#3225 = B_SPLINE_CURVE_WITH_KNOTS('',1,(#3226,#3227),.UNSPECIFIED.,.F.,
  .F.,(2,2),(0.,1.),.PIECEWISE_BEZIER_KNOTS.);
#3226 = CARTESIAN_POINT('',(0.568783666119,0.87689183306,0.1));
#3227 = CARTESIAN_POINT('',(0.625,0.905,0.5));
#3228 = ORIENTED_EDGE('',*,*,#3229,.F.);
#3229 = EDGE_CURVE('',#3131,#3223,#3230,.T.);
#3230 = LINE('',#3231,#3232);
#3231 = CARTESIAN_POINT('',(0.53,1.,0.5));
#3232 = VECTOR('',#3233,1.);
#3233 = DIRECTION('',(0.707106781187,-0.707106781187,0.));
#3234 = ORIENTED_EDGE('',*,*,#3130,.F.);
#3235 = B_SPLINE_SURFACE_WITH_KNOTS('',1,1,(
    (#3236,#3237)
    ,(#3238,#3239
    )),.UNSPECIFIED.,.F.,.F.,.F.,(2,2),(2,2),(0.,0.134350288425),(0.,1.)
  ,.PIECEWISE_BEZIER_KNOTS.);
#3236 = CARTESIAN_POINT('',(0.50189183306,0.943783666119,0.1));
#3237 = CARTESIAN_POINT('',(0.53,1.,0.5));
#3238 = CARTESIAN_POINT('',(0.568783666119,0.87689183306,0.1));
#3239 = CARTESIAN_POINT('',(0.625,0.905,0.5));
#3240 = ADVANCED_FACE('',(#3241),#3264,.F.);
#3241 = FACE_BOUND('',#3242,.F.);
#3242 = EDGE_LOOP('',(#3243,#3244,#3251,#3259));
#3243 = ORIENTED_EDGE('',*,*,#3137,.T.);
#3244 = ORIENTED_EDGE('',*,*,#3245,.T.);
#3245 = EDGE_CURVE('',#3131,#3246,#3248,.T.);
#3246 = VERTEX_POINT('',#3247);
#3247 = CARTESIAN_POINT('',(0.53,1.,0.65));
#3248 = B_SPLINE_CURVE_WITH_KNOTS('',1,(#3249,#3250),.UNSPECIFIED.,.F.,
  .F.,(2,2),(0.,1.),.PIECEWISE_BEZIER_KNOTS.);
#3249 = CARTESIAN_POINT('',(0.53,1.,0.5));
#3250 = CARTESIAN_POINT('',(0.53,1.,0.65));
#3251 = ORIENTED_EDGE('',*,*,#3252,.F.);
#3252 = EDGE_CURVE('',#3253,#3246,#3255,.T.);
#3253 = VERTEX_POINT('',#3254);
#3254 = CARTESIAN_POINT('',(-0.53,1.,0.65));
#3255 = LINE('',#3256,#3257);
#3256 = CARTESIAN_POINT('',(-0.53,1.,0.65));
#3257 = VECTOR('',#3258,1.);
#3258 = DIRECTION('',(1.,1.110223024625E-16,0.));
#3259 = ORIENTED_EDGE('',*,*,#3260,.F.);
#3260 = EDGE_CURVE('',#3138,#3253,#3261,.T.);
#3261 = B_SPLINE_CURVE_WITH_KNOTS('',1,(#3262,#3263),.UNSPECIFIED.,.F.,
  .F.,(2,2),(0.,1.),.PIECEWISE_BEZIER_KNOTS.);
#3262 = CARTESIAN_POINT('',(-0.53,1.,0.5));
#3263 = CARTESIAN_POINT('',(-0.53,1.,0.65));
#3264 = PLANE('',#3265);
#3265 = AXIS2_PLACEMENT_3D('',#3266,#3267,#3268);
#3266 = CARTESIAN_POINT('',(-0.53,1.,0.65));
#3267 = DIRECTION('',(1.110223024625E-16,-1.,0.));
#3268 = DIRECTION('',(1.,1.110223024625E-16,0.));
#3269 = ADVANCED_FACE('',(#3270),#3287,.F.);
#3270 = FACE_BOUND('',#3271,.F.);
#3271 = EDGE_LOOP('',(#3272,#3273,#3274,#3282));
#3272 = ORIENTED_EDGE('',*,*,#3207,.T.);
#3273 = ORIENTED_EDGE('',*,*,#3145,.T.);
#3274 = ORIENTED_EDGE('',*,*,#3275,.F.);
#3275 = EDGE_CURVE('',#3276,#3138,#3278,.T.);
#3276 = VERTEX_POINT('',#3277);
#3277 = CARTESIAN_POINT('',(-0.625,0.905,0.5));
#3278 = LINE('',#3279,#3280);
#3279 = CARTESIAN_POINT('',(-0.625,0.905,0.5));
#3280 = VECTOR('',#3281,1.);
#3281 = DIRECTION('',(0.707106781187,0.707106781187,0.));
#3282 = ORIENTED_EDGE('',*,*,#3283,.F.);
#3283 = EDGE_CURVE('',#3200,#3276,#3284,.T.);
#3284 = B_SPLINE_CURVE_WITH_KNOTS('',1,(#3285,#3286),.UNSPECIFIED.,.F.,
  .F.,(2,2),(0.,1.),.PIECEWISE_BEZIER_KNOTS.);
#3285 = CARTESIAN_POINT('',(-0.568783666119,0.87689183306,0.1));
#3286 = CARTESIAN_POINT('',(-0.625,0.905,0.5));
#3287 = B_SPLINE_SURFACE_WITH_KNOTS('',1,1,(
    (#3288,#3289)
    ,(#3290,#3291
    )),.UNSPECIFIED.,.F.,.F.,.F.,(2,2),(2,2),(0.,0.134350288425),(0.,1.)
  ,.PIECEWISE_BEZIER_KNOTS.);
#3288 = CARTESIAN_POINT('',(-0.568783666119,0.87689183306,0.1));
#3289 = CARTESIAN_POINT('',(-0.625,0.905,0.5));
#3290 = CARTESIAN_POINT('',(-0.50189183306,0.943783666119,0.1));
#3291 = CARTESIAN_POINT('',(-0.53,1.,0.5));
#3292 = ADVANCED_FACE('',(#3293),#3358,.F.);
#3293 = FACE_BOUND('',#3294,.F.);
#3294 = EDGE_LOOP('',(#3295,#3296,#3297,#3305,#3313,#3321,#3329,#3337,
    #3345,#3353));
#3295 = ORIENTED_EDGE('',*,*,#3199,.T.);
#3296 = ORIENTED_EDGE('',*,*,#3283,.T.);
#3297 = ORIENTED_EDGE('',*,*,#3298,.F.);
#3298 = EDGE_CURVE('',#3299,#3276,#3301,.T.);
#3299 = VERTEX_POINT('',#3300);
#3300 = CARTESIAN_POINT('',(-0.625,0.8,0.5));
#3301 = LINE('',#3302,#3303);
#3302 = CARTESIAN_POINT('',(-0.625,-0.905,0.5));
#3303 = VECTOR('',#3304,1.);
#3304 = DIRECTION('',(-1.110223024625E-16,1.,0.));
#3305 = ORIENTED_EDGE('',*,*,#3306,.F.);
#3306 = EDGE_CURVE('',#3307,#3299,#3309,.T.);
#3307 = VERTEX_POINT('',#3308);
#3308 = CARTESIAN_POINT('',(-0.625,0.5,0.5));
#3309 = LINE('',#3310,#3311);
#3310 = CARTESIAN_POINT('',(-0.625,0.5,0.5));
#3311 = VECTOR('',#3312,1.);
#3312 = DIRECTION('',(1.144237745222E-17,1.,0.));
#3313 = ORIENTED_EDGE('',*,*,#3314,.F.);
#3314 = EDGE_CURVE('',#3315,#3307,#3317,.T.);
#3315 = VERTEX_POINT('',#3316);
#3316 = CARTESIAN_POINT('',(-0.625,0.15,0.5));
#3317 = LINE('',#3318,#3319);
#3318 = CARTESIAN_POINT('',(-0.625,-0.905,0.5));
#3319 = VECTOR('',#3320,1.);
#3320 = DIRECTION('',(-1.110223024625E-16,1.,0.));
#3321 = ORIENTED_EDGE('',*,*,#3322,.F.);
#3322 = EDGE_CURVE('',#3323,#3315,#3325,.T.);
#3323 = VERTEX_POINT('',#3324);
#3324 = CARTESIAN_POINT('',(-0.625,-0.15,0.5));
#3325 = LINE('',#3326,#3327);
#3326 = CARTESIAN_POINT('',(-0.625,-0.15,0.5));
#3327 = VECTOR('',#3328,1.);
#3328 = DIRECTION('',(1.144237745222E-17,1.,0.));
#3329 = ORIENTED_EDGE('',*,*,#3330,.F.);
#3330 = EDGE_CURVE('',#3331,#3323,#3333,.T.);
#3331 = VERTEX_POINT('',#3332);
#3332 = CARTESIAN_POINT('',(-0.625,-0.5,0.5));
#3333 = LINE('',#3334,#3335);
#3334 = CARTESIAN_POINT('',(-0.625,-0.905,0.5));
#3335 = VECTOR('',#3336,1.);
#3336 = DIRECTION('',(-1.110223024625E-16,1.,0.));
#3337 = ORIENTED_EDGE('',*,*,#3338,.F.);
#3338 = EDGE_CURVE('',#3339,#3331,#3341,.T.);
#3339 = VERTEX_POINT('',#3340);
#3340 = CARTESIAN_POINT('',(-0.625,-0.8,0.5));
#3341 = LINE('',#3342,#3343);
#3342 = CARTESIAN_POINT('',(-0.625,-0.8,0.5));
#3343 = VECTOR('',#3344,1.);
#3344 = DIRECTION('',(1.144237745222E-17,1.,0.));
#3345 = ORIENTED_EDGE('',*,*,#3346,.F.);
#3346 = EDGE_CURVE('',#3347,#3339,#3349,.T.);
#3347 = VERTEX_POINT('',#3348);
#3348 = CARTESIAN_POINT('',(-0.625,-0.905,0.5));
#3349 = LINE('',#3350,#3351);
#3350 = CARTESIAN_POINT('',(-0.625,-0.905,0.5));
#3351 = VECTOR('',#3352,1.);
#3352 = DIRECTION('',(-1.110223024625E-16,1.,0.));
#3353 = ORIENTED_EDGE('',*,*,#3354,.F.);
#3354 = EDGE_CURVE('',#3192,#3347,#3355,.T.);
#3355 = B_SPLINE_CURVE_WITH_KNOTS('',1,(#3356,#3357),.UNSPECIFIED.,.F.,
  .F.,(2,2),(0.,1.),.PIECEWISE_BEZIER_KNOTS.);
#3356 = CARTESIAN_POINT('',(-0.568783666119,-0.87689183306,0.1));
#3357 = CARTESIAN_POINT('',(-0.625,-0.905,0.5));
#3358 = B_SPLINE_SURFACE_WITH_KNOTS('',1,1,(
    (#3359,#3360)
    ,(#3361,#3362
    )),.UNSPECIFIED.,.F.,.F.,.F.,(2,2),(2,2),(0.,1.81),(0.,1.),
  .PIECEWISE_BEZIER_KNOTS.);
#3359 = CARTESIAN_POINT('',(-0.568783666119,-0.87689183306,0.1));
#3360 = CARTESIAN_POINT('',(-0.625,-0.905,0.5));
#3361 = CARTESIAN_POINT('',(-0.568783666119,0.87689183306,0.1));
#3362 = CARTESIAN_POINT('',(-0.625,0.905,0.5));
#3363 = ADVANCED_FACE('',(#3364),#3429,.F.);
#3364 = FACE_BOUND('',#3365,.F.);
#3365 = EDGE_LOOP('',(#3366,#3367,#3374,#3382,#3390,#3398,#3406,#3414,
    #3422,#3428));
#3366 = ORIENTED_EDGE('',*,*,#3167,.T.);
#3367 = ORIENTED_EDGE('',*,*,#3368,.T.);
#3368 = EDGE_CURVE('',#3168,#3369,#3371,.T.);
#3369 = VERTEX_POINT('',#3370);
#3370 = CARTESIAN_POINT('',(0.625,-0.905,0.5));
#3371 = B_SPLINE_CURVE_WITH_KNOTS('',1,(#3372,#3373),.UNSPECIFIED.,.F.,
  .F.,(2,2),(0.,1.),.PIECEWISE_BEZIER_KNOTS.);
#3372 = CARTESIAN_POINT('',(0.568783666119,-0.87689183306,0.1));
#3373 = CARTESIAN_POINT('',(0.625,-0.905,0.5));
#3374 = ORIENTED_EDGE('',*,*,#3375,.F.);
#3375 = EDGE_CURVE('',#3376,#3369,#3378,.T.);
#3376 = VERTEX_POINT('',#3377);
#3377 = CARTESIAN_POINT('',(0.625,-0.8,0.5));
#3378 = LINE('',#3379,#3380);
#3379 = CARTESIAN_POINT('',(0.625,0.905,0.5));
#3380 = VECTOR('',#3381,1.);
#3381 = DIRECTION('',(1.110223024625E-16,-1.,0.));
#3382 = ORIENTED_EDGE('',*,*,#3383,.F.);
#3383 = EDGE_CURVE('',#3384,#3376,#3386,.T.);
#3384 = VERTEX_POINT('',#3385);
#3385 = CARTESIAN_POINT('',(0.625,-0.5,0.5));
#3386 = LINE('',#3387,#3388);
#3387 = CARTESIAN_POINT('',(0.625,-0.5,0.5));
#3388 = VECTOR('',#3389,1.);
#3389 = DIRECTION('',(1.110223024625E-16,-1.,0.));
#3390 = ORIENTED_EDGE('',*,*,#3391,.F.);
#3391 = EDGE_CURVE('',#3392,#3384,#3394,.T.);
#3392 = VERTEX_POINT('',#3393);
#3393 = CARTESIAN_POINT('',(0.625,-0.15,0.5));
#3394 = LINE('',#3395,#3396);
#3395 = CARTESIAN_POINT('',(0.625,0.905,0.5));
#3396 = VECTOR('',#3397,1.);
#3397 = DIRECTION('',(1.110223024625E-16,-1.,0.));
#3398 = ORIENTED_EDGE('',*,*,#3399,.F.);
#3399 = EDGE_CURVE('',#3400,#3392,#3402,.T.);
#3400 = VERTEX_POINT('',#3401);
#3401 = CARTESIAN_POINT('',(0.625,0.15,0.5));
#3402 = LINE('',#3403,#3404);
#3403 = CARTESIAN_POINT('',(0.625,0.15,0.5));
#3404 = VECTOR('',#3405,1.);
#3405 = DIRECTION('',(1.110223024625E-16,-1.,0.));
#3406 = ORIENTED_EDGE('',*,*,#3407,.F.);
#3407 = EDGE_CURVE('',#3408,#3400,#3410,.T.);
#3408 = VERTEX_POINT('',#3409);
#3409 = CARTESIAN_POINT('',(0.625,0.5,0.5));
#3410 = LINE('',#3411,#3412);
#3411 = CARTESIAN_POINT('',(0.625,0.905,0.5));
#3412 = VECTOR('',#3413,1.);
#3413 = DIRECTION('',(1.110223024625E-16,-1.,0.));
#3414 = ORIENTED_EDGE('',*,*,#3415,.F.);
#3415 = EDGE_CURVE('',#3416,#3408,#3418,.T.);
#3416 = VERTEX_POINT('',#3417);
#3417 = CARTESIAN_POINT('',(0.625,0.8,0.5));
#3418 = LINE('',#3419,#3420);
#3419 = CARTESIAN_POINT('',(0.625,0.8,0.5));
#3420 = VECTOR('',#3421,1.);
#3421 = DIRECTION('',(1.110223024625E-16,-1.,0.));
#3422 = ORIENTED_EDGE('',*,*,#3423,.F.);
#3423 = EDGE_CURVE('',#3223,#3416,#3424,.T.);
#3424 = LINE('',#3425,#3426);
#3425 = CARTESIAN_POINT('',(0.625,0.905,0.5));
#3426 = VECTOR('',#3427,1.);
#3427 = DIRECTION('',(1.110223024625E-16,-1.,0.));
#3428 = ORIENTED_EDGE('',*,*,#3222,.F.);
#3429 = B_SPLINE_SURFACE_WITH_KNOTS('',1,1,(
    (#3430,#3431)
    ,(#3432,#3433
    )),.UNSPECIFIED.,.F.,.F.,.F.,(2,2),(2,2),(0.,1.81),(0.,1.),
  .PIECEWISE_BEZIER_KNOTS.);
#3430 = CARTESIAN_POINT('',(0.568783666119,0.87689183306,0.1));
#3431 = CARTESIAN_POINT('',(0.625,0.905,0.5));
#3432 = CARTESIAN_POINT('',(0.568783666119,-0.87689183306,0.1));
#3433 = CARTESIAN_POINT('',(0.625,-0.905,0.5));
#3434 = ADVANCED_FACE('',(#3435),#3452,.F.);
#3435 = FACE_BOUND('',#3436,.F.);
#3436 = EDGE_LOOP('',(#3437,#3438,#3439,#3447));
#3437 = ORIENTED_EDGE('',*,*,#3191,.T.);
#3438 = ORIENTED_EDGE('',*,*,#3354,.T.);
#3439 = ORIENTED_EDGE('',*,*,#3440,.F.);
#3440 = EDGE_CURVE('',#3441,#3347,#3443,.T.);
#3441 = VERTEX_POINT('',#3442);
#3442 = CARTESIAN_POINT('',(-0.53,-1.,0.5));
#3443 = LINE('',#3444,#3445);
#3444 = CARTESIAN_POINT('',(-0.53,-1.,0.5));
#3445 = VECTOR('',#3446,1.);
#3446 = DIRECTION('',(-0.707106781187,0.707106781187,0.));
#3447 = ORIENTED_EDGE('',*,*,#3448,.F.);
#3448 = EDGE_CURVE('',#3184,#3441,#3449,.T.);
#3449 = B_SPLINE_CURVE_WITH_KNOTS('',1,(#3450,#3451),.UNSPECIFIED.,.F.,
  .F.,(2,2),(0.,1.),.PIECEWISE_BEZIER_KNOTS.);
#3450 = CARTESIAN_POINT('',(-0.50189183306,-0.943783666119,0.1));
#3451 = CARTESIAN_POINT('',(-0.53,-1.,0.5));
#3452 = B_SPLINE_SURFACE_WITH_KNOTS('',1,1,(
    (#3453,#3454)
    ,(#3455,#3456
    )),.UNSPECIFIED.,.F.,.F.,.F.,(2,2),(2,2),(0.,0.134350288425),(0.,1.)
  ,.PIECEWISE_BEZIER_KNOTS.);
#3453 = CARTESIAN_POINT('',(-0.50189183306,-0.943783666119,0.1));
#3454 = CARTESIAN_POINT('',(-0.53,-1.,0.5));
#3455 = CARTESIAN_POINT('',(-0.568783666119,-0.87689183306,0.1));
#3456 = CARTESIAN_POINT('',(-0.625,-0.905,0.5));
#3457 = ADVANCED_FACE('',(#3458),#3475,.F.);
#3458 = FACE_BOUND('',#3459,.F.);
#3459 = EDGE_LOOP('',(#3460,#3461,#3468,#3474));
#3460 = ORIENTED_EDGE('',*,*,#3175,.T.);
#3461 = ORIENTED_EDGE('',*,*,#3462,.T.);
#3462 = EDGE_CURVE('',#3176,#3463,#3465,.T.);
#3463 = VERTEX_POINT('',#3464);
#3464 = CARTESIAN_POINT('',(0.53,-1.,0.5));
#3465 = B_SPLINE_CURVE_WITH_KNOTS('',1,(#3466,#3467),.UNSPECIFIED.,.F.,
  .F.,(2,2),(0.,1.),.PIECEWISE_BEZIER_KNOTS.);
#3466 = CARTESIAN_POINT('',(0.50189183306,-0.943783666119,0.1));
#3467 = CARTESIAN_POINT('',(0.53,-1.,0.5));
#3468 = ORIENTED_EDGE('',*,*,#3469,.F.);
#3469 = EDGE_CURVE('',#3369,#3463,#3470,.T.);
#3470 = LINE('',#3471,#3472);
#3471 = CARTESIAN_POINT('',(0.625,-0.905,0.5));
#3472 = VECTOR('',#3473,1.);
#3473 = DIRECTION('',(-0.707106781187,-0.707106781187,0.));
#3474 = ORIENTED_EDGE('',*,*,#3368,.F.);
#3475 = B_SPLINE_SURFACE_WITH_KNOTS('',1,1,(
    (#3476,#3477)
    ,(#3478,#3479
    )),.UNSPECIFIED.,.F.,.F.,.F.,(2,2),(2,2),(0.,0.134350288425),(0.,1.)
  ,.PIECEWISE_BEZIER_KNOTS.);
#3476 = CARTESIAN_POINT('',(0.568783666119,-0.87689183306,0.1));
#3477 = CARTESIAN_POINT('',(0.625,-0.905,0.5));
#3478 = CARTESIAN_POINT('',(0.50189183306,-0.943783666119,0.1));
#3479 = CARTESIAN_POINT('',(0.53,-1.,0.5));
#3480 = ADVANCED_FACE('',(#3481),#3492,.F.);
#3481 = FACE_BOUND('',#3482,.F.);
#3482 = EDGE_LOOP('',(#3483,#3484,#3485,#3491));
#3483 = ORIENTED_EDGE('',*,*,#3183,.T.);
#3484 = ORIENTED_EDGE('',*,*,#3448,.T.);
#3485 = ORIENTED_EDGE('',*,*,#3486,.F.);
#3486 = EDGE_CURVE('',#3463,#3441,#3487,.T.);
#3487 = LINE('',#3488,#3489);
#3488 = CARTESIAN_POINT('',(0.53,-1.,0.5));
#3489 = VECTOR('',#3490,1.);
#3490 = DIRECTION('',(-1.,-1.110223024625E-16,0.));
#3491 = ORIENTED_EDGE('',*,*,#3462,.F.);
#3492 = B_SPLINE_SURFACE_WITH_KNOTS('',1,1,(
    (#3493,#3494)
    ,(#3495,#3496
    )),.UNSPECIFIED.,.F.,.F.,.F.,(2,2),(2,2),(0.,1.06),(0.,1.),
  .PIECEWISE_BEZIER_KNOTS.);
#3493 = CARTESIAN_POINT('',(0.50189183306,-0.943783666119,0.1));
#3494 = CARTESIAN_POINT('',(0.53,-1.,0.5));
#3495 = CARTESIAN_POINT('',(-0.50189183306,-0.943783666119,0.1));
#3496 = CARTESIAN_POINT('',(-0.53,-1.,0.5));
#3497 = ADVANCED_FACE('',(#3498),#3515,.F.);
#3498 = FACE_BOUND('',#3499,.F.);
#3499 = EDGE_LOOP('',(#3500,#3501,#3508,#3514));
#3500 = ORIENTED_EDGE('',*,*,#3229,.T.);
#3501 = ORIENTED_EDGE('',*,*,#3502,.T.);
#3502 = EDGE_CURVE('',#3223,#3503,#3505,.T.);
#3503 = VERTEX_POINT('',#3504);
#3504 = CARTESIAN_POINT('',(0.625,0.905,0.65));
#3505 = B_SPLINE_CURVE_WITH_KNOTS('',1,(#3506,#3507),.UNSPECIFIED.,.F.,
  .F.,(2,2),(0.,1.),.PIECEWISE_BEZIER_KNOTS.);
#3506 = CARTESIAN_POINT('',(0.625,0.905,0.5));
#3507 = CARTESIAN_POINT('',(0.625,0.905,0.65));
#3508 = ORIENTED_EDGE('',*,*,#3509,.F.);
#3509 = EDGE_CURVE('',#3246,#3503,#3510,.T.);
#3510 = LINE('',#3511,#3512);
#3511 = CARTESIAN_POINT('',(0.53,1.,0.65));
#3512 = VECTOR('',#3513,1.);
#3513 = DIRECTION('',(0.707106781187,-0.707106781187,0.));
#3514 = ORIENTED_EDGE('',*,*,#3245,.F.);
#3515 = PLANE('',#3516);
#3516 = AXIS2_PLACEMENT_3D('',#3517,#3518,#3519);
#3517 = CARTESIAN_POINT('',(0.53,1.,0.65));
#3518 = DIRECTION('',(-0.707106781187,-0.707106781187,0.));
#3519 = DIRECTION('',(0.707106781187,-0.707106781187,0.));
#3520 = ADVANCED_FACE('',(#3521),#3603,.F.);
#3521 = FACE_BOUND('',#3522,.F.);
#3522 = EDGE_LOOP('',(#3523,#3531,#3532,#3533,#3541,#3549,#3557,#3565,
    #3573,#3581,#3589,#3597));
#3523 = ORIENTED_EDGE('',*,*,#3524,.T.);
#3524 = EDGE_CURVE('',#3525,#3253,#3527,.T.);
#3525 = VERTEX_POINT('',#3526);
#3526 = CARTESIAN_POINT('',(-0.625,0.905,0.65));
#3527 = LINE('',#3528,#3529);
#3528 = CARTESIAN_POINT('',(-0.625,0.905,0.65));
#3529 = VECTOR('',#3530,1.);
#3530 = DIRECTION('',(0.707106781187,0.707106781187,0.));
#3531 = ORIENTED_EDGE('',*,*,#3252,.T.);
#3532 = ORIENTED_EDGE('',*,*,#3509,.T.);
#3533 = ORIENTED_EDGE('',*,*,#3534,.T.);
#3534 = EDGE_CURVE('',#3503,#3535,#3537,.T.);
#3535 = VERTEX_POINT('',#3536);
#3536 = CARTESIAN_POINT('',(0.625,0.8,0.65));
#3537 = LINE('',#3538,#3539);
#3538 = CARTESIAN_POINT('',(0.625,0.905,0.65));
#3539 = VECTOR('',#3540,1.);
#3540 = DIRECTION('',(1.110223024625E-16,-1.,0.));
#3541 = ORIENTED_EDGE('',*,*,#3542,.T.);
#3542 = EDGE_CURVE('',#3535,#3543,#3545,.T.);
#3543 = VERTEX_POINT('',#3544);
#3544 = CARTESIAN_POINT('',(0.6,0.8,0.65));
#3545 = LINE('',#3546,#3547);
#3546 = CARTESIAN_POINT('',(0.625,0.8,0.65));
#3547 = VECTOR('',#3548,1.);
#3548 = DIRECTION('',(-1.,-1.110223024625E-16,0.));
#3549 = ORIENTED_EDGE('',*,*,#3550,.F.);
#3550 = EDGE_CURVE('',#3551,#3543,#3553,.T.);
#3551 = VERTEX_POINT('',#3552);
#3552 = CARTESIAN_POINT('',(0.6,0.8925,0.65));
#3553 = LINE('',#3554,#3555);
#3554 = CARTESIAN_POINT('',(0.6,0.8925,0.65));
#3555 = VECTOR('',#3556,1.);
#3556 = DIRECTION('',(1.110223024625E-16,-1.,0.));
#3557 = ORIENTED_EDGE('',*,*,#3558,.F.);
#3558 = EDGE_CURVE('',#3559,#3551,#3561,.T.);
#3559 = VERTEX_POINT('',#3560);
#3560 = CARTESIAN_POINT('',(0.5175,0.975,0.65));
#3561 = LINE('',#3562,#3563);
#3562 = CARTESIAN_POINT('',(0.5175,0.975,0.65));
#3563 = VECTOR('',#3564,1.);
#3564 = DIRECTION('',(0.707106781187,-0.707106781187,0.));
#3565 = ORIENTED_EDGE('',*,*,#3566,.F.);
#3566 = EDGE_CURVE('',#3567,#3559,#3569,.T.);
#3567 = VERTEX_POINT('',#3568);
#3568 = CARTESIAN_POINT('',(-0.5175,0.975,0.65));
#3569 = LINE('',#3570,#3571);
#3570 = CARTESIAN_POINT('',(-0.5175,0.975,0.65));
#3571 = VECTOR('',#3572,1.);
#3572 = DIRECTION('',(1.,1.110223024625E-16,0.));
#3573 = ORIENTED_EDGE('',*,*,#3574,.F.);
#3574 = EDGE_CURVE('',#3575,#3567,#3577,.T.);
#3575 = VERTEX_POINT('',#3576);
#3576 = CARTESIAN_POINT('',(-0.6,0.8925,0.65));
#3577 = LINE('',#3578,#3579);
#3578 = CARTESIAN_POINT('',(-0.6,0.8925,0.65));
#3579 = VECTOR('',#3580,1.);
#3580 = DIRECTION('',(0.707106781187,0.707106781187,0.));
#3581 = ORIENTED_EDGE('',*,*,#3582,.F.);
#3582 = EDGE_CURVE('',#3583,#3575,#3585,.T.);
#3583 = VERTEX_POINT('',#3584);
#3584 = CARTESIAN_POINT('',(-0.6,0.8,0.65));
#3585 = LINE('',#3586,#3587);
#3586 = CARTESIAN_POINT('',(-0.6,-0.8925,0.65));
#3587 = VECTOR('',#3588,1.);
#3588 = DIRECTION('',(-1.110223024625E-16,1.,0.));
#3589 = ORIENTED_EDGE('',*,*,#3590,.F.);
#3590 = EDGE_CURVE('',#3591,#3583,#3593,.T.);
#3591 = VERTEX_POINT('',#3592);
#3592 = CARTESIAN_POINT('',(-0.625,0.8,0.65));
#3593 = LINE('',#3594,#3595);
#3594 = CARTESIAN_POINT('',(-0.625,0.8,0.65));
#3595 = VECTOR('',#3596,1.);
#3596 = DIRECTION('',(1.,-1.144237745222E-17,0.));
#3597 = ORIENTED_EDGE('',*,*,#3598,.T.);
#3598 = EDGE_CURVE('',#3591,#3525,#3599,.T.);
#3599 = LINE('',#3600,#3601);
#3600 = CARTESIAN_POINT('',(-0.625,-0.905,0.65));
#3601 = VECTOR('',#3602,1.);
#3602 = DIRECTION('',(-1.110223024625E-16,1.,0.));
#3603 = PLANE('',#3604);
#3604 = AXIS2_PLACEMENT_3D('',#3605,#3606,#3607);
#3605 = CARTESIAN_POINT('',(-9.862404740446E-17,0.9875,0.65));
#3606 = DIRECTION('',(-2.227991506605E-32,1.427773043334E-27,-1.));
#3607 = DIRECTION('',(1.,9.174032648906E-17,-2.227991506592E-32));
#3608 = ADVANCED_FACE('',(#3609),#3619,.F.);
#3609 = FACE_BOUND('',#3610,.F.);
#3610 = EDGE_LOOP('',(#3611,#3612,#3613,#3614));
#3611 = ORIENTED_EDGE('',*,*,#3275,.T.);
#3612 = ORIENTED_EDGE('',*,*,#3260,.T.);
#3613 = ORIENTED_EDGE('',*,*,#3524,.F.);
#3614 = ORIENTED_EDGE('',*,*,#3615,.F.);
#3615 = EDGE_CURVE('',#3276,#3525,#3616,.T.);
#3616 = B_SPLINE_CURVE_WITH_KNOTS('',1,(#3617,#3618),.UNSPECIFIED.,.F.,
  .F.,(2,2),(0.,1.),.PIECEWISE_BEZIER_KNOTS.);
#3617 = CARTESIAN_POINT('',(-0.625,0.905,0.5));
#3618 = CARTESIAN_POINT('',(-0.625,0.905,0.65));
#3619 = PLANE('',#3620);
#3620 = AXIS2_PLACEMENT_3D('',#3621,#3622,#3623);
#3621 = CARTESIAN_POINT('',(-0.625,0.905,0.65));
#3622 = DIRECTION('',(0.707106781187,-0.707106781187,0.));
#3623 = DIRECTION('',(0.707106781187,0.707106781187,0.));
#3624 = ADVANCED_FACE('',(#3625),#3649,.F.);
#3625 = FACE_BOUND('',#3626,.F.);
#3626 = EDGE_LOOP('',(#3627,#3634,#3635,#3643));
#3627 = ORIENTED_EDGE('',*,*,#3628,.F.);
#3628 = EDGE_CURVE('',#3347,#3629,#3631,.T.);
#3629 = VERTEX_POINT('',#3630);
#3630 = CARTESIAN_POINT('',(-0.625,-0.905,0.65));
#3631 = B_SPLINE_CURVE_WITH_KNOTS('',1,(#3632,#3633),.UNSPECIFIED.,.F.,
  .F.,(2,2),(0.,1.),.PIECEWISE_BEZIER_KNOTS.);
#3632 = CARTESIAN_POINT('',(-0.625,-0.905,0.5));
#3633 = CARTESIAN_POINT('',(-0.625,-0.905,0.65));
#3634 = ORIENTED_EDGE('',*,*,#3346,.T.);
#3635 = ORIENTED_EDGE('',*,*,#3636,.T.);
#3636 = EDGE_CURVE('',#3339,#3637,#3639,.T.);
#3637 = VERTEX_POINT('',#3638);
#3638 = CARTESIAN_POINT('',(-0.625,-0.8,0.65));
#3639 = LINE('',#3640,#3641);
#3640 = CARTESIAN_POINT('',(-0.625,-0.8,0.476940567806));
#3641 = VECTOR('',#3642,1.);
#3642 = DIRECTION('',(0.,0.,1.));
#3643 = ORIENTED_EDGE('',*,*,#3644,.F.);
#3644 = EDGE_CURVE('',#3629,#3637,#3645,.T.);
#3645 = LINE('',#3646,#3647);
#3646 = CARTESIAN_POINT('',(-0.625,-0.905,0.65));
#3647 = VECTOR('',#3648,1.);
#3648 = DIRECTION('',(-1.110223024625E-16,1.,0.));
#3649 = PLANE('',#3650);
#3650 = AXIS2_PLACEMENT_3D('',#3651,#3652,#3653);
#3651 = CARTESIAN_POINT('',(-0.625,-0.905,0.65));
#3652 = DIRECTION('',(1.,1.110223024625E-16,0.));
#3653 = DIRECTION('',(-1.110223024625E-16,1.,0.));
#3654 = ADVANCED_FACE('',(#3655),#3682,.F.);
#3655 = FACE_BOUND('',#3656,.F.);
#3656 = EDGE_LOOP('',(#3657,#3658,#3667,#3675));
#3657 = ORIENTED_EDGE('',*,*,#3338,.T.);
#3658 = ORIENTED_EDGE('',*,*,#3659,.T.);
#3659 = EDGE_CURVE('',#3331,#3660,#3662,.T.);
#3660 = VERTEX_POINT('',#3661);
#3661 = CARTESIAN_POINT('',(-0.674859965494,-0.5,0.453739497412));
#3662 = CIRCLE('',#3663,5.E-02);
#3663 = AXIS2_PLACEMENT_3D('',#3664,#3665,#3666);
#3664 = CARTESIAN_POINT('',(-0.625,-0.5,0.45));
#3665 = DIRECTION('',(-1.144237745222E-17,-1.,0.));
#3666 = DIRECTION('',(0.,0.,1.));
#3667 = ORIENTED_EDGE('',*,*,#3668,.F.);
#3668 = EDGE_CURVE('',#3669,#3660,#3671,.T.);
#3669 = VERTEX_POINT('',#3670);
#3670 = CARTESIAN_POINT('',(-0.674859965494,-0.8,0.453739497412));
#3671 = LINE('',#3672,#3673);
#3672 = CARTESIAN_POINT('',(-0.674859965494,-0.8,0.453739497412));
#3673 = VECTOR('',#3674,1.);
#3674 = DIRECTION('',(1.144237745222E-17,1.,0.));
#3675 = ORIENTED_EDGE('',*,*,#3676,.F.);
#3676 = EDGE_CURVE('',#3339,#3669,#3677,.T.);
#3677 = CIRCLE('',#3678,5.E-02);
#3678 = AXIS2_PLACEMENT_3D('',#3679,#3680,#3681);
#3679 = CARTESIAN_POINT('',(-0.625,-0.8,0.45));
#3680 = DIRECTION('',(-1.144237745222E-17,-1.,0.));
#3681 = DIRECTION('',(0.,0.,1.));
#3682 = CYLINDRICAL_SURFACE('',#3683,5.E-02);
#3683 = AXIS2_PLACEMENT_3D('',#3684,#3685,#3686);
#3684 = CARTESIAN_POINT('',(-0.625,-0.8,0.45));
#3685 = DIRECTION('',(-1.144237745222E-17,-1.,0.));
#3686 = DIRECTION('',(0.,0.,1.));
#3687 = ADVANCED_FACE('',(#3688),#3713,.F.);
#3688 = FACE_BOUND('',#3689,.F.);
#3689 = EDGE_LOOP('',(#3690,#3698,#3699,#3707));
#3690 = ORIENTED_EDGE('',*,*,#3691,.F.);
#3691 = EDGE_CURVE('',#3331,#3692,#3694,.T.);
#3692 = VERTEX_POINT('',#3693);
#3693 = CARTESIAN_POINT('',(-0.625,-0.5,0.65));
#3694 = LINE('',#3695,#3696);
#3695 = CARTESIAN_POINT('',(-0.625,-0.5,0.476940567806));
#3696 = VECTOR('',#3697,1.);
#3697 = DIRECTION('',(0.,0.,1.));
#3698 = ORIENTED_EDGE('',*,*,#3330,.T.);
#3699 = ORIENTED_EDGE('',*,*,#3700,.T.);
#3700 = EDGE_CURVE('',#3323,#3701,#3703,.T.);
#3701 = VERTEX_POINT('',#3702);
#3702 = CARTESIAN_POINT('',(-0.625,-0.15,0.65));
#3703 = LINE('',#3704,#3705);
#3704 = CARTESIAN_POINT('',(-0.625,-0.15,0.476940567806));
#3705 = VECTOR('',#3706,1.);
#3706 = DIRECTION('',(0.,0.,1.));
#3707 = ORIENTED_EDGE('',*,*,#3708,.F.);
#3708 = EDGE_CURVE('',#3692,#3701,#3709,.T.);
#3709 = LINE('',#3710,#3711);
#3710 = CARTESIAN_POINT('',(-0.625,-0.905,0.65));
#3711 = VECTOR('',#3712,1.);
#3712 = DIRECTION('',(-1.110223024625E-16,1.,0.));
#3713 = PLANE('',#3714);
#3714 = AXIS2_PLACEMENT_3D('',#3715,#3716,#3717);
#3715 = CARTESIAN_POINT('',(-0.625,-0.905,0.65));
#3716 = DIRECTION('',(1.,1.110223024625E-16,0.));
#3717 = DIRECTION('',(-1.110223024625E-16,1.,0.));
#3718 = ADVANCED_FACE('',(#3719),#3746,.F.);
#3719 = FACE_BOUND('',#3720,.F.);
#3720 = EDGE_LOOP('',(#3721,#3722,#3731,#3739));
#3721 = ORIENTED_EDGE('',*,*,#3322,.T.);
#3722 = ORIENTED_EDGE('',*,*,#3723,.T.);
#3723 = EDGE_CURVE('',#3315,#3724,#3726,.T.);
#3724 = VERTEX_POINT('',#3725);
#3725 = CARTESIAN_POINT('',(-0.674859965494,0.15,0.453739497412));
#3726 = CIRCLE('',#3727,5.E-02);
#3727 = AXIS2_PLACEMENT_3D('',#3728,#3729,#3730);
#3728 = CARTESIAN_POINT('',(-0.625,0.15,0.45));
#3729 = DIRECTION('',(-1.144237745222E-17,-1.,0.));
#3730 = DIRECTION('',(0.,0.,1.));
#3731 = ORIENTED_EDGE('',*,*,#3732,.F.);
#3732 = EDGE_CURVE('',#3733,#3724,#3735,.T.);
#3733 = VERTEX_POINT('',#3734);
#3734 = CARTESIAN_POINT('',(-0.674859965494,-0.15,0.453739497412));
#3735 = LINE('',#3736,#3737);
#3736 = CARTESIAN_POINT('',(-0.674859965494,-0.15,0.453739497412));
#3737 = VECTOR('',#3738,1.);
#3738 = DIRECTION('',(1.144237745222E-17,1.,0.));
#3739 = ORIENTED_EDGE('',*,*,#3740,.F.);
#3740 = EDGE_CURVE('',#3323,#3733,#3741,.T.);
#3741 = CIRCLE('',#3742,5.E-02);
#3742 = AXIS2_PLACEMENT_3D('',#3743,#3744,#3745);
#3743 = CARTESIAN_POINT('',(-0.625,-0.15,0.45));
#3744 = DIRECTION('',(-1.144237745222E-17,-1.,0.));
#3745 = DIRECTION('',(0.,0.,1.));
#3746 = CYLINDRICAL_SURFACE('',#3747,5.E-02);
#3747 = AXIS2_PLACEMENT_3D('',#3748,#3749,#3750);
#3748 = CARTESIAN_POINT('',(-0.625,-0.15,0.45));
#3749 = DIRECTION('',(-1.144237745222E-17,-1.,0.));
#3750 = DIRECTION('',(0.,0.,1.));
#3751 = ADVANCED_FACE('',(#3752),#3777,.F.);
#3752 = FACE_BOUND('',#3753,.F.);
#3753 = EDGE_LOOP('',(#3754,#3762,#3763,#3771));
#3754 = ORIENTED_EDGE('',*,*,#3755,.F.);
#3755 = EDGE_CURVE('',#3315,#3756,#3758,.T.);
#3756 = VERTEX_POINT('',#3757);
#3757 = CARTESIAN_POINT('',(-0.625,0.15,0.65));
#3758 = LINE('',#3759,#3760);
#3759 = CARTESIAN_POINT('',(-0.625,0.15,0.476940567806));
#3760 = VECTOR('',#3761,1.);
#3761 = DIRECTION('',(0.,0.,1.));
#3762 = ORIENTED_EDGE('',*,*,#3314,.T.);
#3763 = ORIENTED_EDGE('',*,*,#3764,.T.);
#3764 = EDGE_CURVE('',#3307,#3765,#3767,.T.);
#3765 = VERTEX_POINT('',#3766);
#3766 = CARTESIAN_POINT('',(-0.625,0.5,0.65));
#3767 = LINE('',#3768,#3769);
#3768 = CARTESIAN_POINT('',(-0.625,0.5,0.476940567806));
#3769 = VECTOR('',#3770,1.);
#3770 = DIRECTION('',(0.,0.,1.));
#3771 = ORIENTED_EDGE('',*,*,#3772,.F.);
#3772 = EDGE_CURVE('',#3756,#3765,#3773,.T.);
#3773 = LINE('',#3774,#3775);
#3774 = CARTESIAN_POINT('',(-0.625,-0.905,0.65));
#3775 = VECTOR('',#3776,1.);
#3776 = DIRECTION('',(-1.110223024625E-16,1.,0.));
#3777 = PLANE('',#3778);
#3778 = AXIS2_PLACEMENT_3D('',#3779,#3780,#3781);
#3779 = CARTESIAN_POINT('',(-0.625,-0.905,0.65));
#3780 = DIRECTION('',(1.,1.110223024625E-16,0.));
#3781 = DIRECTION('',(-1.110223024625E-16,1.,0.));
#3782 = ADVANCED_FACE('',(#3783),#3810,.F.);
#3783 = FACE_BOUND('',#3784,.F.);
#3784 = EDGE_LOOP('',(#3785,#3786,#3795,#3803));
#3785 = ORIENTED_EDGE('',*,*,#3306,.T.);
#3786 = ORIENTED_EDGE('',*,*,#3787,.T.);
#3787 = EDGE_CURVE('',#3299,#3788,#3790,.T.);
#3788 = VERTEX_POINT('',#3789);
#3789 = CARTESIAN_POINT('',(-0.674859965494,0.8,0.453739497412));
#3790 = CIRCLE('',#3791,5.E-02);
#3791 = AXIS2_PLACEMENT_3D('',#3792,#3793,#3794);
#3792 = CARTESIAN_POINT('',(-0.625,0.8,0.45));
#3793 = DIRECTION('',(-1.144237745222E-17,-1.,0.));
#3794 = DIRECTION('',(0.,0.,1.));
#3795 = ORIENTED_EDGE('',*,*,#3796,.F.);
#3796 = EDGE_CURVE('',#3797,#3788,#3799,.T.);
#3797 = VERTEX_POINT('',#3798);
#3798 = CARTESIAN_POINT('',(-0.674859965494,0.5,0.453739497412));
#3799 = LINE('',#3800,#3801);
#3800 = CARTESIAN_POINT('',(-0.674859965494,0.5,0.453739497412));
#3801 = VECTOR('',#3802,1.);
#3802 = DIRECTION('',(1.144237745222E-17,1.,0.));
#3803 = ORIENTED_EDGE('',*,*,#3804,.F.);
#3804 = EDGE_CURVE('',#3307,#3797,#3805,.T.);
#3805 = CIRCLE('',#3806,5.E-02);
#3806 = AXIS2_PLACEMENT_3D('',#3807,#3808,#3809);
#3807 = CARTESIAN_POINT('',(-0.625,0.5,0.45));
#3808 = DIRECTION('',(-1.144237745222E-17,-1.,0.));
#3809 = DIRECTION('',(0.,0.,1.));
#3810 = CYLINDRICAL_SURFACE('',#3811,5.E-02);
#3811 = AXIS2_PLACEMENT_3D('',#3812,#3813,#3814);
#3812 = CARTESIAN_POINT('',(-0.625,0.5,0.45));
#3813 = DIRECTION('',(-1.144237745222E-17,-1.,0.));
#3814 = DIRECTION('',(0.,0.,1.));
#3815 = ADVANCED_FACE('',(#3816),#3827,.F.);
#3816 = FACE_BOUND('',#3817,.F.);
#3817 = EDGE_LOOP('',(#3818,#3824,#3825,#3826));
#3818 = ORIENTED_EDGE('',*,*,#3819,.F.);
#3819 = EDGE_CURVE('',#3299,#3591,#3820,.T.);
#3820 = LINE('',#3821,#3822);
#3821 = CARTESIAN_POINT('',(-0.625,0.8,0.476940567806));
#3822 = VECTOR('',#3823,1.);
#3823 = DIRECTION('',(0.,0.,1.));
#3824 = ORIENTED_EDGE('',*,*,#3298,.T.);
#3825 = ORIENTED_EDGE('',*,*,#3615,.T.);
#3826 = ORIENTED_EDGE('',*,*,#3598,.F.);
#3827 = PLANE('',#3828);
#3828 = AXIS2_PLACEMENT_3D('',#3829,#3830,#3831);
#3829 = CARTESIAN_POINT('',(-0.625,-0.905,0.65));
#3830 = DIRECTION('',(1.,1.110223024625E-16,0.));
#3831 = DIRECTION('',(-1.110223024625E-16,1.,0.));
#3832 = ADVANCED_FACE('',(#3833),#3844,.F.);
#3833 = FACE_BOUND('',#3834,.F.);
#3834 = EDGE_LOOP('',(#3835,#3836,#3837,#3843));
#3835 = ORIENTED_EDGE('',*,*,#3502,.F.);
#3836 = ORIENTED_EDGE('',*,*,#3423,.T.);
#3837 = ORIENTED_EDGE('',*,*,#3838,.T.);
#3838 = EDGE_CURVE('',#3416,#3535,#3839,.T.);
#3839 = LINE('',#3840,#3841);
#3840 = CARTESIAN_POINT('',(0.625,0.8,0.476940567806));
#3841 = VECTOR('',#3842,1.);
#3842 = DIRECTION('',(0.,0.,1.));
#3843 = ORIENTED_EDGE('',*,*,#3534,.F.);
#3844 = PLANE('',#3845);
#3845 = AXIS2_PLACEMENT_3D('',#3846,#3847,#3848);
#3846 = CARTESIAN_POINT('',(0.625,0.905,0.65));
#3847 = DIRECTION('',(-1.,-1.110223024625E-16,0.));
#3848 = DIRECTION('',(1.110223024625E-16,-1.,0.));
#3849 = ADVANCED_FACE('',(#3850),#3877,.F.);
#3850 = FACE_BOUND('',#3851,.F.);
#3851 = EDGE_LOOP('',(#3852,#3853,#3862,#3870));
#3852 = ORIENTED_EDGE('',*,*,#3415,.T.);
#3853 = ORIENTED_EDGE('',*,*,#3854,.T.);
#3854 = EDGE_CURVE('',#3408,#3855,#3857,.T.);
#3855 = VERTEX_POINT('',#3856);
#3856 = CARTESIAN_POINT('',(0.674859965494,0.5,0.453739497412));
#3857 = CIRCLE('',#3858,5.E-02);
#3858 = AXIS2_PLACEMENT_3D('',#3859,#3860,#3861);
#3859 = CARTESIAN_POINT('',(0.625,0.5,0.45));
#3860 = DIRECTION('',(-1.110223024625E-16,1.,0.));
#3861 = DIRECTION('',(0.,0.,1.));
#3862 = ORIENTED_EDGE('',*,*,#3863,.F.);
#3863 = EDGE_CURVE('',#3864,#3855,#3866,.T.);
#3864 = VERTEX_POINT('',#3865);
#3865 = CARTESIAN_POINT('',(0.674859965494,0.8,0.453739497412));
#3866 = LINE('',#3867,#3868);
#3867 = CARTESIAN_POINT('',(0.674859965494,0.8,0.453739497412));
#3868 = VECTOR('',#3869,1.);
#3869 = DIRECTION('',(1.110223024625E-16,-1.,0.));
#3870 = ORIENTED_EDGE('',*,*,#3871,.F.);
#3871 = EDGE_CURVE('',#3416,#3864,#3872,.T.);
#3872 = CIRCLE('',#3873,5.E-02);
#3873 = AXIS2_PLACEMENT_3D('',#3874,#3875,#3876);
#3874 = CARTESIAN_POINT('',(0.625,0.8,0.45));
#3875 = DIRECTION('',(-1.110223024625E-16,1.,0.));
#3876 = DIRECTION('',(0.,0.,1.));
#3877 = CYLINDRICAL_SURFACE('',#3878,5.E-02);
#3878 = AXIS2_PLACEMENT_3D('',#3879,#3880,#3881);
#3879 = CARTESIAN_POINT('',(0.625,0.8,0.45));
#3880 = DIRECTION('',(-1.110223024625E-16,1.,0.));
#3881 = DIRECTION('',(0.,0.,1.));
#3882 = ADVANCED_FACE('',(#3883),#3908,.F.);
#3883 = FACE_BOUND('',#3884,.F.);
#3884 = EDGE_LOOP('',(#3885,#3893,#3894,#3902));
#3885 = ORIENTED_EDGE('',*,*,#3886,.F.);
#3886 = EDGE_CURVE('',#3408,#3887,#3889,.T.);
#3887 = VERTEX_POINT('',#3888);
#3888 = CARTESIAN_POINT('',(0.625,0.5,0.65));
#3889 = LINE('',#3890,#3891);
#3890 = CARTESIAN_POINT('',(0.625,0.5,0.476940567806));
#3891 = VECTOR('',#3892,1.);
#3892 = DIRECTION('',(0.,0.,1.));
#3893 = ORIENTED_EDGE('',*,*,#3407,.T.);
#3894 = ORIENTED_EDGE('',*,*,#3895,.T.);
#3895 = EDGE_CURVE('',#3400,#3896,#3898,.T.);
#3896 = VERTEX_POINT('',#3897);
#3897 = CARTESIAN_POINT('',(0.625,0.15,0.65));
#3898 = LINE('',#3899,#3900);
#3899 = CARTESIAN_POINT('',(0.625,0.15,0.476940567806));
#3900 = VECTOR('',#3901,1.);
#3901 = DIRECTION('',(0.,0.,1.));
#3902 = ORIENTED_EDGE('',*,*,#3903,.F.);
#3903 = EDGE_CURVE('',#3887,#3896,#3904,.T.);
#3904 = LINE('',#3905,#3906);
#3905 = CARTESIAN_POINT('',(0.625,0.905,0.65));
#3906 = VECTOR('',#3907,1.);
#3907 = DIRECTION('',(1.110223024625E-16,-1.,0.));
#3908 = PLANE('',#3909);
#3909 = AXIS2_PLACEMENT_3D('',#3910,#3911,#3912);
#3910 = CARTESIAN_POINT('',(0.625,0.905,0.65));
#3911 = DIRECTION('',(-1.,-1.110223024625E-16,0.));
#3912 = DIRECTION('',(1.110223024625E-16,-1.,0.));
#3913 = ADVANCED_FACE('',(#3914),#3941,.F.);
#3914 = FACE_BOUND('',#3915,.F.);
#3915 = EDGE_LOOP('',(#3916,#3917,#3926,#3934));
#3916 = ORIENTED_EDGE('',*,*,#3399,.T.);
#3917 = ORIENTED_EDGE('',*,*,#3918,.T.);
#3918 = EDGE_CURVE('',#3392,#3919,#3921,.T.);
#3919 = VERTEX_POINT('',#3920);
#3920 = CARTESIAN_POINT('',(0.674859965494,-0.15,0.453739497412));
#3921 = CIRCLE('',#3922,5.E-02);
#3922 = AXIS2_PLACEMENT_3D('',#3923,#3924,#3925);
#3923 = CARTESIAN_POINT('',(0.625,-0.15,0.45));
#3924 = DIRECTION('',(-1.110223024625E-16,1.,0.));
#3925 = DIRECTION('',(0.,0.,1.));
#3926 = ORIENTED_EDGE('',*,*,#3927,.F.);
#3927 = EDGE_CURVE('',#3928,#3919,#3930,.T.);
#3928 = VERTEX_POINT('',#3929);
#3929 = CARTESIAN_POINT('',(0.674859965494,0.15,0.453739497412));
#3930 = LINE('',#3931,#3932);
#3931 = CARTESIAN_POINT('',(0.674859965494,0.15,0.453739497412));
#3932 = VECTOR('',#3933,1.);
#3933 = DIRECTION('',(1.110223024625E-16,-1.,0.));
#3934 = ORIENTED_EDGE('',*,*,#3935,.F.);
#3935 = EDGE_CURVE('',#3400,#3928,#3936,.T.);
#3936 = CIRCLE('',#3937,5.E-02);
#3937 = AXIS2_PLACEMENT_3D('',#3938,#3939,#3940);
#3938 = CARTESIAN_POINT('',(0.625,0.15,0.45));
#3939 = DIRECTION('',(-1.110223024625E-16,1.,0.));
#3940 = DIRECTION('',(0.,0.,1.));
#3941 = CYLINDRICAL_SURFACE('',#3942,5.E-02);
#3942 = AXIS2_PLACEMENT_3D('',#3943,#3944,#3945);
#3943 = CARTESIAN_POINT('',(0.625,0.15,0.45));
#3944 = DIRECTION('',(-1.110223024625E-16,1.,0.));
#3945 = DIRECTION('',(0.,0.,1.));
#3946 = ADVANCED_FACE('',(#3947),#3972,.F.);
#3947 = FACE_BOUND('',#3948,.F.);
#3948 = EDGE_LOOP('',(#3949,#3957,#3958,#3966));
#3949 = ORIENTED_EDGE('',*,*,#3950,.F.);
#3950 = EDGE_CURVE('',#3392,#3951,#3953,.T.);
#3951 = VERTEX_POINT('',#3952);
#3952 = CARTESIAN_POINT('',(0.625,-0.15,0.65));
#3953 = LINE('',#3954,#3955);
#3954 = CARTESIAN_POINT('',(0.625,-0.15,0.476940567806));
#3955 = VECTOR('',#3956,1.);
#3956 = DIRECTION('',(0.,0.,1.));
#3957 = ORIENTED_EDGE('',*,*,#3391,.T.);
#3958 = ORIENTED_EDGE('',*,*,#3959,.T.);
#3959 = EDGE_CURVE('',#3384,#3960,#3962,.T.);
#3960 = VERTEX_POINT('',#3961);
#3961 = CARTESIAN_POINT('',(0.625,-0.5,0.65));
#3962 = LINE('',#3963,#3964);
#3963 = CARTESIAN_POINT('',(0.625,-0.5,0.476940567806));
#3964 = VECTOR('',#3965,1.);
#3965 = DIRECTION('',(0.,0.,1.));
#3966 = ORIENTED_EDGE('',*,*,#3967,.F.);
#3967 = EDGE_CURVE('',#3951,#3960,#3968,.T.);
#3968 = LINE('',#3969,#3970);
#3969 = CARTESIAN_POINT('',(0.625,0.905,0.65));
#3970 = VECTOR('',#3971,1.);
#3971 = DIRECTION('',(1.110223024625E-16,-1.,0.));
#3972 = PLANE('',#3973);
#3973 = AXIS2_PLACEMENT_3D('',#3974,#3975,#3976);
#3974 = CARTESIAN_POINT('',(0.625,0.905,0.65));
#3975 = DIRECTION('',(-1.,-1.110223024625E-16,0.));
#3976 = DIRECTION('',(1.110223024625E-16,-1.,0.));
#3977 = ADVANCED_FACE('',(#3978),#4005,.F.);
#3978 = FACE_BOUND('',#3979,.F.);
#3979 = EDGE_LOOP('',(#3980,#3981,#3990,#3998));
#3980 = ORIENTED_EDGE('',*,*,#3383,.T.);
#3981 = ORIENTED_EDGE('',*,*,#3982,.T.);
#3982 = EDGE_CURVE('',#3376,#3983,#3985,.T.);
#3983 = VERTEX_POINT('',#3984);
#3984 = CARTESIAN_POINT('',(0.674859965494,-0.8,0.453739497412));
#3985 = CIRCLE('',#3986,5.E-02);
#3986 = AXIS2_PLACEMENT_3D('',#3987,#3988,#3989);
#3987 = CARTESIAN_POINT('',(0.625,-0.8,0.45));
#3988 = DIRECTION('',(-1.110223024625E-16,1.,0.));
#3989 = DIRECTION('',(0.,0.,1.));
#3990 = ORIENTED_EDGE('',*,*,#3991,.F.);
#3991 = EDGE_CURVE('',#3992,#3983,#3994,.T.);
#3992 = VERTEX_POINT('',#3993);
#3993 = CARTESIAN_POINT('',(0.674859965494,-0.5,0.453739497412));
#3994 = LINE('',#3995,#3996);
#3995 = CARTESIAN_POINT('',(0.674859965494,-0.5,0.453739497412));
#3996 = VECTOR('',#3997,1.);
#3997 = DIRECTION('',(1.110223024625E-16,-1.,0.));
#3998 = ORIENTED_EDGE('',*,*,#3999,.F.);
#3999 = EDGE_CURVE('',#3384,#3992,#4000,.T.);
#4000 = CIRCLE('',#4001,5.E-02);
#4001 = AXIS2_PLACEMENT_3D('',#4002,#4003,#4004);
#4002 = CARTESIAN_POINT('',(0.625,-0.5,0.45));
#4003 = DIRECTION('',(-1.110223024625E-16,1.,0.));
#4004 = DIRECTION('',(0.,0.,1.));
#4005 = CYLINDRICAL_SURFACE('',#4006,5.E-02);
#4006 = AXIS2_PLACEMENT_3D('',#4007,#4008,#4009);
#4007 = CARTESIAN_POINT('',(0.625,-0.5,0.45));
#4008 = DIRECTION('',(-1.110223024625E-16,1.,0.));
#4009 = DIRECTION('',(0.,0.,1.));
#4010 = ADVANCED_FACE('',(#4011),#4035,.F.);
#4011 = FACE_BOUND('',#4012,.F.);
#4012 = EDGE_LOOP('',(#4013,#4021,#4022,#4029));
#4013 = ORIENTED_EDGE('',*,*,#4014,.F.);
#4014 = EDGE_CURVE('',#3376,#4015,#4017,.T.);
#4015 = VERTEX_POINT('',#4016);
#4016 = CARTESIAN_POINT('',(0.625,-0.8,0.65));
#4017 = LINE('',#4018,#4019);
#4018 = CARTESIAN_POINT('',(0.625,-0.8,0.476940567806));
#4019 = VECTOR('',#4020,1.);
#4020 = DIRECTION('',(0.,0.,1.));
#4021 = ORIENTED_EDGE('',*,*,#3375,.T.);
#4022 = ORIENTED_EDGE('',*,*,#4023,.T.);
#4023 = EDGE_CURVE('',#3369,#4024,#4026,.T.);
#4024 = VERTEX_POINT('',#4025);
#4025 = CARTESIAN_POINT('',(0.625,-0.905,0.65));
#4026 = B_SPLINE_CURVE_WITH_KNOTS('',1,(#4027,#4028),.UNSPECIFIED.,.F.,
  .F.,(2,2),(0.,1.),.PIECEWISE_BEZIER_KNOTS.);
#4027 = CARTESIAN_POINT('',(0.625,-0.905,0.5));
#4028 = CARTESIAN_POINT('',(0.625,-0.905,0.65));
#4029 = ORIENTED_EDGE('',*,*,#4030,.F.);
#4030 = EDGE_CURVE('',#4015,#4024,#4031,.T.);
#4031 = LINE('',#4032,#4033);
#4032 = CARTESIAN_POINT('',(0.625,0.905,0.65));
#4033 = VECTOR('',#4034,1.);
#4034 = DIRECTION('',(1.110223024625E-16,-1.,0.));
#4035 = PLANE('',#4036);
#4036 = AXIS2_PLACEMENT_3D('',#4037,#4038,#4039);
#4037 = CARTESIAN_POINT('',(0.625,0.905,0.65));
#4038 = DIRECTION('',(-1.,-1.110223024625E-16,0.));
#4039 = DIRECTION('',(1.110223024625E-16,-1.,0.));
#4040 = ADVANCED_FACE('',(#4041),#4058,.F.);
#4041 = FACE_BOUND('',#4042,.F.);
#4042 = EDGE_LOOP('',(#4043,#4044,#4045,#4053));
#4043 = ORIENTED_EDGE('',*,*,#3440,.T.);
#4044 = ORIENTED_EDGE('',*,*,#3628,.T.);
#4045 = ORIENTED_EDGE('',*,*,#4046,.F.);
#4046 = EDGE_CURVE('',#4047,#3629,#4049,.T.);
#4047 = VERTEX_POINT('',#4048);
#4048 = CARTESIAN_POINT('',(-0.53,-1.,0.65));
#4049 = LINE('',#4050,#4051);
#4050 = CARTESIAN_POINT('',(-0.53,-1.,0.65));
#4051 = VECTOR('',#4052,1.);
#4052 = DIRECTION('',(-0.707106781187,0.707106781187,0.));
#4053 = ORIENTED_EDGE('',*,*,#4054,.F.);
#4054 = EDGE_CURVE('',#3441,#4047,#4055,.T.);
#4055 = B_SPLINE_CURVE_WITH_KNOTS('',1,(#4056,#4057),.UNSPECIFIED.,.F.,
  .F.,(2,2),(0.,1.),.PIECEWISE_BEZIER_KNOTS.);
#4056 = CARTESIAN_POINT('',(-0.53,-1.,0.5));
#4057 = CARTESIAN_POINT('',(-0.53,-1.,0.65));
#4058 = PLANE('',#4059);
#4059 = AXIS2_PLACEMENT_3D('',#4060,#4061,#4062);
#4060 = CARTESIAN_POINT('',(-0.53,-1.,0.65));
#4061 = DIRECTION('',(0.707106781187,0.707106781187,0.));
#4062 = DIRECTION('',(-0.707106781187,0.707106781187,0.));
#4063 = ADVANCED_FACE('',(#4064),#4081,.F.);
#4064 = FACE_BOUND('',#4065,.F.);
#4065 = EDGE_LOOP('',(#4066,#4067,#4074,#4080));
#4066 = ORIENTED_EDGE('',*,*,#3469,.T.);
#4067 = ORIENTED_EDGE('',*,*,#4068,.T.);
#4068 = EDGE_CURVE('',#3463,#4069,#4071,.T.);
#4069 = VERTEX_POINT('',#4070);
#4070 = CARTESIAN_POINT('',(0.53,-1.,0.65));
#4071 = B_SPLINE_CURVE_WITH_KNOTS('',1,(#4072,#4073),.UNSPECIFIED.,.F.,
  .F.,(2,2),(0.,1.),.PIECEWISE_BEZIER_KNOTS.);
#4072 = CARTESIAN_POINT('',(0.53,-1.,0.5));
#4073 = CARTESIAN_POINT('',(0.53,-1.,0.65));
#4074 = ORIENTED_EDGE('',*,*,#4075,.F.);
#4075 = EDGE_CURVE('',#4024,#4069,#4076,.T.);
#4076 = LINE('',#4077,#4078);
#4077 = CARTESIAN_POINT('',(0.625,-0.905,0.65));
#4078 = VECTOR('',#4079,1.);
#4079 = DIRECTION('',(-0.707106781187,-0.707106781187,0.));
#4080 = ORIENTED_EDGE('',*,*,#4023,.F.);
#4081 = PLANE('',#4082);
#4082 = AXIS2_PLACEMENT_3D('',#4083,#4084,#4085);
#4083 = CARTESIAN_POINT('',(0.625,-0.905,0.65));
#4084 = DIRECTION('',(-0.707106781187,0.707106781187,0.));
#4085 = DIRECTION('',(-0.707106781187,-0.707106781187,0.));
#4086 = ADVANCED_FACE('',(#4087),#4098,.F.);
#4087 = FACE_BOUND('',#4088,.F.);
#4088 = EDGE_LOOP('',(#4089,#4090,#4091,#4097));
#4089 = ORIENTED_EDGE('',*,*,#3486,.T.);
#4090 = ORIENTED_EDGE('',*,*,#4054,.T.);
#4091 = ORIENTED_EDGE('',*,*,#4092,.F.);
#4092 = EDGE_CURVE('',#4069,#4047,#4093,.T.);
#4093 = LINE('',#4094,#4095);
#4094 = CARTESIAN_POINT('',(0.53,-1.,0.65));
#4095 = VECTOR('',#4096,1.);
#4096 = DIRECTION('',(-1.,-1.110223024625E-16,0.));
#4097 = ORIENTED_EDGE('',*,*,#4068,.F.);
#4098 = PLANE('',#4099);
#4099 = AXIS2_PLACEMENT_3D('',#4100,#4101,#4102);
#4100 = CARTESIAN_POINT('',(0.53,-1.,0.65));
#4101 = DIRECTION('',(-1.110223024625E-16,1.,0.));
#4102 = DIRECTION('',(-1.,-1.110223024625E-16,0.));
#4103 = ADVANCED_FACE('',(#4104),#4127,.F.);
#4104 = FACE_BOUND('',#4105,.F.);
#4105 = EDGE_LOOP('',(#4106,#4114,#4120,#4121));
#4106 = ORIENTED_EDGE('',*,*,#4107,.F.);
#4107 = EDGE_CURVE('',#3765,#4108,#4110,.T.);
#4108 = VERTEX_POINT('',#4109);
#4109 = CARTESIAN_POINT('',(-0.6,0.5,0.65));
#4110 = LINE('',#4111,#4112);
#4111 = CARTESIAN_POINT('',(-0.625,0.5,0.65));
#4112 = VECTOR('',#4113,1.);
#4113 = DIRECTION('',(1.,-1.144237745222E-17,0.));
#4114 = ORIENTED_EDGE('',*,*,#4115,.T.);
#4115 = EDGE_CURVE('',#3765,#3591,#4116,.T.);
#4116 = LINE('',#4117,#4118);
#4117 = CARTESIAN_POINT('',(-0.625,0.5,0.65));
#4118 = VECTOR('',#4119,1.);
#4119 = DIRECTION('',(1.144237745222E-17,1.,0.));
#4120 = ORIENTED_EDGE('',*,*,#3590,.T.);
#4121 = ORIENTED_EDGE('',*,*,#4122,.F.);
#4122 = EDGE_CURVE('',#4108,#3583,#4123,.T.);
#4123 = LINE('',#4124,#4125);
#4124 = CARTESIAN_POINT('',(-0.6,-0.8925,0.65));
#4125 = VECTOR('',#4126,1.);
#4126 = DIRECTION('',(-1.110223024625E-16,1.,0.));
#4127 = PLANE('',#4128);
#4128 = AXIS2_PLACEMENT_3D('',#4129,#4130,#4131);
#4129 = CARTESIAN_POINT('',(-0.625,0.5,0.65));
#4130 = DIRECTION('',(0.,0.,-1.));
#4131 = DIRECTION('',(1.,-1.144237745222E-17,0.));
#4132 = ADVANCED_FACE('',(#4133),#4197,.F.);
#4133 = FACE_BOUND('',#4134,.F.);
#4134 = EDGE_LOOP('',(#4135,#4145,#4153,#4161,#4169,#4175,#4176,#4177,
    #4184,#4192));
#4135 = ORIENTED_EDGE('',*,*,#4136,.T.);
#4136 = EDGE_CURVE('',#4137,#4139,#4141,.T.);
#4137 = VERTEX_POINT('',#4138);
#4138 = CARTESIAN_POINT('',(-0.6,-0.8925,0.65));
#4139 = VERTEX_POINT('',#4140);
#4140 = CARTESIAN_POINT('',(-0.6,-0.8,0.65));
#4141 = LINE('',#4142,#4143);
#4142 = CARTESIAN_POINT('',(-0.6,-0.8925,0.65));
#4143 = VECTOR('',#4144,1.);
#4144 = DIRECTION('',(-1.110223024625E-16,1.,0.));
#4145 = ORIENTED_EDGE('',*,*,#4146,.T.);
#4146 = EDGE_CURVE('',#4139,#4147,#4149,.T.);
#4147 = VERTEX_POINT('',#4148);
#4148 = CARTESIAN_POINT('',(-0.6,-0.5,0.65));
#4149 = LINE('',#4150,#4151);
#4150 = CARTESIAN_POINT('',(-0.6,-0.8925,0.65));
#4151 = VECTOR('',#4152,1.);
#4152 = DIRECTION('',(-1.110223024625E-16,1.,0.));
#4153 = ORIENTED_EDGE('',*,*,#4154,.T.);
#4154 = EDGE_CURVE('',#4147,#4155,#4157,.T.);
#4155 = VERTEX_POINT('',#4156);
#4156 = CARTESIAN_POINT('',(-0.6,-0.15,0.65));
#4157 = LINE('',#4158,#4159);
#4158 = CARTESIAN_POINT('',(-0.6,-0.8925,0.65));
#4159 = VECTOR('',#4160,1.);
#4160 = DIRECTION('',(-1.110223024625E-16,1.,0.));
#4161 = ORIENTED_EDGE('',*,*,#4162,.T.);
#4162 = EDGE_CURVE('',#4155,#4163,#4165,.T.);
#4163 = VERTEX_POINT('',#4164);
#4164 = CARTESIAN_POINT('',(-0.6,0.15,0.65));
#4165 = LINE('',#4166,#4167);
#4166 = CARTESIAN_POINT('',(-0.6,-0.8925,0.65));
#4167 = VECTOR('',#4168,1.);
#4168 = DIRECTION('',(-1.110223024625E-16,1.,0.));
#4169 = ORIENTED_EDGE('',*,*,#4170,.T.);
#4170 = EDGE_CURVE('',#4163,#4108,#4171,.T.);
#4171 = LINE('',#4172,#4173);
#4172 = CARTESIAN_POINT('',(-0.6,-0.8925,0.65));
#4173 = VECTOR('',#4174,1.);
#4174 = DIRECTION('',(-1.110223024625E-16,1.,0.));
#4175 = ORIENTED_EDGE('',*,*,#4122,.T.);
#4176 = ORIENTED_EDGE('',*,*,#3582,.T.);
#4177 = ORIENTED_EDGE('',*,*,#4178,.T.);
#4178 = EDGE_CURVE('',#3575,#4179,#4181,.T.);
#4179 = VERTEX_POINT('',#4180);
#4180 = CARTESIAN_POINT('',(-0.543783666119,0.86439183306,1.05));
#4181 = B_SPLINE_CURVE_WITH_KNOTS('',1,(#4182,#4183),.UNSPECIFIED.,.F.,
  .F.,(2,2),(0.,1.),.PIECEWISE_BEZIER_KNOTS.);
#4182 = CARTESIAN_POINT('',(-0.6,0.8925,0.65));
#4183 = CARTESIAN_POINT('',(-0.543783666119,0.86439183306,1.05));
#4184 = ORIENTED_EDGE('',*,*,#4185,.F.);
#4185 = EDGE_CURVE('',#4186,#4179,#4188,.T.);
#4186 = VERTEX_POINT('',#4187);
#4187 = CARTESIAN_POINT('',(-0.543783666119,-0.86439183306,1.05));
#4188 = LINE('',#4189,#4190);
#4189 = CARTESIAN_POINT('',(-0.543783666119,-0.86439183306,1.05));
#4190 = VECTOR('',#4191,1.);
#4191 = DIRECTION('',(-1.110223024625E-16,1.,0.));
#4192 = ORIENTED_EDGE('',*,*,#4193,.F.);
#4193 = EDGE_CURVE('',#4137,#4186,#4194,.T.);
#4194 = B_SPLINE_CURVE_WITH_KNOTS('',1,(#4195,#4196),.UNSPECIFIED.,.F.,
  .F.,(2,2),(0.,1.),.PIECEWISE_BEZIER_KNOTS.);
#4195 = CARTESIAN_POINT('',(-0.6,-0.8925,0.65));
#4196 = CARTESIAN_POINT('',(-0.543783666119,-0.86439183306,1.05));
#4197 = B_SPLINE_SURFACE_WITH_KNOTS('',1,1,(
    (#4198,#4199)
    ,(#4200,#4201
    )),.UNSPECIFIED.,.F.,.F.,.F.,(2,2),(2,2),(0.,1.785),(0.,1.),
  .PIECEWISE_BEZIER_KNOTS.);
#4198 = CARTESIAN_POINT('',(-0.6,-0.8925,0.65));
#4199 = CARTESIAN_POINT('',(-0.543783666119,-0.86439183306,1.05));
#4200 = CARTESIAN_POINT('',(-0.6,0.8925,0.65));
#4201 = CARTESIAN_POINT('',(-0.543783666119,0.86439183306,1.05));
#4202 = ADVANCED_FACE('',(#4203),#4220,.F.);
#4203 = FACE_BOUND('',#4204,.F.);
#4204 = EDGE_LOOP('',(#4205,#4206,#4213,#4219));
#4205 = ORIENTED_EDGE('',*,*,#3574,.T.);
#4206 = ORIENTED_EDGE('',*,*,#4207,.T.);
#4207 = EDGE_CURVE('',#3567,#4208,#4210,.T.);
#4208 = VERTEX_POINT('',#4209);
#4209 = CARTESIAN_POINT('',(-0.48939183306,0.918783666119,1.05));
#4210 = B_SPLINE_CURVE_WITH_KNOTS('',1,(#4211,#4212),.UNSPECIFIED.,.F.,
  .F.,(2,2),(0.,1.),.PIECEWISE_BEZIER_KNOTS.);
#4211 = CARTESIAN_POINT('',(-0.5175,0.975,0.65));
#4212 = CARTESIAN_POINT('',(-0.48939183306,0.918783666119,1.05));
#4213 = ORIENTED_EDGE('',*,*,#4214,.F.);
#4214 = EDGE_CURVE('',#4179,#4208,#4215,.T.);
#4215 = LINE('',#4216,#4217);
#4216 = CARTESIAN_POINT('',(-0.543783666119,0.86439183306,1.05));
#4217 = VECTOR('',#4218,1.);
#4218 = DIRECTION('',(0.707106781187,0.707106781187,0.));
#4219 = ORIENTED_EDGE('',*,*,#4178,.F.);
#4220 = B_SPLINE_SURFACE_WITH_KNOTS('',1,1,(
    (#4221,#4222)
    ,(#4223,#4224
    )),.UNSPECIFIED.,.F.,.F.,.F.,(2,2),(2,2),(0.,0.116672618896),(0.,1.)
  ,.PIECEWISE_BEZIER_KNOTS.);
#4221 = CARTESIAN_POINT('',(-0.6,0.8925,0.65));
#4222 = CARTESIAN_POINT('',(-0.543783666119,0.86439183306,1.05));
#4223 = CARTESIAN_POINT('',(-0.5175,0.975,0.65));
#4224 = CARTESIAN_POINT('',(-0.48939183306,0.918783666119,1.05));
#4225 = ADVANCED_FACE('',(#4226),#4243,.F.);
#4226 = FACE_BOUND('',#4227,.F.);
#4227 = EDGE_LOOP('',(#4228,#4229,#4236,#4242));
#4228 = ORIENTED_EDGE('',*,*,#3566,.T.);
#4229 = ORIENTED_EDGE('',*,*,#4230,.T.);
#4230 = EDGE_CURVE('',#3559,#4231,#4233,.T.);
#4231 = VERTEX_POINT('',#4232);
#4232 = CARTESIAN_POINT('',(0.48939183306,0.918783666119,1.05));
#4233 = B_SPLINE_CURVE_WITH_KNOTS('',1,(#4234,#4235),.UNSPECIFIED.,.F.,
  .F.,(2,2),(0.,1.),.PIECEWISE_BEZIER_KNOTS.);
#4234 = CARTESIAN_POINT('',(0.5175,0.975,0.65));
#4235 = CARTESIAN_POINT('',(0.48939183306,0.918783666119,1.05));
#4236 = ORIENTED_EDGE('',*,*,#4237,.F.);
#4237 = EDGE_CURVE('',#4208,#4231,#4238,.T.);
#4238 = LINE('',#4239,#4240);
#4239 = CARTESIAN_POINT('',(-0.48939183306,0.918783666119,1.05));
#4240 = VECTOR('',#4241,1.);
#4241 = DIRECTION('',(1.,1.110223024625E-16,0.));
#4242 = ORIENTED_EDGE('',*,*,#4207,.F.);
#4243 = B_SPLINE_SURFACE_WITH_KNOTS('',1,1,(
    (#4244,#4245)
    ,(#4246,#4247
    )),.UNSPECIFIED.,.F.,.F.,.F.,(2,2),(2,2),(0.,1.035),(0.,1.),
  .PIECEWISE_BEZIER_KNOTS.);
#4244 = CARTESIAN_POINT('',(-0.5175,0.975,0.65));
#4245 = CARTESIAN_POINT('',(-0.48939183306,0.918783666119,1.05));
#4246 = CARTESIAN_POINT('',(0.5175,0.975,0.65));
#4247 = CARTESIAN_POINT('',(0.48939183306,0.918783666119,1.05));
#4248 = ADVANCED_FACE('',(#4249),#4266,.F.);
#4249 = FACE_BOUND('',#4250,.F.);
#4250 = EDGE_LOOP('',(#4251,#4252,#4259,#4265));
#4251 = ORIENTED_EDGE('',*,*,#3558,.T.);
#4252 = ORIENTED_EDGE('',*,*,#4253,.T.);
#4253 = EDGE_CURVE('',#3551,#4254,#4256,.T.);
#4254 = VERTEX_POINT('',#4255);
#4255 = CARTESIAN_POINT('',(0.543783666119,0.86439183306,1.05));
#4256 = B_SPLINE_CURVE_WITH_KNOTS('',1,(#4257,#4258),.UNSPECIFIED.,.F.,
  .F.,(2,2),(0.,1.),.PIECEWISE_BEZIER_KNOTS.);
#4257 = CARTESIAN_POINT('',(0.6,0.8925,0.65));
#4258 = CARTESIAN_POINT('',(0.543783666119,0.86439183306,1.05));
#4259 = ORIENTED_EDGE('',*,*,#4260,.F.);
#4260 = EDGE_CURVE('',#4231,#4254,#4261,.T.);
#4261 = LINE('',#4262,#4263);
#4262 = CARTESIAN_POINT('',(0.48939183306,0.918783666119,1.05));
#4263 = VECTOR('',#4264,1.);
#4264 = DIRECTION('',(0.707106781187,-0.707106781187,0.));
#4265 = ORIENTED_EDGE('',*,*,#4230,.F.);
#4266 = B_SPLINE_SURFACE_WITH_KNOTS('',1,1,(
    (#4267,#4268)
    ,(#4269,#4270
    )),.UNSPECIFIED.,.F.,.F.,.F.,(2,2),(2,2),(0.,0.116672618896),(0.,1.)
  ,.PIECEWISE_BEZIER_KNOTS.);
#4267 = CARTESIAN_POINT('',(0.5175,0.975,0.65));
#4268 = CARTESIAN_POINT('',(0.48939183306,0.918783666119,1.05));
#4269 = CARTESIAN_POINT('',(0.6,0.8925,0.65));
#4270 = CARTESIAN_POINT('',(0.543783666119,0.86439183306,1.05));
#4271 = ADVANCED_FACE('',(#4272),#4337,.F.);
#4272 = FACE_BOUND('',#4273,.F.);
#4273 = EDGE_LOOP('',(#4274,#4275,#4283,#4291,#4299,#4307,#4315,#4323,
    #4330,#4336));
#4274 = ORIENTED_EDGE('',*,*,#3550,.T.);
#4275 = ORIENTED_EDGE('',*,*,#4276,.T.);
#4276 = EDGE_CURVE('',#3543,#4277,#4279,.T.);
#4277 = VERTEX_POINT('',#4278);
#4278 = CARTESIAN_POINT('',(0.6,0.5,0.65));
#4279 = LINE('',#4280,#4281);
#4280 = CARTESIAN_POINT('',(0.6,0.8925,0.65));
#4281 = VECTOR('',#4282,1.);
#4282 = DIRECTION('',(1.110223024625E-16,-1.,0.));
#4283 = ORIENTED_EDGE('',*,*,#4284,.T.);
#4284 = EDGE_CURVE('',#4277,#4285,#4287,.T.);
#4285 = VERTEX_POINT('',#4286);
#4286 = CARTESIAN_POINT('',(0.6,0.15,0.65));
#4287 = LINE('',#4288,#4289);
#4288 = CARTESIAN_POINT('',(0.6,0.8925,0.65));
#4289 = VECTOR('',#4290,1.);
#4290 = DIRECTION('',(1.110223024625E-16,-1.,0.));
#4291 = ORIENTED_EDGE('',*,*,#4292,.T.);
#4292 = EDGE_CURVE('',#4285,#4293,#4295,.T.);
#4293 = VERTEX_POINT('',#4294);
#4294 = CARTESIAN_POINT('',(0.6,-0.15,0.65));
#4295 = LINE('',#4296,#4297);
#4296 = CARTESIAN_POINT('',(0.6,0.8925,0.65));
#4297 = VECTOR('',#4298,1.);
#4298 = DIRECTION('',(1.110223024625E-16,-1.,0.));
#4299 = ORIENTED_EDGE('',*,*,#4300,.T.);
#4300 = EDGE_CURVE('',#4293,#4301,#4303,.T.);
#4301 = VERTEX_POINT('',#4302);
#4302 = CARTESIAN_POINT('',(0.6,-0.5,0.65));
#4303 = LINE('',#4304,#4305);
#4304 = CARTESIAN_POINT('',(0.6,0.8925,0.65));
#4305 = VECTOR('',#4306,1.);
#4306 = DIRECTION('',(1.110223024625E-16,-1.,0.));
#4307 = ORIENTED_EDGE('',*,*,#4308,.T.);
#4308 = EDGE_CURVE('',#4301,#4309,#4311,.T.);
#4309 = VERTEX_POINT('',#4310);
#4310 = CARTESIAN_POINT('',(0.6,-0.8,0.65));
#4311 = LINE('',#4312,#4313);
#4312 = CARTESIAN_POINT('',(0.6,0.8925,0.65));
#4313 = VECTOR('',#4314,1.);
#4314 = DIRECTION('',(1.110223024625E-16,-1.,0.));
#4315 = ORIENTED_EDGE('',*,*,#4316,.T.);
#4316 = EDGE_CURVE('',#4309,#4317,#4319,.T.);
#4317 = VERTEX_POINT('',#4318);
#4318 = CARTESIAN_POINT('',(0.6,-0.8925,0.65));
#4319 = LINE('',#4320,#4321);
#4320 = CARTESIAN_POINT('',(0.6,0.8925,0.65));
#4321 = VECTOR('',#4322,1.);
#4322 = DIRECTION('',(1.110223024625E-16,-1.,0.));
#4323 = ORIENTED_EDGE('',*,*,#4324,.T.);
#4324 = EDGE_CURVE('',#4317,#4325,#4327,.T.);
#4325 = VERTEX_POINT('',#4326);
#4326 = CARTESIAN_POINT('',(0.543783666119,-0.86439183306,1.05));
#4327 = B_SPLINE_CURVE_WITH_KNOTS('',1,(#4328,#4329),.UNSPECIFIED.,.F.,
  .F.,(2,2),(0.,1.),.PIECEWISE_BEZIER_KNOTS.);
#4328 = CARTESIAN_POINT('',(0.6,-0.8925,0.65));
#4329 = CARTESIAN_POINT('',(0.543783666119,-0.86439183306,1.05));
#4330 = ORIENTED_EDGE('',*,*,#4331,.F.);
#4331 = EDGE_CURVE('',#4254,#4325,#4332,.T.);
#4332 = LINE('',#4333,#4334);
#4333 = CARTESIAN_POINT('',(0.543783666119,0.86439183306,1.05));
#4334 = VECTOR('',#4335,1.);
#4335 = DIRECTION('',(1.110223024625E-16,-1.,0.));
#4336 = ORIENTED_EDGE('',*,*,#4253,.F.);
#4337 = B_SPLINE_SURFACE_WITH_KNOTS('',1,1,(
    (#4338,#4339)
    ,(#4340,#4341
    )),.UNSPECIFIED.,.F.,.F.,.F.,(2,2),(2,2),(0.,1.785),(0.,1.),
  .PIECEWISE_BEZIER_KNOTS.);
#4338 = CARTESIAN_POINT('',(0.6,0.8925,0.65));
#4339 = CARTESIAN_POINT('',(0.543783666119,0.86439183306,1.05));
#4340 = CARTESIAN_POINT('',(0.6,-0.8925,0.65));
#4341 = CARTESIAN_POINT('',(0.543783666119,-0.86439183306,1.05));
#4342 = ADVANCED_FACE('',(#4343),#4359,.F.);
#4343 = FACE_BOUND('',#4344,.F.);
#4344 = EDGE_LOOP('',(#4345,#4346,#4352,#4358));
#4345 = ORIENTED_EDGE('',*,*,#3542,.F.);
#4346 = ORIENTED_EDGE('',*,*,#4347,.T.);
#4347 = EDGE_CURVE('',#3535,#3887,#4348,.T.);
#4348 = LINE('',#4349,#4350);
#4349 = CARTESIAN_POINT('',(0.625,0.8,0.65));
#4350 = VECTOR('',#4351,1.);
#4351 = DIRECTION('',(1.110223024625E-16,-1.,0.));
#4352 = ORIENTED_EDGE('',*,*,#4353,.T.);
#4353 = EDGE_CURVE('',#3887,#4277,#4354,.T.);
#4354 = LINE('',#4355,#4356);
#4355 = CARTESIAN_POINT('',(0.625,0.5,0.65));
#4356 = VECTOR('',#4357,1.);
#4357 = DIRECTION('',(-1.,-1.110223024625E-16,0.));
#4358 = ORIENTED_EDGE('',*,*,#4276,.F.);
#4359 = PLANE('',#4360);
#4360 = AXIS2_PLACEMENT_3D('',#4361,#4362,#4363);
#4361 = CARTESIAN_POINT('',(0.625,0.8,0.65));
#4362 = DIRECTION('',(0.,0.,-1.));
#4363 = DIRECTION('',(-1.,-1.110223024625E-16,-0.));
#4364 = ADVANCED_FACE('',(#4365),#4408,.F.);
#4365 = FACE_BOUND('',#4366,.F.);
#4366 = EDGE_LOOP('',(#4367,#4368,#4374,#4375,#4383,#4391,#4397,#4398,
    #4404,#4405,#4406,#4407));
#4367 = ORIENTED_EDGE('',*,*,#3644,.T.);
#4368 = ORIENTED_EDGE('',*,*,#4369,.T.);
#4369 = EDGE_CURVE('',#3637,#4139,#4370,.T.);
#4370 = LINE('',#4371,#4372);
#4371 = CARTESIAN_POINT('',(-0.625,-0.8,0.65));
#4372 = VECTOR('',#4373,1.);
#4373 = DIRECTION('',(1.,-1.144237745222E-17,0.));
#4374 = ORIENTED_EDGE('',*,*,#4136,.F.);
#4375 = ORIENTED_EDGE('',*,*,#4376,.F.);
#4376 = EDGE_CURVE('',#4377,#4137,#4379,.T.);
#4377 = VERTEX_POINT('',#4378);
#4378 = CARTESIAN_POINT('',(-0.5175,-0.975,0.65));
#4379 = LINE('',#4380,#4381);
#4380 = CARTESIAN_POINT('',(-0.5175,-0.975,0.65));
#4381 = VECTOR('',#4382,1.);
#4382 = DIRECTION('',(-0.707106781187,0.707106781187,0.));
#4383 = ORIENTED_EDGE('',*,*,#4384,.F.);
#4384 = EDGE_CURVE('',#4385,#4377,#4387,.T.);
#4385 = VERTEX_POINT('',#4386);
#4386 = CARTESIAN_POINT('',(0.5175,-0.975,0.65));
#4387 = LINE('',#4388,#4389);
#4388 = CARTESIAN_POINT('',(0.5175,-0.975,0.65));
#4389 = VECTOR('',#4390,1.);
#4390 = DIRECTION('',(-1.,-1.110223024625E-16,0.));
#4391 = ORIENTED_EDGE('',*,*,#4392,.F.);
#4392 = EDGE_CURVE('',#4317,#4385,#4393,.T.);
#4393 = LINE('',#4394,#4395);
#4394 = CARTESIAN_POINT('',(0.6,-0.8925,0.65));
#4395 = VECTOR('',#4396,1.);
#4396 = DIRECTION('',(-0.707106781187,-0.707106781187,0.));
#4397 = ORIENTED_EDGE('',*,*,#4316,.F.);
#4398 = ORIENTED_EDGE('',*,*,#4399,.F.);
#4399 = EDGE_CURVE('',#4015,#4309,#4400,.T.);
#4400 = LINE('',#4401,#4402);
#4401 = CARTESIAN_POINT('',(0.625,-0.8,0.65));
#4402 = VECTOR('',#4403,1.);
#4403 = DIRECTION('',(-1.,-1.110223024625E-16,0.));
#4404 = ORIENTED_EDGE('',*,*,#4030,.T.);
#4405 = ORIENTED_EDGE('',*,*,#4075,.T.);
#4406 = ORIENTED_EDGE('',*,*,#4092,.T.);
#4407 = ORIENTED_EDGE('',*,*,#4046,.T.);
#4408 = PLANE('',#4409);
#4409 = AXIS2_PLACEMENT_3D('',#4410,#4411,#4412);
#4410 = CARTESIAN_POINT('',(-9.862404740446E-17,0.9875,0.65));
#4411 = DIRECTION('',(-2.227991506605E-32,1.427773043334E-27,-1.));
#4412 = DIRECTION('',(1.,9.174032648906E-17,-2.227991506592E-32));
#4413 = ADVANCED_FACE('',(#4414),#4483,.F.);
#4414 = FACE_BOUND('',#4415,.F.);
#4415 = EDGE_LOOP('',(#4416,#4417,#4418,#4426,#4435,#4443,#4451,#4459,
    #4468,#4476));
#4416 = ORIENTED_EDGE('',*,*,#3636,.F.);
#4417 = ORIENTED_EDGE('',*,*,#3676,.T.);
#4418 = ORIENTED_EDGE('',*,*,#4419,.T.);
#4419 = EDGE_CURVE('',#3669,#4420,#4422,.T.);
#4420 = VERTEX_POINT('',#4421);
#4421 = CARTESIAN_POINT('',(-0.690700172528,-0.8,0.23130251294));
#4422 = LINE('',#4423,#4424);
#4423 = CARTESIAN_POINT('',(-0.674859965494,-0.8,0.453739497412));
#4424 = VECTOR('',#4425,1.);
#4425 = DIRECTION('',(-7.103222981865E-02,8.127775848577E-19,
    -0.997474020878));
#4426 = ORIENTED_EDGE('',*,*,#4427,.T.);
#4427 = EDGE_CURVE('',#4420,#4428,#4430,.T.);
#4428 = VERTEX_POINT('',#4429);
#4429 = CARTESIAN_POINT('',(-0.94,-0.8,8.326672684689E-17));
#4430 = CIRCLE('',#4431,0.25);
#4431 = AXIS2_PLACEMENT_3D('',#4432,#4433,#4434);
#4432 = CARTESIAN_POINT('',(-0.94,-0.8,0.25));
#4433 = DIRECTION('',(1.144237745222E-17,1.,-4.814824860968E-34));
#4434 = DIRECTION('',(0.997199309888,-1.141033089884E-17,
    -7.478994824166E-02));
#4435 = ORIENTED_EDGE('',*,*,#4436,.T.);
#4436 = EDGE_CURVE('',#4428,#4437,#4439,.T.);
#4437 = VERTEX_POINT('',#4438);
#4438 = CARTESIAN_POINT('',(-1.05,-0.8,8.326672684689E-17));
#4439 = LINE('',#4440,#4441);
#4440 = CARTESIAN_POINT('',(-0.94,-0.8,8.326672684689E-17));
#4441 = VECTOR('',#4442,1.);
#4442 = DIRECTION('',(-1.,1.144237745222E-17,0.));
#4443 = ORIENTED_EDGE('',*,*,#4444,.T.);
#4444 = EDGE_CURVE('',#4437,#4445,#4447,.T.);
#4445 = VERTEX_POINT('',#4446);
#4446 = CARTESIAN_POINT('',(-1.05,-0.8,0.15));
#4447 = LINE('',#4448,#4449);
#4448 = CARTESIAN_POINT('',(-1.05,-0.8,8.326672684689E-17));
#4449 = VECTOR('',#4450,1.);
#4450 = DIRECTION('',(0.,0.,1.));
#4451 = ORIENTED_EDGE('',*,*,#4452,.T.);
#4452 = EDGE_CURVE('',#4445,#4453,#4455,.T.);
#4453 = VERTEX_POINT('',#4454);
#4454 = CARTESIAN_POINT('',(-0.94,-0.8,0.15));
#4455 = LINE('',#4456,#4457);
#4456 = CARTESIAN_POINT('',(-1.05,-0.8,0.15));
#4457 = VECTOR('',#4458,1.);
#4458 = DIRECTION('',(1.,-1.144237745222E-17,0.));
#4459 = ORIENTED_EDGE('',*,*,#4460,.T.);
#4460 = EDGE_CURVE('',#4453,#4461,#4463,.T.);
#4461 = VERTEX_POINT('',#4462);
#4462 = CARTESIAN_POINT('',(-0.840280069011,-0.8,0.242521005176));
#4463 = CIRCLE('',#4464,0.1);
#4464 = AXIS2_PLACEMENT_3D('',#4465,#4466,#4467);
#4465 = CARTESIAN_POINT('',(-0.94,-0.8,0.25));
#4466 = DIRECTION('',(-1.144237745222E-17,-1.,-0.));
#4467 = DIRECTION('',(0.,0.,-1.));
#4468 = ORIENTED_EDGE('',*,*,#4469,.T.);
#4469 = EDGE_CURVE('',#4461,#4470,#4472,.T.);
#4470 = VERTEX_POINT('',#4471);
#4471 = CARTESIAN_POINT('',(-0.824439861978,-0.8,0.464957989648));
#4472 = LINE('',#4473,#4474);
#4473 = CARTESIAN_POINT('',(-0.840280069011,-0.8,0.242521005176));
#4474 = VECTOR('',#4475,1.);
#4475 = DIRECTION('',(7.103222981865E-02,-8.127775848577E-19,
    0.997474020878));
#4476 = ORIENTED_EDGE('',*,*,#4477,.T.);
#4477 = EDGE_CURVE('',#4470,#3637,#4478,.T.);
#4478 = CIRCLE('',#4479,0.2);
#4479 = AXIS2_PLACEMENT_3D('',#4480,#4481,#4482);
#4480 = CARTESIAN_POINT('',(-0.625,-0.8,0.45));
#4481 = DIRECTION('',(1.144237745222E-17,1.,-7.703719777549E-34));
#4482 = DIRECTION('',(-0.997199309888,1.141033089884E-17,
    7.478994824167E-02));
#4483 = PLANE('',#4484);
#4484 = AXIS2_PLACEMENT_3D('',#4485,#4486,#4487);
#4485 = CARTESIAN_POINT('',(-0.794167037728,-0.8,0.303881135613));
#4486 = DIRECTION('',(1.144237745222E-17,1.,0.));
#4487 = DIRECTION('',(0.,-0.,1.));
#4488 = ADVANCED_FACE('',(#4489),#4507,.F.);
#4489 = FACE_BOUND('',#4490,.F.);
#4490 = EDGE_LOOP('',(#4491,#4492,#4500,#4506));
#4491 = ORIENTED_EDGE('',*,*,#3668,.T.);
#4492 = ORIENTED_EDGE('',*,*,#4493,.T.);
#4493 = EDGE_CURVE('',#3660,#4494,#4496,.T.);
#4494 = VERTEX_POINT('',#4495);
#4495 = CARTESIAN_POINT('',(-0.690700172528,-0.5,0.23130251294));
#4496 = LINE('',#4497,#4498);
#4497 = CARTESIAN_POINT('',(-0.674859965494,-0.5,0.453739497412));
#4498 = VECTOR('',#4499,1.);
#4499 = DIRECTION('',(-7.103222981865E-02,8.127775848577E-19,
    -0.997474020878));
#4500 = ORIENTED_EDGE('',*,*,#4501,.F.);
#4501 = EDGE_CURVE('',#4420,#4494,#4502,.T.);
#4502 = LINE('',#4503,#4504);
#4503 = CARTESIAN_POINT('',(-0.690700172528,-0.8,0.23130251294));
#4504 = VECTOR('',#4505,1.);
#4505 = DIRECTION('',(1.144237745222E-17,1.,0.));
#4506 = ORIENTED_EDGE('',*,*,#4419,.F.);
#4507 = PLANE('',#4508);
#4508 = AXIS2_PLACEMENT_3D('',#4509,#4510,#4511);
#4509 = CARTESIAN_POINT('',(-0.674859965494,-0.8,0.453739497412));
#4510 = DIRECTION('',(-0.997474020878,1.141347424567E-17,
    7.103222981865E-02));
#4511 = DIRECTION('',(-7.103222981865E-02,8.127775848577E-19,
    -0.997474020878));
#4512 = ADVANCED_FACE('',(#4513),#4575,.T.);
#4513 = FACE_BOUND('',#4514,.T.);
#4514 = EDGE_LOOP('',(#4515,#4516,#4517,#4518,#4527,#4535,#4543,#4551,
    #4560,#4568));
#4515 = ORIENTED_EDGE('',*,*,#3691,.F.);
#4516 = ORIENTED_EDGE('',*,*,#3659,.T.);
#4517 = ORIENTED_EDGE('',*,*,#4493,.T.);
#4518 = ORIENTED_EDGE('',*,*,#4519,.T.);
#4519 = EDGE_CURVE('',#4494,#4520,#4522,.T.);
#4520 = VERTEX_POINT('',#4521);
#4521 = CARTESIAN_POINT('',(-0.94,-0.5,8.326672684689E-17));
#4522 = CIRCLE('',#4523,0.25);
#4523 = AXIS2_PLACEMENT_3D('',#4524,#4525,#4526);
#4524 = CARTESIAN_POINT('',(-0.94,-0.5,0.25));
#4525 = DIRECTION('',(1.144237745222E-17,1.,-4.814824860968E-34));
#4526 = DIRECTION('',(0.997199309888,-1.141033089884E-17,
    -7.478994824166E-02));
#4527 = ORIENTED_EDGE('',*,*,#4528,.T.);
#4528 = EDGE_CURVE('',#4520,#4529,#4531,.T.);
#4529 = VERTEX_POINT('',#4530);
#4530 = CARTESIAN_POINT('',(-1.05,-0.5,8.326672684689E-17));
#4531 = LINE('',#4532,#4533);
#4532 = CARTESIAN_POINT('',(-0.94,-0.5,8.326672684689E-17));
#4533 = VECTOR('',#4534,1.);
#4534 = DIRECTION('',(-1.,1.144237745222E-17,0.));
#4535 = ORIENTED_EDGE('',*,*,#4536,.T.);
#4536 = EDGE_CURVE('',#4529,#4537,#4539,.T.);
#4537 = VERTEX_POINT('',#4538);
#4538 = CARTESIAN_POINT('',(-1.05,-0.5,0.15));
#4539 = LINE('',#4540,#4541);
#4540 = CARTESIAN_POINT('',(-1.05,-0.5,8.326672684689E-17));
#4541 = VECTOR('',#4542,1.);
#4542 = DIRECTION('',(0.,0.,1.));
#4543 = ORIENTED_EDGE('',*,*,#4544,.T.);
#4544 = EDGE_CURVE('',#4537,#4545,#4547,.T.);
#4545 = VERTEX_POINT('',#4546);
#4546 = CARTESIAN_POINT('',(-0.94,-0.5,0.15));
#4547 = LINE('',#4548,#4549);
#4548 = CARTESIAN_POINT('',(-1.05,-0.5,0.15));
#4549 = VECTOR('',#4550,1.);
#4550 = DIRECTION('',(1.,-1.144237745222E-17,0.));
#4551 = ORIENTED_EDGE('',*,*,#4552,.T.);
#4552 = EDGE_CURVE('',#4545,#4553,#4555,.T.);
#4553 = VERTEX_POINT('',#4554);
#4554 = CARTESIAN_POINT('',(-0.840280069011,-0.5,0.242521005176));
#4555 = CIRCLE('',#4556,0.1);
#4556 = AXIS2_PLACEMENT_3D('',#4557,#4558,#4559);
#4557 = CARTESIAN_POINT('',(-0.94,-0.5,0.25));
#4558 = DIRECTION('',(-1.144237745222E-17,-1.,-0.));
#4559 = DIRECTION('',(0.,0.,-1.));
#4560 = ORIENTED_EDGE('',*,*,#4561,.T.);
#4561 = EDGE_CURVE('',#4553,#4562,#4564,.T.);
#4562 = VERTEX_POINT('',#4563);
#4563 = CARTESIAN_POINT('',(-0.824439861978,-0.5,0.464957989648));
#4564 = LINE('',#4565,#4566);
#4565 = CARTESIAN_POINT('',(-0.840280069011,-0.5,0.242521005176));
#4566 = VECTOR('',#4567,1.);
#4567 = DIRECTION('',(7.103222981865E-02,-8.127775848577E-19,
    0.997474020878));
#4568 = ORIENTED_EDGE('',*,*,#4569,.T.);
#4569 = EDGE_CURVE('',#4562,#3692,#4570,.T.);
#4570 = CIRCLE('',#4571,0.2);
#4571 = AXIS2_PLACEMENT_3D('',#4572,#4573,#4574);
#4572 = CARTESIAN_POINT('',(-0.625,-0.5,0.45));
#4573 = DIRECTION('',(1.144237745222E-17,1.,-7.703719777549E-34));
#4574 = DIRECTION('',(-0.997199309888,1.141033089884E-17,
    7.478994824167E-02));
#4575 = PLANE('',#4576);
#4576 = AXIS2_PLACEMENT_3D('',#4577,#4578,#4579);
#4577 = CARTESIAN_POINT('',(-0.794167037728,-0.5,0.303881135613));
#4578 = DIRECTION('',(1.144237745222E-17,1.,0.));
#4579 = DIRECTION('',(0.,-0.,1.));
#4580 = ADVANCED_FACE('',(#4581),#4597,.F.);
#4581 = FACE_BOUND('',#4582,.F.);
#4582 = EDGE_LOOP('',(#4583,#4584,#4590,#4591));
#4583 = ORIENTED_EDGE('',*,*,#3708,.T.);
#4584 = ORIENTED_EDGE('',*,*,#4585,.T.);
#4585 = EDGE_CURVE('',#3701,#4155,#4586,.T.);
#4586 = LINE('',#4587,#4588);
#4587 = CARTESIAN_POINT('',(-0.625,-0.15,0.65));
#4588 = VECTOR('',#4589,1.);
#4589 = DIRECTION('',(1.,-1.144237745222E-17,0.));
#4590 = ORIENTED_EDGE('',*,*,#4154,.F.);
#4591 = ORIENTED_EDGE('',*,*,#4592,.F.);
#4592 = EDGE_CURVE('',#3692,#4147,#4593,.T.);
#4593 = LINE('',#4594,#4595);
#4594 = CARTESIAN_POINT('',(-0.625,-0.5,0.65));
#4595 = VECTOR('',#4596,1.);
#4596 = DIRECTION('',(1.,-1.144237745222E-17,0.));
#4597 = PLANE('',#4598);
#4598 = AXIS2_PLACEMENT_3D('',#4599,#4600,#4601);
#4599 = CARTESIAN_POINT('',(-9.862404740446E-17,0.9875,0.65));
#4600 = DIRECTION('',(-2.227991506605E-32,1.427773043334E-27,-1.));
#4601 = DIRECTION('',(1.,9.174032648906E-17,-2.227991506592E-32));
#4602 = ADVANCED_FACE('',(#4603),#4672,.F.);
#4603 = FACE_BOUND('',#4604,.F.);
#4604 = EDGE_LOOP('',(#4605,#4606,#4607,#4615,#4624,#4632,#4640,#4648,
    #4657,#4665));
#4605 = ORIENTED_EDGE('',*,*,#3700,.F.);
#4606 = ORIENTED_EDGE('',*,*,#3740,.T.);
#4607 = ORIENTED_EDGE('',*,*,#4608,.T.);
#4608 = EDGE_CURVE('',#3733,#4609,#4611,.T.);
#4609 = VERTEX_POINT('',#4610);
#4610 = CARTESIAN_POINT('',(-0.690700172528,-0.15,0.23130251294));
#4611 = LINE('',#4612,#4613);
#4612 = CARTESIAN_POINT('',(-0.674859965494,-0.15,0.453739497412));
#4613 = VECTOR('',#4614,1.);
#4614 = DIRECTION('',(-7.103222981865E-02,8.127775848577E-19,
    -0.997474020878));
#4615 = ORIENTED_EDGE('',*,*,#4616,.T.);
#4616 = EDGE_CURVE('',#4609,#4617,#4619,.T.);
#4617 = VERTEX_POINT('',#4618);
#4618 = CARTESIAN_POINT('',(-0.94,-0.15,8.326672684689E-17));
#4619 = CIRCLE('',#4620,0.25);
#4620 = AXIS2_PLACEMENT_3D('',#4621,#4622,#4623);
#4621 = CARTESIAN_POINT('',(-0.94,-0.15,0.25));
#4622 = DIRECTION('',(1.144237745222E-17,1.,-4.814824860968E-34));
#4623 = DIRECTION('',(0.997199309888,-1.141033089884E-17,
    -7.478994824166E-02));
#4624 = ORIENTED_EDGE('',*,*,#4625,.T.);
#4625 = EDGE_CURVE('',#4617,#4626,#4628,.T.);
#4626 = VERTEX_POINT('',#4627);
#4627 = CARTESIAN_POINT('',(-1.05,-0.15,8.326672684689E-17));
#4628 = LINE('',#4629,#4630);
#4629 = CARTESIAN_POINT('',(-0.94,-0.15,8.326672684689E-17));
#4630 = VECTOR('',#4631,1.);
#4631 = DIRECTION('',(-1.,1.144237745222E-17,0.));
#4632 = ORIENTED_EDGE('',*,*,#4633,.T.);
#4633 = EDGE_CURVE('',#4626,#4634,#4636,.T.);
#4634 = VERTEX_POINT('',#4635);
#4635 = CARTESIAN_POINT('',(-1.05,-0.15,0.15));
#4636 = LINE('',#4637,#4638);
#4637 = CARTESIAN_POINT('',(-1.05,-0.15,8.326672684689E-17));
#4638 = VECTOR('',#4639,1.);
#4639 = DIRECTION('',(0.,0.,1.));
#4640 = ORIENTED_EDGE('',*,*,#4641,.T.);
#4641 = EDGE_CURVE('',#4634,#4642,#4644,.T.);
#4642 = VERTEX_POINT('',#4643);
#4643 = CARTESIAN_POINT('',(-0.94,-0.15,0.15));
#4644 = LINE('',#4645,#4646);
#4645 = CARTESIAN_POINT('',(-1.05,-0.15,0.15));
#4646 = VECTOR('',#4647,1.);
#4647 = DIRECTION('',(1.,-1.144237745222E-17,0.));
#4648 = ORIENTED_EDGE('',*,*,#4649,.T.);
#4649 = EDGE_CURVE('',#4642,#4650,#4652,.T.);
#4650 = VERTEX_POINT('',#4651);
#4651 = CARTESIAN_POINT('',(-0.840280069011,-0.15,0.242521005176));
#4652 = CIRCLE('',#4653,0.1);
#4653 = AXIS2_PLACEMENT_3D('',#4654,#4655,#4656);
#4654 = CARTESIAN_POINT('',(-0.94,-0.15,0.25));
#4655 = DIRECTION('',(-1.144237745222E-17,-1.,-0.));
#4656 = DIRECTION('',(0.,0.,-1.));
#4657 = ORIENTED_EDGE('',*,*,#4658,.T.);
#4658 = EDGE_CURVE('',#4650,#4659,#4661,.T.);
#4659 = VERTEX_POINT('',#4660);
#4660 = CARTESIAN_POINT('',(-0.824439861978,-0.15,0.464957989648));
#4661 = LINE('',#4662,#4663);
#4662 = CARTESIAN_POINT('',(-0.840280069011,-0.15,0.242521005176));
#4663 = VECTOR('',#4664,1.);
#4664 = DIRECTION('',(7.103222981865E-02,-8.127775848577E-19,
    0.997474020878));
#4665 = ORIENTED_EDGE('',*,*,#4666,.T.);
#4666 = EDGE_CURVE('',#4659,#3701,#4667,.T.);
#4667 = CIRCLE('',#4668,0.2);
#4668 = AXIS2_PLACEMENT_3D('',#4669,#4670,#4671);
#4669 = CARTESIAN_POINT('',(-0.625,-0.15,0.45));
#4670 = DIRECTION('',(1.144237745222E-17,1.,-7.703719777549E-34));
#4671 = DIRECTION('',(-0.997199309888,1.141033089884E-17,
    7.478994824167E-02));
#4672 = PLANE('',#4673);
#4673 = AXIS2_PLACEMENT_3D('',#4674,#4675,#4676);
#4674 = CARTESIAN_POINT('',(-0.794167037728,-0.15,0.303881135613));
#4675 = DIRECTION('',(1.144237745222E-17,1.,0.));
#4676 = DIRECTION('',(0.,-0.,1.));
#4677 = ADVANCED_FACE('',(#4678),#4696,.F.);
#4678 = FACE_BOUND('',#4679,.F.);
#4679 = EDGE_LOOP('',(#4680,#4681,#4689,#4695));
#4680 = ORIENTED_EDGE('',*,*,#3732,.T.);
#4681 = ORIENTED_EDGE('',*,*,#4682,.T.);
#4682 = EDGE_CURVE('',#3724,#4683,#4685,.T.);
#4683 = VERTEX_POINT('',#4684);
#4684 = CARTESIAN_POINT('',(-0.690700172528,0.15,0.23130251294));
#4685 = LINE('',#4686,#4687);
#4686 = CARTESIAN_POINT('',(-0.674859965494,0.15,0.453739497412));
#4687 = VECTOR('',#4688,1.);
#4688 = DIRECTION('',(-7.103222981865E-02,8.127775848577E-19,
    -0.997474020878));
#4689 = ORIENTED_EDGE('',*,*,#4690,.F.);
#4690 = EDGE_CURVE('',#4609,#4683,#4691,.T.);
#4691 = LINE('',#4692,#4693);
#4692 = CARTESIAN_POINT('',(-0.690700172528,-0.15,0.23130251294));
#4693 = VECTOR('',#4694,1.);
#4694 = DIRECTION('',(1.144237745222E-17,1.,0.));
#4695 = ORIENTED_EDGE('',*,*,#4608,.F.);
#4696 = PLANE('',#4697);
#4697 = AXIS2_PLACEMENT_3D('',#4698,#4699,#4700);
#4698 = CARTESIAN_POINT('',(-0.674859965494,-0.15,0.453739497412));
#4699 = DIRECTION('',(-0.997474020878,1.141347424567E-17,
    7.103222981865E-02));
#4700 = DIRECTION('',(-7.103222981865E-02,8.127775848577E-19,
    -0.997474020878));
#4701 = ADVANCED_FACE('',(#4702),#4764,.T.);
#4702 = FACE_BOUND('',#4703,.T.);
#4703 = EDGE_LOOP('',(#4704,#4705,#4706,#4707,#4716,#4724,#4732,#4740,
    #4749,#4757));
#4704 = ORIENTED_EDGE('',*,*,#3755,.F.);
#4705 = ORIENTED_EDGE('',*,*,#3723,.T.);
#4706 = ORIENTED_EDGE('',*,*,#4682,.T.);
#4707 = ORIENTED_EDGE('',*,*,#4708,.T.);
#4708 = EDGE_CURVE('',#4683,#4709,#4711,.T.);
#4709 = VERTEX_POINT('',#4710);
#4710 = CARTESIAN_POINT('',(-0.94,0.15,8.326672684689E-17));
#4711 = CIRCLE('',#4712,0.25);
#4712 = AXIS2_PLACEMENT_3D('',#4713,#4714,#4715);
#4713 = CARTESIAN_POINT('',(-0.94,0.15,0.25));
#4714 = DIRECTION('',(1.144237745222E-17,1.,-4.814824860968E-34));
#4715 = DIRECTION('',(0.997199309888,-1.141033089884E-17,
    -7.478994824166E-02));
#4716 = ORIENTED_EDGE('',*,*,#4717,.T.);
#4717 = EDGE_CURVE('',#4709,#4718,#4720,.T.);
#4718 = VERTEX_POINT('',#4719);
#4719 = CARTESIAN_POINT('',(-1.05,0.15,8.326672684689E-17));
#4720 = LINE('',#4721,#4722);
#4721 = CARTESIAN_POINT('',(-0.94,0.15,8.326672684689E-17));
#4722 = VECTOR('',#4723,1.);
#4723 = DIRECTION('',(-1.,1.144237745222E-17,0.));
#4724 = ORIENTED_EDGE('',*,*,#4725,.T.);
#4725 = EDGE_CURVE('',#4718,#4726,#4728,.T.);
#4726 = VERTEX_POINT('',#4727);
#4727 = CARTESIAN_POINT('',(-1.05,0.15,0.15));
#4728 = LINE('',#4729,#4730);
#4729 = CARTESIAN_POINT('',(-1.05,0.15,8.326672684689E-17));
#4730 = VECTOR('',#4731,1.);
#4731 = DIRECTION('',(0.,0.,1.));
#4732 = ORIENTED_EDGE('',*,*,#4733,.T.);
#4733 = EDGE_CURVE('',#4726,#4734,#4736,.T.);
#4734 = VERTEX_POINT('',#4735);
#4735 = CARTESIAN_POINT('',(-0.94,0.15,0.15));
#4736 = LINE('',#4737,#4738);
#4737 = CARTESIAN_POINT('',(-1.05,0.15,0.15));
#4738 = VECTOR('',#4739,1.);
#4739 = DIRECTION('',(1.,-1.144237745222E-17,0.));
#4740 = ORIENTED_EDGE('',*,*,#4741,.T.);
#4741 = EDGE_CURVE('',#4734,#4742,#4744,.T.);
#4742 = VERTEX_POINT('',#4743);
#4743 = CARTESIAN_POINT('',(-0.840280069011,0.15,0.242521005176));
#4744 = CIRCLE('',#4745,0.1);
#4745 = AXIS2_PLACEMENT_3D('',#4746,#4747,#4748);
#4746 = CARTESIAN_POINT('',(-0.94,0.15,0.25));
#4747 = DIRECTION('',(-1.144237745222E-17,-1.,-0.));
#4748 = DIRECTION('',(0.,0.,-1.));
#4749 = ORIENTED_EDGE('',*,*,#4750,.T.);
#4750 = EDGE_CURVE('',#4742,#4751,#4753,.T.);
#4751 = VERTEX_POINT('',#4752);
#4752 = CARTESIAN_POINT('',(-0.824439861978,0.15,0.464957989648));
#4753 = LINE('',#4754,#4755);
#4754 = CARTESIAN_POINT('',(-0.840280069011,0.15,0.242521005176));
#4755 = VECTOR('',#4756,1.);
#4756 = DIRECTION('',(7.103222981865E-02,-8.127775848577E-19,
    0.997474020878));
#4757 = ORIENTED_EDGE('',*,*,#4758,.T.);
#4758 = EDGE_CURVE('',#4751,#3756,#4759,.T.);
#4759 = CIRCLE('',#4760,0.2);
#4760 = AXIS2_PLACEMENT_3D('',#4761,#4762,#4763);
#4761 = CARTESIAN_POINT('',(-0.625,0.15,0.45));
#4762 = DIRECTION('',(1.144237745222E-17,1.,-7.703719777549E-34));
#4763 = DIRECTION('',(-0.997199309888,1.141033089884E-17,
    7.478994824167E-02));
#4764 = PLANE('',#4765);
#4765 = AXIS2_PLACEMENT_3D('',#4766,#4767,#4768);
#4766 = CARTESIAN_POINT('',(-0.794167037728,0.15,0.303881135613));
#4767 = DIRECTION('',(1.144237745222E-17,1.,0.));
#4768 = DIRECTION('',(0.,-0.,1.));
#4769 = ADVANCED_FACE('',(#4770),#4781,.F.);
#4770 = FACE_BOUND('',#4771,.F.);
#4771 = EDGE_LOOP('',(#4772,#4773,#4774,#4775));
#4772 = ORIENTED_EDGE('',*,*,#3772,.T.);
#4773 = ORIENTED_EDGE('',*,*,#4107,.T.);
#4774 = ORIENTED_EDGE('',*,*,#4170,.F.);
#4775 = ORIENTED_EDGE('',*,*,#4776,.F.);
#4776 = EDGE_CURVE('',#3756,#4163,#4777,.T.);
#4777 = LINE('',#4778,#4779);
#4778 = CARTESIAN_POINT('',(-0.625,0.15,0.65));
#4779 = VECTOR('',#4780,1.);
#4780 = DIRECTION('',(1.,-1.144237745222E-17,0.));
#4781 = PLANE('',#4782);
#4782 = AXIS2_PLACEMENT_3D('',#4783,#4784,#4785);
#4783 = CARTESIAN_POINT('',(-9.862404740446E-17,0.9875,0.65));
#4784 = DIRECTION('',(-2.227991506605E-32,1.427773043334E-27,-1.));
#4785 = DIRECTION('',(1.,9.174032648906E-17,-2.227991506592E-32));
#4786 = ADVANCED_FACE('',(#4787),#4856,.F.);
#4787 = FACE_BOUND('',#4788,.F.);
#4788 = EDGE_LOOP('',(#4789,#4790,#4791,#4799,#4808,#4816,#4824,#4832,
    #4841,#4849));
#4789 = ORIENTED_EDGE('',*,*,#3764,.F.);
#4790 = ORIENTED_EDGE('',*,*,#3804,.T.);
#4791 = ORIENTED_EDGE('',*,*,#4792,.T.);
#4792 = EDGE_CURVE('',#3797,#4793,#4795,.T.);
#4793 = VERTEX_POINT('',#4794);
#4794 = CARTESIAN_POINT('',(-0.690700172528,0.5,0.23130251294));
#4795 = LINE('',#4796,#4797);
#4796 = CARTESIAN_POINT('',(-0.674859965494,0.5,0.453739497412));
#4797 = VECTOR('',#4798,1.);
#4798 = DIRECTION('',(-7.103222981865E-02,8.127775848577E-19,
    -0.997474020878));
#4799 = ORIENTED_EDGE('',*,*,#4800,.T.);
#4800 = EDGE_CURVE('',#4793,#4801,#4803,.T.);
#4801 = VERTEX_POINT('',#4802);
#4802 = CARTESIAN_POINT('',(-0.94,0.5,8.326672684689E-17));
#4803 = CIRCLE('',#4804,0.25);
#4804 = AXIS2_PLACEMENT_3D('',#4805,#4806,#4807);
#4805 = CARTESIAN_POINT('',(-0.94,0.5,0.25));
#4806 = DIRECTION('',(1.144237745222E-17,1.,-4.814824860968E-34));
#4807 = DIRECTION('',(0.997199309888,-1.141033089884E-17,
    -7.478994824166E-02));
#4808 = ORIENTED_EDGE('',*,*,#4809,.T.);
#4809 = EDGE_CURVE('',#4801,#4810,#4812,.T.);
#4810 = VERTEX_POINT('',#4811);
#4811 = CARTESIAN_POINT('',(-1.05,0.5,8.326672684689E-17));
#4812 = LINE('',#4813,#4814);
#4813 = CARTESIAN_POINT('',(-0.94,0.5,8.326672684689E-17));
#4814 = VECTOR('',#4815,1.);
#4815 = DIRECTION('',(-1.,1.144237745222E-17,0.));
#4816 = ORIENTED_EDGE('',*,*,#4817,.T.);
#4817 = EDGE_CURVE('',#4810,#4818,#4820,.T.);
#4818 = VERTEX_POINT('',#4819);
#4819 = CARTESIAN_POINT('',(-1.05,0.5,0.15));
#4820 = LINE('',#4821,#4822);
#4821 = CARTESIAN_POINT('',(-1.05,0.5,8.326672684689E-17));
#4822 = VECTOR('',#4823,1.);
#4823 = DIRECTION('',(0.,0.,1.));
#4824 = ORIENTED_EDGE('',*,*,#4825,.T.);
#4825 = EDGE_CURVE('',#4818,#4826,#4828,.T.);
#4826 = VERTEX_POINT('',#4827);
#4827 = CARTESIAN_POINT('',(-0.94,0.5,0.15));
#4828 = LINE('',#4829,#4830);
#4829 = CARTESIAN_POINT('',(-1.05,0.5,0.15));
#4830 = VECTOR('',#4831,1.);
#4831 = DIRECTION('',(1.,-1.144237745222E-17,0.));
#4832 = ORIENTED_EDGE('',*,*,#4833,.T.);
#4833 = EDGE_CURVE('',#4826,#4834,#4836,.T.);
#4834 = VERTEX_POINT('',#4835);
#4835 = CARTESIAN_POINT('',(-0.840280069011,0.5,0.242521005176));
#4836 = CIRCLE('',#4837,0.1);
#4837 = AXIS2_PLACEMENT_3D('',#4838,#4839,#4840);
#4838 = CARTESIAN_POINT('',(-0.94,0.5,0.25));
#4839 = DIRECTION('',(-1.144237745222E-17,-1.,-0.));
#4840 = DIRECTION('',(0.,0.,-1.));
#4841 = ORIENTED_EDGE('',*,*,#4842,.T.);
#4842 = EDGE_CURVE('',#4834,#4843,#4845,.T.);
#4843 = VERTEX_POINT('',#4844);
#4844 = CARTESIAN_POINT('',(-0.824439861978,0.5,0.464957989648));
#4845 = LINE('',#4846,#4847);
#4846 = CARTESIAN_POINT('',(-0.840280069011,0.5,0.242521005176));
#4847 = VECTOR('',#4848,1.);
#4848 = DIRECTION('',(7.103222981865E-02,-8.127775848577E-19,
    0.997474020878));
#4849 = ORIENTED_EDGE('',*,*,#4850,.T.);
#4850 = EDGE_CURVE('',#4843,#3765,#4851,.T.);
#4851 = CIRCLE('',#4852,0.2);
#4852 = AXIS2_PLACEMENT_3D('',#4853,#4854,#4855);
#4853 = CARTESIAN_POINT('',(-0.625,0.5,0.45));
#4854 = DIRECTION('',(1.144237745222E-17,1.,-7.703719777549E-34));
#4855 = DIRECTION('',(-0.997199309888,1.141033089884E-17,
    7.478994824167E-02));
#4856 = PLANE('',#4857);
#4857 = AXIS2_PLACEMENT_3D('',#4858,#4859,#4860);
#4858 = CARTESIAN_POINT('',(-0.794167037728,0.5,0.303881135613));
#4859 = DIRECTION('',(1.144237745222E-17,1.,0.));
#4860 = DIRECTION('',(0.,-0.,1.));
#4861 = ADVANCED_FACE('',(#4862),#4880,.F.);
#4862 = FACE_BOUND('',#4863,.F.);
#4863 = EDGE_LOOP('',(#4864,#4865,#4873,#4879));
#4864 = ORIENTED_EDGE('',*,*,#3796,.T.);
#4865 = ORIENTED_EDGE('',*,*,#4866,.T.);
#4866 = EDGE_CURVE('',#3788,#4867,#4869,.T.);
#4867 = VERTEX_POINT('',#4868);
#4868 = CARTESIAN_POINT('',(-0.690700172528,0.8,0.23130251294));
#4869 = LINE('',#4870,#4871);
#4870 = CARTESIAN_POINT('',(-0.674859965494,0.8,0.453739497412));
#4871 = VECTOR('',#4872,1.);
#4872 = DIRECTION('',(-7.103222981865E-02,8.127775848577E-19,
    -0.997474020878));
#4873 = ORIENTED_EDGE('',*,*,#4874,.F.);
#4874 = EDGE_CURVE('',#4793,#4867,#4875,.T.);
#4875 = LINE('',#4876,#4877);
#4876 = CARTESIAN_POINT('',(-0.690700172528,0.5,0.23130251294));
#4877 = VECTOR('',#4878,1.);
#4878 = DIRECTION('',(1.144237745222E-17,1.,0.));
#4879 = ORIENTED_EDGE('',*,*,#4792,.F.);
#4880 = PLANE('',#4881);
#4881 = AXIS2_PLACEMENT_3D('',#4882,#4883,#4884);
#4882 = CARTESIAN_POINT('',(-0.674859965494,0.5,0.453739497412));
#4883 = DIRECTION('',(-0.997474020878,1.141347424567E-17,
    7.103222981865E-02));
#4884 = DIRECTION('',(-7.103222981865E-02,8.127775848577E-19,
    -0.997474020878));
#4885 = ADVANCED_FACE('',(#4886),#4948,.T.);
#4886 = FACE_BOUND('',#4887,.T.);
#4887 = EDGE_LOOP('',(#4888,#4889,#4890,#4891,#4900,#4908,#4916,#4924,
    #4933,#4941));
#4888 = ORIENTED_EDGE('',*,*,#3819,.F.);
#4889 = ORIENTED_EDGE('',*,*,#3787,.T.);
#4890 = ORIENTED_EDGE('',*,*,#4866,.T.);
#4891 = ORIENTED_EDGE('',*,*,#4892,.T.);
#4892 = EDGE_CURVE('',#4867,#4893,#4895,.T.);
#4893 = VERTEX_POINT('',#4894);
#4894 = CARTESIAN_POINT('',(-0.94,0.8,8.326672684689E-17));
#4895 = CIRCLE('',#4896,0.25);
#4896 = AXIS2_PLACEMENT_3D('',#4897,#4898,#4899);
#4897 = CARTESIAN_POINT('',(-0.94,0.8,0.25));
#4898 = DIRECTION('',(1.144237745222E-17,1.,-4.814824860968E-34));
#4899 = DIRECTION('',(0.997199309888,-1.141033089884E-17,
    -7.478994824166E-02));
#4900 = ORIENTED_EDGE('',*,*,#4901,.T.);
#4901 = EDGE_CURVE('',#4893,#4902,#4904,.T.);
#4902 = VERTEX_POINT('',#4903);
#4903 = CARTESIAN_POINT('',(-1.05,0.8,8.326672684689E-17));
#4904 = LINE('',#4905,#4906);
#4905 = CARTESIAN_POINT('',(-0.94,0.8,8.326672684689E-17));
#4906 = VECTOR('',#4907,1.);
#4907 = DIRECTION('',(-1.,1.144237745222E-17,0.));
#4908 = ORIENTED_EDGE('',*,*,#4909,.T.);
#4909 = EDGE_CURVE('',#4902,#4910,#4912,.T.);
#4910 = VERTEX_POINT('',#4911);
#4911 = CARTESIAN_POINT('',(-1.05,0.8,0.15));
#4912 = LINE('',#4913,#4914);
#4913 = CARTESIAN_POINT('',(-1.05,0.8,8.326672684689E-17));
#4914 = VECTOR('',#4915,1.);
#4915 = DIRECTION('',(0.,0.,1.));
#4916 = ORIENTED_EDGE('',*,*,#4917,.T.);
#4917 = EDGE_CURVE('',#4910,#4918,#4920,.T.);
#4918 = VERTEX_POINT('',#4919);
#4919 = CARTESIAN_POINT('',(-0.94,0.8,0.15));
#4920 = LINE('',#4921,#4922);
#4921 = CARTESIAN_POINT('',(-1.05,0.8,0.15));
#4922 = VECTOR('',#4923,1.);
#4923 = DIRECTION('',(1.,-1.144237745222E-17,0.));
#4924 = ORIENTED_EDGE('',*,*,#4925,.T.);
#4925 = EDGE_CURVE('',#4918,#4926,#4928,.T.);
#4926 = VERTEX_POINT('',#4927);
#4927 = CARTESIAN_POINT('',(-0.840280069011,0.8,0.242521005176));
#4928 = CIRCLE('',#4929,0.1);
#4929 = AXIS2_PLACEMENT_3D('',#4930,#4931,#4932);
#4930 = CARTESIAN_POINT('',(-0.94,0.8,0.25));
#4931 = DIRECTION('',(-1.144237745222E-17,-1.,-0.));
#4932 = DIRECTION('',(0.,0.,-1.));
#4933 = ORIENTED_EDGE('',*,*,#4934,.T.);
#4934 = EDGE_CURVE('',#4926,#4935,#4937,.T.);
#4935 = VERTEX_POINT('',#4936);
#4936 = CARTESIAN_POINT('',(-0.824439861978,0.8,0.464957989648));
#4937 = LINE('',#4938,#4939);
#4938 = CARTESIAN_POINT('',(-0.840280069011,0.8,0.242521005176));
#4939 = VECTOR('',#4940,1.);
#4940 = DIRECTION('',(7.103222981865E-02,-8.127775848577E-19,
    0.997474020878));
#4941 = ORIENTED_EDGE('',*,*,#4942,.T.);
#4942 = EDGE_CURVE('',#4935,#3591,#4943,.T.);
#4943 = CIRCLE('',#4944,0.2);
#4944 = AXIS2_PLACEMENT_3D('',#4945,#4946,#4947);
#4945 = CARTESIAN_POINT('',(-0.625,0.8,0.45));
#4946 = DIRECTION('',(1.144237745222E-17,1.,-7.703719777549E-34));
#4947 = DIRECTION('',(-0.997199309888,1.141033089884E-17,
    7.478994824167E-02));
#4948 = PLANE('',#4949);
#4949 = AXIS2_PLACEMENT_3D('',#4950,#4951,#4952);
#4950 = CARTESIAN_POINT('',(-0.794167037728,0.8,0.303881135613));
#4951 = DIRECTION('',(1.144237745222E-17,1.,0.));
#4952 = DIRECTION('',(0.,-0.,1.));
#4953 = ADVANCED_FACE('',(#4954),#5023,.F.);
#4954 = FACE_BOUND('',#4955,.F.);
#4955 = EDGE_LOOP('',(#4956,#4957,#4958,#4966,#4975,#4983,#4991,#4999,
    #5008,#5016));
#4956 = ORIENTED_EDGE('',*,*,#3838,.F.);
#4957 = ORIENTED_EDGE('',*,*,#3871,.T.);
#4958 = ORIENTED_EDGE('',*,*,#4959,.T.);
#4959 = EDGE_CURVE('',#3864,#4960,#4962,.T.);
#4960 = VERTEX_POINT('',#4961);
#4961 = CARTESIAN_POINT('',(0.690700172528,0.8,0.23130251294));
#4962 = LINE('',#4963,#4964);
#4963 = CARTESIAN_POINT('',(0.674859965494,0.8,0.453739497412));
#4964 = VECTOR('',#4965,1.);
#4965 = DIRECTION('',(7.103222981865E-02,7.886161703512E-18,
    -0.997474020878));
#4966 = ORIENTED_EDGE('',*,*,#4967,.T.);
#4967 = EDGE_CURVE('',#4960,#4968,#4970,.T.);
#4968 = VERTEX_POINT('',#4969);
#4969 = CARTESIAN_POINT('',(0.94,0.8,8.326672684689E-17));
#4970 = CIRCLE('',#4971,0.25);
#4971 = AXIS2_PLACEMENT_3D('',#4972,#4973,#4974);
#4972 = CARTESIAN_POINT('',(0.94,0.8,0.25));
#4973 = DIRECTION('',(1.110223024625E-16,-1.,0.));
#4974 = DIRECTION('',(-0.997199309888,-1.107113633978E-16,
    -7.478994824166E-02));
#4975 = ORIENTED_EDGE('',*,*,#4976,.T.);
#4976 = EDGE_CURVE('',#4968,#4977,#4979,.T.);
#4977 = VERTEX_POINT('',#4978);
#4978 = CARTESIAN_POINT('',(1.05,0.8,8.326672684689E-17));
#4979 = LINE('',#4980,#4981);
#4980 = CARTESIAN_POINT('',(0.94,0.8,8.326672684689E-17));
#4981 = VECTOR('',#4982,1.);
#4982 = DIRECTION('',(1.,1.110223024625E-16,0.));
#4983 = ORIENTED_EDGE('',*,*,#4984,.T.);
#4984 = EDGE_CURVE('',#4977,#4985,#4987,.T.);
#4985 = VERTEX_POINT('',#4986);
#4986 = CARTESIAN_POINT('',(1.05,0.8,0.15));
#4987 = LINE('',#4988,#4989);
#4988 = CARTESIAN_POINT('',(1.05,0.8,8.326672684689E-17));
#4989 = VECTOR('',#4990,1.);
#4990 = DIRECTION('',(0.,0.,1.));
#4991 = ORIENTED_EDGE('',*,*,#4992,.T.);
#4992 = EDGE_CURVE('',#4985,#4993,#4995,.T.);
#4993 = VERTEX_POINT('',#4994);
#4994 = CARTESIAN_POINT('',(0.94,0.8,0.15));
#4995 = LINE('',#4996,#4997);
#4996 = CARTESIAN_POINT('',(1.05,0.8,0.15));
#4997 = VECTOR('',#4998,1.);
#4998 = DIRECTION('',(-1.,-1.110223024625E-16,0.));
#4999 = ORIENTED_EDGE('',*,*,#5000,.T.);
#5000 = EDGE_CURVE('',#4993,#5001,#5003,.T.);
#5001 = VERTEX_POINT('',#5002);
#5002 = CARTESIAN_POINT('',(0.840280069011,0.8,0.242521005176));
#5003 = CIRCLE('',#5004,0.1);
#5004 = AXIS2_PLACEMENT_3D('',#5005,#5006,#5007);
#5005 = CARTESIAN_POINT('',(0.94,0.8,0.25));
#5006 = DIRECTION('',(-1.110223024625E-16,1.,0.));
#5007 = DIRECTION('',(0.,0.,-1.));
#5008 = ORIENTED_EDGE('',*,*,#5009,.T.);
#5009 = EDGE_CURVE('',#5001,#5010,#5012,.T.);
#5010 = VERTEX_POINT('',#5011);
#5011 = CARTESIAN_POINT('',(0.824439861978,0.8,0.464957989648));
#5012 = LINE('',#5013,#5014);
#5013 = CARTESIAN_POINT('',(0.840280069011,0.8,0.242521005176));
#5014 = VECTOR('',#5015,1.);
#5015 = DIRECTION('',(-7.103222981865E-02,-7.886161703513E-18,
    0.997474020878));
#5016 = ORIENTED_EDGE('',*,*,#5017,.T.);
#5017 = EDGE_CURVE('',#5010,#3535,#5018,.T.);
#5018 = CIRCLE('',#5019,0.2);
#5019 = AXIS2_PLACEMENT_3D('',#5020,#5021,#5022);
#5020 = CARTESIAN_POINT('',(0.625,0.8,0.45));
#5021 = DIRECTION('',(1.110223024625E-16,-1.,0.));
#5022 = DIRECTION('',(0.997199309888,1.107113633978E-16,
    7.478994824167E-02));
#5023 = PLANE('',#5024);
#5024 = AXIS2_PLACEMENT_3D('',#5025,#5026,#5027);
#5025 = CARTESIAN_POINT('',(0.794167037728,0.8,0.303881135613));
#5026 = DIRECTION('',(1.110223024625E-16,-1.,0.));
#5027 = DIRECTION('',(0.,0.,1.));
#5028 = ADVANCED_FACE('',(#5029),#5047,.F.);
#5029 = FACE_BOUND('',#5030,.F.);
#5030 = EDGE_LOOP('',(#5031,#5032,#5040,#5046));
#5031 = ORIENTED_EDGE('',*,*,#3863,.T.);
#5032 = ORIENTED_EDGE('',*,*,#5033,.T.);
#5033 = EDGE_CURVE('',#3855,#5034,#5036,.T.);
#5034 = VERTEX_POINT('',#5035);
#5035 = CARTESIAN_POINT('',(0.690700172528,0.5,0.23130251294));
#5036 = LINE('',#5037,#5038);
#5037 = CARTESIAN_POINT('',(0.674859965494,0.5,0.453739497412));
#5038 = VECTOR('',#5039,1.);
#5039 = DIRECTION('',(7.103222981865E-02,7.886161703512E-18,
    -0.997474020878));
#5040 = ORIENTED_EDGE('',*,*,#5041,.F.);
#5041 = EDGE_CURVE('',#4960,#5034,#5042,.T.);
#5042 = LINE('',#5043,#5044);
#5043 = CARTESIAN_POINT('',(0.690700172528,0.8,0.23130251294));
#5044 = VECTOR('',#5045,1.);
#5045 = DIRECTION('',(1.110223024625E-16,-1.,0.));
#5046 = ORIENTED_EDGE('',*,*,#4959,.F.);
#5047 = PLANE('',#5048);
#5048 = AXIS2_PLACEMENT_3D('',#5049,#5050,#5051);
#5049 = CARTESIAN_POINT('',(0.674859965494,0.8,0.453739497412));
#5050 = DIRECTION('',(0.997474020878,1.107418624444E-16,
    7.103222981865E-02));
#5051 = DIRECTION('',(7.103222981865E-02,7.886161703512E-18,
    -0.997474020878));
#5052 = ADVANCED_FACE('',(#5053),#5115,.T.);
#5053 = FACE_BOUND('',#5054,.T.);
#5054 = EDGE_LOOP('',(#5055,#5056,#5057,#5058,#5067,#5075,#5083,#5091,
    #5100,#5108));
#5055 = ORIENTED_EDGE('',*,*,#3886,.F.);
#5056 = ORIENTED_EDGE('',*,*,#3854,.T.);
#5057 = ORIENTED_EDGE('',*,*,#5033,.T.);
#5058 = ORIENTED_EDGE('',*,*,#5059,.T.);
#5059 = EDGE_CURVE('',#5034,#5060,#5062,.T.);
#5060 = VERTEX_POINT('',#5061);
#5061 = CARTESIAN_POINT('',(0.94,0.5,8.326672684689E-17));
#5062 = CIRCLE('',#5063,0.25);
#5063 = AXIS2_PLACEMENT_3D('',#5064,#5065,#5066);
#5064 = CARTESIAN_POINT('',(0.94,0.5,0.25));
#5065 = DIRECTION('',(1.110223024625E-16,-1.,0.));
#5066 = DIRECTION('',(-0.997199309888,-1.107113633978E-16,
    -7.478994824166E-02));
#5067 = ORIENTED_EDGE('',*,*,#5068,.T.);
#5068 = EDGE_CURVE('',#5060,#5069,#5071,.T.);
#5069 = VERTEX_POINT('',#5070);
#5070 = CARTESIAN_POINT('',(1.05,0.5,8.326672684689E-17));
#5071 = LINE('',#5072,#5073);
#5072 = CARTESIAN_POINT('',(0.94,0.5,8.326672684689E-17));
#5073 = VECTOR('',#5074,1.);
#5074 = DIRECTION('',(1.,1.110223024625E-16,0.));
#5075 = ORIENTED_EDGE('',*,*,#5076,.T.);
#5076 = EDGE_CURVE('',#5069,#5077,#5079,.T.);
#5077 = VERTEX_POINT('',#5078);
#5078 = CARTESIAN_POINT('',(1.05,0.5,0.15));
#5079 = LINE('',#5080,#5081);
#5080 = CARTESIAN_POINT('',(1.05,0.5,8.326672684689E-17));
#5081 = VECTOR('',#5082,1.);
#5082 = DIRECTION('',(0.,0.,1.));
#5083 = ORIENTED_EDGE('',*,*,#5084,.T.);
#5084 = EDGE_CURVE('',#5077,#5085,#5087,.T.);
#5085 = VERTEX_POINT('',#5086);
#5086 = CARTESIAN_POINT('',(0.94,0.5,0.15));
#5087 = LINE('',#5088,#5089);
#5088 = CARTESIAN_POINT('',(1.05,0.5,0.15));
#5089 = VECTOR('',#5090,1.);
#5090 = DIRECTION('',(-1.,-1.110223024625E-16,0.));
#5091 = ORIENTED_EDGE('',*,*,#5092,.T.);
#5092 = EDGE_CURVE('',#5085,#5093,#5095,.T.);
#5093 = VERTEX_POINT('',#5094);
#5094 = CARTESIAN_POINT('',(0.840280069011,0.5,0.242521005176));
#5095 = CIRCLE('',#5096,0.1);
#5096 = AXIS2_PLACEMENT_3D('',#5097,#5098,#5099);
#5097 = CARTESIAN_POINT('',(0.94,0.5,0.25));
#5098 = DIRECTION('',(-1.110223024625E-16,1.,0.));
#5099 = DIRECTION('',(0.,0.,-1.));
#5100 = ORIENTED_EDGE('',*,*,#5101,.T.);
#5101 = EDGE_CURVE('',#5093,#5102,#5104,.T.);
#5102 = VERTEX_POINT('',#5103);
#5103 = CARTESIAN_POINT('',(0.824439861978,0.5,0.464957989648));
#5104 = LINE('',#5105,#5106);
#5105 = CARTESIAN_POINT('',(0.840280069011,0.5,0.242521005176));
#5106 = VECTOR('',#5107,1.);
#5107 = DIRECTION('',(-7.103222981865E-02,-7.886161703513E-18,
    0.997474020878));
#5108 = ORIENTED_EDGE('',*,*,#5109,.T.);
#5109 = EDGE_CURVE('',#5102,#3887,#5110,.T.);
#5110 = CIRCLE('',#5111,0.2);
#5111 = AXIS2_PLACEMENT_3D('',#5112,#5113,#5114);
#5112 = CARTESIAN_POINT('',(0.625,0.5,0.45));
#5113 = DIRECTION('',(1.110223024625E-16,-1.,0.));
#5114 = DIRECTION('',(0.997199309888,1.107113633978E-16,
    7.478994824167E-02));
#5115 = PLANE('',#5116);
#5116 = AXIS2_PLACEMENT_3D('',#5117,#5118,#5119);
#5117 = CARTESIAN_POINT('',(0.794167037728,0.5,0.303881135613));
#5118 = DIRECTION('',(1.110223024625E-16,-1.,0.));
#5119 = DIRECTION('',(0.,0.,1.));
#5120 = ADVANCED_FACE('',(#5121),#5132,.F.);
#5121 = FACE_BOUND('',#5122,.F.);
#5122 = EDGE_LOOP('',(#5123,#5124,#5125,#5131));
#5123 = ORIENTED_EDGE('',*,*,#4353,.F.);
#5124 = ORIENTED_EDGE('',*,*,#3903,.T.);
#5125 = ORIENTED_EDGE('',*,*,#5126,.T.);
#5126 = EDGE_CURVE('',#3896,#4285,#5127,.T.);
#5127 = LINE('',#5128,#5129);
#5128 = CARTESIAN_POINT('',(0.625,0.15,0.65));
#5129 = VECTOR('',#5130,1.);
#5130 = DIRECTION('',(-1.,-1.110223024625E-16,0.));
#5131 = ORIENTED_EDGE('',*,*,#4284,.F.);
#5132 = PLANE('',#5133);
#5133 = AXIS2_PLACEMENT_3D('',#5134,#5135,#5136);
#5134 = CARTESIAN_POINT('',(-9.862404740446E-17,0.9875,0.65));
#5135 = DIRECTION('',(-2.227991506605E-32,1.427773043334E-27,-1.));
#5136 = DIRECTION('',(1.,9.174032648906E-17,-2.227991506592E-32));
#5137 = ADVANCED_FACE('',(#5138),#5207,.F.);
#5138 = FACE_BOUND('',#5139,.F.);
#5139 = EDGE_LOOP('',(#5140,#5141,#5142,#5150,#5159,#5167,#5175,#5183,
    #5192,#5200));
#5140 = ORIENTED_EDGE('',*,*,#3895,.F.);
#5141 = ORIENTED_EDGE('',*,*,#3935,.T.);
#5142 = ORIENTED_EDGE('',*,*,#5143,.T.);
#5143 = EDGE_CURVE('',#3928,#5144,#5146,.T.);
#5144 = VERTEX_POINT('',#5145);
#5145 = CARTESIAN_POINT('',(0.690700172528,0.15,0.23130251294));
#5146 = LINE('',#5147,#5148);
#5147 = CARTESIAN_POINT('',(0.674859965494,0.15,0.453739497412));
#5148 = VECTOR('',#5149,1.);
#5149 = DIRECTION('',(7.103222981865E-02,7.886161703512E-18,
    -0.997474020878));
#5150 = ORIENTED_EDGE('',*,*,#5151,.T.);
#5151 = EDGE_CURVE('',#5144,#5152,#5154,.T.);
#5152 = VERTEX_POINT('',#5153);
#5153 = CARTESIAN_POINT('',(0.94,0.15,8.326672684689E-17));
#5154 = CIRCLE('',#5155,0.25);
#5155 = AXIS2_PLACEMENT_3D('',#5156,#5157,#5158);
#5156 = CARTESIAN_POINT('',(0.94,0.15,0.25));
#5157 = DIRECTION('',(1.110223024625E-16,-1.,0.));
#5158 = DIRECTION('',(-0.997199309888,-1.107113633978E-16,
    -7.478994824166E-02));
#5159 = ORIENTED_EDGE('',*,*,#5160,.T.);
#5160 = EDGE_CURVE('',#5152,#5161,#5163,.T.);
#5161 = VERTEX_POINT('',#5162);
#5162 = CARTESIAN_POINT('',(1.05,0.15,8.326672684689E-17));
#5163 = LINE('',#5164,#5165);
#5164 = CARTESIAN_POINT('',(0.94,0.15,8.326672684689E-17));
#5165 = VECTOR('',#5166,1.);
#5166 = DIRECTION('',(1.,1.110223024625E-16,0.));
#5167 = ORIENTED_EDGE('',*,*,#5168,.T.);
#5168 = EDGE_CURVE('',#5161,#5169,#5171,.T.);
#5169 = VERTEX_POINT('',#5170);
#5170 = CARTESIAN_POINT('',(1.05,0.15,0.15));
#5171 = LINE('',#5172,#5173);
#5172 = CARTESIAN_POINT('',(1.05,0.15,8.326672684689E-17));
#5173 = VECTOR('',#5174,1.);
#5174 = DIRECTION('',(0.,0.,1.));
#5175 = ORIENTED_EDGE('',*,*,#5176,.T.);
#5176 = EDGE_CURVE('',#5169,#5177,#5179,.T.);
#5177 = VERTEX_POINT('',#5178);
#5178 = CARTESIAN_POINT('',(0.94,0.15,0.15));
#5179 = LINE('',#5180,#5181);
#5180 = CARTESIAN_POINT('',(1.05,0.15,0.15));
#5181 = VECTOR('',#5182,1.);
#5182 = DIRECTION('',(-1.,-1.110223024625E-16,0.));
#5183 = ORIENTED_EDGE('',*,*,#5184,.T.);
#5184 = EDGE_CURVE('',#5177,#5185,#5187,.T.);
#5185 = VERTEX_POINT('',#5186);
#5186 = CARTESIAN_POINT('',(0.840280069011,0.15,0.242521005176));
#5187 = CIRCLE('',#5188,0.1);
#5188 = AXIS2_PLACEMENT_3D('',#5189,#5190,#5191);
#5189 = CARTESIAN_POINT('',(0.94,0.15,0.25));
#5190 = DIRECTION('',(-1.110223024625E-16,1.,0.));
#5191 = DIRECTION('',(0.,0.,-1.));
#5192 = ORIENTED_EDGE('',*,*,#5193,.T.);
#5193 = EDGE_CURVE('',#5185,#5194,#5196,.T.);
#5194 = VERTEX_POINT('',#5195);
#5195 = CARTESIAN_POINT('',(0.824439861978,0.15,0.464957989648));
#5196 = LINE('',#5197,#5198);
#5197 = CARTESIAN_POINT('',(0.840280069011,0.15,0.242521005176));
#5198 = VECTOR('',#5199,1.);
#5199 = DIRECTION('',(-7.103222981865E-02,-7.886161703513E-18,
    0.997474020878));
#5200 = ORIENTED_EDGE('',*,*,#5201,.T.);
#5201 = EDGE_CURVE('',#5194,#3896,#5202,.T.);
#5202 = CIRCLE('',#5203,0.2);
#5203 = AXIS2_PLACEMENT_3D('',#5204,#5205,#5206);
#5204 = CARTESIAN_POINT('',(0.625,0.15,0.45));
#5205 = DIRECTION('',(1.110223024625E-16,-1.,0.));
#5206 = DIRECTION('',(0.997199309888,1.107113633978E-16,
    7.478994824167E-02));
#5207 = PLANE('',#5208);
#5208 = AXIS2_PLACEMENT_3D('',#5209,#5210,#5211);
#5209 = CARTESIAN_POINT('',(0.794167037728,0.15,0.303881135613));
#5210 = DIRECTION('',(1.110223024625E-16,-1.,0.));
#5211 = DIRECTION('',(0.,0.,1.));
#5212 = ADVANCED_FACE('',(#5213),#5231,.F.);
#5213 = FACE_BOUND('',#5214,.F.);
#5214 = EDGE_LOOP('',(#5215,#5216,#5224,#5230));
#5215 = ORIENTED_EDGE('',*,*,#3927,.T.);
#5216 = ORIENTED_EDGE('',*,*,#5217,.T.);
#5217 = EDGE_CURVE('',#3919,#5218,#5220,.T.);
#5218 = VERTEX_POINT('',#5219);
#5219 = CARTESIAN_POINT('',(0.690700172528,-0.15,0.23130251294));
#5220 = LINE('',#5221,#5222);
#5221 = CARTESIAN_POINT('',(0.674859965494,-0.15,0.453739497412));
#5222 = VECTOR('',#5223,1.);
#5223 = DIRECTION('',(7.103222981865E-02,7.886161703512E-18,
    -0.997474020878));
#5224 = ORIENTED_EDGE('',*,*,#5225,.F.);
#5225 = EDGE_CURVE('',#5144,#5218,#5226,.T.);
#5226 = LINE('',#5227,#5228);
#5227 = CARTESIAN_POINT('',(0.690700172528,0.15,0.23130251294));
#5228 = VECTOR('',#5229,1.);
#5229 = DIRECTION('',(1.110223024625E-16,-1.,0.));
#5230 = ORIENTED_EDGE('',*,*,#5143,.F.);
#5231 = PLANE('',#5232);
#5232 = AXIS2_PLACEMENT_3D('',#5233,#5234,#5235);
#5233 = CARTESIAN_POINT('',(0.674859965494,0.15,0.453739497412));
#5234 = DIRECTION('',(0.997474020878,1.107418624444E-16,
    7.103222981865E-02));
#5235 = DIRECTION('',(7.103222981865E-02,7.886161703512E-18,
    -0.997474020878));
#5236 = ADVANCED_FACE('',(#5237),#5299,.T.);
#5237 = FACE_BOUND('',#5238,.T.);
#5238 = EDGE_LOOP('',(#5239,#5240,#5241,#5242,#5251,#5259,#5267,#5275,
    #5284,#5292));
#5239 = ORIENTED_EDGE('',*,*,#3950,.F.);
#5240 = ORIENTED_EDGE('',*,*,#3918,.T.);
#5241 = ORIENTED_EDGE('',*,*,#5217,.T.);
#5242 = ORIENTED_EDGE('',*,*,#5243,.T.);
#5243 = EDGE_CURVE('',#5218,#5244,#5246,.T.);
#5244 = VERTEX_POINT('',#5245);
#5245 = CARTESIAN_POINT('',(0.94,-0.15,8.326672684689E-17));
#5246 = CIRCLE('',#5247,0.25);
#5247 = AXIS2_PLACEMENT_3D('',#5248,#5249,#5250);
#5248 = CARTESIAN_POINT('',(0.94,-0.15,0.25));
#5249 = DIRECTION('',(1.110223024625E-16,-1.,0.));
#5250 = DIRECTION('',(-0.997199309888,-1.107113633978E-16,
    -7.478994824166E-02));
#5251 = ORIENTED_EDGE('',*,*,#5252,.T.);
#5252 = EDGE_CURVE('',#5244,#5253,#5255,.T.);
#5253 = VERTEX_POINT('',#5254);
#5254 = CARTESIAN_POINT('',(1.05,-0.15,8.326672684689E-17));
#5255 = LINE('',#5256,#5257);
#5256 = CARTESIAN_POINT('',(0.94,-0.15,8.326672684689E-17));
#5257 = VECTOR('',#5258,1.);
#5258 = DIRECTION('',(1.,1.110223024625E-16,0.));
#5259 = ORIENTED_EDGE('',*,*,#5260,.T.);
#5260 = EDGE_CURVE('',#5253,#5261,#5263,.T.);
#5261 = VERTEX_POINT('',#5262);
#5262 = CARTESIAN_POINT('',(1.05,-0.15,0.15));
#5263 = LINE('',#5264,#5265);
#5264 = CARTESIAN_POINT('',(1.05,-0.15,8.326672684689E-17));
#5265 = VECTOR('',#5266,1.);
#5266 = DIRECTION('',(0.,0.,1.));
#5267 = ORIENTED_EDGE('',*,*,#5268,.T.);
#5268 = EDGE_CURVE('',#5261,#5269,#5271,.T.);
#5269 = VERTEX_POINT('',#5270);
#5270 = CARTESIAN_POINT('',(0.94,-0.15,0.15));
#5271 = LINE('',#5272,#5273);
#5272 = CARTESIAN_POINT('',(1.05,-0.15,0.15));
#5273 = VECTOR('',#5274,1.);
#5274 = DIRECTION('',(-1.,-1.110223024625E-16,0.));
#5275 = ORIENTED_EDGE('',*,*,#5276,.T.);
#5276 = EDGE_CURVE('',#5269,#5277,#5279,.T.);
#5277 = VERTEX_POINT('',#5278);
#5278 = CARTESIAN_POINT('',(0.840280069011,-0.15,0.242521005176));
#5279 = CIRCLE('',#5280,0.1);
#5280 = AXIS2_PLACEMENT_3D('',#5281,#5282,#5283);
#5281 = CARTESIAN_POINT('',(0.94,-0.15,0.25));
#5282 = DIRECTION('',(-1.110223024625E-16,1.,0.));
#5283 = DIRECTION('',(0.,0.,-1.));
#5284 = ORIENTED_EDGE('',*,*,#5285,.T.);
#5285 = EDGE_CURVE('',#5277,#5286,#5288,.T.);
#5286 = VERTEX_POINT('',#5287);
#5287 = CARTESIAN_POINT('',(0.824439861978,-0.15,0.464957989648));
#5288 = LINE('',#5289,#5290);
#5289 = CARTESIAN_POINT('',(0.840280069011,-0.15,0.242521005176));
#5290 = VECTOR('',#5291,1.);
#5291 = DIRECTION('',(-7.103222981865E-02,-7.886161703513E-18,
    0.997474020878));
#5292 = ORIENTED_EDGE('',*,*,#5293,.T.);
#5293 = EDGE_CURVE('',#5286,#3951,#5294,.T.);
#5294 = CIRCLE('',#5295,0.2);
#5295 = AXIS2_PLACEMENT_3D('',#5296,#5297,#5298);
#5296 = CARTESIAN_POINT('',(0.625,-0.15,0.45));
#5297 = DIRECTION('',(1.110223024625E-16,-1.,0.));
#5298 = DIRECTION('',(0.997199309888,1.107113633978E-16,
    7.478994824167E-02));
#5299 = PLANE('',#5300);
#5300 = AXIS2_PLACEMENT_3D('',#5301,#5302,#5303);
#5301 = CARTESIAN_POINT('',(0.794167037728,-0.15,0.303881135613));
#5302 = DIRECTION('',(1.110223024625E-16,-1.,0.));
#5303 = DIRECTION('',(0.,0.,1.));
#5304 = ADVANCED_FACE('',(#5305),#5321,.F.);
#5305 = FACE_BOUND('',#5306,.F.);
#5306 = EDGE_LOOP('',(#5307,#5313,#5314,#5320));
#5307 = ORIENTED_EDGE('',*,*,#5308,.F.);
#5308 = EDGE_CURVE('',#3951,#4293,#5309,.T.);
#5309 = LINE('',#5310,#5311);
#5310 = CARTESIAN_POINT('',(0.625,-0.15,0.65));
#5311 = VECTOR('',#5312,1.);
#5312 = DIRECTION('',(-1.,-1.110223024625E-16,0.));
#5313 = ORIENTED_EDGE('',*,*,#3967,.T.);
#5314 = ORIENTED_EDGE('',*,*,#5315,.T.);
#5315 = EDGE_CURVE('',#3960,#4301,#5316,.T.);
#5316 = LINE('',#5317,#5318);
#5317 = CARTESIAN_POINT('',(0.625,-0.5,0.65));
#5318 = VECTOR('',#5319,1.);
#5319 = DIRECTION('',(-1.,-1.110223024625E-16,0.));
#5320 = ORIENTED_EDGE('',*,*,#4300,.F.);
#5321 = PLANE('',#5322);
#5322 = AXIS2_PLACEMENT_3D('',#5323,#5324,#5325);
#5323 = CARTESIAN_POINT('',(-9.862404740446E-17,0.9875,0.65));
#5324 = DIRECTION('',(-2.227991506605E-32,1.427773043334E-27,-1.));
#5325 = DIRECTION('',(1.,9.174032648906E-17,-2.227991506592E-32));
#5326 = ADVANCED_FACE('',(#5327),#5396,.F.);
#5327 = FACE_BOUND('',#5328,.F.);
#5328 = EDGE_LOOP('',(#5329,#5330,#5331,#5339,#5348,#5356,#5364,#5372,
    #5381,#5389));
#5329 = ORIENTED_EDGE('',*,*,#3959,.F.);
#5330 = ORIENTED_EDGE('',*,*,#3999,.T.);
#5331 = ORIENTED_EDGE('',*,*,#5332,.T.);
#5332 = EDGE_CURVE('',#3992,#5333,#5335,.T.);
#5333 = VERTEX_POINT('',#5334);
#5334 = CARTESIAN_POINT('',(0.690700172528,-0.5,0.23130251294));
#5335 = LINE('',#5336,#5337);
#5336 = CARTESIAN_POINT('',(0.674859965494,-0.5,0.453739497412));
#5337 = VECTOR('',#5338,1.);
#5338 = DIRECTION('',(7.103222981865E-02,7.886161703512E-18,
    -0.997474020878));
#5339 = ORIENTED_EDGE('',*,*,#5340,.T.);
#5340 = EDGE_CURVE('',#5333,#5341,#5343,.T.);
#5341 = VERTEX_POINT('',#5342);
#5342 = CARTESIAN_POINT('',(0.94,-0.5,8.326672684689E-17));
#5343 = CIRCLE('',#5344,0.25);
#5344 = AXIS2_PLACEMENT_3D('',#5345,#5346,#5347);
#5345 = CARTESIAN_POINT('',(0.94,-0.5,0.25));
#5346 = DIRECTION('',(1.110223024625E-16,-1.,0.));
#5347 = DIRECTION('',(-0.997199309888,-1.107113633978E-16,
    -7.478994824166E-02));
#5348 = ORIENTED_EDGE('',*,*,#5349,.T.);
#5349 = EDGE_CURVE('',#5341,#5350,#5352,.T.);
#5350 = VERTEX_POINT('',#5351);
#5351 = CARTESIAN_POINT('',(1.05,-0.5,8.326672684689E-17));
#5352 = LINE('',#5353,#5354);
#5353 = CARTESIAN_POINT('',(0.94,-0.5,8.326672684689E-17));
#5354 = VECTOR('',#5355,1.);
#5355 = DIRECTION('',(1.,1.110223024625E-16,0.));
#5356 = ORIENTED_EDGE('',*,*,#5357,.T.);
#5357 = EDGE_CURVE('',#5350,#5358,#5360,.T.);
#5358 = VERTEX_POINT('',#5359);
#5359 = CARTESIAN_POINT('',(1.05,-0.5,0.15));
#5360 = LINE('',#5361,#5362);
#5361 = CARTESIAN_POINT('',(1.05,-0.5,8.326672684689E-17));
#5362 = VECTOR('',#5363,1.);
#5363 = DIRECTION('',(0.,0.,1.));
#5364 = ORIENTED_EDGE('',*,*,#5365,.T.);
#5365 = EDGE_CURVE('',#5358,#5366,#5368,.T.);
#5366 = VERTEX_POINT('',#5367);
#5367 = CARTESIAN_POINT('',(0.94,-0.5,0.15));
#5368 = LINE('',#5369,#5370);
#5369 = CARTESIAN_POINT('',(1.05,-0.5,0.15));
#5370 = VECTOR('',#5371,1.);
#5371 = DIRECTION('',(-1.,-1.110223024625E-16,0.));
#5372 = ORIENTED_EDGE('',*,*,#5373,.T.);
#5373 = EDGE_CURVE('',#5366,#5374,#5376,.T.);
#5374 = VERTEX_POINT('',#5375);
#5375 = CARTESIAN_POINT('',(0.840280069011,-0.5,0.242521005176));
#5376 = CIRCLE('',#5377,0.1);
#5377 = AXIS2_PLACEMENT_3D('',#5378,#5379,#5380);
#5378 = CARTESIAN_POINT('',(0.94,-0.5,0.25));
#5379 = DIRECTION('',(-1.110223024625E-16,1.,0.));
#5380 = DIRECTION('',(0.,0.,-1.));
#5381 = ORIENTED_EDGE('',*,*,#5382,.T.);
#5382 = EDGE_CURVE('',#5374,#5383,#5385,.T.);
#5383 = VERTEX_POINT('',#5384);
#5384 = CARTESIAN_POINT('',(0.824439861978,-0.5,0.464957989648));
#5385 = LINE('',#5386,#5387);
#5386 = CARTESIAN_POINT('',(0.840280069011,-0.5,0.242521005176));
#5387 = VECTOR('',#5388,1.);
#5388 = DIRECTION('',(-7.103222981865E-02,-7.886161703513E-18,
    0.997474020878));
#5389 = ORIENTED_EDGE('',*,*,#5390,.T.);
#5390 = EDGE_CURVE('',#5383,#3960,#5391,.T.);
#5391 = CIRCLE('',#5392,0.2);
#5392 = AXIS2_PLACEMENT_3D('',#5393,#5394,#5395);
#5393 = CARTESIAN_POINT('',(0.625,-0.5,0.45));
#5394 = DIRECTION('',(1.110223024625E-16,-1.,0.));
#5395 = DIRECTION('',(0.997199309888,1.107113633978E-16,
    7.478994824167E-02));
#5396 = PLANE('',#5397);
#5397 = AXIS2_PLACEMENT_3D('',#5398,#5399,#5400);
#5398 = CARTESIAN_POINT('',(0.794167037728,-0.5,0.303881135613));
#5399 = DIRECTION('',(1.110223024625E-16,-1.,0.));
#5400 = DIRECTION('',(0.,0.,1.));
#5401 = ADVANCED_FACE('',(#5402),#5420,.F.);
#5402 = FACE_BOUND('',#5403,.F.);
#5403 = EDGE_LOOP('',(#5404,#5405,#5413,#5419));
#5404 = ORIENTED_EDGE('',*,*,#3991,.T.);
#5405 = ORIENTED_EDGE('',*,*,#5406,.T.);
#5406 = EDGE_CURVE('',#3983,#5407,#5409,.T.);
#5407 = VERTEX_POINT('',#5408);
#5408 = CARTESIAN_POINT('',(0.690700172528,-0.8,0.23130251294));
#5409 = LINE('',#5410,#5411);
#5410 = CARTESIAN_POINT('',(0.674859965494,-0.8,0.453739497412));
#5411 = VECTOR('',#5412,1.);
#5412 = DIRECTION('',(7.103222981865E-02,7.886161703512E-18,
    -0.997474020878));
#5413 = ORIENTED_EDGE('',*,*,#5414,.F.);
#5414 = EDGE_CURVE('',#5333,#5407,#5415,.T.);
#5415 = LINE('',#5416,#5417);
#5416 = CARTESIAN_POINT('',(0.690700172528,-0.5,0.23130251294));
#5417 = VECTOR('',#5418,1.);
#5418 = DIRECTION('',(1.110223024625E-16,-1.,0.));
#5419 = ORIENTED_EDGE('',*,*,#5332,.F.);
#5420 = PLANE('',#5421);
#5421 = AXIS2_PLACEMENT_3D('',#5422,#5423,#5424);
#5422 = CARTESIAN_POINT('',(0.674859965494,-0.5,0.453739497412));
#5423 = DIRECTION('',(0.997474020878,1.107418624444E-16,
    7.103222981865E-02));
#5424 = DIRECTION('',(7.103222981865E-02,7.886161703512E-18,
    -0.997474020878));
#5425 = ADVANCED_FACE('',(#5426),#5488,.T.);
#5426 = FACE_BOUND('',#5427,.T.);
#5427 = EDGE_LOOP('',(#5428,#5429,#5430,#5431,#5440,#5448,#5456,#5464,
    #5473,#5481));
#5428 = ORIENTED_EDGE('',*,*,#4014,.F.);
#5429 = ORIENTED_EDGE('',*,*,#3982,.T.);
#5430 = ORIENTED_EDGE('',*,*,#5406,.T.);
#5431 = ORIENTED_EDGE('',*,*,#5432,.T.);
#5432 = EDGE_CURVE('',#5407,#5433,#5435,.T.);
#5433 = VERTEX_POINT('',#5434);
#5434 = CARTESIAN_POINT('',(0.94,-0.8,8.326672684689E-17));
#5435 = CIRCLE('',#5436,0.25);
#5436 = AXIS2_PLACEMENT_3D('',#5437,#5438,#5439);
#5437 = CARTESIAN_POINT('',(0.94,-0.8,0.25));
#5438 = DIRECTION('',(1.110223024625E-16,-1.,0.));
#5439 = DIRECTION('',(-0.997199309888,-1.107113633978E-16,
    -7.478994824166E-02));
#5440 = ORIENTED_EDGE('',*,*,#5441,.T.);
#5441 = EDGE_CURVE('',#5433,#5442,#5444,.T.);
#5442 = VERTEX_POINT('',#5443);
#5443 = CARTESIAN_POINT('',(1.05,-0.8,8.326672684689E-17));
#5444 = LINE('',#5445,#5446);
#5445 = CARTESIAN_POINT('',(0.94,-0.8,8.326672684689E-17));
#5446 = VECTOR('',#5447,1.);
#5447 = DIRECTION('',(1.,1.110223024625E-16,0.));
#5448 = ORIENTED_EDGE('',*,*,#5449,.T.);
#5449 = EDGE_CURVE('',#5442,#5450,#5452,.T.);
#5450 = VERTEX_POINT('',#5451);
#5451 = CARTESIAN_POINT('',(1.05,-0.8,0.15));
#5452 = LINE('',#5453,#5454);
#5453 = CARTESIAN_POINT('',(1.05,-0.8,8.326672684689E-17));
#5454 = VECTOR('',#5455,1.);
#5455 = DIRECTION('',(0.,0.,1.));
#5456 = ORIENTED_EDGE('',*,*,#5457,.T.);
#5457 = EDGE_CURVE('',#5450,#5458,#5460,.T.);
#5458 = VERTEX_POINT('',#5459);
#5459 = CARTESIAN_POINT('',(0.94,-0.8,0.15));
#5460 = LINE('',#5461,#5462);
#5461 = CARTESIAN_POINT('',(1.05,-0.8,0.15));
#5462 = VECTOR('',#5463,1.);
#5463 = DIRECTION('',(-1.,-1.110223024625E-16,0.));
#5464 = ORIENTED_EDGE('',*,*,#5465,.T.);
#5465 = EDGE_CURVE('',#5458,#5466,#5468,.T.);
#5466 = VERTEX_POINT('',#5467);
#5467 = CARTESIAN_POINT('',(0.840280069011,-0.8,0.242521005176));
#5468 = CIRCLE('',#5469,0.1);
#5469 = AXIS2_PLACEMENT_3D('',#5470,#5471,#5472);
#5470 = CARTESIAN_POINT('',(0.94,-0.8,0.25));
#5471 = DIRECTION('',(-1.110223024625E-16,1.,0.));
#5472 = DIRECTION('',(0.,0.,-1.));
#5473 = ORIENTED_EDGE('',*,*,#5474,.T.);
#5474 = EDGE_CURVE('',#5466,#5475,#5477,.T.);
#5475 = VERTEX_POINT('',#5476);
#5476 = CARTESIAN_POINT('',(0.824439861978,-0.8,0.464957989648));
#5477 = LINE('',#5478,#5479);
#5478 = CARTESIAN_POINT('',(0.840280069011,-0.8,0.242521005176));
#5479 = VECTOR('',#5480,1.);
#5480 = DIRECTION('',(-7.103222981865E-02,-7.886161703513E-18,
    0.997474020878));
#5481 = ORIENTED_EDGE('',*,*,#5482,.T.);
#5482 = EDGE_CURVE('',#5475,#4015,#5483,.T.);
#5483 = CIRCLE('',#5484,0.2);
#5484 = AXIS2_PLACEMENT_3D('',#5485,#5486,#5487);
#5485 = CARTESIAN_POINT('',(0.625,-0.8,0.45));
#5486 = DIRECTION('',(1.110223024625E-16,-1.,0.));
#5487 = DIRECTION('',(0.997199309888,1.107113633978E-16,
    7.478994824167E-02));
#5488 = PLANE('',#5489);
#5489 = AXIS2_PLACEMENT_3D('',#5490,#5491,#5492);
#5490 = CARTESIAN_POINT('',(0.794167037728,-0.8,0.303881135613));
#5491 = DIRECTION('',(1.110223024625E-16,-1.,0.));
#5492 = DIRECTION('',(0.,0.,1.));
#5493 = ADVANCED_FACE('',(#5494),#5505,.T.);
#5494 = FACE_BOUND('',#5495,.T.);
#5495 = EDGE_LOOP('',(#5496,#5497,#5498,#5499));
#5496 = ORIENTED_EDGE('',*,*,#4850,.T.);
#5497 = ORIENTED_EDGE('',*,*,#4115,.T.);
#5498 = ORIENTED_EDGE('',*,*,#4942,.F.);
#5499 = ORIENTED_EDGE('',*,*,#5500,.F.);
#5500 = EDGE_CURVE('',#4843,#4935,#5501,.T.);
#5501 = LINE('',#5502,#5503);
#5502 = CARTESIAN_POINT('',(-0.824439861978,0.5,0.464957989648));
#5503 = VECTOR('',#5504,1.);
#5504 = DIRECTION('',(1.144237745222E-17,1.,0.));
#5505 = CYLINDRICAL_SURFACE('',#5506,0.2);
#5506 = AXIS2_PLACEMENT_3D('',#5507,#5508,#5509);
#5507 = CARTESIAN_POINT('',(-0.625,0.5,0.45));
#5508 = DIRECTION('',(-1.144237745222E-17,-1.,0.));
#5509 = DIRECTION('',(-0.997199309888,1.141033089884E-17,
    7.478994824167E-02));
#5510 = ADVANCED_FACE('',(#5511),#5522,.F.);
#5511 = FACE_BOUND('',#5512,.F.);
#5512 = EDGE_LOOP('',(#5513,#5514,#5520,#5521));
#5513 = ORIENTED_EDGE('',*,*,#4369,.F.);
#5514 = ORIENTED_EDGE('',*,*,#5515,.T.);
#5515 = EDGE_CURVE('',#3637,#3692,#5516,.T.);
#5516 = LINE('',#5517,#5518);
#5517 = CARTESIAN_POINT('',(-0.625,-0.8,0.65));
#5518 = VECTOR('',#5519,1.);
#5519 = DIRECTION('',(1.144237745222E-17,1.,0.));
#5520 = ORIENTED_EDGE('',*,*,#4592,.T.);
#5521 = ORIENTED_EDGE('',*,*,#4146,.F.);
#5522 = PLANE('',#5523);
#5523 = AXIS2_PLACEMENT_3D('',#5524,#5525,#5526);
#5524 = CARTESIAN_POINT('',(-0.625,-0.8,0.65));
#5525 = DIRECTION('',(0.,0.,-1.));
#5526 = DIRECTION('',(1.,-1.144237745222E-17,0.));
#5527 = ADVANCED_FACE('',(#5528),#5539,.F.);
#5528 = FACE_BOUND('',#5529,.F.);
#5529 = EDGE_LOOP('',(#5530,#5531,#5537,#5538));
#5530 = ORIENTED_EDGE('',*,*,#4585,.F.);
#5531 = ORIENTED_EDGE('',*,*,#5532,.T.);
#5532 = EDGE_CURVE('',#3701,#3756,#5533,.T.);
#5533 = LINE('',#5534,#5535);
#5534 = CARTESIAN_POINT('',(-0.625,-0.15,0.65));
#5535 = VECTOR('',#5536,1.);
#5536 = DIRECTION('',(1.144237745222E-17,1.,0.));
#5537 = ORIENTED_EDGE('',*,*,#4776,.T.);
#5538 = ORIENTED_EDGE('',*,*,#4162,.F.);
#5539 = PLANE('',#5540);
#5540 = AXIS2_PLACEMENT_3D('',#5541,#5542,#5543);
#5541 = CARTESIAN_POINT('',(-0.625,-0.15,0.65));
#5542 = DIRECTION('',(0.,0.,-1.));
#5543 = DIRECTION('',(1.,-1.144237745222E-17,0.));
#5544 = ADVANCED_FACE('',(#5545,#5574),#5585,.T.);
#5545 = FACE_BOUND('',#5546,.T.);
#5546 = EDGE_LOOP('',(#5547,#5548,#5549,#5550,#5558,#5566,#5572,#5573));
#5547 = ORIENTED_EDGE('',*,*,#4237,.F.);
#5548 = ORIENTED_EDGE('',*,*,#4214,.F.);
#5549 = ORIENTED_EDGE('',*,*,#4185,.F.);
#5550 = ORIENTED_EDGE('',*,*,#5551,.F.);
#5551 = EDGE_CURVE('',#5552,#4186,#5554,.T.);
#5552 = VERTEX_POINT('',#5553);
#5553 = CARTESIAN_POINT('',(-0.48939183306,-0.918783666119,1.05));
#5554 = LINE('',#5555,#5556);
#5555 = CARTESIAN_POINT('',(-0.48939183306,-0.918783666119,1.05));
#5556 = VECTOR('',#5557,1.);
#5557 = DIRECTION('',(-0.707106781187,0.707106781187,0.));
#5558 = ORIENTED_EDGE('',*,*,#5559,.F.);
#5559 = EDGE_CURVE('',#5560,#5552,#5562,.T.);
#5560 = VERTEX_POINT('',#5561);
#5561 = CARTESIAN_POINT('',(0.48939183306,-0.918783666119,1.05));
#5562 = LINE('',#5563,#5564);
#5563 = CARTESIAN_POINT('',(0.48939183306,-0.918783666119,1.05));
#5564 = VECTOR('',#5565,1.);
#5565 = DIRECTION('',(-1.,-1.110223024625E-16,0.));
#5566 = ORIENTED_EDGE('',*,*,#5567,.F.);
#5567 = EDGE_CURVE('',#4325,#5560,#5568,.T.);
#5568 = LINE('',#5569,#5570);
#5569 = CARTESIAN_POINT('',(0.543783666119,-0.86439183306,1.05));
#5570 = VECTOR('',#5571,1.);
#5571 = DIRECTION('',(-0.707106781187,-0.707106781187,0.));
#5572 = ORIENTED_EDGE('',*,*,#4331,.F.);
#5573 = ORIENTED_EDGE('',*,*,#4260,.F.);
#5574 = FACE_BOUND('',#5575,.T.);
#5575 = EDGE_LOOP('',(#5576));
#5576 = ORIENTED_EDGE('',*,*,#5577,.T.);
#5577 = EDGE_CURVE('',#5578,#5578,#5580,.T.);
#5578 = VERTEX_POINT('',#5579);
#5579 = CARTESIAN_POINT('',(-0.313783666119,0.613783666119,1.05));
#5580 = CIRCLE('',#5581,7.5E-02);
#5581 = AXIS2_PLACEMENT_3D('',#5582,#5583,#5584);
#5582 = CARTESIAN_POINT('',(-0.313783666119,0.688783666119,1.05));
#5583 = DIRECTION('',(0.,-0.,-1.));
#5584 = DIRECTION('',(1.110223024625E-16,-1.,0.));
#5585 = PLANE('',#5586);
#5586 = AXIS2_PLACEMENT_3D('',#5587,#5588,#5589);
#5587 = CARTESIAN_POINT('',(-0.48939183306,0.918783666119,1.05));
#5588 = DIRECTION('',(0.,0.,1.));
#5589 = DIRECTION('',(0.470119899711,-0.882602560553,0.));
#5590 = ADVANCED_FACE('',(#5591),#5601,.F.);
#5591 = FACE_BOUND('',#5592,.F.);
#5592 = EDGE_LOOP('',(#5593,#5594,#5595,#5596));
#5593 = ORIENTED_EDGE('',*,*,#4376,.T.);
#5594 = ORIENTED_EDGE('',*,*,#4193,.T.);
#5595 = ORIENTED_EDGE('',*,*,#5551,.F.);
#5596 = ORIENTED_EDGE('',*,*,#5597,.F.);
#5597 = EDGE_CURVE('',#4377,#5552,#5598,.T.);
#5598 = B_SPLINE_CURVE_WITH_KNOTS('',1,(#5599,#5600),.UNSPECIFIED.,.F.,
  .F.,(2,2),(0.,1.),.PIECEWISE_BEZIER_KNOTS.);
#5599 = CARTESIAN_POINT('',(-0.5175,-0.975,0.65));
#5600 = CARTESIAN_POINT('',(-0.48939183306,-0.918783666119,1.05));
#5601 = B_SPLINE_SURFACE_WITH_KNOTS('',1,1,(
    (#5602,#5603)
    ,(#5604,#5605
    )),.UNSPECIFIED.,.F.,.F.,.F.,(2,2),(2,2),(0.,0.116672618896),(0.,1.)
  ,.PIECEWISE_BEZIER_KNOTS.);
#5602 = CARTESIAN_POINT('',(-0.5175,-0.975,0.65));
#5603 = CARTESIAN_POINT('',(-0.48939183306,-0.918783666119,1.05));
#5604 = CARTESIAN_POINT('',(-0.6,-0.8925,0.65));
#5605 = CARTESIAN_POINT('',(-0.543783666119,-0.86439183306,1.05));
#5606 = ADVANCED_FACE('',(#5607),#5618,.F.);
#5607 = FACE_BOUND('',#5608,.F.);
#5608 = EDGE_LOOP('',(#5609,#5610,#5616,#5617));
#5609 = ORIENTED_EDGE('',*,*,#5126,.F.);
#5610 = ORIENTED_EDGE('',*,*,#5611,.T.);
#5611 = EDGE_CURVE('',#3896,#3951,#5612,.T.);
#5612 = LINE('',#5613,#5614);
#5613 = CARTESIAN_POINT('',(0.625,0.15,0.65));
#5614 = VECTOR('',#5615,1.);
#5615 = DIRECTION('',(1.110223024625E-16,-1.,0.));
#5616 = ORIENTED_EDGE('',*,*,#5308,.T.);
#5617 = ORIENTED_EDGE('',*,*,#4292,.F.);
#5618 = PLANE('',#5619);
#5619 = AXIS2_PLACEMENT_3D('',#5620,#5621,#5622);
#5620 = CARTESIAN_POINT('',(0.625,0.15,0.65));
#5621 = DIRECTION('',(0.,0.,-1.));
#5622 = DIRECTION('',(-1.,-1.110223024625E-16,-0.));
#5623 = ADVANCED_FACE('',(#5624),#5635,.F.);
#5624 = FACE_BOUND('',#5625,.F.);
#5625 = EDGE_LOOP('',(#5626,#5627,#5633,#5634));
#5626 = ORIENTED_EDGE('',*,*,#5315,.F.);
#5627 = ORIENTED_EDGE('',*,*,#5628,.T.);
#5628 = EDGE_CURVE('',#3960,#4015,#5629,.T.);
#5629 = LINE('',#5630,#5631);
#5630 = CARTESIAN_POINT('',(0.625,-0.5,0.65));
#5631 = VECTOR('',#5632,1.);
#5632 = DIRECTION('',(1.110223024625E-16,-1.,0.));
#5633 = ORIENTED_EDGE('',*,*,#4399,.T.);
#5634 = ORIENTED_EDGE('',*,*,#4308,.F.);
#5635 = PLANE('',#5636);
#5636 = AXIS2_PLACEMENT_3D('',#5637,#5638,#5639);
#5637 = CARTESIAN_POINT('',(0.625,-0.5,0.65));
#5638 = DIRECTION('',(0.,0.,-1.));
#5639 = DIRECTION('',(-1.,-1.110223024625E-16,-0.));
#5640 = ADVANCED_FACE('',(#5641),#5651,.F.);
#5641 = FACE_BOUND('',#5642,.F.);
#5642 = EDGE_LOOP('',(#5643,#5644,#5649,#5650));
#5643 = ORIENTED_EDGE('',*,*,#4392,.T.);
#5644 = ORIENTED_EDGE('',*,*,#5645,.T.);
#5645 = EDGE_CURVE('',#4385,#5560,#5646,.T.);
#5646 = B_SPLINE_CURVE_WITH_KNOTS('',1,(#5647,#5648),.UNSPECIFIED.,.F.,
  .F.,(2,2),(0.,1.),.PIECEWISE_BEZIER_KNOTS.);
#5647 = CARTESIAN_POINT('',(0.5175,-0.975,0.65));
#5648 = CARTESIAN_POINT('',(0.48939183306,-0.918783666119,1.05));
#5649 = ORIENTED_EDGE('',*,*,#5567,.F.);
#5650 = ORIENTED_EDGE('',*,*,#4324,.F.);
#5651 = B_SPLINE_SURFACE_WITH_KNOTS('',1,1,(
    (#5652,#5653)
    ,(#5654,#5655
    )),.UNSPECIFIED.,.F.,.F.,.F.,(2,2),(2,2),(0.,0.116672618896),(0.,1.)
  ,.PIECEWISE_BEZIER_KNOTS.);
#5652 = CARTESIAN_POINT('',(0.6,-0.8925,0.65));
#5653 = CARTESIAN_POINT('',(0.543783666119,-0.86439183306,1.05));
#5654 = CARTESIAN_POINT('',(0.5175,-0.975,0.65));
#5655 = CARTESIAN_POINT('',(0.48939183306,-0.918783666119,1.05));
#5656 = ADVANCED_FACE('',(#5657),#5668,.T.);
#5657 = FACE_BOUND('',#5658,.T.);
#5658 = EDGE_LOOP('',(#5659,#5660,#5661,#5662));
#5659 = ORIENTED_EDGE('',*,*,#5017,.T.);
#5660 = ORIENTED_EDGE('',*,*,#4347,.T.);
#5661 = ORIENTED_EDGE('',*,*,#5109,.F.);
#5662 = ORIENTED_EDGE('',*,*,#5663,.F.);
#5663 = EDGE_CURVE('',#5010,#5102,#5664,.T.);
#5664 = LINE('',#5665,#5666);
#5665 = CARTESIAN_POINT('',(0.824439861978,0.8,0.464957989648));
#5666 = VECTOR('',#5667,1.);
#5667 = DIRECTION('',(1.110223024625E-16,-1.,0.));
#5668 = CYLINDRICAL_SURFACE('',#5669,0.2);
#5669 = AXIS2_PLACEMENT_3D('',#5670,#5671,#5672);
#5670 = CARTESIAN_POINT('',(0.625,0.8,0.45));
#5671 = DIRECTION('',(-1.110223024625E-16,1.,0.));
#5672 = DIRECTION('',(0.997199309888,1.107113633978E-16,
    7.478994824167E-02));
#5673 = ADVANCED_FACE('',(#5674),#5680,.F.);
#5674 = FACE_BOUND('',#5675,.F.);
#5675 = EDGE_LOOP('',(#5676,#5677,#5678,#5679));
#5676 = ORIENTED_EDGE('',*,*,#4384,.T.);
#5677 = ORIENTED_EDGE('',*,*,#5597,.T.);
#5678 = ORIENTED_EDGE('',*,*,#5559,.F.);
#5679 = ORIENTED_EDGE('',*,*,#5645,.F.);
#5680 = B_SPLINE_SURFACE_WITH_KNOTS('',1,1,(
    (#5681,#5682)
    ,(#5683,#5684
    )),.UNSPECIFIED.,.F.,.F.,.F.,(2,2),(2,2),(0.,1.035),(0.,1.),
  .PIECEWISE_BEZIER_KNOTS.);
#5681 = CARTESIAN_POINT('',(0.5175,-0.975,0.65));
#5682 = CARTESIAN_POINT('',(0.48939183306,-0.918783666119,1.05));
#5683 = CARTESIAN_POINT('',(-0.5175,-0.975,0.65));
#5684 = CARTESIAN_POINT('',(-0.48939183306,-0.918783666119,1.05));
#5685 = ADVANCED_FACE('',(#5686),#5697,.T.);
#5686 = FACE_BOUND('',#5687,.T.);
#5687 = EDGE_LOOP('',(#5688,#5689,#5690,#5691));
#5688 = ORIENTED_EDGE('',*,*,#4477,.T.);
#5689 = ORIENTED_EDGE('',*,*,#5515,.T.);
#5690 = ORIENTED_EDGE('',*,*,#4569,.F.);
#5691 = ORIENTED_EDGE('',*,*,#5692,.F.);
#5692 = EDGE_CURVE('',#4470,#4562,#5693,.T.);
#5693 = LINE('',#5694,#5695);
#5694 = CARTESIAN_POINT('',(-0.824439861978,-0.8,0.464957989648));
#5695 = VECTOR('',#5696,1.);
#5696 = DIRECTION('',(1.144237745222E-17,1.,0.));
#5697 = CYLINDRICAL_SURFACE('',#5698,0.2);
#5698 = AXIS2_PLACEMENT_3D('',#5699,#5700,#5701);
#5699 = CARTESIAN_POINT('',(-0.625,-0.8,0.45));
#5700 = DIRECTION('',(-1.144237745222E-17,-1.,0.));
#5701 = DIRECTION('',(-0.997199309888,1.141033089884E-17,
    7.478994824167E-02));
#5702 = ADVANCED_FACE('',(#5703),#5714,.F.);
#5703 = FACE_BOUND('',#5704,.F.);
#5704 = EDGE_LOOP('',(#5705,#5711,#5712,#5713));
#5705 = ORIENTED_EDGE('',*,*,#5706,.T.);
#5706 = EDGE_CURVE('',#4461,#4553,#5707,.T.);
#5707 = LINE('',#5708,#5709);
#5708 = CARTESIAN_POINT('',(-0.840280069011,-0.8,0.242521005176));
#5709 = VECTOR('',#5710,1.);
#5710 = DIRECTION('',(1.144237745222E-17,1.,0.));
#5711 = ORIENTED_EDGE('',*,*,#4561,.T.);
#5712 = ORIENTED_EDGE('',*,*,#5692,.F.);
#5713 = ORIENTED_EDGE('',*,*,#4469,.F.);
#5714 = PLANE('',#5715);
#5715 = AXIS2_PLACEMENT_3D('',#5716,#5717,#5718);
#5716 = CARTESIAN_POINT('',(-0.840280069011,-0.8,0.242521005176));
#5717 = DIRECTION('',(0.997474020878,-1.141347424567E-17,
    -7.103222981865E-02));
#5718 = DIRECTION('',(7.103222981865E-02,-8.127775848577E-19,
    0.997474020878));
#5719 = ADVANCED_FACE('',(#5720),#5731,.F.);
#5720 = FACE_BOUND('',#5721,.F.);
#5721 = EDGE_LOOP('',(#5722,#5728,#5729,#5730));
#5722 = ORIENTED_EDGE('',*,*,#5723,.T.);
#5723 = EDGE_CURVE('',#4453,#4545,#5724,.T.);
#5724 = LINE('',#5725,#5726);
#5725 = CARTESIAN_POINT('',(-0.94,-0.8,0.15));
#5726 = VECTOR('',#5727,1.);
#5727 = DIRECTION('',(1.144237745222E-17,1.,0.));
#5728 = ORIENTED_EDGE('',*,*,#4552,.T.);
#5729 = ORIENTED_EDGE('',*,*,#5706,.F.);
#5730 = ORIENTED_EDGE('',*,*,#4460,.F.);
#5731 = CYLINDRICAL_SURFACE('',#5732,0.1);
#5732 = AXIS2_PLACEMENT_3D('',#5733,#5734,#5735);
#5733 = CARTESIAN_POINT('',(-0.94,-0.8,0.25));
#5734 = DIRECTION('',(-1.144237745222E-17,-1.,0.));
#5735 = DIRECTION('',(-0.,0.,-1.));
#5736 = ADVANCED_FACE('',(#5737),#5748,.F.);
#5737 = FACE_BOUND('',#5738,.F.);
#5738 = EDGE_LOOP('',(#5739,#5745,#5746,#5747));
#5739 = ORIENTED_EDGE('',*,*,#5740,.T.);
#5740 = EDGE_CURVE('',#4445,#4537,#5741,.T.);
#5741 = LINE('',#5742,#5743);
#5742 = CARTESIAN_POINT('',(-1.05,-0.8,0.15));
#5743 = VECTOR('',#5744,1.);
#5744 = DIRECTION('',(1.144237745222E-17,1.,0.));
#5745 = ORIENTED_EDGE('',*,*,#4544,.T.);
#5746 = ORIENTED_EDGE('',*,*,#5723,.F.);
#5747 = ORIENTED_EDGE('',*,*,#4452,.F.);
#5748 = PLANE('',#5749);
#5749 = AXIS2_PLACEMENT_3D('',#5750,#5751,#5752);
#5750 = CARTESIAN_POINT('',(-1.05,-0.8,0.15));
#5751 = DIRECTION('',(0.,0.,-1.));
#5752 = DIRECTION('',(1.,-1.144237745222E-17,0.));
#5753 = ADVANCED_FACE('',(#5754),#5765,.F.);
#5754 = FACE_BOUND('',#5755,.F.);
#5755 = EDGE_LOOP('',(#5756,#5762,#5763,#5764));
#5756 = ORIENTED_EDGE('',*,*,#5757,.T.);
#5757 = EDGE_CURVE('',#4437,#4529,#5758,.T.);
#5758 = LINE('',#5759,#5760);
#5759 = CARTESIAN_POINT('',(-1.05,-0.8,8.326672684689E-17));
#5760 = VECTOR('',#5761,1.);
#5761 = DIRECTION('',(1.144237745222E-17,1.,0.));
#5762 = ORIENTED_EDGE('',*,*,#4536,.T.);
#5763 = ORIENTED_EDGE('',*,*,#5740,.F.);
#5764 = ORIENTED_EDGE('',*,*,#4444,.F.);
#5765 = PLANE('',#5766);
#5766 = AXIS2_PLACEMENT_3D('',#5767,#5768,#5769);
#5767 = CARTESIAN_POINT('',(-1.05,-0.8,8.326672684689E-17));
#5768 = DIRECTION('',(1.,-1.144237745222E-17,0.));
#5769 = DIRECTION('',(0.,0.,1.));
#5770 = ADVANCED_FACE('',(#5771),#5782,.F.);
#5771 = FACE_BOUND('',#5772,.F.);
#5772 = EDGE_LOOP('',(#5773,#5779,#5780,#5781));
#5773 = ORIENTED_EDGE('',*,*,#5774,.T.);
#5774 = EDGE_CURVE('',#4428,#4520,#5775,.T.);
#5775 = LINE('',#5776,#5777);
#5776 = CARTESIAN_POINT('',(-0.94,-0.8,8.326672684689E-17));
#5777 = VECTOR('',#5778,1.);
#5778 = DIRECTION('',(1.144237745222E-17,1.,0.));
#5779 = ORIENTED_EDGE('',*,*,#4528,.T.);
#5780 = ORIENTED_EDGE('',*,*,#5757,.F.);
#5781 = ORIENTED_EDGE('',*,*,#4436,.F.);
#5782 = PLANE('',#5783);
#5783 = AXIS2_PLACEMENT_3D('',#5784,#5785,#5786);
#5784 = CARTESIAN_POINT('',(-0.94,-0.8,8.326672684689E-17));
#5785 = DIRECTION('',(0.,0.,1.));
#5786 = DIRECTION('',(-1.,1.144237745222E-17,0.));
#5787 = ADVANCED_FACE('',(#5788),#5794,.T.);
#5788 = FACE_BOUND('',#5789,.T.);
#5789 = EDGE_LOOP('',(#5790,#5791,#5792,#5793));
#5790 = ORIENTED_EDGE('',*,*,#4427,.T.);
#5791 = ORIENTED_EDGE('',*,*,#5774,.T.);
#5792 = ORIENTED_EDGE('',*,*,#4519,.F.);
#5793 = ORIENTED_EDGE('',*,*,#4501,.F.);
#5794 = CYLINDRICAL_SURFACE('',#5795,0.25);
#5795 = AXIS2_PLACEMENT_3D('',#5796,#5797,#5798);
#5796 = CARTESIAN_POINT('',(-0.94,-0.8,0.25));
#5797 = DIRECTION('',(-1.144237745222E-17,-1.,0.));
#5798 = DIRECTION('',(0.997199309888,-1.141033089884E-17,
    -7.478994824166E-02));
#5799 = ADVANCED_FACE('',(#5800),#5811,.T.);
#5800 = FACE_BOUND('',#5801,.T.);
#5801 = EDGE_LOOP('',(#5802,#5803,#5804,#5805));
#5802 = ORIENTED_EDGE('',*,*,#4666,.T.);
#5803 = ORIENTED_EDGE('',*,*,#5532,.T.);
#5804 = ORIENTED_EDGE('',*,*,#4758,.F.);
#5805 = ORIENTED_EDGE('',*,*,#5806,.F.);
#5806 = EDGE_CURVE('',#4659,#4751,#5807,.T.);
#5807 = LINE('',#5808,#5809);
#5808 = CARTESIAN_POINT('',(-0.824439861978,-0.15,0.464957989648));
#5809 = VECTOR('',#5810,1.);
#5810 = DIRECTION('',(1.144237745222E-17,1.,0.));
#5811 = CYLINDRICAL_SURFACE('',#5812,0.2);
#5812 = AXIS2_PLACEMENT_3D('',#5813,#5814,#5815);
#5813 = CARTESIAN_POINT('',(-0.625,-0.15,0.45));
#5814 = DIRECTION('',(-1.144237745222E-17,-1.,0.));
#5815 = DIRECTION('',(-0.997199309888,1.141033089884E-17,
    7.478994824167E-02));
#5816 = ADVANCED_FACE('',(#5817),#5828,.F.);
#5817 = FACE_BOUND('',#5818,.F.);
#5818 = EDGE_LOOP('',(#5819,#5825,#5826,#5827));
#5819 = ORIENTED_EDGE('',*,*,#5820,.T.);
#5820 = EDGE_CURVE('',#4650,#4742,#5821,.T.);
#5821 = LINE('',#5822,#5823);
#5822 = CARTESIAN_POINT('',(-0.840280069011,-0.15,0.242521005176));
#5823 = VECTOR('',#5824,1.);
#5824 = DIRECTION('',(1.144237745222E-17,1.,0.));
#5825 = ORIENTED_EDGE('',*,*,#4750,.T.);
#5826 = ORIENTED_EDGE('',*,*,#5806,.F.);
#5827 = ORIENTED_EDGE('',*,*,#4658,.F.);
#5828 = PLANE('',#5829);
#5829 = AXIS2_PLACEMENT_3D('',#5830,#5831,#5832);
#5830 = CARTESIAN_POINT('',(-0.840280069011,-0.15,0.242521005176));
#5831 = DIRECTION('',(0.997474020878,-1.141347424567E-17,
    -7.103222981865E-02));
#5832 = DIRECTION('',(7.103222981865E-02,-8.127775848577E-19,
    0.997474020878));
#5833 = ADVANCED_FACE('',(#5834),#5845,.F.);
#5834 = FACE_BOUND('',#5835,.F.);
#5835 = EDGE_LOOP('',(#5836,#5842,#5843,#5844));
#5836 = ORIENTED_EDGE('',*,*,#5837,.T.);
#5837 = EDGE_CURVE('',#4642,#4734,#5838,.T.);
#5838 = LINE('',#5839,#5840);
#5839 = CARTESIAN_POINT('',(-0.94,-0.15,0.15));
#5840 = VECTOR('',#5841,1.);
#5841 = DIRECTION('',(1.144237745222E-17,1.,0.));
#5842 = ORIENTED_EDGE('',*,*,#4741,.T.);
#5843 = ORIENTED_EDGE('',*,*,#5820,.F.);
#5844 = ORIENTED_EDGE('',*,*,#4649,.F.);
#5845 = CYLINDRICAL_SURFACE('',#5846,0.1);
#5846 = AXIS2_PLACEMENT_3D('',#5847,#5848,#5849);
#5847 = CARTESIAN_POINT('',(-0.94,-0.15,0.25));
#5848 = DIRECTION('',(-1.144237745222E-17,-1.,0.));
#5849 = DIRECTION('',(-0.,0.,-1.));
#5850 = ADVANCED_FACE('',(#5851),#5862,.F.);
#5851 = FACE_BOUND('',#5852,.F.);
#5852 = EDGE_LOOP('',(#5853,#5859,#5860,#5861));
#5853 = ORIENTED_EDGE('',*,*,#5854,.T.);
#5854 = EDGE_CURVE('',#4634,#4726,#5855,.T.);
#5855 = LINE('',#5856,#5857);
#5856 = CARTESIAN_POINT('',(-1.05,-0.15,0.15));
#5857 = VECTOR('',#5858,1.);
#5858 = DIRECTION('',(1.144237745222E-17,1.,0.));
#5859 = ORIENTED_EDGE('',*,*,#4733,.T.);
#5860 = ORIENTED_EDGE('',*,*,#5837,.F.);
#5861 = ORIENTED_EDGE('',*,*,#4641,.F.);
#5862 = PLANE('',#5863);
#5863 = AXIS2_PLACEMENT_3D('',#5864,#5865,#5866);
#5864 = CARTESIAN_POINT('',(-1.05,-0.15,0.15));
#5865 = DIRECTION('',(0.,0.,-1.));
#5866 = DIRECTION('',(1.,-1.144237745222E-17,0.));
#5867 = ADVANCED_FACE('',(#5868),#5879,.F.);
#5868 = FACE_BOUND('',#5869,.F.);
#5869 = EDGE_LOOP('',(#5870,#5876,#5877,#5878));
#5870 = ORIENTED_EDGE('',*,*,#5871,.T.);
#5871 = EDGE_CURVE('',#4626,#4718,#5872,.T.);
#5872 = LINE('',#5873,#5874);
#5873 = CARTESIAN_POINT('',(-1.05,-0.15,8.326672684689E-17));
#5874 = VECTOR('',#5875,1.);
#5875 = DIRECTION('',(1.144237745222E-17,1.,0.));
#5876 = ORIENTED_EDGE('',*,*,#4725,.T.);
#5877 = ORIENTED_EDGE('',*,*,#5854,.F.);
#5878 = ORIENTED_EDGE('',*,*,#4633,.F.);
#5879 = PLANE('',#5880);
#5880 = AXIS2_PLACEMENT_3D('',#5881,#5882,#5883);
#5881 = CARTESIAN_POINT('',(-1.05,-0.15,8.326672684689E-17));
#5882 = DIRECTION('',(1.,-1.144237745222E-17,0.));
#5883 = DIRECTION('',(0.,0.,1.));
#5884 = ADVANCED_FACE('',(#5885),#5896,.F.);
#5885 = FACE_BOUND('',#5886,.F.);
#5886 = EDGE_LOOP('',(#5887,#5893,#5894,#5895));
#5887 = ORIENTED_EDGE('',*,*,#5888,.T.);
#5888 = EDGE_CURVE('',#4617,#4709,#5889,.T.);
#5889 = LINE('',#5890,#5891);
#5890 = CARTESIAN_POINT('',(-0.94,-0.15,8.326672684689E-17));
#5891 = VECTOR('',#5892,1.);
#5892 = DIRECTION('',(1.144237745222E-17,1.,0.));
#5893 = ORIENTED_EDGE('',*,*,#4717,.T.);
#5894 = ORIENTED_EDGE('',*,*,#5871,.F.);
#5895 = ORIENTED_EDGE('',*,*,#4625,.F.);
#5896 = PLANE('',#5897);
#5897 = AXIS2_PLACEMENT_3D('',#5898,#5899,#5900);
#5898 = CARTESIAN_POINT('',(-0.94,-0.15,8.326672684689E-17));
#5899 = DIRECTION('',(0.,0.,1.));
#5900 = DIRECTION('',(-1.,1.144237745222E-17,0.));
#5901 = ADVANCED_FACE('',(#5902),#5908,.T.);
#5902 = FACE_BOUND('',#5903,.T.);
#5903 = EDGE_LOOP('',(#5904,#5905,#5906,#5907));
#5904 = ORIENTED_EDGE('',*,*,#4616,.T.);
#5905 = ORIENTED_EDGE('',*,*,#5888,.T.);
#5906 = ORIENTED_EDGE('',*,*,#4708,.F.);
#5907 = ORIENTED_EDGE('',*,*,#4690,.F.);
#5908 = CYLINDRICAL_SURFACE('',#5909,0.25);
#5909 = AXIS2_PLACEMENT_3D('',#5910,#5911,#5912);
#5910 = CARTESIAN_POINT('',(-0.94,-0.15,0.25));
#5911 = DIRECTION('',(-1.144237745222E-17,-1.,0.));
#5912 = DIRECTION('',(0.997199309888,-1.141033089884E-17,
    -7.478994824166E-02));
#5913 = ADVANCED_FACE('',(#5914),#5925,.F.);
#5914 = FACE_BOUND('',#5915,.F.);
#5915 = EDGE_LOOP('',(#5916,#5922,#5923,#5924));
#5916 = ORIENTED_EDGE('',*,*,#5917,.T.);
#5917 = EDGE_CURVE('',#4834,#4926,#5918,.T.);
#5918 = LINE('',#5919,#5920);
#5919 = CARTESIAN_POINT('',(-0.840280069011,0.5,0.242521005176));
#5920 = VECTOR('',#5921,1.);
#5921 = DIRECTION('',(1.144237745222E-17,1.,0.));
#5922 = ORIENTED_EDGE('',*,*,#4934,.T.);
#5923 = ORIENTED_EDGE('',*,*,#5500,.F.);
#5924 = ORIENTED_EDGE('',*,*,#4842,.F.);
#5925 = PLANE('',#5926);
#5926 = AXIS2_PLACEMENT_3D('',#5927,#5928,#5929);
#5927 = CARTESIAN_POINT('',(-0.840280069011,0.5,0.242521005176));
#5928 = DIRECTION('',(0.997474020878,-1.141347424567E-17,
    -7.103222981865E-02));
#5929 = DIRECTION('',(7.103222981865E-02,-8.127775848577E-19,
    0.997474020878));
#5930 = ADVANCED_FACE('',(#5931),#5942,.F.);
#5931 = FACE_BOUND('',#5932,.F.);
#5932 = EDGE_LOOP('',(#5933,#5939,#5940,#5941));
#5933 = ORIENTED_EDGE('',*,*,#5934,.T.);
#5934 = EDGE_CURVE('',#4826,#4918,#5935,.T.);
#5935 = LINE('',#5936,#5937);
#5936 = CARTESIAN_POINT('',(-0.94,0.5,0.15));
#5937 = VECTOR('',#5938,1.);
#5938 = DIRECTION('',(1.144237745222E-17,1.,0.));
#5939 = ORIENTED_EDGE('',*,*,#4925,.T.);
#5940 = ORIENTED_EDGE('',*,*,#5917,.F.);
#5941 = ORIENTED_EDGE('',*,*,#4833,.F.);
#5942 = CYLINDRICAL_SURFACE('',#5943,0.1);
#5943 = AXIS2_PLACEMENT_3D('',#5944,#5945,#5946);
#5944 = CARTESIAN_POINT('',(-0.94,0.5,0.25));
#5945 = DIRECTION('',(-1.144237745222E-17,-1.,0.));
#5946 = DIRECTION('',(-0.,0.,-1.));
#5947 = ADVANCED_FACE('',(#5948),#5959,.F.);
#5948 = FACE_BOUND('',#5949,.F.);
#5949 = EDGE_LOOP('',(#5950,#5956,#5957,#5958));
#5950 = ORIENTED_EDGE('',*,*,#5951,.T.);
#5951 = EDGE_CURVE('',#4818,#4910,#5952,.T.);
#5952 = LINE('',#5953,#5954);
#5953 = CARTESIAN_POINT('',(-1.05,0.5,0.15));
#5954 = VECTOR('',#5955,1.);
#5955 = DIRECTION('',(1.144237745222E-17,1.,0.));
#5956 = ORIENTED_EDGE('',*,*,#4917,.T.);
#5957 = ORIENTED_EDGE('',*,*,#5934,.F.);
#5958 = ORIENTED_EDGE('',*,*,#4825,.F.);
#5959 = PLANE('',#5960);
#5960 = AXIS2_PLACEMENT_3D('',#5961,#5962,#5963);
#5961 = CARTESIAN_POINT('',(-1.05,0.5,0.15));
#5962 = DIRECTION('',(0.,0.,-1.));
#5963 = DIRECTION('',(1.,-1.144237745222E-17,0.));
#5964 = ADVANCED_FACE('',(#5965),#5976,.F.);
#5965 = FACE_BOUND('',#5966,.F.);
#5966 = EDGE_LOOP('',(#5967,#5973,#5974,#5975));
#5967 = ORIENTED_EDGE('',*,*,#5968,.T.);
#5968 = EDGE_CURVE('',#4810,#4902,#5969,.T.);
#5969 = LINE('',#5970,#5971);
#5970 = CARTESIAN_POINT('',(-1.05,0.5,8.326672684689E-17));
#5971 = VECTOR('',#5972,1.);
#5972 = DIRECTION('',(1.144237745222E-17,1.,0.));
#5973 = ORIENTED_EDGE('',*,*,#4909,.T.);
#5974 = ORIENTED_EDGE('',*,*,#5951,.F.);
#5975 = ORIENTED_EDGE('',*,*,#4817,.F.);
#5976 = PLANE('',#5977);
#5977 = AXIS2_PLACEMENT_3D('',#5978,#5979,#5980);
#5978 = CARTESIAN_POINT('',(-1.05,0.5,8.326672684689E-17));
#5979 = DIRECTION('',(1.,-1.144237745222E-17,0.));
#5980 = DIRECTION('',(0.,0.,1.));
#5981 = ADVANCED_FACE('',(#5982),#5993,.F.);
#5982 = FACE_BOUND('',#5983,.F.);
#5983 = EDGE_LOOP('',(#5984,#5990,#5991,#5992));
#5984 = ORIENTED_EDGE('',*,*,#5985,.T.);
#5985 = EDGE_CURVE('',#4801,#4893,#5986,.T.);
#5986 = LINE('',#5987,#5988);
#5987 = CARTESIAN_POINT('',(-0.94,0.5,8.326672684689E-17));
#5988 = VECTOR('',#5989,1.);
#5989 = DIRECTION('',(1.144237745222E-17,1.,0.));
#5990 = ORIENTED_EDGE('',*,*,#4901,.T.);
#5991 = ORIENTED_EDGE('',*,*,#5968,.F.);
#5992 = ORIENTED_EDGE('',*,*,#4809,.F.);
#5993 = PLANE('',#5994);
#5994 = AXIS2_PLACEMENT_3D('',#5995,#5996,#5997);
#5995 = CARTESIAN_POINT('',(-0.94,0.5,8.326672684689E-17));
#5996 = DIRECTION('',(0.,0.,1.));
#5997 = DIRECTION('',(-1.,1.144237745222E-17,0.));
#5998 = ADVANCED_FACE('',(#5999),#6005,.T.);
#5999 = FACE_BOUND('',#6000,.T.);
#6000 = EDGE_LOOP('',(#6001,#6002,#6003,#6004));
#6001 = ORIENTED_EDGE('',*,*,#4800,.T.);
#6002 = ORIENTED_EDGE('',*,*,#5985,.T.);
#6003 = ORIENTED_EDGE('',*,*,#4892,.F.);
#6004 = ORIENTED_EDGE('',*,*,#4874,.F.);
#6005 = CYLINDRICAL_SURFACE('',#6006,0.25);
#6006 = AXIS2_PLACEMENT_3D('',#6007,#6008,#6009);
#6007 = CARTESIAN_POINT('',(-0.94,0.5,0.25));
#6008 = DIRECTION('',(-1.144237745222E-17,-1.,0.));
#6009 = DIRECTION('',(0.997199309888,-1.141033089884E-17,
    -7.478994824166E-02));
#6010 = ADVANCED_FACE('',(#6011),#6022,.F.);
#6011 = FACE_BOUND('',#6012,.F.);
#6012 = EDGE_LOOP('',(#6013,#6019,#6020,#6021));
#6013 = ORIENTED_EDGE('',*,*,#6014,.T.);
#6014 = EDGE_CURVE('',#5001,#5093,#6015,.T.);
#6015 = LINE('',#6016,#6017);
#6016 = CARTESIAN_POINT('',(0.840280069011,0.8,0.242521005176));
#6017 = VECTOR('',#6018,1.);
#6018 = DIRECTION('',(1.110223024625E-16,-1.,0.));
#6019 = ORIENTED_EDGE('',*,*,#5101,.T.);
#6020 = ORIENTED_EDGE('',*,*,#5663,.F.);
#6021 = ORIENTED_EDGE('',*,*,#5009,.F.);
#6022 = PLANE('',#6023);
#6023 = AXIS2_PLACEMENT_3D('',#6024,#6025,#6026);
#6024 = CARTESIAN_POINT('',(0.840280069011,0.8,0.242521005176));
#6025 = DIRECTION('',(-0.997474020878,-1.107418624444E-16,
    -7.103222981865E-02));
#6026 = DIRECTION('',(-7.103222981865E-02,-7.886161703513E-18,
    0.997474020878));
#6027 = ADVANCED_FACE('',(#6028),#6039,.F.);
#6028 = FACE_BOUND('',#6029,.F.);
#6029 = EDGE_LOOP('',(#6030,#6036,#6037,#6038));
#6030 = ORIENTED_EDGE('',*,*,#6031,.T.);
#6031 = EDGE_CURVE('',#4993,#5085,#6032,.T.);
#6032 = LINE('',#6033,#6034);
#6033 = CARTESIAN_POINT('',(0.94,0.8,0.15));
#6034 = VECTOR('',#6035,1.);
#6035 = DIRECTION('',(1.110223024625E-16,-1.,0.));
#6036 = ORIENTED_EDGE('',*,*,#5092,.T.);
#6037 = ORIENTED_EDGE('',*,*,#6014,.F.);
#6038 = ORIENTED_EDGE('',*,*,#5000,.F.);
#6039 = CYLINDRICAL_SURFACE('',#6040,0.1);
#6040 = AXIS2_PLACEMENT_3D('',#6041,#6042,#6043);
#6041 = CARTESIAN_POINT('',(0.94,0.8,0.25));
#6042 = DIRECTION('',(-1.110223024625E-16,1.,0.));
#6043 = DIRECTION('',(0.,0.,-1.));
#6044 = ADVANCED_FACE('',(#6045),#6056,.F.);
#6045 = FACE_BOUND('',#6046,.F.);
#6046 = EDGE_LOOP('',(#6047,#6053,#6054,#6055));
#6047 = ORIENTED_EDGE('',*,*,#6048,.T.);
#6048 = EDGE_CURVE('',#4985,#5077,#6049,.T.);
#6049 = LINE('',#6050,#6051);
#6050 = CARTESIAN_POINT('',(1.05,0.8,0.15));
#6051 = VECTOR('',#6052,1.);
#6052 = DIRECTION('',(1.110223024625E-16,-1.,0.));
#6053 = ORIENTED_EDGE('',*,*,#5084,.T.);
#6054 = ORIENTED_EDGE('',*,*,#6031,.F.);
#6055 = ORIENTED_EDGE('',*,*,#4992,.F.);
#6056 = PLANE('',#6057);
#6057 = AXIS2_PLACEMENT_3D('',#6058,#6059,#6060);
#6058 = CARTESIAN_POINT('',(1.05,0.8,0.15));
#6059 = DIRECTION('',(0.,0.,-1.));
#6060 = DIRECTION('',(-1.,-1.110223024625E-16,-0.));
#6061 = ADVANCED_FACE('',(#6062),#6073,.F.);
#6062 = FACE_BOUND('',#6063,.F.);
#6063 = EDGE_LOOP('',(#6064,#6070,#6071,#6072));
#6064 = ORIENTED_EDGE('',*,*,#6065,.T.);
#6065 = EDGE_CURVE('',#4977,#5069,#6066,.T.);
#6066 = LINE('',#6067,#6068);
#6067 = CARTESIAN_POINT('',(1.05,0.8,8.326672684689E-17));
#6068 = VECTOR('',#6069,1.);
#6069 = DIRECTION('',(1.110223024625E-16,-1.,0.));
#6070 = ORIENTED_EDGE('',*,*,#5076,.T.);
#6071 = ORIENTED_EDGE('',*,*,#6048,.F.);
#6072 = ORIENTED_EDGE('',*,*,#4984,.F.);
#6073 = PLANE('',#6074);
#6074 = AXIS2_PLACEMENT_3D('',#6075,#6076,#6077);
#6075 = CARTESIAN_POINT('',(1.05,0.8,8.326672684689E-17));
#6076 = DIRECTION('',(-1.,-1.110223024625E-16,0.));
#6077 = DIRECTION('',(0.,0.,1.));
#6078 = ADVANCED_FACE('',(#6079),#6090,.F.);
#6079 = FACE_BOUND('',#6080,.F.);
#6080 = EDGE_LOOP('',(#6081,#6087,#6088,#6089));
#6081 = ORIENTED_EDGE('',*,*,#6082,.T.);
#6082 = EDGE_CURVE('',#4968,#5060,#6083,.T.);
#6083 = LINE('',#6084,#6085);
#6084 = CARTESIAN_POINT('',(0.94,0.8,8.326672684689E-17));
#6085 = VECTOR('',#6086,1.);
#6086 = DIRECTION('',(1.110223024625E-16,-1.,0.));
#6087 = ORIENTED_EDGE('',*,*,#5068,.T.);
#6088 = ORIENTED_EDGE('',*,*,#6065,.F.);
#6089 = ORIENTED_EDGE('',*,*,#4976,.F.);
#6090 = PLANE('',#6091);
#6091 = AXIS2_PLACEMENT_3D('',#6092,#6093,#6094);
#6092 = CARTESIAN_POINT('',(0.94,0.8,8.326672684689E-17));
#6093 = DIRECTION('',(0.,0.,1.));
#6094 = DIRECTION('',(1.,1.110223024625E-16,-0.));
#6095 = ADVANCED_FACE('',(#6096),#6102,.T.);
#6096 = FACE_BOUND('',#6097,.T.);
#6097 = EDGE_LOOP('',(#6098,#6099,#6100,#6101));
#6098 = ORIENTED_EDGE('',*,*,#4967,.T.);
#6099 = ORIENTED_EDGE('',*,*,#6082,.T.);
#6100 = ORIENTED_EDGE('',*,*,#5059,.F.);
#6101 = ORIENTED_EDGE('',*,*,#5041,.F.);
#6102 = CYLINDRICAL_SURFACE('',#6103,0.25);
#6103 = AXIS2_PLACEMENT_3D('',#6104,#6105,#6106);
#6104 = CARTESIAN_POINT('',(0.94,0.8,0.25));
#6105 = DIRECTION('',(-1.110223024625E-16,1.,0.));
#6106 = DIRECTION('',(-0.997199309888,-1.107113633978E-16,
    -7.478994824166E-02));
#6107 = ADVANCED_FACE('',(#6108),#6119,.T.);
#6108 = FACE_BOUND('',#6109,.T.);
#6109 = EDGE_LOOP('',(#6110,#6111,#6112,#6113));
#6110 = ORIENTED_EDGE('',*,*,#5201,.T.);
#6111 = ORIENTED_EDGE('',*,*,#5611,.T.);
#6112 = ORIENTED_EDGE('',*,*,#5293,.F.);
#6113 = ORIENTED_EDGE('',*,*,#6114,.F.);
#6114 = EDGE_CURVE('',#5194,#5286,#6115,.T.);
#6115 = LINE('',#6116,#6117);
#6116 = CARTESIAN_POINT('',(0.824439861978,0.15,0.464957989648));
#6117 = VECTOR('',#6118,1.);
#6118 = DIRECTION('',(1.110223024625E-16,-1.,0.));
#6119 = CYLINDRICAL_SURFACE('',#6120,0.2);
#6120 = AXIS2_PLACEMENT_3D('',#6121,#6122,#6123);
#6121 = CARTESIAN_POINT('',(0.625,0.15,0.45));
#6122 = DIRECTION('',(-1.110223024625E-16,1.,0.));
#6123 = DIRECTION('',(0.997199309888,1.107113633978E-16,
    7.478994824167E-02));
#6124 = ADVANCED_FACE('',(#6125),#6136,.F.);
#6125 = FACE_BOUND('',#6126,.F.);
#6126 = EDGE_LOOP('',(#6127,#6133,#6134,#6135));
#6127 = ORIENTED_EDGE('',*,*,#6128,.T.);
#6128 = EDGE_CURVE('',#5185,#5277,#6129,.T.);
#6129 = LINE('',#6130,#6131);
#6130 = CARTESIAN_POINT('',(0.840280069011,0.15,0.242521005176));
#6131 = VECTOR('',#6132,1.);
#6132 = DIRECTION('',(1.110223024625E-16,-1.,0.));
#6133 = ORIENTED_EDGE('',*,*,#5285,.T.);
#6134 = ORIENTED_EDGE('',*,*,#6114,.F.);
#6135 = ORIENTED_EDGE('',*,*,#5193,.F.);
#6136 = PLANE('',#6137);
#6137 = AXIS2_PLACEMENT_3D('',#6138,#6139,#6140);
#6138 = CARTESIAN_POINT('',(0.840280069011,0.15,0.242521005176));
#6139 = DIRECTION('',(-0.997474020878,-1.107418624444E-16,
    -7.103222981865E-02));
#6140 = DIRECTION('',(-7.103222981865E-02,-7.886161703513E-18,
    0.997474020878));
#6141 = ADVANCED_FACE('',(#6142),#6153,.F.);
#6142 = FACE_BOUND('',#6143,.F.);
#6143 = EDGE_LOOP('',(#6144,#6150,#6151,#6152));
#6144 = ORIENTED_EDGE('',*,*,#6145,.T.);
#6145 = EDGE_CURVE('',#5177,#5269,#6146,.T.);
#6146 = LINE('',#6147,#6148);
#6147 = CARTESIAN_POINT('',(0.94,0.15,0.15));
#6148 = VECTOR('',#6149,1.);
#6149 = DIRECTION('',(1.110223024625E-16,-1.,0.));
#6150 = ORIENTED_EDGE('',*,*,#5276,.T.);
#6151 = ORIENTED_EDGE('',*,*,#6128,.F.);
#6152 = ORIENTED_EDGE('',*,*,#5184,.F.);
#6153 = CYLINDRICAL_SURFACE('',#6154,0.1);
#6154 = AXIS2_PLACEMENT_3D('',#6155,#6156,#6157);
#6155 = CARTESIAN_POINT('',(0.94,0.15,0.25));
#6156 = DIRECTION('',(-1.110223024625E-16,1.,0.));
#6157 = DIRECTION('',(0.,0.,-1.));
#6158 = ADVANCED_FACE('',(#6159),#6170,.F.);
#6159 = FACE_BOUND('',#6160,.F.);
#6160 = EDGE_LOOP('',(#6161,#6167,#6168,#6169));
#6161 = ORIENTED_EDGE('',*,*,#6162,.T.);
#6162 = EDGE_CURVE('',#5169,#5261,#6163,.T.);
#6163 = LINE('',#6164,#6165);
#6164 = CARTESIAN_POINT('',(1.05,0.15,0.15));
#6165 = VECTOR('',#6166,1.);
#6166 = DIRECTION('',(1.110223024625E-16,-1.,0.));
#6167 = ORIENTED_EDGE('',*,*,#5268,.T.);
#6168 = ORIENTED_EDGE('',*,*,#6145,.F.);
#6169 = ORIENTED_EDGE('',*,*,#5176,.F.);
#6170 = PLANE('',#6171);
#6171 = AXIS2_PLACEMENT_3D('',#6172,#6173,#6174);
#6172 = CARTESIAN_POINT('',(1.05,0.15,0.15));
#6173 = DIRECTION('',(0.,0.,-1.));
#6174 = DIRECTION('',(-1.,-1.110223024625E-16,-0.));
#6175 = ADVANCED_FACE('',(#6176),#6187,.F.);
#6176 = FACE_BOUND('',#6177,.F.);
#6177 = EDGE_LOOP('',(#6178,#6184,#6185,#6186));
#6178 = ORIENTED_EDGE('',*,*,#6179,.T.);
#6179 = EDGE_CURVE('',#5161,#5253,#6180,.T.);
#6180 = LINE('',#6181,#6182);
#6181 = CARTESIAN_POINT('',(1.05,0.15,8.326672684689E-17));
#6182 = VECTOR('',#6183,1.);
#6183 = DIRECTION('',(1.110223024625E-16,-1.,0.));
#6184 = ORIENTED_EDGE('',*,*,#5260,.T.);
#6185 = ORIENTED_EDGE('',*,*,#6162,.F.);
#6186 = ORIENTED_EDGE('',*,*,#5168,.F.);
#6187 = PLANE('',#6188);
#6188 = AXIS2_PLACEMENT_3D('',#6189,#6190,#6191);
#6189 = CARTESIAN_POINT('',(1.05,0.15,8.326672684689E-17));
#6190 = DIRECTION('',(-1.,-1.110223024625E-16,0.));
#6191 = DIRECTION('',(0.,0.,1.));
#6192 = ADVANCED_FACE('',(#6193),#6204,.F.);
#6193 = FACE_BOUND('',#6194,.F.);
#6194 = EDGE_LOOP('',(#6195,#6201,#6202,#6203));
#6195 = ORIENTED_EDGE('',*,*,#6196,.T.);
#6196 = EDGE_CURVE('',#5152,#5244,#6197,.T.);
#6197 = LINE('',#6198,#6199);
#6198 = CARTESIAN_POINT('',(0.94,0.15,8.326672684689E-17));
#6199 = VECTOR('',#6200,1.);
#6200 = DIRECTION('',(1.110223024625E-16,-1.,0.));
#6201 = ORIENTED_EDGE('',*,*,#5252,.T.);
#6202 = ORIENTED_EDGE('',*,*,#6179,.F.);
#6203 = ORIENTED_EDGE('',*,*,#5160,.F.);
#6204 = PLANE('',#6205);
#6205 = AXIS2_PLACEMENT_3D('',#6206,#6207,#6208);
#6206 = CARTESIAN_POINT('',(0.94,0.15,8.326672684689E-17));
#6207 = DIRECTION('',(0.,0.,1.));
#6208 = DIRECTION('',(1.,1.110223024625E-16,-0.));
#6209 = ADVANCED_FACE('',(#6210),#6216,.T.);
#6210 = FACE_BOUND('',#6211,.T.);
#6211 = EDGE_LOOP('',(#6212,#6213,#6214,#6215));
#6212 = ORIENTED_EDGE('',*,*,#5151,.T.);
#6213 = ORIENTED_EDGE('',*,*,#6196,.T.);
#6214 = ORIENTED_EDGE('',*,*,#5243,.F.);
#6215 = ORIENTED_EDGE('',*,*,#5225,.F.);
#6216 = CYLINDRICAL_SURFACE('',#6217,0.25);
#6217 = AXIS2_PLACEMENT_3D('',#6218,#6219,#6220);
#6218 = CARTESIAN_POINT('',(0.94,0.15,0.25));
#6219 = DIRECTION('',(-1.110223024625E-16,1.,0.));
#6220 = DIRECTION('',(-0.997199309888,-1.107113633978E-16,
    -7.478994824166E-02));
#6221 = ADVANCED_FACE('',(#6222),#6233,.T.);
#6222 = FACE_BOUND('',#6223,.T.);
#6223 = EDGE_LOOP('',(#6224,#6225,#6226,#6227));
#6224 = ORIENTED_EDGE('',*,*,#5390,.T.);
#6225 = ORIENTED_EDGE('',*,*,#5628,.T.);
#6226 = ORIENTED_EDGE('',*,*,#5482,.F.);
#6227 = ORIENTED_EDGE('',*,*,#6228,.F.);
#6228 = EDGE_CURVE('',#5383,#5475,#6229,.T.);
#6229 = LINE('',#6230,#6231);
#6230 = CARTESIAN_POINT('',(0.824439861978,-0.5,0.464957989648));
#6231 = VECTOR('',#6232,1.);
#6232 = DIRECTION('',(1.110223024625E-16,-1.,0.));
#6233 = CYLINDRICAL_SURFACE('',#6234,0.2);
#6234 = AXIS2_PLACEMENT_3D('',#6235,#6236,#6237);
#6235 = CARTESIAN_POINT('',(0.625,-0.5,0.45));
#6236 = DIRECTION('',(-1.110223024625E-16,1.,0.));
#6237 = DIRECTION('',(0.997199309888,1.107113633978E-16,
    7.478994824167E-02));
#6238 = ADVANCED_FACE('',(#6239),#6250,.F.);
#6239 = FACE_BOUND('',#6240,.F.);
#6240 = EDGE_LOOP('',(#6241,#6247,#6248,#6249));
#6241 = ORIENTED_EDGE('',*,*,#6242,.T.);
#6242 = EDGE_CURVE('',#5374,#5466,#6243,.T.);
#6243 = LINE('',#6244,#6245);
#6244 = CARTESIAN_POINT('',(0.840280069011,-0.5,0.242521005176));
#6245 = VECTOR('',#6246,1.);
#6246 = DIRECTION('',(1.110223024625E-16,-1.,0.));
#6247 = ORIENTED_EDGE('',*,*,#5474,.T.);
#6248 = ORIENTED_EDGE('',*,*,#6228,.F.);
#6249 = ORIENTED_EDGE('',*,*,#5382,.F.);
#6250 = PLANE('',#6251);
#6251 = AXIS2_PLACEMENT_3D('',#6252,#6253,#6254);
#6252 = CARTESIAN_POINT('',(0.840280069011,-0.5,0.242521005176));
#6253 = DIRECTION('',(-0.997474020878,-1.107418624444E-16,
    -7.103222981865E-02));
#6254 = DIRECTION('',(-7.103222981865E-02,-7.886161703513E-18,
    0.997474020878));
#6255 = ADVANCED_FACE('',(#6256),#6267,.F.);
#6256 = FACE_BOUND('',#6257,.F.);
#6257 = EDGE_LOOP('',(#6258,#6264,#6265,#6266));
#6258 = ORIENTED_EDGE('',*,*,#6259,.T.);
#6259 = EDGE_CURVE('',#5366,#5458,#6260,.T.);
#6260 = LINE('',#6261,#6262);
#6261 = CARTESIAN_POINT('',(0.94,-0.5,0.15));
#6262 = VECTOR('',#6263,1.);
#6263 = DIRECTION('',(1.110223024625E-16,-1.,0.));
#6264 = ORIENTED_EDGE('',*,*,#5465,.T.);
#6265 = ORIENTED_EDGE('',*,*,#6242,.F.);
#6266 = ORIENTED_EDGE('',*,*,#5373,.F.);
#6267 = CYLINDRICAL_SURFACE('',#6268,0.1);
#6268 = AXIS2_PLACEMENT_3D('',#6269,#6270,#6271);
#6269 = CARTESIAN_POINT('',(0.94,-0.5,0.25));
#6270 = DIRECTION('',(-1.110223024625E-16,1.,0.));
#6271 = DIRECTION('',(0.,0.,-1.));
#6272 = ADVANCED_FACE('',(#6273),#6284,.F.);
#6273 = FACE_BOUND('',#6274,.F.);
#6274 = EDGE_LOOP('',(#6275,#6281,#6282,#6283));
#6275 = ORIENTED_EDGE('',*,*,#6276,.T.);
#6276 = EDGE_CURVE('',#5358,#5450,#6277,.T.);
#6277 = LINE('',#6278,#6279);
#6278 = CARTESIAN_POINT('',(1.05,-0.5,0.15));
#6279 = VECTOR('',#6280,1.);
#6280 = DIRECTION('',(1.110223024625E-16,-1.,0.));
#6281 = ORIENTED_EDGE('',*,*,#5457,.T.);
#6282 = ORIENTED_EDGE('',*,*,#6259,.F.);
#6283 = ORIENTED_EDGE('',*,*,#5365,.F.);
#6284 = PLANE('',#6285);
#6285 = AXIS2_PLACEMENT_3D('',#6286,#6287,#6288);
#6286 = CARTESIAN_POINT('',(1.05,-0.5,0.15));
#6287 = DIRECTION('',(0.,0.,-1.));
#6288 = DIRECTION('',(-1.,-1.110223024625E-16,-0.));
#6289 = ADVANCED_FACE('',(#6290),#6301,.F.);
#6290 = FACE_BOUND('',#6291,.F.);
#6291 = EDGE_LOOP('',(#6292,#6298,#6299,#6300));
#6292 = ORIENTED_EDGE('',*,*,#6293,.T.);
#6293 = EDGE_CURVE('',#5350,#5442,#6294,.T.);
#6294 = LINE('',#6295,#6296);
#6295 = CARTESIAN_POINT('',(1.05,-0.5,8.326672684689E-17));
#6296 = VECTOR('',#6297,1.);
#6297 = DIRECTION('',(1.110223024625E-16,-1.,0.));
#6298 = ORIENTED_EDGE('',*,*,#5449,.T.);
#6299 = ORIENTED_EDGE('',*,*,#6276,.F.);
#6300 = ORIENTED_EDGE('',*,*,#5357,.F.);
#6301 = PLANE('',#6302);
#6302 = AXIS2_PLACEMENT_3D('',#6303,#6304,#6305);
#6303 = CARTESIAN_POINT('',(1.05,-0.5,8.326672684689E-17));
#6304 = DIRECTION('',(-1.,-1.110223024625E-16,0.));
#6305 = DIRECTION('',(0.,0.,1.));
#6306 = ADVANCED_FACE('',(#6307),#6318,.F.);
#6307 = FACE_BOUND('',#6308,.F.);
#6308 = EDGE_LOOP('',(#6309,#6315,#6316,#6317));
#6309 = ORIENTED_EDGE('',*,*,#6310,.T.);
#6310 = EDGE_CURVE('',#5341,#5433,#6311,.T.);
#6311 = LINE('',#6312,#6313);
#6312 = CARTESIAN_POINT('',(0.94,-0.5,8.326672684689E-17));
#6313 = VECTOR('',#6314,1.);
#6314 = DIRECTION('',(1.110223024625E-16,-1.,0.));
#6315 = ORIENTED_EDGE('',*,*,#5441,.T.);
#6316 = ORIENTED_EDGE('',*,*,#6293,.F.);
#6317 = ORIENTED_EDGE('',*,*,#5349,.F.);
#6318 = PLANE('',#6319);
#6319 = AXIS2_PLACEMENT_3D('',#6320,#6321,#6322);
#6320 = CARTESIAN_POINT('',(0.94,-0.5,8.326672684689E-17));
#6321 = DIRECTION('',(0.,0.,1.));
#6322 = DIRECTION('',(1.,1.110223024625E-16,-0.));
#6323 = ADVANCED_FACE('',(#6324),#6330,.T.);
#6324 = FACE_BOUND('',#6325,.T.);
#6325 = EDGE_LOOP('',(#6326,#6327,#6328,#6329));
#6326 = ORIENTED_EDGE('',*,*,#5340,.T.);
#6327 = ORIENTED_EDGE('',*,*,#6310,.T.);
#6328 = ORIENTED_EDGE('',*,*,#5432,.F.);
#6329 = ORIENTED_EDGE('',*,*,#5414,.F.);
#6330 = CYLINDRICAL_SURFACE('',#6331,0.25);
#6331 = AXIS2_PLACEMENT_3D('',#6332,#6333,#6334);
#6332 = CARTESIAN_POINT('',(0.94,-0.5,0.25));
#6333 = DIRECTION('',(-1.110223024625E-16,1.,0.));
#6334 = DIRECTION('',(-0.997199309888,-1.107113633978E-16,
    -7.478994824166E-02));
#6335 = ADVANCED_FACE('',(#6336),#6339,.F.);
#6336 = FACE_BOUND('',#6337,.T.);
#6337 = EDGE_LOOP('',(#6338));
#6338 = ORIENTED_EDGE('',*,*,#5577,.F.);
#6339 = PLANE('',#6340);
#6340 = AXIS2_PLACEMENT_3D('',#6341,#6342,#6343);
#6341 = CARTESIAN_POINT('',(-0.313783666119,0.688783666119,1.05));
#6342 = DIRECTION('',(0.,0.,-1.));
#6343 = DIRECTION('',(1.110223024625E-16,-1.,0.));
#6344 = ( GEOMETRIC_REPRESENTATION_CONTEXT(3) 
GLOBAL_UNCERTAINTY_ASSIGNED_CONTEXT((#6348)) 
GLOBAL_UNIT_ASSIGNED_CONTEXT((#6345,#6346,#6347)) REPRESENTATION_CONTEXT
('Context #1','3D Context with UNIT and UNCERTAINTY') );
#6345 = ( LENGTH_UNIT() NAMED_UNIT(*) SI_UNIT(.MILLI.,.METRE.) );
#6346 = ( NAMED_UNIT(*) PLANE_ANGLE_UNIT() SI_UNIT($,.RADIAN.) );
#6347 = ( NAMED_UNIT(*) SI_UNIT($,.STERADIAN.) SOLID_ANGLE_UNIT() );
#6348 = UNCERTAINTY_MEASURE_WITH_UNIT(LENGTH_MEASURE(1.E-07),#6345,
  'distance_accuracy_value','confusion accuracy');
#6349 = CONTEXT_DEPENDENT_SHAPE_REPRESENTATION(#6350,#6352);
#6350 = ( REPRESENTATION_RELATIONSHIP('','',#3113,#10) 
REPRESENTATION_RELATIONSHIP_WITH_TRANSFORMATION(#6351) 
SHAPE_REPRESENTATION_RELATIONSHIP() );
#6351 = ITEM_DEFINED_TRANSFORMATION('','',#11,#67);
#6352 = PRODUCT_DEFINITION_SHAPE('Placement','Placement of an item',
  #6353);
#6353 = NEXT_ASSEMBLY_USAGE_OCCURRENCE('14','Q1','',#5,#3108,$);
#6354 = PRODUCT_RELATED_PRODUCT_CATEGORY('part',$,(#3110));
#6355 = CONTEXT_DEPENDENT_SHAPE_REPRESENTATION(#6356,#6358);
#6356 = ( REPRESENTATION_RELATIONSHIP('','',#998,#10) 
REPRESENTATION_RELATIONSHIP_WITH_TRANSFORMATION(#6357) 
SHAPE_REPRESENTATION_RELATIONSHIP() );
#6357 = ITEM_DEFINED_TRANSFORMATION('','',#11,#71);
#6358 = PRODUCT_DEFINITION_SHAPE('Placement','Placement of an item',
  #6359);
#6359 = NEXT_ASSEMBLY_USAGE_OCCURRENCE('15','R4','',#5,#993,$);
#6360 = SHAPE_DEFINITION_REPRESENTATION(#6361,#6367);
#6361 = PRODUCT_DEFINITION_SHAPE('','',#6362);
#6362 = PRODUCT_DEFINITION('design','',#6363,#6366);
#6363 = PRODUCT_DEFINITION_FORMATION('','',#6364);
#6364 = PRODUCT('LED_1206_3216Metric','LED_1206_3216Metric','',(#6365));
#6365 = PRODUCT_CONTEXT('',#2,'mechanical');
#6366 = PRODUCT_DEFINITION_CONTEXT('part definition',#2,'design');
#6367 = ADVANCED_BREP_SHAPE_REPRESENTATION('',(#11,#6368),#7891);
#6368 = MANIFOLD_SOLID_BREP('',#6369);
#6369 = CLOSED_SHELL('',(#6370,#6410,#6457,#6536,#6560,#6600,#6631,#6648
    ,#6681,#6705,#6772,#6893,#6960,#6984,#7015,#7048,#7104,#7128,#7152,
    #7176,#7209,#7221,#7284,#7309,#7326,#7350,#7368,#7386,#7404,#7421,
    #7438,#7469,#7494,#7519,#7543,#7560,#7591,#7615,#7632,#7660,#7685,
    #7709,#7734,#7781,#7798,#7810,#7832,#7844,#7862,#7880));
#6370 = ADVANCED_FACE('',(#6371),#6405,.F.);
#6371 = FACE_BOUND('',#6372,.F.);
#6372 = EDGE_LOOP('',(#6373,#6383,#6391,#6399));
#6373 = ORIENTED_EDGE('',*,*,#6374,.T.);
#6374 = EDGE_CURVE('',#6375,#6377,#6379,.T.);
#6375 = VERTEX_POINT('',#6376);
#6376 = CARTESIAN_POINT('',(-1.,-0.8,0.44));
#6377 = VERTEX_POINT('',#6378);
#6378 = CARTESIAN_POINT('',(-0.9,-0.8,1.1));
#6379 = LINE('',#6380,#6381);
#6380 = CARTESIAN_POINT('',(-1.,-0.8,0.44));
#6381 = VECTOR('',#6382,1.);
#6382 = DIRECTION('',(0.149805379428,0.,0.988715504225));
#6383 = ORIENTED_EDGE('',*,*,#6384,.T.);
#6384 = EDGE_CURVE('',#6377,#6385,#6387,.T.);
#6385 = VERTEX_POINT('',#6386);
#6386 = CARTESIAN_POINT('',(0.9,-0.8,1.1));
#6387 = LINE('',#6388,#6389);
#6388 = CARTESIAN_POINT('',(-0.9,-0.8,1.1));
#6389 = VECTOR('',#6390,1.);
#6390 = DIRECTION('',(1.,0.,0.));
#6391 = ORIENTED_EDGE('',*,*,#6392,.T.);
#6392 = EDGE_CURVE('',#6385,#6393,#6395,.T.);
#6393 = VERTEX_POINT('',#6394);
#6394 = CARTESIAN_POINT('',(1.,-0.8,0.44));
#6395 = LINE('',#6396,#6397);
#6396 = CARTESIAN_POINT('',(0.9,-0.8,1.1));
#6397 = VECTOR('',#6398,1.);
#6398 = DIRECTION('',(0.149805379428,0.,-0.988715504225));
#6399 = ORIENTED_EDGE('',*,*,#6400,.T.);
#6400 = EDGE_CURVE('',#6393,#6375,#6401,.T.);
#6401 = LINE('',#6402,#6403);
#6402 = CARTESIAN_POINT('',(1.,-0.8,0.44));
#6403 = VECTOR('',#6404,1.);
#6404 = DIRECTION('',(-1.,0.,2.775557561563E-17));
#6405 = PLANE('',#6406);
#6406 = AXIS2_PLACEMENT_3D('',#6407,#6408,#6409);
#6407 = CARTESIAN_POINT('',(0.,-0.8,0.757147194234));
#6408 = DIRECTION('',(1.313075150093E-49,1.,1.103763151667E-32));
#6409 = DIRECTION('',(0.,-1.103763151667E-32,1.));
#6410 = ADVANCED_FACE('',(#6411),#6452,.T.);
#6411 = FACE_BOUND('',#6412,.T.);
#6412 = EDGE_LOOP('',(#6413,#6423,#6431,#6437,#6438,#6446));
#6413 = ORIENTED_EDGE('',*,*,#6414,.T.);
#6414 = EDGE_CURVE('',#6415,#6417,#6419,.T.);
#6415 = VERTEX_POINT('',#6416);
#6416 = CARTESIAN_POINT('',(-1.,0.8,0.44));
#6417 = VERTEX_POINT('',#6418);
#6418 = CARTESIAN_POINT('',(-1.,0.6,0.44));
#6419 = LINE('',#6420,#6421);
#6420 = CARTESIAN_POINT('',(-1.,0.8,0.44));
#6421 = VECTOR('',#6422,1.);
#6422 = DIRECTION('',(0.,-1.,0.));
#6423 = ORIENTED_EDGE('',*,*,#6424,.T.);
#6424 = EDGE_CURVE('',#6417,#6425,#6427,.T.);
#6425 = VERTEX_POINT('',#6426);
#6426 = CARTESIAN_POINT('',(-1.,-0.6,0.44));
#6427 = LINE('',#6428,#6429);
#6428 = CARTESIAN_POINT('',(-1.,0.8,0.44));
#6429 = VECTOR('',#6430,1.);
#6430 = DIRECTION('',(0.,-1.,0.));
#6431 = ORIENTED_EDGE('',*,*,#6432,.T.);
#6432 = EDGE_CURVE('',#6425,#6375,#6433,.T.);
#6433 = LINE('',#6434,#6435);
#6434 = CARTESIAN_POINT('',(-1.,0.8,0.44));
#6435 = VECTOR('',#6436,1.);
#6436 = DIRECTION('',(0.,-1.,0.));
#6437 = ORIENTED_EDGE('',*,*,#6374,.T.);
#6438 = ORIENTED_EDGE('',*,*,#6439,.F.);
#6439 = EDGE_CURVE('',#6440,#6377,#6442,.T.);
#6440 = VERTEX_POINT('',#6441);
#6441 = CARTESIAN_POINT('',(-0.9,0.8,1.1));
#6442 = LINE('',#6443,#6444);
#6443 = CARTESIAN_POINT('',(-0.9,0.8,1.1));
#6444 = VECTOR('',#6445,1.);
#6445 = DIRECTION('',(0.,-1.,0.));
#6446 = ORIENTED_EDGE('',*,*,#6447,.F.);
#6447 = EDGE_CURVE('',#6415,#6440,#6448,.T.);
#6448 = LINE('',#6449,#6450);
#6449 = CARTESIAN_POINT('',(-1.,0.8,0.44));
#6450 = VECTOR('',#6451,1.);
#6451 = DIRECTION('',(0.149805379428,0.,0.988715504225));
#6452 = PLANE('',#6453);
#6453 = AXIS2_PLACEMENT_3D('',#6454,#6455,#6456);
#6454 = CARTESIAN_POINT('',(-1.,0.8,0.44));
#6455 = DIRECTION('',(-0.988715504225,0.,0.149805379428));
#6456 = DIRECTION('',(0.149805379428,0.,0.988715504225));
#6457 = ADVANCED_FACE('',(#6458),#6531,.F.);
#6458 = FACE_BOUND('',#6459,.F.);
#6459 = EDGE_LOOP('',(#6460,#6470,#6478,#6486,#6492,#6493,#6501,#6509,
    #6517,#6525));
#6460 = ORIENTED_EDGE('',*,*,#6461,.F.);
#6461 = EDGE_CURVE('',#6462,#6464,#6466,.T.);
#6462 = VERTEX_POINT('',#6463);
#6463 = CARTESIAN_POINT('',(-1.54,-0.8,6.E-02));
#6464 = VERTEX_POINT('',#6465);
#6465 = CARTESIAN_POINT('',(-1.45,-0.8,6.E-02));
#6466 = LINE('',#6467,#6468);
#6467 = CARTESIAN_POINT('',(-1.54,-0.8,6.E-02));
#6468 = VECTOR('',#6469,1.);
#6469 = DIRECTION('',(1.,0.,0.));
#6470 = ORIENTED_EDGE('',*,*,#6471,.T.);
#6471 = EDGE_CURVE('',#6462,#6472,#6474,.T.);
#6472 = VERTEX_POINT('',#6473);
#6473 = CARTESIAN_POINT('',(-1.54,-0.8,0.44));
#6474 = LINE('',#6475,#6476);
#6475 = CARTESIAN_POINT('',(-1.54,-0.8,6.E-02));
#6476 = VECTOR('',#6477,1.);
#6477 = DIRECTION('',(0.,0.,1.));
#6478 = ORIENTED_EDGE('',*,*,#6479,.T.);
#6479 = EDGE_CURVE('',#6472,#6480,#6482,.T.);
#6480 = VERTEX_POINT('',#6481);
#6481 = CARTESIAN_POINT('',(-1.45,-0.8,0.44));
#6482 = LINE('',#6483,#6484);
#6483 = CARTESIAN_POINT('',(-1.54,-0.8,0.44));
#6484 = VECTOR('',#6485,1.);
#6485 = DIRECTION('',(1.,0.,0.));
#6486 = ORIENTED_EDGE('',*,*,#6487,.T.);
#6487 = EDGE_CURVE('',#6480,#6375,#6488,.T.);
#6488 = LINE('',#6489,#6490);
#6489 = CARTESIAN_POINT('',(-1.54,-0.8,0.44));
#6490 = VECTOR('',#6491,1.);
#6491 = DIRECTION('',(1.,0.,0.));
#6492 = ORIENTED_EDGE('',*,*,#6400,.F.);
#6493 = ORIENTED_EDGE('',*,*,#6494,.T.);
#6494 = EDGE_CURVE('',#6393,#6495,#6497,.T.);
#6495 = VERTEX_POINT('',#6496);
#6496 = CARTESIAN_POINT('',(1.45,-0.8,0.44));
#6497 = LINE('',#6498,#6499);
#6498 = CARTESIAN_POINT('',(-1.54,-0.8,0.44));
#6499 = VECTOR('',#6500,1.);
#6500 = DIRECTION('',(1.,0.,0.));
#6501 = ORIENTED_EDGE('',*,*,#6502,.T.);
#6502 = EDGE_CURVE('',#6495,#6503,#6505,.T.);
#6503 = VERTEX_POINT('',#6504);
#6504 = CARTESIAN_POINT('',(1.54,-0.8,0.44));
#6505 = LINE('',#6506,#6507);
#6506 = CARTESIAN_POINT('',(-1.54,-0.8,0.44));
#6507 = VECTOR('',#6508,1.);
#6508 = DIRECTION('',(1.,0.,0.));
#6509 = ORIENTED_EDGE('',*,*,#6510,.F.);
#6510 = EDGE_CURVE('',#6511,#6503,#6513,.T.);
#6511 = VERTEX_POINT('',#6512);
#6512 = CARTESIAN_POINT('',(1.54,-0.8,6.E-02));
#6513 = LINE('',#6514,#6515);
#6514 = CARTESIAN_POINT('',(1.54,-0.8,6.E-02));
#6515 = VECTOR('',#6516,1.);
#6516 = DIRECTION('',(0.,0.,1.));
#6517 = ORIENTED_EDGE('',*,*,#6518,.F.);
#6518 = EDGE_CURVE('',#6519,#6511,#6521,.T.);
#6519 = VERTEX_POINT('',#6520);
#6520 = CARTESIAN_POINT('',(1.45,-0.8,6.E-02));
#6521 = LINE('',#6522,#6523);
#6522 = CARTESIAN_POINT('',(-1.54,-0.8,6.E-02));
#6523 = VECTOR('',#6524,1.);
#6524 = DIRECTION('',(1.,0.,0.));
#6525 = ORIENTED_EDGE('',*,*,#6526,.F.);
#6526 = EDGE_CURVE('',#6464,#6519,#6527,.T.);
#6527 = LINE('',#6528,#6529);
#6528 = CARTESIAN_POINT('',(-1.54,-0.8,6.E-02));
#6529 = VECTOR('',#6530,1.);
#6530 = DIRECTION('',(1.,0.,0.));
#6531 = PLANE('',#6532);
#6532 = AXIS2_PLACEMENT_3D('',#6533,#6534,#6535);
#6533 = CARTESIAN_POINT('',(-1.54,-0.8,6.E-02));
#6534 = DIRECTION('',(0.,1.,0.));
#6535 = DIRECTION('',(0.,-0.,1.));
#6536 = ADVANCED_FACE('',(#6537),#6555,.T.);
#6537 = FACE_BOUND('',#6538,.T.);
#6538 = EDGE_LOOP('',(#6539,#6540,#6541,#6549));
#6539 = ORIENTED_EDGE('',*,*,#6439,.T.);
#6540 = ORIENTED_EDGE('',*,*,#6384,.T.);
#6541 = ORIENTED_EDGE('',*,*,#6542,.F.);
#6542 = EDGE_CURVE('',#6543,#6385,#6545,.T.);
#6543 = VERTEX_POINT('',#6544);
#6544 = CARTESIAN_POINT('',(0.9,0.8,1.1));
#6545 = LINE('',#6546,#6547);
#6546 = CARTESIAN_POINT('',(0.9,0.8,1.1));
#6547 = VECTOR('',#6548,1.);
#6548 = DIRECTION('',(0.,-1.,0.));
#6549 = ORIENTED_EDGE('',*,*,#6550,.F.);
#6550 = EDGE_CURVE('',#6440,#6543,#6551,.T.);
#6551 = LINE('',#6552,#6553);
#6552 = CARTESIAN_POINT('',(-0.9,0.8,1.1));
#6553 = VECTOR('',#6554,1.);
#6554 = DIRECTION('',(1.,0.,0.));
#6555 = PLANE('',#6556);
#6556 = AXIS2_PLACEMENT_3D('',#6557,#6558,#6559);
#6557 = CARTESIAN_POINT('',(-0.9,0.8,1.1));
#6558 = DIRECTION('',(0.,0.,1.));
#6559 = DIRECTION('',(1.,0.,-0.));
#6560 = ADVANCED_FACE('',(#6561),#6595,.T.);
#6561 = FACE_BOUND('',#6562,.T.);
#6562 = EDGE_LOOP('',(#6563,#6564,#6565,#6573,#6581,#6589));
#6563 = ORIENTED_EDGE('',*,*,#6542,.T.);
#6564 = ORIENTED_EDGE('',*,*,#6392,.T.);
#6565 = ORIENTED_EDGE('',*,*,#6566,.F.);
#6566 = EDGE_CURVE('',#6567,#6393,#6569,.T.);
#6567 = VERTEX_POINT('',#6568);
#6568 = CARTESIAN_POINT('',(1.,-0.6,0.44));
#6569 = LINE('',#6570,#6571);
#6570 = CARTESIAN_POINT('',(1.,0.8,0.44));
#6571 = VECTOR('',#6572,1.);
#6572 = DIRECTION('',(0.,-1.,0.));
#6573 = ORIENTED_EDGE('',*,*,#6574,.F.);
#6574 = EDGE_CURVE('',#6575,#6567,#6577,.T.);
#6575 = VERTEX_POINT('',#6576);
#6576 = CARTESIAN_POINT('',(1.,0.6,0.44));
#6577 = LINE('',#6578,#6579);
#6578 = CARTESIAN_POINT('',(1.,0.8,0.44));
#6579 = VECTOR('',#6580,1.);
#6580 = DIRECTION('',(0.,-1.,0.));
#6581 = ORIENTED_EDGE('',*,*,#6582,.F.);
#6582 = EDGE_CURVE('',#6583,#6575,#6585,.T.);
#6583 = VERTEX_POINT('',#6584);
#6584 = CARTESIAN_POINT('',(1.,0.8,0.44));
#6585 = LINE('',#6586,#6587);
#6586 = CARTESIAN_POINT('',(1.,0.8,0.44));
#6587 = VECTOR('',#6588,1.);
#6588 = DIRECTION('',(0.,-1.,0.));
#6589 = ORIENTED_EDGE('',*,*,#6590,.F.);
#6590 = EDGE_CURVE('',#6543,#6583,#6591,.T.);
#6591 = LINE('',#6592,#6593);
#6592 = CARTESIAN_POINT('',(0.9,0.8,1.1));
#6593 = VECTOR('',#6594,1.);
#6594 = DIRECTION('',(0.149805379428,0.,-0.988715504225));
#6595 = PLANE('',#6596);
#6596 = AXIS2_PLACEMENT_3D('',#6597,#6598,#6599);
#6597 = CARTESIAN_POINT('',(0.9,0.8,1.1));
#6598 = DIRECTION('',(0.988715504225,0.,0.149805379428));
#6599 = DIRECTION('',(0.149805379428,0.,-0.988715504225));
#6600 = ADVANCED_FACE('',(#6601),#6626,.T.);
#6601 = FACE_BOUND('',#6602,.T.);
#6602 = EDGE_LOOP('',(#6603,#6611,#6619,#6625));
#6603 = ORIENTED_EDGE('',*,*,#6604,.F.);
#6604 = EDGE_CURVE('',#6605,#6415,#6607,.T.);
#6605 = VERTEX_POINT('',#6606);
#6606 = CARTESIAN_POINT('',(-1.45,0.8,0.44));
#6607 = LINE('',#6608,#6609);
#6608 = CARTESIAN_POINT('',(-1.54,0.8,0.44));
#6609 = VECTOR('',#6610,1.);
#6610 = DIRECTION('',(1.,0.,0.));
#6611 = ORIENTED_EDGE('',*,*,#6612,.F.);
#6612 = EDGE_CURVE('',#6613,#6605,#6615,.T.);
#6613 = VERTEX_POINT('',#6614);
#6614 = CARTESIAN_POINT('',(-1.45,0.6,0.44));
#6615 = LINE('',#6616,#6617);
#6616 = CARTESIAN_POINT('',(-1.45,0.1,0.44));
#6617 = VECTOR('',#6618,1.);
#6618 = DIRECTION('',(0.,1.,0.));
#6619 = ORIENTED_EDGE('',*,*,#6620,.F.);
#6620 = EDGE_CURVE('',#6417,#6613,#6621,.T.);
#6621 = LINE('',#6622,#6623);
#6622 = CARTESIAN_POINT('',(-1.495,0.6,0.44));
#6623 = VECTOR('',#6624,1.);
#6624 = DIRECTION('',(-1.,0.,0.));
#6625 = ORIENTED_EDGE('',*,*,#6414,.F.);
#6626 = PLANE('',#6627);
#6627 = AXIS2_PLACEMENT_3D('',#6628,#6629,#6630);
#6628 = CARTESIAN_POINT('',(-1.54,-0.8,0.44));
#6629 = DIRECTION('',(0.,0.,1.));
#6630 = DIRECTION('',(1.,0.,-0.));
#6631 = ADVANCED_FACE('',(#6632),#6643,.T.);
#6632 = FACE_BOUND('',#6633,.T.);
#6633 = EDGE_LOOP('',(#6634,#6635,#6636,#6637));
#6634 = ORIENTED_EDGE('',*,*,#6447,.T.);
#6635 = ORIENTED_EDGE('',*,*,#6550,.T.);
#6636 = ORIENTED_EDGE('',*,*,#6590,.T.);
#6637 = ORIENTED_EDGE('',*,*,#6638,.T.);
#6638 = EDGE_CURVE('',#6583,#6415,#6639,.T.);
#6639 = LINE('',#6640,#6641);
#6640 = CARTESIAN_POINT('',(1.,0.8,0.44));
#6641 = VECTOR('',#6642,1.);
#6642 = DIRECTION('',(-1.,0.,2.775557561563E-17));
#6643 = PLANE('',#6644);
#6644 = AXIS2_PLACEMENT_3D('',#6645,#6646,#6647);
#6645 = CARTESIAN_POINT('',(0.,0.8,0.757147194234));
#6646 = DIRECTION('',(1.313075150093E-49,1.,1.103763151667E-32));
#6647 = DIRECTION('',(0.,-1.103763151667E-32,1.));
#6648 = ADVANCED_FACE('',(#6649),#6676,.T.);
#6649 = FACE_BOUND('',#6650,.T.);
#6650 = EDGE_LOOP('',(#6651,#6660,#6668,#6675));
#6651 = ORIENTED_EDGE('',*,*,#6652,.F.);
#6652 = EDGE_CURVE('',#6653,#6417,#6655,.T.);
#6653 = VERTEX_POINT('',#6654);
#6654 = CARTESIAN_POINT('',(-1.06,0.6,0.5));
#6655 = CIRCLE('',#6656,6.E-02);
#6656 = AXIS2_PLACEMENT_3D('',#6657,#6658,#6659);
#6657 = CARTESIAN_POINT('',(-1.06,0.6,0.44));
#6658 = DIRECTION('',(-0.,1.,0.));
#6659 = DIRECTION('',(1.,0.,0.));
#6660 = ORIENTED_EDGE('',*,*,#6661,.F.);
#6661 = EDGE_CURVE('',#6662,#6653,#6664,.T.);
#6662 = VERTEX_POINT('',#6663);
#6663 = CARTESIAN_POINT('',(-1.06,-0.6,0.5));
#6664 = LINE('',#6665,#6666);
#6665 = CARTESIAN_POINT('',(-1.06,-0.8,0.5));
#6666 = VECTOR('',#6667,1.);
#6667 = DIRECTION('',(0.,1.,0.));
#6668 = ORIENTED_EDGE('',*,*,#6669,.T.);
#6669 = EDGE_CURVE('',#6662,#6425,#6670,.T.);
#6670 = CIRCLE('',#6671,6.E-02);
#6671 = AXIS2_PLACEMENT_3D('',#6672,#6673,#6674);
#6672 = CARTESIAN_POINT('',(-1.06,-0.6,0.44));
#6673 = DIRECTION('',(-0.,1.,0.));
#6674 = DIRECTION('',(1.,0.,0.));
#6675 = ORIENTED_EDGE('',*,*,#6424,.F.);
#6676 = CYLINDRICAL_SURFACE('',#6677,6.E-02);
#6677 = AXIS2_PLACEMENT_3D('',#6678,#6679,#6680);
#6678 = CARTESIAN_POINT('',(-1.06,-0.8,0.44));
#6679 = DIRECTION('',(0.,1.,0.));
#6680 = DIRECTION('',(1.,0.,0.));
#6681 = ADVANCED_FACE('',(#6682),#6700,.T.);
#6682 = FACE_BOUND('',#6683,.T.);
#6683 = EDGE_LOOP('',(#6684,#6692,#6693,#6694));
#6684 = ORIENTED_EDGE('',*,*,#6685,.F.);
#6685 = EDGE_CURVE('',#6480,#6686,#6688,.T.);
#6686 = VERTEX_POINT('',#6687);
#6687 = CARTESIAN_POINT('',(-1.45,-0.6,0.44));
#6688 = LINE('',#6689,#6690);
#6689 = CARTESIAN_POINT('',(-1.45,-0.7,0.44));
#6690 = VECTOR('',#6691,1.);
#6691 = DIRECTION('',(0.,1.,0.));
#6692 = ORIENTED_EDGE('',*,*,#6487,.T.);
#6693 = ORIENTED_EDGE('',*,*,#6432,.F.);
#6694 = ORIENTED_EDGE('',*,*,#6695,.F.);
#6695 = EDGE_CURVE('',#6686,#6425,#6696,.T.);
#6696 = LINE('',#6697,#6698);
#6697 = CARTESIAN_POINT('',(-4.5E-02,-0.6,0.44));
#6698 = VECTOR('',#6699,1.);
#6699 = DIRECTION('',(1.,0.,0.));
#6700 = PLANE('',#6701);
#6701 = AXIS2_PLACEMENT_3D('',#6702,#6703,#6704);
#6702 = CARTESIAN_POINT('',(-1.54,-0.8,0.44));
#6703 = DIRECTION('',(0.,0.,1.));
#6704 = DIRECTION('',(1.,0.,-0.));
#6705 = ADVANCED_FACE('',(#6706),#6767,.F.);
#6706 = FACE_BOUND('',#6707,.F.);
#6707 = EDGE_LOOP('',(#6708,#6718,#6727,#6735,#6744,#6752,#6758,#6759,
    #6760,#6761));
#6708 = ORIENTED_EDGE('',*,*,#6709,.F.);
#6709 = EDGE_CURVE('',#6710,#6712,#6714,.T.);
#6710 = VERTEX_POINT('',#6711);
#6711 = CARTESIAN_POINT('',(-1.54,-0.8,-6.938893903907E-18));
#6712 = VERTEX_POINT('',#6713);
#6713 = CARTESIAN_POINT('',(-1.45,-0.8,0.));
#6714 = LINE('',#6715,#6716);
#6715 = CARTESIAN_POINT('',(-1.6,-0.8,0.));
#6716 = VECTOR('',#6717,1.);
#6717 = DIRECTION('',(1.,0.,0.));
#6718 = ORIENTED_EDGE('',*,*,#6719,.F.);
#6719 = EDGE_CURVE('',#6720,#6710,#6722,.T.);
#6720 = VERTEX_POINT('',#6721);
#6721 = CARTESIAN_POINT('',(-1.6,-0.8,6.E-02));
#6722 = CIRCLE('',#6723,6.E-02);
#6723 = AXIS2_PLACEMENT_3D('',#6724,#6725,#6726);
#6724 = CARTESIAN_POINT('',(-1.54,-0.8,6.E-02));
#6725 = DIRECTION('',(0.,-1.,0.));
#6726 = DIRECTION('',(0.,0.,1.));
#6727 = ORIENTED_EDGE('',*,*,#6728,.T.);
#6728 = EDGE_CURVE('',#6720,#6729,#6731,.T.);
#6729 = VERTEX_POINT('',#6730);
#6730 = CARTESIAN_POINT('',(-1.6,-0.8,0.44));
#6731 = LINE('',#6732,#6733);
#6732 = CARTESIAN_POINT('',(-1.6,-0.8,0.));
#6733 = VECTOR('',#6734,1.);
#6734 = DIRECTION('',(0.,0.,1.));
#6735 = ORIENTED_EDGE('',*,*,#6736,.T.);
#6736 = EDGE_CURVE('',#6729,#6737,#6739,.T.);
#6737 = VERTEX_POINT('',#6738);
#6738 = CARTESIAN_POINT('',(-1.54,-0.8,0.5));
#6739 = CIRCLE('',#6740,6.E-02);
#6740 = AXIS2_PLACEMENT_3D('',#6741,#6742,#6743);
#6741 = CARTESIAN_POINT('',(-1.54,-0.8,0.44));
#6742 = DIRECTION('',(0.,1.,0.));
#6743 = DIRECTION('',(0.,-0.,1.));
#6744 = ORIENTED_EDGE('',*,*,#6745,.T.);
#6745 = EDGE_CURVE('',#6737,#6746,#6748,.T.);
#6746 = VERTEX_POINT('',#6747);
#6747 = CARTESIAN_POINT('',(-1.45,-0.8,0.5));
#6748 = LINE('',#6749,#6750);
#6749 = CARTESIAN_POINT('',(-1.6,-0.8,0.5));
#6750 = VECTOR('',#6751,1.);
#6751 = DIRECTION('',(1.,0.,0.));
#6752 = ORIENTED_EDGE('',*,*,#6753,.F.);
#6753 = EDGE_CURVE('',#6480,#6746,#6754,.T.);
#6754 = LINE('',#6755,#6756);
#6755 = CARTESIAN_POINT('',(-1.45,-0.8,0.375));
#6756 = VECTOR('',#6757,1.);
#6757 = DIRECTION('',(0.,0.,1.));
#6758 = ORIENTED_EDGE('',*,*,#6479,.F.);
#6759 = ORIENTED_EDGE('',*,*,#6471,.F.);
#6760 = ORIENTED_EDGE('',*,*,#6461,.T.);
#6761 = ORIENTED_EDGE('',*,*,#6762,.F.);
#6762 = EDGE_CURVE('',#6712,#6464,#6763,.T.);
#6763 = LINE('',#6764,#6765);
#6764 = CARTESIAN_POINT('',(-1.45,-0.8,0.375));
#6765 = VECTOR('',#6766,1.);
#6766 = DIRECTION('',(0.,0.,1.));
#6767 = PLANE('',#6768);
#6768 = AXIS2_PLACEMENT_3D('',#6769,#6770,#6771);
#6769 = CARTESIAN_POINT('',(-1.6,-0.8,0.));
#6770 = DIRECTION('',(0.,1.,0.));
#6771 = DIRECTION('',(0.,-0.,1.));
#6772 = ADVANCED_FACE('',(#6773,#6862),#6888,.F.);
#6773 = FACE_BOUND('',#6774,.F.);
#6774 = EDGE_LOOP('',(#6775,#6783,#6784,#6792,#6800,#6808,#6816,#6824,
    #6832,#6840,#6848,#6856));
#6775 = ORIENTED_EDGE('',*,*,#6776,.F.);
#6776 = EDGE_CURVE('',#6464,#6777,#6779,.T.);
#6777 = VERTEX_POINT('',#6778);
#6778 = CARTESIAN_POINT('',(-1.45,-0.6,6.E-02));
#6779 = LINE('',#6780,#6781);
#6780 = CARTESIAN_POINT('',(-1.45,-0.7,6.E-02));
#6781 = VECTOR('',#6782,1.);
#6782 = DIRECTION('',(0.,1.,0.));
#6783 = ORIENTED_EDGE('',*,*,#6526,.T.);
#6784 = ORIENTED_EDGE('',*,*,#6785,.F.);
#6785 = EDGE_CURVE('',#6786,#6519,#6788,.T.);
#6786 = VERTEX_POINT('',#6787);
#6787 = CARTESIAN_POINT('',(1.45,-0.6,6.E-02));
#6788 = LINE('',#6789,#6790);
#6789 = CARTESIAN_POINT('',(1.45,-0.9,6.E-02));
#6790 = VECTOR('',#6791,1.);
#6791 = DIRECTION('',(0.,-1.,0.));
#6792 = ORIENTED_EDGE('',*,*,#6793,.F.);
#6793 = EDGE_CURVE('',#6794,#6786,#6796,.T.);
#6794 = VERTEX_POINT('',#6795);
#6795 = CARTESIAN_POINT('',(1.,-0.6,6.E-02));
#6796 = LINE('',#6797,#6798);
#6797 = CARTESIAN_POINT('',(-4.5E-02,-0.6,6.E-02));
#6798 = VECTOR('',#6799,1.);
#6799 = DIRECTION('',(1.,0.,0.));
#6800 = ORIENTED_EDGE('',*,*,#6801,.T.);
#6801 = EDGE_CURVE('',#6794,#6802,#6804,.T.);
#6802 = VERTEX_POINT('',#6803);
#6803 = CARTESIAN_POINT('',(1.,0.6,6.E-02));
#6804 = LINE('',#6805,#6806);
#6805 = CARTESIAN_POINT('',(1.,-0.8,6.E-02));
#6806 = VECTOR('',#6807,1.);
#6807 = DIRECTION('',(0.,1.,0.));
#6808 = ORIENTED_EDGE('',*,*,#6809,.F.);
#6809 = EDGE_CURVE('',#6810,#6802,#6812,.T.);
#6810 = VERTEX_POINT('',#6811);
#6811 = CARTESIAN_POINT('',(1.45,0.6,6.E-02));
#6812 = LINE('',#6813,#6814);
#6813 = CARTESIAN_POINT('',(-1.495,0.6,6.E-02));
#6814 = VECTOR('',#6815,1.);
#6815 = DIRECTION('',(-1.,0.,0.));
#6816 = ORIENTED_EDGE('',*,*,#6817,.F.);
#6817 = EDGE_CURVE('',#6818,#6810,#6820,.T.);
#6818 = VERTEX_POINT('',#6819);
#6819 = CARTESIAN_POINT('',(1.45,0.8,6.E-02));
#6820 = LINE('',#6821,#6822);
#6821 = CARTESIAN_POINT('',(1.45,-0.1,6.E-02));
#6822 = VECTOR('',#6823,1.);
#6823 = DIRECTION('',(0.,-1.,0.));
#6824 = ORIENTED_EDGE('',*,*,#6825,.F.);
#6825 = EDGE_CURVE('',#6826,#6818,#6828,.T.);
#6826 = VERTEX_POINT('',#6827);
#6827 = CARTESIAN_POINT('',(-1.45,0.8,6.E-02));
#6828 = LINE('',#6829,#6830);
#6829 = CARTESIAN_POINT('',(-1.54,0.8,6.E-02));
#6830 = VECTOR('',#6831,1.);
#6831 = DIRECTION('',(1.,0.,0.));
#6832 = ORIENTED_EDGE('',*,*,#6833,.F.);
#6833 = EDGE_CURVE('',#6834,#6826,#6836,.T.);
#6834 = VERTEX_POINT('',#6835);
#6835 = CARTESIAN_POINT('',(-1.45,0.6,6.E-02));
#6836 = LINE('',#6837,#6838);
#6837 = CARTESIAN_POINT('',(-1.45,0.1,6.E-02));
#6838 = VECTOR('',#6839,1.);
#6839 = DIRECTION('',(0.,1.,0.));
#6840 = ORIENTED_EDGE('',*,*,#6841,.F.);
#6841 = EDGE_CURVE('',#6842,#6834,#6844,.T.);
#6842 = VERTEX_POINT('',#6843);
#6843 = CARTESIAN_POINT('',(-1.,0.6,6.E-02));
#6844 = LINE('',#6845,#6846);
#6845 = CARTESIAN_POINT('',(-1.495,0.6,6.E-02));
#6846 = VECTOR('',#6847,1.);
#6847 = DIRECTION('',(-1.,0.,0.));
#6848 = ORIENTED_EDGE('',*,*,#6849,.F.);
#6849 = EDGE_CURVE('',#6850,#6842,#6852,.T.);
#6850 = VERTEX_POINT('',#6851);
#6851 = CARTESIAN_POINT('',(-1.,-0.6,6.E-02));
#6852 = LINE('',#6853,#6854);
#6853 = CARTESIAN_POINT('',(-1.,-0.8,6.E-02));
#6854 = VECTOR('',#6855,1.);
#6855 = DIRECTION('',(0.,1.,0.));
#6856 = ORIENTED_EDGE('',*,*,#6857,.F.);
#6857 = EDGE_CURVE('',#6777,#6850,#6858,.T.);
#6858 = LINE('',#6859,#6860);
#6859 = CARTESIAN_POINT('',(-4.5E-02,-0.6,6.E-02));
#6860 = VECTOR('',#6861,1.);
#6861 = DIRECTION('',(1.,0.,0.));
#6862 = FACE_BOUND('',#6863,.F.);
#6863 = EDGE_LOOP('',(#6864,#6874,#6882));
#6864 = ORIENTED_EDGE('',*,*,#6865,.T.);
#6865 = EDGE_CURVE('',#6866,#6868,#6870,.T.);
#6866 = VERTEX_POINT('',#6867);
#6867 = CARTESIAN_POINT('',(0.554256258422,0.64,6.E-02));
#6868 = VERTEX_POINT('',#6869);
#6869 = CARTESIAN_POINT('',(0.554256258422,-0.64,6.E-02));
#6870 = LINE('',#6871,#6872);
#6871 = CARTESIAN_POINT('',(0.554256258422,0.64,6.E-02));
#6872 = VECTOR('',#6873,1.);
#6873 = DIRECTION('',(0.,-1.,0.));
#6874 = ORIENTED_EDGE('',*,*,#6875,.T.);
#6875 = EDGE_CURVE('',#6868,#6876,#6878,.T.);
#6876 = VERTEX_POINT('',#6877);
#6877 = CARTESIAN_POINT('',(-0.554256258422,0.,6.E-02));
#6878 = LINE('',#6879,#6880);
#6879 = CARTESIAN_POINT('',(0.554256258422,-0.64,6.E-02));
#6880 = VECTOR('',#6881,1.);
#6881 = DIRECTION('',(-0.866025403784,0.5,0.));
#6882 = ORIENTED_EDGE('',*,*,#6883,.T.);
#6883 = EDGE_CURVE('',#6876,#6866,#6884,.T.);
#6884 = LINE('',#6885,#6886);
#6885 = CARTESIAN_POINT('',(-0.554256258422,0.,6.E-02));
#6886 = VECTOR('',#6887,1.);
#6887 = DIRECTION('',(0.866025403784,0.5,0.));
#6888 = PLANE('',#6889);
#6889 = AXIS2_PLACEMENT_3D('',#6890,#6891,#6892);
#6890 = CARTESIAN_POINT('',(-1.54,-0.8,6.E-02));
#6891 = DIRECTION('',(0.,0.,1.));
#6892 = DIRECTION('',(1.,0.,-0.));
#6893 = ADVANCED_FACE('',(#6894),#6955,.F.);
#6894 = FACE_BOUND('',#6895,.F.);
#6895 = EDGE_LOOP('',(#6896,#6906,#6912,#6913,#6914,#6915,#6923,#6931,
    #6940,#6948));
#6896 = ORIENTED_EDGE('',*,*,#6897,.F.);
#6897 = EDGE_CURVE('',#6898,#6900,#6902,.T.);
#6898 = VERTEX_POINT('',#6899);
#6899 = CARTESIAN_POINT('',(1.45,-0.8,0.));
#6900 = VERTEX_POINT('',#6901);
#6901 = CARTESIAN_POINT('',(1.54,-0.8,-6.938893903907E-18));
#6902 = LINE('',#6903,#6904);
#6903 = CARTESIAN_POINT('',(1.,-0.8,0.));
#6904 = VECTOR('',#6905,1.);
#6905 = DIRECTION('',(1.,0.,0.));
#6906 = ORIENTED_EDGE('',*,*,#6907,.F.);
#6907 = EDGE_CURVE('',#6519,#6898,#6908,.T.);
#6908 = LINE('',#6909,#6910);
#6909 = CARTESIAN_POINT('',(1.45,-0.8,0.375));
#6910 = VECTOR('',#6911,1.);
#6911 = DIRECTION('',(0.,0.,-1.));
#6912 = ORIENTED_EDGE('',*,*,#6518,.T.);
#6913 = ORIENTED_EDGE('',*,*,#6510,.T.);
#6914 = ORIENTED_EDGE('',*,*,#6502,.F.);
#6915 = ORIENTED_EDGE('',*,*,#6916,.F.);
#6916 = EDGE_CURVE('',#6917,#6495,#6919,.T.);
#6917 = VERTEX_POINT('',#6918);
#6918 = CARTESIAN_POINT('',(1.45,-0.8,0.5));
#6919 = LINE('',#6920,#6921);
#6920 = CARTESIAN_POINT('',(1.45,-0.8,0.375));
#6921 = VECTOR('',#6922,1.);
#6922 = DIRECTION('',(0.,0.,-1.));
#6923 = ORIENTED_EDGE('',*,*,#6924,.T.);
#6924 = EDGE_CURVE('',#6917,#6925,#6927,.T.);
#6925 = VERTEX_POINT('',#6926);
#6926 = CARTESIAN_POINT('',(1.54,-0.8,0.5));
#6927 = LINE('',#6928,#6929);
#6928 = CARTESIAN_POINT('',(1.,-0.8,0.5));
#6929 = VECTOR('',#6930,1.);
#6930 = DIRECTION('',(1.,0.,0.));
#6931 = ORIENTED_EDGE('',*,*,#6932,.F.);
#6932 = EDGE_CURVE('',#6933,#6925,#6935,.T.);
#6933 = VERTEX_POINT('',#6934);
#6934 = CARTESIAN_POINT('',(1.6,-0.8,0.44));
#6935 = CIRCLE('',#6936,6.E-02);
#6936 = AXIS2_PLACEMENT_3D('',#6937,#6938,#6939);
#6937 = CARTESIAN_POINT('',(1.54,-0.8,0.44));
#6938 = DIRECTION('',(0.,-1.,0.));
#6939 = DIRECTION('',(0.,0.,1.));
#6940 = ORIENTED_EDGE('',*,*,#6941,.F.);
#6941 = EDGE_CURVE('',#6942,#6933,#6944,.T.);
#6942 = VERTEX_POINT('',#6943);
#6943 = CARTESIAN_POINT('',(1.6,-0.8,6.E-02));
#6944 = LINE('',#6945,#6946);
#6945 = CARTESIAN_POINT('',(1.6,-0.8,0.));
#6946 = VECTOR('',#6947,1.);
#6947 = DIRECTION('',(0.,0.,1.));
#6948 = ORIENTED_EDGE('',*,*,#6949,.T.);
#6949 = EDGE_CURVE('',#6942,#6900,#6950,.T.);
#6950 = CIRCLE('',#6951,6.E-02);
#6951 = AXIS2_PLACEMENT_3D('',#6952,#6953,#6954);
#6952 = CARTESIAN_POINT('',(1.54,-0.8,6.E-02));
#6953 = DIRECTION('',(0.,1.,0.));
#6954 = DIRECTION('',(0.,-0.,1.));
#6955 = PLANE('',#6956);
#6956 = AXIS2_PLACEMENT_3D('',#6957,#6958,#6959);
#6957 = CARTESIAN_POINT('',(1.,-0.8,0.));
#6958 = DIRECTION('',(0.,1.,0.));
#6959 = DIRECTION('',(0.,-0.,1.));
#6960 = ADVANCED_FACE('',(#6961),#6979,.T.);
#6961 = FACE_BOUND('',#6962,.T.);
#6962 = EDGE_LOOP('',(#6963,#6971,#6972,#6973));
#6963 = ORIENTED_EDGE('',*,*,#6964,.F.);
#6964 = EDGE_CURVE('',#6567,#6965,#6967,.T.);
#6965 = VERTEX_POINT('',#6966);
#6966 = CARTESIAN_POINT('',(1.45,-0.6,0.44));
#6967 = LINE('',#6968,#6969);
#6968 = CARTESIAN_POINT('',(-4.5E-02,-0.6,0.44));
#6969 = VECTOR('',#6970,1.);
#6970 = DIRECTION('',(1.,0.,0.));
#6971 = ORIENTED_EDGE('',*,*,#6566,.T.);
#6972 = ORIENTED_EDGE('',*,*,#6494,.T.);
#6973 = ORIENTED_EDGE('',*,*,#6974,.F.);
#6974 = EDGE_CURVE('',#6965,#6495,#6975,.T.);
#6975 = LINE('',#6976,#6977);
#6976 = CARTESIAN_POINT('',(1.45,-0.9,0.44));
#6977 = VECTOR('',#6978,1.);
#6978 = DIRECTION('',(0.,-1.,0.));
#6979 = PLANE('',#6980);
#6980 = AXIS2_PLACEMENT_3D('',#6981,#6982,#6983);
#6981 = CARTESIAN_POINT('',(-1.54,-0.8,0.44));
#6982 = DIRECTION('',(0.,0.,1.));
#6983 = DIRECTION('',(1.,0.,-0.));
#6984 = ADVANCED_FACE('',(#6985),#7010,.T.);
#6985 = FACE_BOUND('',#6986,.T.);
#6986 = EDGE_LOOP('',(#6987,#6995,#6996,#7004));
#6987 = ORIENTED_EDGE('',*,*,#6988,.F.);
#6988 = EDGE_CURVE('',#6583,#6989,#6991,.T.);
#6989 = VERTEX_POINT('',#6990);
#6990 = CARTESIAN_POINT('',(1.45,0.8,0.44));
#6991 = LINE('',#6992,#6993);
#6992 = CARTESIAN_POINT('',(-1.54,0.8,0.44));
#6993 = VECTOR('',#6994,1.);
#6994 = DIRECTION('',(1.,0.,0.));
#6995 = ORIENTED_EDGE('',*,*,#6582,.T.);
#6996 = ORIENTED_EDGE('',*,*,#6997,.F.);
#6997 = EDGE_CURVE('',#6998,#6575,#7000,.T.);
#6998 = VERTEX_POINT('',#6999);
#6999 = CARTESIAN_POINT('',(1.45,0.6,0.44));
#7000 = LINE('',#7001,#7002);
#7001 = CARTESIAN_POINT('',(-1.495,0.6,0.44));
#7002 = VECTOR('',#7003,1.);
#7003 = DIRECTION('',(-1.,0.,0.));
#7004 = ORIENTED_EDGE('',*,*,#7005,.F.);
#7005 = EDGE_CURVE('',#6989,#6998,#7006,.T.);
#7006 = LINE('',#7007,#7008);
#7007 = CARTESIAN_POINT('',(1.45,-0.1,0.44));
#7008 = VECTOR('',#7009,1.);
#7009 = DIRECTION('',(0.,-1.,0.));
#7010 = PLANE('',#7011);
#7011 = AXIS2_PLACEMENT_3D('',#7012,#7013,#7014);
#7012 = CARTESIAN_POINT('',(-1.54,-0.8,0.44));
#7013 = DIRECTION('',(0.,0.,1.));
#7014 = DIRECTION('',(1.,0.,-0.));
#7015 = ADVANCED_FACE('',(#7016),#7043,.T.);
#7016 = FACE_BOUND('',#7017,.T.);
#7017 = EDGE_LOOP('',(#7018,#7019,#7028,#7036));
#7018 = ORIENTED_EDGE('',*,*,#6574,.T.);
#7019 = ORIENTED_EDGE('',*,*,#7020,.T.);
#7020 = EDGE_CURVE('',#6567,#7021,#7023,.T.);
#7021 = VERTEX_POINT('',#7022);
#7022 = CARTESIAN_POINT('',(1.06,-0.6,0.5));
#7023 = CIRCLE('',#7024,6.E-02);
#7024 = AXIS2_PLACEMENT_3D('',#7025,#7026,#7027);
#7025 = CARTESIAN_POINT('',(1.06,-0.6,0.44));
#7026 = DIRECTION('',(0.,1.,-0.));
#7027 = DIRECTION('',(-1.,0.,0.));
#7028 = ORIENTED_EDGE('',*,*,#7029,.T.);
#7029 = EDGE_CURVE('',#7021,#7030,#7032,.T.);
#7030 = VERTEX_POINT('',#7031);
#7031 = CARTESIAN_POINT('',(1.06,0.6,0.5));
#7032 = LINE('',#7033,#7034);
#7033 = CARTESIAN_POINT('',(1.06,-0.8,0.5));
#7034 = VECTOR('',#7035,1.);
#7035 = DIRECTION('',(0.,1.,0.));
#7036 = ORIENTED_EDGE('',*,*,#7037,.F.);
#7037 = EDGE_CURVE('',#6575,#7030,#7038,.T.);
#7038 = CIRCLE('',#7039,6.E-02);
#7039 = AXIS2_PLACEMENT_3D('',#7040,#7041,#7042);
#7040 = CARTESIAN_POINT('',(1.06,0.6,0.44));
#7041 = DIRECTION('',(0.,1.,-0.));
#7042 = DIRECTION('',(-1.,0.,0.));
#7043 = CYLINDRICAL_SURFACE('',#7044,6.E-02);
#7044 = AXIS2_PLACEMENT_3D('',#7045,#7046,#7047);
#7045 = CARTESIAN_POINT('',(1.06,-0.8,0.44));
#7046 = DIRECTION('',(0.,1.,0.));
#7047 = DIRECTION('',(-1.,0.,0.));
#7048 = ADVANCED_FACE('',(#7049),#7099,.T.);
#7049 = FACE_BOUND('',#7050,.T.);
#7050 = EDGE_LOOP('',(#7051,#7059,#7067,#7073,#7074,#7075,#7076,#7084,
    #7092,#7098));
#7051 = ORIENTED_EDGE('',*,*,#7052,.F.);
#7052 = EDGE_CURVE('',#7053,#6826,#7055,.T.);
#7053 = VERTEX_POINT('',#7054);
#7054 = CARTESIAN_POINT('',(-1.54,0.8,6.E-02));
#7055 = LINE('',#7056,#7057);
#7056 = CARTESIAN_POINT('',(-1.54,0.8,6.E-02));
#7057 = VECTOR('',#7058,1.);
#7058 = DIRECTION('',(1.,0.,0.));
#7059 = ORIENTED_EDGE('',*,*,#7060,.T.);
#7060 = EDGE_CURVE('',#7053,#7061,#7063,.T.);
#7061 = VERTEX_POINT('',#7062);
#7062 = CARTESIAN_POINT('',(-1.54,0.8,0.44));
#7063 = LINE('',#7064,#7065);
#7064 = CARTESIAN_POINT('',(-1.54,0.8,6.E-02));
#7065 = VECTOR('',#7066,1.);
#7066 = DIRECTION('',(0.,0.,1.));
#7067 = ORIENTED_EDGE('',*,*,#7068,.T.);
#7068 = EDGE_CURVE('',#7061,#6605,#7069,.T.);
#7069 = LINE('',#7070,#7071);
#7070 = CARTESIAN_POINT('',(-1.54,0.8,0.44));
#7071 = VECTOR('',#7072,1.);
#7072 = DIRECTION('',(1.,0.,0.));
#7073 = ORIENTED_EDGE('',*,*,#6604,.T.);
#7074 = ORIENTED_EDGE('',*,*,#6638,.F.);
#7075 = ORIENTED_EDGE('',*,*,#6988,.T.);
#7076 = ORIENTED_EDGE('',*,*,#7077,.T.);
#7077 = EDGE_CURVE('',#6989,#7078,#7080,.T.);
#7078 = VERTEX_POINT('',#7079);
#7079 = CARTESIAN_POINT('',(1.54,0.8,0.44));
#7080 = LINE('',#7081,#7082);
#7081 = CARTESIAN_POINT('',(-1.54,0.8,0.44));
#7082 = VECTOR('',#7083,1.);
#7083 = DIRECTION('',(1.,0.,0.));
#7084 = ORIENTED_EDGE('',*,*,#7085,.F.);
#7085 = EDGE_CURVE('',#7086,#7078,#7088,.T.);
#7086 = VERTEX_POINT('',#7087);
#7087 = CARTESIAN_POINT('',(1.54,0.8,6.E-02));
#7088 = LINE('',#7089,#7090);
#7089 = CARTESIAN_POINT('',(1.54,0.8,6.E-02));
#7090 = VECTOR('',#7091,1.);
#7091 = DIRECTION('',(0.,0.,1.));
#7092 = ORIENTED_EDGE('',*,*,#7093,.F.);
#7093 = EDGE_CURVE('',#6818,#7086,#7094,.T.);
#7094 = LINE('',#7095,#7096);
#7095 = CARTESIAN_POINT('',(-1.54,0.8,6.E-02));
#7096 = VECTOR('',#7097,1.);
#7097 = DIRECTION('',(1.,0.,0.));
#7098 = ORIENTED_EDGE('',*,*,#6825,.F.);
#7099 = PLANE('',#7100);
#7100 = AXIS2_PLACEMENT_3D('',#7101,#7102,#7103);
#7101 = CARTESIAN_POINT('',(-1.54,0.8,6.E-02));
#7102 = DIRECTION('',(0.,1.,0.));
#7103 = DIRECTION('',(0.,-0.,1.));
#7104 = ADVANCED_FACE('',(#7105),#7123,.F.);
#7105 = FACE_BOUND('',#7106,.F.);
#7106 = EDGE_LOOP('',(#7107,#7115,#7121,#7122));
#7107 = ORIENTED_EDGE('',*,*,#7108,.F.);
#7108 = EDGE_CURVE('',#7109,#6653,#7111,.T.);
#7109 = VERTEX_POINT('',#7110);
#7110 = CARTESIAN_POINT('',(-1.45,0.6,0.5));
#7111 = LINE('',#7112,#7113);
#7112 = CARTESIAN_POINT('',(-1.525,0.6,0.5));
#7113 = VECTOR('',#7114,1.);
#7114 = DIRECTION('',(1.,0.,0.));
#7115 = ORIENTED_EDGE('',*,*,#7116,.T.);
#7116 = EDGE_CURVE('',#7109,#6613,#7117,.T.);
#7117 = LINE('',#7118,#7119);
#7118 = CARTESIAN_POINT('',(-1.45,0.6,0.75));
#7119 = VECTOR('',#7120,1.);
#7120 = DIRECTION('',(-0.,-0.,-1.));
#7121 = ORIENTED_EDGE('',*,*,#6620,.F.);
#7122 = ORIENTED_EDGE('',*,*,#6652,.F.);
#7123 = PLANE('',#7124);
#7124 = AXIS2_PLACEMENT_3D('',#7125,#7126,#7127);
#7125 = CARTESIAN_POINT('',(-1.45,0.6,0.75));
#7126 = DIRECTION('',(0.,-1.,0.));
#7127 = DIRECTION('',(1.,0.,0.));
#7128 = ADVANCED_FACE('',(#7129),#7147,.F.);
#7129 = FACE_BOUND('',#7130,.F.);
#7130 = EDGE_LOOP('',(#7131,#7132,#7140,#7146));
#7131 = ORIENTED_EDGE('',*,*,#7116,.F.);
#7132 = ORIENTED_EDGE('',*,*,#7133,.F.);
#7133 = EDGE_CURVE('',#7134,#7109,#7136,.T.);
#7134 = VERTEX_POINT('',#7135);
#7135 = CARTESIAN_POINT('',(-1.45,0.8,0.5));
#7136 = LINE('',#7137,#7138);
#7137 = CARTESIAN_POINT('',(-1.45,0.1,0.5));
#7138 = VECTOR('',#7139,1.);
#7139 = DIRECTION('',(0.,-1.,0.));
#7140 = ORIENTED_EDGE('',*,*,#7141,.F.);
#7141 = EDGE_CURVE('',#6605,#7134,#7142,.T.);
#7142 = LINE('',#7143,#7144);
#7143 = CARTESIAN_POINT('',(-1.45,0.8,0.375));
#7144 = VECTOR('',#7145,1.);
#7145 = DIRECTION('',(0.,0.,1.));
#7146 = ORIENTED_EDGE('',*,*,#6612,.F.);
#7147 = PLANE('',#7148);
#7148 = AXIS2_PLACEMENT_3D('',#7149,#7150,#7151);
#7149 = CARTESIAN_POINT('',(-1.45,1.,0.75));
#7150 = DIRECTION('',(-1.,0.,0.));
#7151 = DIRECTION('',(0.,-1.,0.));
#7152 = ADVANCED_FACE('',(#7153),#7171,.F.);
#7153 = FACE_BOUND('',#7154,.F.);
#7154 = EDGE_LOOP('',(#7155,#7163,#7169,#7170));
#7155 = ORIENTED_EDGE('',*,*,#7156,.F.);
#7156 = EDGE_CURVE('',#7157,#6686,#7159,.T.);
#7157 = VERTEX_POINT('',#7158);
#7158 = CARTESIAN_POINT('',(-1.45,-0.6,0.5));
#7159 = LINE('',#7160,#7161);
#7160 = CARTESIAN_POINT('',(-1.45,-0.6,0.75));
#7161 = VECTOR('',#7162,1.);
#7162 = DIRECTION('',(-0.,-0.,-1.));
#7163 = ORIENTED_EDGE('',*,*,#7164,.F.);
#7164 = EDGE_CURVE('',#6662,#7157,#7165,.T.);
#7165 = LINE('',#7166,#7167);
#7166 = CARTESIAN_POINT('',(-7.5E-02,-0.6,0.5));
#7167 = VECTOR('',#7168,1.);
#7168 = DIRECTION('',(-1.,0.,0.));
#7169 = ORIENTED_EDGE('',*,*,#6669,.T.);
#7170 = ORIENTED_EDGE('',*,*,#6695,.F.);
#7171 = PLANE('',#7172);
#7172 = AXIS2_PLACEMENT_3D('',#7173,#7174,#7175);
#7173 = CARTESIAN_POINT('',(1.45,-0.6,0.75));
#7174 = DIRECTION('',(0.,1.,0.));
#7175 = DIRECTION('',(-1.,0.,0.));
#7176 = ADVANCED_FACE('',(#7177),#7204,.T.);
#7177 = FACE_BOUND('',#7178,.T.);
#7178 = EDGE_LOOP('',(#7179,#7187,#7193,#7194,#7200,#7201,#7202,#7203));
#7179 = ORIENTED_EDGE('',*,*,#7180,.F.);
#7180 = EDGE_CURVE('',#7181,#7134,#7183,.T.);
#7181 = VERTEX_POINT('',#7182);
#7182 = CARTESIAN_POINT('',(-1.54,0.8,0.5));
#7183 = LINE('',#7184,#7185);
#7184 = CARTESIAN_POINT('',(-1.6,0.8,0.5));
#7185 = VECTOR('',#7186,1.);
#7186 = DIRECTION('',(1.,0.,0.));
#7187 = ORIENTED_EDGE('',*,*,#7188,.F.);
#7188 = EDGE_CURVE('',#6737,#7181,#7189,.T.);
#7189 = LINE('',#7190,#7191);
#7190 = CARTESIAN_POINT('',(-1.54,-0.8,0.5));
#7191 = VECTOR('',#7192,1.);
#7192 = DIRECTION('',(0.,1.,0.));
#7193 = ORIENTED_EDGE('',*,*,#6745,.T.);
#7194 = ORIENTED_EDGE('',*,*,#7195,.F.);
#7195 = EDGE_CURVE('',#7157,#6746,#7196,.T.);
#7196 = LINE('',#7197,#7198);
#7197 = CARTESIAN_POINT('',(-1.45,-0.7,0.5));
#7198 = VECTOR('',#7199,1.);
#7199 = DIRECTION('',(0.,-1.,0.));
#7200 = ORIENTED_EDGE('',*,*,#7164,.F.);
#7201 = ORIENTED_EDGE('',*,*,#6661,.T.);
#7202 = ORIENTED_EDGE('',*,*,#7108,.F.);
#7203 = ORIENTED_EDGE('',*,*,#7133,.F.);
#7204 = PLANE('',#7205);
#7205 = AXIS2_PLACEMENT_3D('',#7206,#7207,#7208);
#7206 = CARTESIAN_POINT('',(-1.6,-0.8,0.5));
#7207 = DIRECTION('',(0.,0.,1.));
#7208 = DIRECTION('',(1.,0.,-0.));
#7209 = ADVANCED_FACE('',(#7210),#7216,.F.);
#7210 = FACE_BOUND('',#7211,.F.);
#7211 = EDGE_LOOP('',(#7212,#7213,#7214,#7215));
#7212 = ORIENTED_EDGE('',*,*,#7195,.F.);
#7213 = ORIENTED_EDGE('',*,*,#7156,.T.);
#7214 = ORIENTED_EDGE('',*,*,#6685,.F.);
#7215 = ORIENTED_EDGE('',*,*,#6753,.T.);
#7216 = PLANE('',#7217);
#7217 = AXIS2_PLACEMENT_3D('',#7218,#7219,#7220);
#7218 = CARTESIAN_POINT('',(-1.45,-0.6,0.75));
#7219 = DIRECTION('',(-1.,0.,0.));
#7220 = DIRECTION('',(0.,-1.,0.));
#7221 = ADVANCED_FACE('',(#7222),#7279,.F.);
#7222 = FACE_BOUND('',#7223,.F.);
#7223 = EDGE_LOOP('',(#7224,#7234,#7240,#7241,#7249,#7257,#7265,#7273));
#7224 = ORIENTED_EDGE('',*,*,#7225,.F.);
#7225 = EDGE_CURVE('',#7226,#7228,#7230,.T.);
#7226 = VERTEX_POINT('',#7227);
#7227 = CARTESIAN_POINT('',(-1.54,0.8,-6.938893903907E-18));
#7228 = VERTEX_POINT('',#7229);
#7229 = CARTESIAN_POINT('',(-1.45,0.8,0.));
#7230 = LINE('',#7231,#7232);
#7231 = CARTESIAN_POINT('',(-1.6,0.8,0.));
#7232 = VECTOR('',#7233,1.);
#7233 = DIRECTION('',(1.,0.,0.));
#7234 = ORIENTED_EDGE('',*,*,#7235,.F.);
#7235 = EDGE_CURVE('',#6710,#7226,#7236,.T.);
#7236 = LINE('',#7237,#7238);
#7237 = CARTESIAN_POINT('',(-1.54,-0.8,-6.938893903907E-18));
#7238 = VECTOR('',#7239,1.);
#7239 = DIRECTION('',(0.,1.,0.));
#7240 = ORIENTED_EDGE('',*,*,#6709,.T.);
#7241 = ORIENTED_EDGE('',*,*,#7242,.F.);
#7242 = EDGE_CURVE('',#7243,#6712,#7245,.T.);
#7243 = VERTEX_POINT('',#7244);
#7244 = CARTESIAN_POINT('',(-1.45,-0.6,0.));
#7245 = LINE('',#7246,#7247);
#7246 = CARTESIAN_POINT('',(-1.45,-0.7,0.));
#7247 = VECTOR('',#7248,1.);
#7248 = DIRECTION('',(0.,-1.,0.));
#7249 = ORIENTED_EDGE('',*,*,#7250,.F.);
#7250 = EDGE_CURVE('',#7251,#7243,#7253,.T.);
#7251 = VERTEX_POINT('',#7252);
#7252 = CARTESIAN_POINT('',(-1.06,-0.6,-6.938893903907E-18));
#7253 = LINE('',#7254,#7255);
#7254 = CARTESIAN_POINT('',(-7.5E-02,-0.6,0.));
#7255 = VECTOR('',#7256,1.);
#7256 = DIRECTION('',(-1.,0.,0.));
#7257 = ORIENTED_EDGE('',*,*,#7258,.T.);
#7258 = EDGE_CURVE('',#7251,#7259,#7261,.T.);
#7259 = VERTEX_POINT('',#7260);
#7260 = CARTESIAN_POINT('',(-1.06,0.6,-6.938893903907E-18));
#7261 = LINE('',#7262,#7263);
#7262 = CARTESIAN_POINT('',(-1.06,-0.8,-6.938893903907E-18));
#7263 = VECTOR('',#7264,1.);
#7264 = DIRECTION('',(0.,1.,0.));
#7265 = ORIENTED_EDGE('',*,*,#7266,.F.);
#7266 = EDGE_CURVE('',#7267,#7259,#7269,.T.);
#7267 = VERTEX_POINT('',#7268);
#7268 = CARTESIAN_POINT('',(-1.45,0.6,0.));
#7269 = LINE('',#7270,#7271);
#7270 = CARTESIAN_POINT('',(-1.525,0.6,0.));
#7271 = VECTOR('',#7272,1.);
#7272 = DIRECTION('',(1.,0.,0.));
#7273 = ORIENTED_EDGE('',*,*,#7274,.F.);
#7274 = EDGE_CURVE('',#7228,#7267,#7275,.T.);
#7275 = LINE('',#7276,#7277);
#7276 = CARTESIAN_POINT('',(-1.45,0.1,0.));
#7277 = VECTOR('',#7278,1.);
#7278 = DIRECTION('',(0.,-1.,0.));
#7279 = PLANE('',#7280);
#7280 = AXIS2_PLACEMENT_3D('',#7281,#7282,#7283);
#7281 = CARTESIAN_POINT('',(-1.6,-0.8,0.));
#7282 = DIRECTION('',(0.,0.,1.));
#7283 = DIRECTION('',(1.,0.,-0.));
#7284 = ADVANCED_FACE('',(#7285),#7304,.T.);
#7285 = FACE_BOUND('',#7286,.T.);
#7286 = EDGE_LOOP('',(#7287,#7295,#7302,#7303));
#7287 = ORIENTED_EDGE('',*,*,#7288,.T.);
#7288 = EDGE_CURVE('',#6720,#7289,#7291,.T.);
#7289 = VERTEX_POINT('',#7290);
#7290 = CARTESIAN_POINT('',(-1.6,0.8,6.E-02));
#7291 = LINE('',#7292,#7293);
#7292 = CARTESIAN_POINT('',(-1.6,-0.8,6.E-02));
#7293 = VECTOR('',#7294,1.);
#7294 = DIRECTION('',(0.,1.,0.));
#7295 = ORIENTED_EDGE('',*,*,#7296,.T.);
#7296 = EDGE_CURVE('',#7289,#7226,#7297,.T.);
#7297 = CIRCLE('',#7298,6.E-02);
#7298 = AXIS2_PLACEMENT_3D('',#7299,#7300,#7301);
#7299 = CARTESIAN_POINT('',(-1.54,0.8,6.E-02));
#7300 = DIRECTION('',(0.,-1.,0.));
#7301 = DIRECTION('',(0.,0.,1.));
#7302 = ORIENTED_EDGE('',*,*,#7235,.F.);
#7303 = ORIENTED_EDGE('',*,*,#6719,.F.);
#7304 = CYLINDRICAL_SURFACE('',#7305,6.E-02);
#7305 = AXIS2_PLACEMENT_3D('',#7306,#7307,#7308);
#7306 = CARTESIAN_POINT('',(-1.54,-0.8,6.E-02));
#7307 = DIRECTION('',(0.,1.,0.));
#7308 = DIRECTION('',(-1.,0.,0.));
#7309 = ADVANCED_FACE('',(#7310),#7321,.F.);
#7310 = FACE_BOUND('',#7311,.F.);
#7311 = EDGE_LOOP('',(#7312,#7313,#7319,#7320));
#7312 = ORIENTED_EDGE('',*,*,#6776,.T.);
#7313 = ORIENTED_EDGE('',*,*,#7314,.T.);
#7314 = EDGE_CURVE('',#6777,#7243,#7315,.T.);
#7315 = LINE('',#7316,#7317);
#7316 = CARTESIAN_POINT('',(-1.45,-0.6,0.75));
#7317 = VECTOR('',#7318,1.);
#7318 = DIRECTION('',(-0.,-0.,-1.));
#7319 = ORIENTED_EDGE('',*,*,#7242,.T.);
#7320 = ORIENTED_EDGE('',*,*,#6762,.T.);
#7321 = PLANE('',#7322);
#7322 = AXIS2_PLACEMENT_3D('',#7323,#7324,#7325);
#7323 = CARTESIAN_POINT('',(-1.45,-0.6,0.75));
#7324 = DIRECTION('',(-1.,0.,0.));
#7325 = DIRECTION('',(0.,-1.,0.));
#7326 = ADVANCED_FACE('',(#7327),#7345,.F.);
#7327 = FACE_BOUND('',#7328,.F.);
#7328 = EDGE_LOOP('',(#7329,#7330,#7331,#7339));
#7329 = ORIENTED_EDGE('',*,*,#6728,.F.);
#7330 = ORIENTED_EDGE('',*,*,#7288,.T.);
#7331 = ORIENTED_EDGE('',*,*,#7332,.T.);
#7332 = EDGE_CURVE('',#7289,#7333,#7335,.T.);
#7333 = VERTEX_POINT('',#7334);
#7334 = CARTESIAN_POINT('',(-1.6,0.8,0.44));
#7335 = LINE('',#7336,#7337);
#7336 = CARTESIAN_POINT('',(-1.6,0.8,0.));
#7337 = VECTOR('',#7338,1.);
#7338 = DIRECTION('',(0.,0.,1.));
#7339 = ORIENTED_EDGE('',*,*,#7340,.F.);
#7340 = EDGE_CURVE('',#6729,#7333,#7341,.T.);
#7341 = LINE('',#7342,#7343);
#7342 = CARTESIAN_POINT('',(-1.6,-0.8,0.44));
#7343 = VECTOR('',#7344,1.);
#7344 = DIRECTION('',(0.,1.,0.));
#7345 = PLANE('',#7346);
#7346 = AXIS2_PLACEMENT_3D('',#7347,#7348,#7349);
#7347 = CARTESIAN_POINT('',(-1.6,-0.8,0.));
#7348 = DIRECTION('',(1.,0.,0.));
#7349 = DIRECTION('',(0.,0.,1.));
#7350 = ADVANCED_FACE('',(#7351),#7363,.T.);
#7351 = FACE_BOUND('',#7352,.T.);
#7352 = EDGE_LOOP('',(#7353,#7354,#7355,#7362));
#7353 = ORIENTED_EDGE('',*,*,#6736,.T.);
#7354 = ORIENTED_EDGE('',*,*,#7188,.T.);
#7355 = ORIENTED_EDGE('',*,*,#7356,.F.);
#7356 = EDGE_CURVE('',#7333,#7181,#7357,.T.);
#7357 = CIRCLE('',#7358,6.E-02);
#7358 = AXIS2_PLACEMENT_3D('',#7359,#7360,#7361);
#7359 = CARTESIAN_POINT('',(-1.54,0.8,0.44));
#7360 = DIRECTION('',(0.,1.,0.));
#7361 = DIRECTION('',(0.,-0.,1.));
#7362 = ORIENTED_EDGE('',*,*,#7340,.F.);
#7363 = CYLINDRICAL_SURFACE('',#7364,6.E-02);
#7364 = AXIS2_PLACEMENT_3D('',#7365,#7366,#7367);
#7365 = CARTESIAN_POINT('',(-1.54,-0.8,0.44));
#7366 = DIRECTION('',(0.,1.,0.));
#7367 = DIRECTION('',(-1.,0.,0.));
#7368 = ADVANCED_FACE('',(#7369),#7381,.F.);
#7369 = FACE_BOUND('',#7370,.F.);
#7370 = EDGE_LOOP('',(#7371,#7372,#7373,#7380));
#7371 = ORIENTED_EDGE('',*,*,#7314,.F.);
#7372 = ORIENTED_EDGE('',*,*,#6857,.T.);
#7373 = ORIENTED_EDGE('',*,*,#7374,.T.);
#7374 = EDGE_CURVE('',#6850,#7251,#7375,.T.);
#7375 = CIRCLE('',#7376,6.E-02);
#7376 = AXIS2_PLACEMENT_3D('',#7377,#7378,#7379);
#7377 = CARTESIAN_POINT('',(-1.06,-0.6,6.E-02));
#7378 = DIRECTION('',(-0.,1.,0.));
#7379 = DIRECTION('',(1.,0.,0.));
#7380 = ORIENTED_EDGE('',*,*,#7250,.T.);
#7381 = PLANE('',#7382);
#7382 = AXIS2_PLACEMENT_3D('',#7383,#7384,#7385);
#7383 = CARTESIAN_POINT('',(1.45,-0.6,0.75));
#7384 = DIRECTION('',(0.,1.,0.));
#7385 = DIRECTION('',(-1.,0.,0.));
#7386 = ADVANCED_FACE('',(#7387),#7399,.T.);
#7387 = FACE_BOUND('',#7388,.T.);
#7388 = EDGE_LOOP('',(#7389,#7390,#7391,#7392));
#7389 = ORIENTED_EDGE('',*,*,#6849,.F.);
#7390 = ORIENTED_EDGE('',*,*,#7374,.T.);
#7391 = ORIENTED_EDGE('',*,*,#7258,.T.);
#7392 = ORIENTED_EDGE('',*,*,#7393,.F.);
#7393 = EDGE_CURVE('',#6842,#7259,#7394,.T.);
#7394 = CIRCLE('',#7395,6.E-02);
#7395 = AXIS2_PLACEMENT_3D('',#7396,#7397,#7398);
#7396 = CARTESIAN_POINT('',(-1.06,0.6,6.E-02));
#7397 = DIRECTION('',(-0.,1.,0.));
#7398 = DIRECTION('',(1.,0.,0.));
#7399 = CYLINDRICAL_SURFACE('',#7400,6.E-02);
#7400 = AXIS2_PLACEMENT_3D('',#7401,#7402,#7403);
#7401 = CARTESIAN_POINT('',(-1.06,-0.8,6.E-02));
#7402 = DIRECTION('',(0.,1.,0.));
#7403 = DIRECTION('',(1.,0.,0.));
#7404 = ADVANCED_FACE('',(#7405),#7416,.F.);
#7405 = FACE_BOUND('',#7406,.F.);
#7406 = EDGE_LOOP('',(#7407,#7408,#7414,#7415));
#7407 = ORIENTED_EDGE('',*,*,#6841,.T.);
#7408 = ORIENTED_EDGE('',*,*,#7409,.T.);
#7409 = EDGE_CURVE('',#6834,#7267,#7410,.T.);
#7410 = LINE('',#7411,#7412);
#7411 = CARTESIAN_POINT('',(-1.45,0.6,0.75));
#7412 = VECTOR('',#7413,1.);
#7413 = DIRECTION('',(-0.,-0.,-1.));
#7414 = ORIENTED_EDGE('',*,*,#7266,.T.);
#7415 = ORIENTED_EDGE('',*,*,#7393,.F.);
#7416 = PLANE('',#7417);
#7417 = AXIS2_PLACEMENT_3D('',#7418,#7419,#7420);
#7418 = CARTESIAN_POINT('',(-1.45,0.6,0.75));
#7419 = DIRECTION('',(0.,-1.,0.));
#7420 = DIRECTION('',(1.,0.,0.));
#7421 = ADVANCED_FACE('',(#7422),#7433,.F.);
#7422 = FACE_BOUND('',#7423,.F.);
#7423 = EDGE_LOOP('',(#7424,#7425,#7426,#7432));
#7424 = ORIENTED_EDGE('',*,*,#7409,.F.);
#7425 = ORIENTED_EDGE('',*,*,#6833,.T.);
#7426 = ORIENTED_EDGE('',*,*,#7427,.F.);
#7427 = EDGE_CURVE('',#7228,#6826,#7428,.T.);
#7428 = LINE('',#7429,#7430);
#7429 = CARTESIAN_POINT('',(-1.45,0.8,0.375));
#7430 = VECTOR('',#7431,1.);
#7431 = DIRECTION('',(0.,0.,1.));
#7432 = ORIENTED_EDGE('',*,*,#7274,.T.);
#7433 = PLANE('',#7434);
#7434 = AXIS2_PLACEMENT_3D('',#7435,#7436,#7437);
#7435 = CARTESIAN_POINT('',(-1.45,1.,0.75));
#7436 = DIRECTION('',(-1.,0.,0.));
#7437 = DIRECTION('',(0.,-1.,0.));
#7438 = ADVANCED_FACE('',(#7439),#7464,.F.);
#7439 = FACE_BOUND('',#7440,.F.);
#7440 = EDGE_LOOP('',(#7441,#7442,#7450,#7458));
#7441 = ORIENTED_EDGE('',*,*,#6817,.T.);
#7442 = ORIENTED_EDGE('',*,*,#7443,.T.);
#7443 = EDGE_CURVE('',#6810,#7444,#7446,.T.);
#7444 = VERTEX_POINT('',#7445);
#7445 = CARTESIAN_POINT('',(1.45,0.6,0.));
#7446 = LINE('',#7447,#7448);
#7447 = CARTESIAN_POINT('',(1.45,0.6,0.75));
#7448 = VECTOR('',#7449,1.);
#7449 = DIRECTION('',(-0.,-0.,-1.));
#7450 = ORIENTED_EDGE('',*,*,#7451,.T.);
#7451 = EDGE_CURVE('',#7444,#7452,#7454,.T.);
#7452 = VERTEX_POINT('',#7453);
#7453 = CARTESIAN_POINT('',(1.45,0.8,0.));
#7454 = LINE('',#7455,#7456);
#7455 = CARTESIAN_POINT('',(1.45,-0.1,0.));
#7456 = VECTOR('',#7457,1.);
#7457 = DIRECTION('',(0.,1.,0.));
#7458 = ORIENTED_EDGE('',*,*,#7459,.F.);
#7459 = EDGE_CURVE('',#6818,#7452,#7460,.T.);
#7460 = LINE('',#7461,#7462);
#7461 = CARTESIAN_POINT('',(1.45,0.8,0.375));
#7462 = VECTOR('',#7463,1.);
#7463 = DIRECTION('',(0.,0.,-1.));
#7464 = PLANE('',#7465);
#7465 = AXIS2_PLACEMENT_3D('',#7466,#7467,#7468);
#7466 = CARTESIAN_POINT('',(1.45,0.6,0.75));
#7467 = DIRECTION('',(1.,0.,0.));
#7468 = DIRECTION('',(-0.,1.,0.));
#7469 = ADVANCED_FACE('',(#7470),#7489,.F.);
#7470 = FACE_BOUND('',#7471,.F.);
#7471 = EDGE_LOOP('',(#7472,#7473,#7474,#7483));
#7472 = ORIENTED_EDGE('',*,*,#7443,.F.);
#7473 = ORIENTED_EDGE('',*,*,#6809,.T.);
#7474 = ORIENTED_EDGE('',*,*,#7475,.F.);
#7475 = EDGE_CURVE('',#7476,#6802,#7478,.T.);
#7476 = VERTEX_POINT('',#7477);
#7477 = CARTESIAN_POINT('',(1.06,0.6,-6.938893903907E-18));
#7478 = CIRCLE('',#7479,6.E-02);
#7479 = AXIS2_PLACEMENT_3D('',#7480,#7481,#7482);
#7480 = CARTESIAN_POINT('',(1.06,0.6,6.E-02));
#7481 = DIRECTION('',(0.,1.,-0.));
#7482 = DIRECTION('',(-1.,0.,0.));
#7483 = ORIENTED_EDGE('',*,*,#7484,.T.);
#7484 = EDGE_CURVE('',#7476,#7444,#7485,.T.);
#7485 = LINE('',#7486,#7487);
#7486 = CARTESIAN_POINT('',(-0.225,0.6,0.));
#7487 = VECTOR('',#7488,1.);
#7488 = DIRECTION('',(1.,0.,0.));
#7489 = PLANE('',#7490);
#7490 = AXIS2_PLACEMENT_3D('',#7491,#7492,#7493);
#7491 = CARTESIAN_POINT('',(-1.45,0.6,0.75));
#7492 = DIRECTION('',(0.,-1.,0.));
#7493 = DIRECTION('',(1.,0.,0.));
#7494 = ADVANCED_FACE('',(#7495),#7514,.T.);
#7495 = FACE_BOUND('',#7496,.T.);
#7496 = EDGE_LOOP('',(#7497,#7498,#7506,#7513));
#7497 = ORIENTED_EDGE('',*,*,#7475,.F.);
#7498 = ORIENTED_EDGE('',*,*,#7499,.F.);
#7499 = EDGE_CURVE('',#7500,#7476,#7502,.T.);
#7500 = VERTEX_POINT('',#7501);
#7501 = CARTESIAN_POINT('',(1.06,-0.6,-6.938893903907E-18));
#7502 = LINE('',#7503,#7504);
#7503 = CARTESIAN_POINT('',(1.06,-0.8,-6.938893903907E-18));
#7504 = VECTOR('',#7505,1.);
#7505 = DIRECTION('',(0.,1.,0.));
#7506 = ORIENTED_EDGE('',*,*,#7507,.T.);
#7507 = EDGE_CURVE('',#7500,#6794,#7508,.T.);
#7508 = CIRCLE('',#7509,6.E-02);
#7509 = AXIS2_PLACEMENT_3D('',#7510,#7511,#7512);
#7510 = CARTESIAN_POINT('',(1.06,-0.6,6.E-02));
#7511 = DIRECTION('',(0.,1.,-0.));
#7512 = DIRECTION('',(-1.,0.,0.));
#7513 = ORIENTED_EDGE('',*,*,#6801,.T.);
#7514 = CYLINDRICAL_SURFACE('',#7515,6.E-02);
#7515 = AXIS2_PLACEMENT_3D('',#7516,#7517,#7518);
#7516 = CARTESIAN_POINT('',(1.06,-0.8,6.E-02));
#7517 = DIRECTION('',(0.,1.,0.));
#7518 = DIRECTION('',(-1.,0.,0.));
#7519 = ADVANCED_FACE('',(#7520),#7538,.F.);
#7520 = FACE_BOUND('',#7521,.F.);
#7521 = EDGE_LOOP('',(#7522,#7523,#7531,#7537));
#7522 = ORIENTED_EDGE('',*,*,#6793,.T.);
#7523 = ORIENTED_EDGE('',*,*,#7524,.T.);
#7524 = EDGE_CURVE('',#6786,#7525,#7527,.T.);
#7525 = VERTEX_POINT('',#7526);
#7526 = CARTESIAN_POINT('',(1.45,-0.6,0.));
#7527 = LINE('',#7528,#7529);
#7528 = CARTESIAN_POINT('',(1.45,-0.6,0.75));
#7529 = VECTOR('',#7530,1.);
#7530 = DIRECTION('',(-0.,-0.,-1.));
#7531 = ORIENTED_EDGE('',*,*,#7532,.T.);
#7532 = EDGE_CURVE('',#7525,#7500,#7533,.T.);
#7533 = LINE('',#7534,#7535);
#7534 = CARTESIAN_POINT('',(1.225,-0.6,0.));
#7535 = VECTOR('',#7536,1.);
#7536 = DIRECTION('',(-1.,0.,0.));
#7537 = ORIENTED_EDGE('',*,*,#7507,.T.);
#7538 = PLANE('',#7539);
#7539 = AXIS2_PLACEMENT_3D('',#7540,#7541,#7542);
#7540 = CARTESIAN_POINT('',(1.45,-0.6,0.75));
#7541 = DIRECTION('',(0.,1.,0.));
#7542 = DIRECTION('',(-1.,0.,0.));
#7543 = ADVANCED_FACE('',(#7544),#7555,.F.);
#7544 = FACE_BOUND('',#7545,.F.);
#7545 = EDGE_LOOP('',(#7546,#7547,#7548,#7549));
#7546 = ORIENTED_EDGE('',*,*,#7524,.F.);
#7547 = ORIENTED_EDGE('',*,*,#6785,.T.);
#7548 = ORIENTED_EDGE('',*,*,#6907,.T.);
#7549 = ORIENTED_EDGE('',*,*,#7550,.T.);
#7550 = EDGE_CURVE('',#6898,#7525,#7551,.T.);
#7551 = LINE('',#7552,#7553);
#7552 = CARTESIAN_POINT('',(1.45,-0.9,0.));
#7553 = VECTOR('',#7554,1.);
#7554 = DIRECTION('',(0.,1.,0.));
#7555 = PLANE('',#7556);
#7556 = AXIS2_PLACEMENT_3D('',#7557,#7558,#7559);
#7557 = CARTESIAN_POINT('',(1.45,-1.,0.75));
#7558 = DIRECTION('',(1.,0.,0.));
#7559 = DIRECTION('',(-0.,1.,0.));
#7560 = ADVANCED_FACE('',(#7561),#7586,.T.);
#7561 = FACE_BOUND('',#7562,.T.);
#7562 = EDGE_LOOP('',(#7563,#7571,#7572,#7580));
#7563 = ORIENTED_EDGE('',*,*,#7564,.T.);
#7564 = EDGE_CURVE('',#7565,#6866,#7567,.T.);
#7565 = VERTEX_POINT('',#7566);
#7566 = CARTESIAN_POINT('',(0.554256258422,0.64,3.E-02));
#7567 = LINE('',#7568,#7569);
#7568 = CARTESIAN_POINT('',(0.554256258422,0.64,3.E-02));
#7569 = VECTOR('',#7570,1.);
#7570 = DIRECTION('',(0.,0.,1.));
#7571 = ORIENTED_EDGE('',*,*,#6865,.T.);
#7572 = ORIENTED_EDGE('',*,*,#7573,.F.);
#7573 = EDGE_CURVE('',#7574,#6868,#7576,.T.);
#7574 = VERTEX_POINT('',#7575);
#7575 = CARTESIAN_POINT('',(0.554256258422,-0.64,3.E-02));
#7576 = LINE('',#7577,#7578);
#7577 = CARTESIAN_POINT('',(0.554256258422,-0.64,3.E-02));
#7578 = VECTOR('',#7579,1.);
#7579 = DIRECTION('',(0.,0.,1.));
#7580 = ORIENTED_EDGE('',*,*,#7581,.F.);
#7581 = EDGE_CURVE('',#7565,#7574,#7582,.T.);
#7582 = LINE('',#7583,#7584);
#7583 = CARTESIAN_POINT('',(0.554256258422,0.64,3.E-02));
#7584 = VECTOR('',#7585,1.);
#7585 = DIRECTION('',(0.,-1.,0.));
#7586 = PLANE('',#7587);
#7587 = AXIS2_PLACEMENT_3D('',#7588,#7589,#7590);
#7588 = CARTESIAN_POINT('',(0.554256258422,0.64,3.E-02));
#7589 = DIRECTION('',(1.,0.,0.));
#7590 = DIRECTION('',(0.,-1.,0.));
#7591 = ADVANCED_FACE('',(#7592),#7610,.T.);
#7592 = FACE_BOUND('',#7593,.T.);
#7593 = EDGE_LOOP('',(#7594,#7602,#7603,#7604));
#7594 = ORIENTED_EDGE('',*,*,#7595,.T.);
#7595 = EDGE_CURVE('',#7596,#6876,#7598,.T.);
#7596 = VERTEX_POINT('',#7597);
#7597 = CARTESIAN_POINT('',(-0.554256258422,0.,3.E-02));
#7598 = LINE('',#7599,#7600);
#7599 = CARTESIAN_POINT('',(-0.554256258422,0.,3.E-02));
#7600 = VECTOR('',#7601,1.);
#7601 = DIRECTION('',(0.,0.,1.));
#7602 = ORIENTED_EDGE('',*,*,#6883,.T.);
#7603 = ORIENTED_EDGE('',*,*,#7564,.F.);
#7604 = ORIENTED_EDGE('',*,*,#7605,.F.);
#7605 = EDGE_CURVE('',#7596,#7565,#7606,.T.);
#7606 = LINE('',#7607,#7608);
#7607 = CARTESIAN_POINT('',(-0.554256258422,0.,3.E-02));
#7608 = VECTOR('',#7609,1.);
#7609 = DIRECTION('',(0.866025403784,0.5,0.));
#7610 = PLANE('',#7611);
#7611 = AXIS2_PLACEMENT_3D('',#7612,#7613,#7614);
#7612 = CARTESIAN_POINT('',(-0.554256258422,0.,3.E-02));
#7613 = DIRECTION('',(-0.5,0.866025403784,0.));
#7614 = DIRECTION('',(0.866025403784,0.5,0.));
#7615 = ADVANCED_FACE('',(#7616),#7627,.T.);
#7616 = FACE_BOUND('',#7617,.T.);
#7617 = EDGE_LOOP('',(#7618,#7619,#7620,#7621));
#7618 = ORIENTED_EDGE('',*,*,#7573,.T.);
#7619 = ORIENTED_EDGE('',*,*,#6875,.T.);
#7620 = ORIENTED_EDGE('',*,*,#7595,.F.);
#7621 = ORIENTED_EDGE('',*,*,#7622,.F.);
#7622 = EDGE_CURVE('',#7574,#7596,#7623,.T.);
#7623 = LINE('',#7624,#7625);
#7624 = CARTESIAN_POINT('',(0.554256258422,-0.64,3.E-02));
#7625 = VECTOR('',#7626,1.);
#7626 = DIRECTION('',(-0.866025403784,0.5,0.));
#7627 = PLANE('',#7628);
#7628 = AXIS2_PLACEMENT_3D('',#7629,#7630,#7631);
#7629 = CARTESIAN_POINT('',(0.554256258422,-0.64,3.E-02));
#7630 = DIRECTION('',(-0.5,-0.866025403784,0.));
#7631 = DIRECTION('',(-0.866025403784,0.5,0.));
#7632 = ADVANCED_FACE('',(#7633),#7655,.F.);
#7633 = FACE_BOUND('',#7634,.F.);
#7634 = EDGE_LOOP('',(#7635,#7643,#7644,#7645,#7646,#7647,#7648,#7649));
#7635 = ORIENTED_EDGE('',*,*,#7636,.F.);
#7636 = EDGE_CURVE('',#7452,#7637,#7639,.T.);
#7637 = VERTEX_POINT('',#7638);
#7638 = CARTESIAN_POINT('',(1.54,0.8,-6.938893903907E-18));
#7639 = LINE('',#7640,#7641);
#7640 = CARTESIAN_POINT('',(1.,0.8,0.));
#7641 = VECTOR('',#7642,1.);
#7642 = DIRECTION('',(1.,0.,0.));
#7643 = ORIENTED_EDGE('',*,*,#7451,.F.);
#7644 = ORIENTED_EDGE('',*,*,#7484,.F.);
#7645 = ORIENTED_EDGE('',*,*,#7499,.F.);
#7646 = ORIENTED_EDGE('',*,*,#7532,.F.);
#7647 = ORIENTED_EDGE('',*,*,#7550,.F.);
#7648 = ORIENTED_EDGE('',*,*,#6897,.T.);
#7649 = ORIENTED_EDGE('',*,*,#7650,.T.);
#7650 = EDGE_CURVE('',#6900,#7637,#7651,.T.);
#7651 = LINE('',#7652,#7653);
#7652 = CARTESIAN_POINT('',(1.54,-0.8,-6.938893903907E-18));
#7653 = VECTOR('',#7654,1.);
#7654 = DIRECTION('',(0.,1.,0.));
#7655 = PLANE('',#7656);
#7656 = AXIS2_PLACEMENT_3D('',#7657,#7658,#7659);
#7657 = CARTESIAN_POINT('',(1.,-0.8,0.));
#7658 = DIRECTION('',(0.,0.,1.));
#7659 = DIRECTION('',(1.,0.,-0.));
#7660 = ADVANCED_FACE('',(#7661),#7680,.T.);
#7661 = FACE_BOUND('',#7662,.T.);
#7662 = EDGE_LOOP('',(#7663,#7664,#7665,#7674));
#7663 = ORIENTED_EDGE('',*,*,#6949,.T.);
#7664 = ORIENTED_EDGE('',*,*,#7650,.T.);
#7665 = ORIENTED_EDGE('',*,*,#7666,.F.);
#7666 = EDGE_CURVE('',#7667,#7637,#7669,.T.);
#7667 = VERTEX_POINT('',#7668);
#7668 = CARTESIAN_POINT('',(1.6,0.8,6.E-02));
#7669 = CIRCLE('',#7670,6.E-02);
#7670 = AXIS2_PLACEMENT_3D('',#7671,#7672,#7673);
#7671 = CARTESIAN_POINT('',(1.54,0.8,6.E-02));
#7672 = DIRECTION('',(0.,1.,0.));
#7673 = DIRECTION('',(0.,-0.,1.));
#7674 = ORIENTED_EDGE('',*,*,#7675,.F.);
#7675 = EDGE_CURVE('',#6942,#7667,#7676,.T.);
#7676 = LINE('',#7677,#7678);
#7677 = CARTESIAN_POINT('',(1.6,-0.8,6.E-02));
#7678 = VECTOR('',#7679,1.);
#7679 = DIRECTION('',(0.,1.,0.));
#7680 = CYLINDRICAL_SURFACE('',#7681,6.E-02);
#7681 = AXIS2_PLACEMENT_3D('',#7682,#7683,#7684);
#7682 = CARTESIAN_POINT('',(1.54,-0.8,6.E-02));
#7683 = DIRECTION('',(0.,1.,0.));
#7684 = DIRECTION('',(1.,0.,0.));
#7685 = ADVANCED_FACE('',(#7686),#7704,.T.);
#7686 = FACE_BOUND('',#7687,.T.);
#7687 = EDGE_LOOP('',(#7688,#7689,#7690,#7698));
#7688 = ORIENTED_EDGE('',*,*,#6941,.F.);
#7689 = ORIENTED_EDGE('',*,*,#7675,.T.);
#7690 = ORIENTED_EDGE('',*,*,#7691,.T.);
#7691 = EDGE_CURVE('',#7667,#7692,#7694,.T.);
#7692 = VERTEX_POINT('',#7693);
#7693 = CARTESIAN_POINT('',(1.6,0.8,0.44));
#7694 = LINE('',#7695,#7696);
#7695 = CARTESIAN_POINT('',(1.6,0.8,0.));
#7696 = VECTOR('',#7697,1.);
#7697 = DIRECTION('',(0.,0.,1.));
#7698 = ORIENTED_EDGE('',*,*,#7699,.F.);
#7699 = EDGE_CURVE('',#6933,#7692,#7700,.T.);
#7700 = LINE('',#7701,#7702);
#7701 = CARTESIAN_POINT('',(1.6,-0.8,0.44));
#7702 = VECTOR('',#7703,1.);
#7703 = DIRECTION('',(0.,1.,0.));
#7704 = PLANE('',#7705);
#7705 = AXIS2_PLACEMENT_3D('',#7706,#7707,#7708);
#7706 = CARTESIAN_POINT('',(1.6,-0.8,0.));
#7707 = DIRECTION('',(1.,0.,0.));
#7708 = DIRECTION('',(0.,0.,1.));
#7709 = ADVANCED_FACE('',(#7710),#7729,.T.);
#7710 = FACE_BOUND('',#7711,.T.);
#7711 = EDGE_LOOP('',(#7712,#7713,#7722,#7728));
#7712 = ORIENTED_EDGE('',*,*,#7699,.T.);
#7713 = ORIENTED_EDGE('',*,*,#7714,.T.);
#7714 = EDGE_CURVE('',#7692,#7715,#7717,.T.);
#7715 = VERTEX_POINT('',#7716);
#7716 = CARTESIAN_POINT('',(1.54,0.8,0.5));
#7717 = CIRCLE('',#7718,6.E-02);
#7718 = AXIS2_PLACEMENT_3D('',#7719,#7720,#7721);
#7719 = CARTESIAN_POINT('',(1.54,0.8,0.44));
#7720 = DIRECTION('',(0.,-1.,0.));
#7721 = DIRECTION('',(0.,0.,1.));
#7722 = ORIENTED_EDGE('',*,*,#7723,.F.);
#7723 = EDGE_CURVE('',#6925,#7715,#7724,.T.);
#7724 = LINE('',#7725,#7726);
#7725 = CARTESIAN_POINT('',(1.54,-0.8,0.5));
#7726 = VECTOR('',#7727,1.);
#7727 = DIRECTION('',(0.,1.,0.));
#7728 = ORIENTED_EDGE('',*,*,#6932,.F.);
#7729 = CYLINDRICAL_SURFACE('',#7730,6.E-02);
#7730 = AXIS2_PLACEMENT_3D('',#7731,#7732,#7733);
#7731 = CARTESIAN_POINT('',(1.54,-0.8,0.44));
#7732 = DIRECTION('',(0.,1.,0.));
#7733 = DIRECTION('',(1.,0.,0.));
#7734 = ADVANCED_FACE('',(#7735),#7776,.T.);
#7735 = FACE_BOUND('',#7736,.T.);
#7736 = EDGE_LOOP('',(#7737,#7745,#7753,#7759,#7760,#7768,#7774,#7775));
#7737 = ORIENTED_EDGE('',*,*,#7738,.F.);
#7738 = EDGE_CURVE('',#7739,#7715,#7741,.T.);
#7739 = VERTEX_POINT('',#7740);
#7740 = CARTESIAN_POINT('',(1.45,0.8,0.5));
#7741 = LINE('',#7742,#7743);
#7742 = CARTESIAN_POINT('',(1.,0.8,0.5));
#7743 = VECTOR('',#7744,1.);
#7744 = DIRECTION('',(1.,0.,0.));
#7745 = ORIENTED_EDGE('',*,*,#7746,.F.);
#7746 = EDGE_CURVE('',#7747,#7739,#7749,.T.);
#7747 = VERTEX_POINT('',#7748);
#7748 = CARTESIAN_POINT('',(1.45,0.6,0.5));
#7749 = LINE('',#7750,#7751);
#7750 = CARTESIAN_POINT('',(1.45,-0.1,0.5));
#7751 = VECTOR('',#7752,1.);
#7752 = DIRECTION('',(0.,1.,0.));
#7753 = ORIENTED_EDGE('',*,*,#7754,.F.);
#7754 = EDGE_CURVE('',#7030,#7747,#7755,.T.);
#7755 = LINE('',#7756,#7757);
#7756 = CARTESIAN_POINT('',(-0.225,0.6,0.5));
#7757 = VECTOR('',#7758,1.);
#7758 = DIRECTION('',(1.,0.,0.));
#7759 = ORIENTED_EDGE('',*,*,#7029,.F.);
#7760 = ORIENTED_EDGE('',*,*,#7761,.F.);
#7761 = EDGE_CURVE('',#7762,#7021,#7764,.T.);
#7762 = VERTEX_POINT('',#7763);
#7763 = CARTESIAN_POINT('',(1.45,-0.6,0.5));
#7764 = LINE('',#7765,#7766);
#7765 = CARTESIAN_POINT('',(1.225,-0.6,0.5));
#7766 = VECTOR('',#7767,1.);
#7767 = DIRECTION('',(-1.,0.,0.));
#7768 = ORIENTED_EDGE('',*,*,#7769,.F.);
#7769 = EDGE_CURVE('',#6917,#7762,#7770,.T.);
#7770 = LINE('',#7771,#7772);
#7771 = CARTESIAN_POINT('',(1.45,-0.9,0.5));
#7772 = VECTOR('',#7773,1.);
#7773 = DIRECTION('',(0.,1.,0.));
#7774 = ORIENTED_EDGE('',*,*,#6924,.T.);
#7775 = ORIENTED_EDGE('',*,*,#7723,.T.);
#7776 = PLANE('',#7777);
#7777 = AXIS2_PLACEMENT_3D('',#7778,#7779,#7780);
#7778 = CARTESIAN_POINT('',(1.,-0.8,0.5));
#7779 = DIRECTION('',(0.,0.,1.));
#7780 = DIRECTION('',(1.,0.,-0.));
#7781 = ADVANCED_FACE('',(#7782),#7793,.F.);
#7782 = FACE_BOUND('',#7783,.F.);
#7783 = EDGE_LOOP('',(#7784,#7790,#7791,#7792));
#7784 = ORIENTED_EDGE('',*,*,#7785,.F.);
#7785 = EDGE_CURVE('',#7762,#6965,#7786,.T.);
#7786 = LINE('',#7787,#7788);
#7787 = CARTESIAN_POINT('',(1.45,-0.6,0.75));
#7788 = VECTOR('',#7789,1.);
#7789 = DIRECTION('',(-0.,-0.,-1.));
#7790 = ORIENTED_EDGE('',*,*,#7769,.F.);
#7791 = ORIENTED_EDGE('',*,*,#6916,.T.);
#7792 = ORIENTED_EDGE('',*,*,#6974,.F.);
#7793 = PLANE('',#7794);
#7794 = AXIS2_PLACEMENT_3D('',#7795,#7796,#7797);
#7795 = CARTESIAN_POINT('',(1.45,-1.,0.75));
#7796 = DIRECTION('',(1.,0.,0.));
#7797 = DIRECTION('',(-0.,1.,0.));
#7798 = ADVANCED_FACE('',(#7799),#7805,.F.);
#7799 = FACE_BOUND('',#7800,.F.);
#7800 = EDGE_LOOP('',(#7801,#7802,#7803,#7804));
#7801 = ORIENTED_EDGE('',*,*,#7761,.F.);
#7802 = ORIENTED_EDGE('',*,*,#7785,.T.);
#7803 = ORIENTED_EDGE('',*,*,#6964,.F.);
#7804 = ORIENTED_EDGE('',*,*,#7020,.T.);
#7805 = PLANE('',#7806);
#7806 = AXIS2_PLACEMENT_3D('',#7807,#7808,#7809);
#7807 = CARTESIAN_POINT('',(1.45,-0.6,0.75));
#7808 = DIRECTION('',(0.,1.,0.));
#7809 = DIRECTION('',(-1.,0.,0.));
#7810 = ADVANCED_FACE('',(#7811),#7827,.F.);
#7811 = FACE_BOUND('',#7812,.F.);
#7812 = EDGE_LOOP('',(#7813,#7814,#7820,#7821));
#7813 = ORIENTED_EDGE('',*,*,#7746,.F.);
#7814 = ORIENTED_EDGE('',*,*,#7815,.T.);
#7815 = EDGE_CURVE('',#7747,#6998,#7816,.T.);
#7816 = LINE('',#7817,#7818);
#7817 = CARTESIAN_POINT('',(1.45,0.6,0.75));
#7818 = VECTOR('',#7819,1.);
#7819 = DIRECTION('',(-0.,-0.,-1.));
#7820 = ORIENTED_EDGE('',*,*,#7005,.F.);
#7821 = ORIENTED_EDGE('',*,*,#7822,.F.);
#7822 = EDGE_CURVE('',#7739,#6989,#7823,.T.);
#7823 = LINE('',#7824,#7825);
#7824 = CARTESIAN_POINT('',(1.45,0.8,0.375));
#7825 = VECTOR('',#7826,1.);
#7826 = DIRECTION('',(0.,0.,-1.));
#7827 = PLANE('',#7828);
#7828 = AXIS2_PLACEMENT_3D('',#7829,#7830,#7831);
#7829 = CARTESIAN_POINT('',(1.45,0.6,0.75));
#7830 = DIRECTION('',(1.,0.,0.));
#7831 = DIRECTION('',(-0.,1.,0.));
#7832 = ADVANCED_FACE('',(#7833),#7839,.F.);
#7833 = FACE_BOUND('',#7834,.F.);
#7834 = EDGE_LOOP('',(#7835,#7836,#7837,#7838));
#7835 = ORIENTED_EDGE('',*,*,#7815,.F.);
#7836 = ORIENTED_EDGE('',*,*,#7754,.F.);
#7837 = ORIENTED_EDGE('',*,*,#7037,.F.);
#7838 = ORIENTED_EDGE('',*,*,#6997,.F.);
#7839 = PLANE('',#7840);
#7840 = AXIS2_PLACEMENT_3D('',#7841,#7842,#7843);
#7841 = CARTESIAN_POINT('',(-1.45,0.6,0.75));
#7842 = DIRECTION('',(0.,-1.,0.));
#7843 = DIRECTION('',(1.,0.,0.));
#7844 = ADVANCED_FACE('',(#7845),#7857,.T.);
#7845 = FACE_BOUND('',#7846,.T.);
#7846 = EDGE_LOOP('',(#7847,#7848,#7849,#7850,#7851,#7852,#7853,#7854,
    #7855,#7856));
#7847 = ORIENTED_EDGE('',*,*,#7225,.F.);
#7848 = ORIENTED_EDGE('',*,*,#7296,.F.);
#7849 = ORIENTED_EDGE('',*,*,#7332,.T.);
#7850 = ORIENTED_EDGE('',*,*,#7356,.T.);
#7851 = ORIENTED_EDGE('',*,*,#7180,.T.);
#7852 = ORIENTED_EDGE('',*,*,#7141,.F.);
#7853 = ORIENTED_EDGE('',*,*,#7068,.F.);
#7854 = ORIENTED_EDGE('',*,*,#7060,.F.);
#7855 = ORIENTED_EDGE('',*,*,#7052,.T.);
#7856 = ORIENTED_EDGE('',*,*,#7427,.F.);
#7857 = PLANE('',#7858);
#7858 = AXIS2_PLACEMENT_3D('',#7859,#7860,#7861);
#7859 = CARTESIAN_POINT('',(-1.6,0.8,0.));
#7860 = DIRECTION('',(0.,1.,0.));
#7861 = DIRECTION('',(0.,-0.,1.));
#7862 = ADVANCED_FACE('',(#7863),#7875,.T.);
#7863 = FACE_BOUND('',#7864,.T.);
#7864 = EDGE_LOOP('',(#7865,#7866,#7867,#7868,#7869,#7870,#7871,#7872,
    #7873,#7874));
#7865 = ORIENTED_EDGE('',*,*,#7636,.F.);
#7866 = ORIENTED_EDGE('',*,*,#7459,.F.);
#7867 = ORIENTED_EDGE('',*,*,#7093,.T.);
#7868 = ORIENTED_EDGE('',*,*,#7085,.T.);
#7869 = ORIENTED_EDGE('',*,*,#7077,.F.);
#7870 = ORIENTED_EDGE('',*,*,#7822,.F.);
#7871 = ORIENTED_EDGE('',*,*,#7738,.T.);
#7872 = ORIENTED_EDGE('',*,*,#7714,.F.);
#7873 = ORIENTED_EDGE('',*,*,#7691,.F.);
#7874 = ORIENTED_EDGE('',*,*,#7666,.T.);
#7875 = PLANE('',#7876);
#7876 = AXIS2_PLACEMENT_3D('',#7877,#7878,#7879);
#7877 = CARTESIAN_POINT('',(1.,0.8,0.));
#7878 = DIRECTION('',(0.,1.,0.));
#7879 = DIRECTION('',(0.,-0.,1.));
#7880 = ADVANCED_FACE('',(#7881),#7886,.T.);
#7881 = FACE_BOUND('',#7882,.T.);
#7882 = EDGE_LOOP('',(#7883,#7884,#7885));
#7883 = ORIENTED_EDGE('',*,*,#7605,.T.);
#7884 = ORIENTED_EDGE('',*,*,#7581,.T.);
#7885 = ORIENTED_EDGE('',*,*,#7622,.T.);
#7886 = PLANE('',#7887);
#7887 = AXIS2_PLACEMENT_3D('',#7888,#7889,#7890);
#7888 = CARTESIAN_POINT('',(0.184752086141,0.,3.E-02));
#7889 = DIRECTION('',(-0.,-0.,-1.));
#7890 = DIRECTION('',(-1.,0.,0.));
#7891 = ( GEOMETRIC_REPRESENTATION_CONTEXT(3) 
GLOBAL_UNCERTAINTY_ASSIGNED_CONTEXT((#7895)) 
GLOBAL_UNIT_ASSIGNED_CONTEXT((#7892,#7893,#7894)) REPRESENTATION_CONTEXT
('Context #1','3D Context with UNIT and UNCERTAINTY') );
#7892 = ( LENGTH_UNIT() NAMED_UNIT(*) SI_UNIT(.MILLI.,.METRE.) );
#7893 = ( NAMED_UNIT(*) PLANE_ANGLE_UNIT() SI_UNIT($,.RADIAN.) );
#7894 = ( NAMED_UNIT(*) SI_UNIT($,.STERADIAN.) SOLID_ANGLE_UNIT() );
#7895 = UNCERTAINTY_MEASURE_WITH_UNIT(LENGTH_MEASURE(1.E-07),#7892,
  'distance_accuracy_value','confusion accuracy');
#7896 = CONTEXT_DEPENDENT_SHAPE_REPRESENTATION(#7897,#7899);
#7897 = ( REPRESENTATION_RELATIONSHIP('','',#6367,#10) 
REPRESENTATION_RELATIONSHIP_WITH_TRANSFORMATION(#7898) 
SHAPE_REPRESENTATION_RELATIONSHIP() );
#7898 = ITEM_DEFINED_TRANSFORMATION('','',#11,#75);
#7899 = PRODUCT_DEFINITION_SHAPE('Placement','Placement of an item',
  #7900);
#7900 = NEXT_ASSEMBLY_USAGE_OCCURRENCE('16','D1','',#5,#6362,$);
#7901 = PRODUCT_RELATED_PRODUCT_CATEGORY('part',$,(#6364));
#7902 = CONTEXT_DEPENDENT_SHAPE_REPRESENTATION(#7903,#7905);
#7903 = ( REPRESENTATION_RELATIONSHIP('','',#998,#10) 
REPRESENTATION_RELATIONSHIP_WITH_TRANSFORMATION(#7904) 
SHAPE_REPRESENTATION_RELATIONSHIP() );
#7904 = ITEM_DEFINED_TRANSFORMATION('','',#11,#79);
#7905 = PRODUCT_DEFINITION_SHAPE('Placement','Placement of an item',
  #7906);
#7906 = NEXT_ASSEMBLY_USAGE_OCCURRENCE('17','R2','',#5,#993,$);
#7907 = SHAPE_DEFINITION_REPRESENTATION(#7908,#7914);
#7908 = PRODUCT_DEFINITION_SHAPE('','',#7909);
#7909 = PRODUCT_DEFINITION('design','',#7910,#7913);
#7910 = PRODUCT_DEFINITION_FORMATION('','',#7911);
#7911 = PRODUCT('QFN-24-1EP_4x4mm_P0.5mm_EP2.6x2.6mm',
  'QFN-24-1EP_4x4mm_P0.5mm_EP2.6x2.6mm','',(#7912));
#7912 = PRODUCT_CONTEXT('',#2,'mechanical');
#7913 = PRODUCT_DEFINITION_CONTEXT('part definition',#2,'design');
#7914 = ADVANCED_BREP_SHAPE_REPRESENTATION('',(#11,#7915),#13085);
#7915 = MANIFOLD_SOLID_BREP('',#7916);
#7916 = CLOSED_SHELL('',(#7917,#7958,#8005,#8030,#8070,#8087,#8937,#9092
    ,#9104,#9266,#9306,#9346,#9371,#9396,#9429,#9462,#9502,#9527,#9560,
    #9600,#9640,#9665,#9690,#9723,#9756,#9796,#9836,#9861,#9886,#9919,
    #9952,#9992,#10032,#10057,#10082,#10115,#10148,#10188,#10228,#10253,
    #10278,#10311,#10344,#10506,#10661,#10701,#10741,#10766,#10791,
    #10824,#10857,#10897,#10937,#10962,#10987,#11020,#11053,#11093,
    #11133,#11158,#11183,#11216,#11249,#11289,#11329,#11354,#11379,
    #11412,#11445,#11485,#11525,#11550,#11575,#11608,#11641,#11681,
    #11721,#11746,#11771,#11804,#11837,#11868,#11892,#11916,#11940,
    #11957,#11980,#11997,#12014,#12031,#12048,#12065,#12082,#12099,
    #12116,#12133,#12150,#12167,#12184,#12196,#12213,#12225,#12242,
    #12254,#12271,#12283,#12300,#12312,#12329,#12341,#12358,#12370,
    #12387,#12399,#12416,#12428,#12445,#12457,#12474,#12486,#12503,
    #12520,#12537,#12554,#12571,#12588,#12605,#12622,#12639,#12656,
    #12673,#12690,#12707,#12719,#12736,#12748,#12765,#12777,#12794,
    #12806,#12823,#12835,#12852,#12864,#12881,#12893,#12910,#12922,
    #12939,#12951,#12968,#12980,#12997,#13009,#13026,#13038,#13051,
    #13076));
#7917 = ADVANCED_FACE('',(#7918),#7953,.T.);
#7918 = FACE_BOUND('',#7919,.F.);
#7919 = EDGE_LOOP('',(#7920,#7930,#7939,#7947));
#7920 = ORIENTED_EDGE('',*,*,#7921,.T.);
#7921 = EDGE_CURVE('',#7922,#7924,#7926,.T.);
#7922 = VERTEX_POINT('',#7923);
#7923 = CARTESIAN_POINT('',(-2.,0.625,0.));
#7924 = VERTEX_POINT('',#7925);
#7925 = CARTESIAN_POINT('',(-1.725,0.625,0.));
#7926 = LINE('',#7927,#7928);
#7927 = CARTESIAN_POINT('',(-2.,0.625,0.));
#7928 = VECTOR('',#7929,1.);
#7929 = DIRECTION('',(1.,-4.669739647545E-16,0.));
#7930 = ORIENTED_EDGE('',*,*,#7931,.T.);
#7931 = EDGE_CURVE('',#7924,#7932,#7934,.T.);
#7932 = VERTEX_POINT('',#7933);
#7933 = CARTESIAN_POINT('',(-1.725,0.875,0.));
#7934 = CIRCLE('',#7935,0.125);
#7935 = AXIS2_PLACEMENT_3D('',#7936,#7937,#7938);
#7936 = CARTESIAN_POINT('',(-1.725,0.75,0.));
#7937 = DIRECTION('',(0.,0.,1.));
#7938 = DIRECTION('',(-4.669739647545E-16,-1.,0.));
#7939 = ORIENTED_EDGE('',*,*,#7940,.T.);
#7940 = EDGE_CURVE('',#7932,#7941,#7943,.T.);
#7941 = VERTEX_POINT('',#7942);
#7942 = CARTESIAN_POINT('',(-2.,0.875,0.));
#7943 = LINE('',#7944,#7945);
#7944 = CARTESIAN_POINT('',(-1.725,0.875,0.));
#7945 = VECTOR('',#7946,1.);
#7946 = DIRECTION('',(-1.,4.669739647545E-16,0.));
#7947 = ORIENTED_EDGE('',*,*,#7948,.T.);
#7948 = EDGE_CURVE('',#7941,#7922,#7949,.T.);
#7949 = LINE('',#7950,#7951);
#7950 = CARTESIAN_POINT('',(-2.,0.875,0.));
#7951 = VECTOR('',#7952,1.);
#7952 = DIRECTION('',(-4.669739647545E-16,-1.,0.));
#7953 = PLANE('',#7954);
#7954 = AXIS2_PLACEMENT_3D('',#7955,#7956,#7957);
#7955 = CARTESIAN_POINT('',(-2.,0.625,0.));
#7956 = DIRECTION('',(0.,-0.,-1.));
#7957 = DIRECTION('',(4.669739647545E-16,1.,0.));
#7958 = ADVANCED_FACE('',(#7959),#8000,.F.);
#7959 = FACE_BOUND('',#7960,.F.);
#7960 = EDGE_LOOP('',(#7961,#7962,#7970,#7978,#7986,#7994));
#7961 = ORIENTED_EDGE('',*,*,#7921,.F.);
#7962 = ORIENTED_EDGE('',*,*,#7963,.T.);
#7963 = EDGE_CURVE('',#7922,#7964,#7966,.T.);
#7964 = VERTEX_POINT('',#7965);
#7965 = CARTESIAN_POINT('',(-2.,0.625,0.2));
#7966 = LINE('',#7967,#7968);
#7967 = CARTESIAN_POINT('',(-2.,0.625,0.));
#7968 = VECTOR('',#7969,1.);
#7969 = DIRECTION('',(0.,0.,1.));
#7970 = ORIENTED_EDGE('',*,*,#7971,.T.);
#7971 = EDGE_CURVE('',#7964,#7972,#7974,.T.);
#7972 = VERTEX_POINT('',#7973);
#7973 = CARTESIAN_POINT('',(-1.99,0.625,0.2));
#7974 = LINE('',#7975,#7976);
#7975 = CARTESIAN_POINT('',(-2.,0.625,0.2));
#7976 = VECTOR('',#7977,1.);
#7977 = DIRECTION('',(1.,-4.669739647545E-16,0.));
#7978 = ORIENTED_EDGE('',*,*,#7979,.F.);
#7979 = EDGE_CURVE('',#7980,#7972,#7982,.T.);
#7980 = VERTEX_POINT('',#7981);
#7981 = CARTESIAN_POINT('',(-1.99,0.625,2.E-02));
#7982 = LINE('',#7983,#7984);
#7983 = CARTESIAN_POINT('',(-1.99,0.625,1.E-02));
#7984 = VECTOR('',#7985,1.);
#7985 = DIRECTION('',(0.,0.,1.));
#7986 = ORIENTED_EDGE('',*,*,#7987,.F.);
#7987 = EDGE_CURVE('',#7988,#7980,#7990,.T.);
#7988 = VERTEX_POINT('',#7989);
#7989 = CARTESIAN_POINT('',(-1.725,0.625,2.E-02));
#7990 = LINE('',#7991,#7992);
#7991 = CARTESIAN_POINT('',(-1.995,0.625,2.E-02));
#7992 = VECTOR('',#7993,1.);
#7993 = DIRECTION('',(-1.,4.669739647545E-16,0.));
#7994 = ORIENTED_EDGE('',*,*,#7995,.F.);
#7995 = EDGE_CURVE('',#7924,#7988,#7996,.T.);
#7996 = LINE('',#7997,#7998);
#7997 = CARTESIAN_POINT('',(-1.725,0.625,0.));
#7998 = VECTOR('',#7999,1.);
#7999 = DIRECTION('',(0.,0.,1.));
#8000 = PLANE('',#8001);
#8001 = AXIS2_PLACEMENT_3D('',#8002,#8003,#8004);
#8002 = CARTESIAN_POINT('',(-2.,0.625,0.));
#8003 = DIRECTION('',(4.669739647545E-16,1.,0.));
#8004 = DIRECTION('',(1.,-4.669739647545E-16,0.));
#8005 = ADVANCED_FACE('',(#8006),#8025,.T.);
#8006 = FACE_BOUND('',#8007,.T.);
#8007 = EDGE_LOOP('',(#8008,#8016,#8023,#8024));
#8008 = ORIENTED_EDGE('',*,*,#8009,.T.);
#8009 = EDGE_CURVE('',#7932,#8010,#8012,.T.);
#8010 = VERTEX_POINT('',#8011);
#8011 = CARTESIAN_POINT('',(-1.725,0.875,2.E-02));
#8012 = LINE('',#8013,#8014);
#8013 = CARTESIAN_POINT('',(-1.725,0.875,0.));
#8014 = VECTOR('',#8015,1.);
#8015 = DIRECTION('',(0.,0.,1.));
#8016 = ORIENTED_EDGE('',*,*,#8017,.T.);
#8017 = EDGE_CURVE('',#8010,#7988,#8018,.T.);
#8018 = CIRCLE('',#8019,0.125);
#8019 = AXIS2_PLACEMENT_3D('',#8020,#8021,#8022);
#8020 = CARTESIAN_POINT('',(-1.725,0.75,2.E-02));
#8021 = DIRECTION('',(-0.,0.,-1.));
#8022 = DIRECTION('',(-4.669739647545E-16,-1.,0.));
#8023 = ORIENTED_EDGE('',*,*,#7995,.F.);
#8024 = ORIENTED_EDGE('',*,*,#7931,.T.);
#8025 = CYLINDRICAL_SURFACE('',#8026,0.125);
#8026 = AXIS2_PLACEMENT_3D('',#8027,#8028,#8029);
#8027 = CARTESIAN_POINT('',(-1.725,0.75,0.));
#8028 = DIRECTION('',(0.,0.,-1.));
#8029 = DIRECTION('',(-4.669739647545E-16,-1.,-0.));
#8030 = ADVANCED_FACE('',(#8031),#8065,.F.);
#8031 = FACE_BOUND('',#8032,.F.);
#8032 = EDGE_LOOP('',(#8033,#8034,#8035,#8043,#8051,#8059));
#8033 = ORIENTED_EDGE('',*,*,#7940,.F.);
#8034 = ORIENTED_EDGE('',*,*,#8009,.T.);
#8035 = ORIENTED_EDGE('',*,*,#8036,.F.);
#8036 = EDGE_CURVE('',#8037,#8010,#8039,.T.);
#8037 = VERTEX_POINT('',#8038);
#8038 = CARTESIAN_POINT('',(-1.99,0.875,2.E-02));
#8039 = LINE('',#8040,#8041);
#8040 = CARTESIAN_POINT('',(-1.8575,0.875,2.E-02));
#8041 = VECTOR('',#8042,1.);
#8042 = DIRECTION('',(1.,-4.669739647545E-16,0.));
#8043 = ORIENTED_EDGE('',*,*,#8044,.F.);
#8044 = EDGE_CURVE('',#8045,#8037,#8047,.T.);
#8045 = VERTEX_POINT('',#8046);
#8046 = CARTESIAN_POINT('',(-1.99,0.875,0.2));
#8047 = LINE('',#8048,#8049);
#8048 = CARTESIAN_POINT('',(-1.99,0.875,1.E-02));
#8049 = VECTOR('',#8050,1.);
#8050 = DIRECTION('',(0.,-0.,-1.));
#8051 = ORIENTED_EDGE('',*,*,#8052,.T.);
#8052 = EDGE_CURVE('',#8045,#8053,#8055,.T.);
#8053 = VERTEX_POINT('',#8054);
#8054 = CARTESIAN_POINT('',(-2.,0.875,0.2));
#8055 = LINE('',#8056,#8057);
#8056 = CARTESIAN_POINT('',(-1.725,0.875,0.2));
#8057 = VECTOR('',#8058,1.);
#8058 = DIRECTION('',(-1.,4.669739647545E-16,0.));
#8059 = ORIENTED_EDGE('',*,*,#8060,.F.);
#8060 = EDGE_CURVE('',#7941,#8053,#8061,.T.);
#8061 = LINE('',#8062,#8063);
#8062 = CARTESIAN_POINT('',(-2.,0.875,0.));
#8063 = VECTOR('',#8064,1.);
#8064 = DIRECTION('',(0.,0.,1.));
#8065 = PLANE('',#8066);
#8066 = AXIS2_PLACEMENT_3D('',#8067,#8068,#8069);
#8067 = CARTESIAN_POINT('',(-1.725,0.875,0.));
#8068 = DIRECTION('',(-4.669739647545E-16,-1.,0.));
#8069 = DIRECTION('',(-1.,4.669739647545E-16,0.));
#8070 = ADVANCED_FACE('',(#8071),#8082,.F.);
#8071 = FACE_BOUND('',#8072,.F.);
#8072 = EDGE_LOOP('',(#8073,#8074,#8080,#8081));
#8073 = ORIENTED_EDGE('',*,*,#8060,.T.);
#8074 = ORIENTED_EDGE('',*,*,#8075,.T.);
#8075 = EDGE_CURVE('',#8053,#7964,#8076,.T.);
#8076 = LINE('',#8077,#8078);
#8077 = CARTESIAN_POINT('',(-2.,0.875,0.2));
#8078 = VECTOR('',#8079,1.);
#8079 = DIRECTION('',(-4.669739647545E-16,-1.,0.));
#8080 = ORIENTED_EDGE('',*,*,#7963,.F.);
#8081 = ORIENTED_EDGE('',*,*,#7948,.F.);
#8082 = PLANE('',#8083);
#8083 = AXIS2_PLACEMENT_3D('',#8084,#8085,#8086);
#8084 = CARTESIAN_POINT('',(-2.,0.875,0.));
#8085 = DIRECTION('',(1.,-4.669739647545E-16,0.));
#8086 = DIRECTION('',(-4.669739647545E-16,-1.,0.));
#8087 = ADVANCED_FACE('',(#8088,#8890),#8932,.F.);
#8088 = FACE_BOUND('',#8089,.F.);
#8089 = EDGE_LOOP('',(#8090,#8100,#8108,#8116,#8125,#8133,#8139,#8140,
    #8141,#8142,#8150,#8158,#8167,#8175,#8183,#8191,#8200,#8208,#8216,
    #8224,#8233,#8241,#8249,#8257,#8266,#8274,#8282,#8290,#8298,#8307,
    #8315,#8323,#8331,#8340,#8348,#8356,#8364,#8373,#8381,#8389,#8397,
    #8406,#8414,#8422,#8430,#8439,#8447,#8455,#8463,#8472,#8480,#8488,
    #8496,#8504,#8513,#8521,#8529,#8537,#8546,#8554,#8562,#8570,#8579,
    #8587,#8595,#8603,#8612,#8620,#8628,#8636,#8645,#8653,#8661,#8669,
    #8678,#8686,#8694,#8702,#8710,#8719,#8727,#8735,#8743,#8752,#8760,
    #8768,#8776,#8785,#8793,#8801,#8809,#8818,#8826,#8834,#8842,#8851,
    #8859,#8867,#8875,#8884));
#8090 = ORIENTED_EDGE('',*,*,#8091,.F.);
#8091 = EDGE_CURVE('',#8092,#8094,#8096,.T.);
#8092 = VERTEX_POINT('',#8093);
#8093 = CARTESIAN_POINT('',(-1.99,1.99,2.E-02));
#8094 = VERTEX_POINT('',#8095);
#8095 = CARTESIAN_POINT('',(-1.375,1.99,2.E-02));
#8096 = LINE('',#8097,#8098);
#8097 = CARTESIAN_POINT('',(-1.99,1.99,2.E-02));
#8098 = VECTOR('',#8099,1.);
#8099 = DIRECTION('',(1.,-2.22044604925E-16,0.));
#8100 = ORIENTED_EDGE('',*,*,#8101,.T.);
#8101 = EDGE_CURVE('',#8092,#8102,#8104,.T.);
#8102 = VERTEX_POINT('',#8103);
#8103 = CARTESIAN_POINT('',(-1.99,1.375,2.E-02));
#8104 = LINE('',#8105,#8106);
#8105 = CARTESIAN_POINT('',(-1.99,1.99,2.E-02));
#8106 = VECTOR('',#8107,1.);
#8107 = DIRECTION('',(-2.22044604925E-16,-1.,0.));
#8108 = ORIENTED_EDGE('',*,*,#8109,.T.);
#8109 = EDGE_CURVE('',#8102,#8110,#8112,.T.);
#8110 = VERTEX_POINT('',#8111);
#8111 = CARTESIAN_POINT('',(-1.725,1.375,2.E-02));
#8112 = LINE('',#8113,#8114);
#8113 = CARTESIAN_POINT('',(-1.8575,1.375,2.E-02));
#8114 = VECTOR('',#8115,1.);
#8115 = DIRECTION('',(1.,-4.669739647545E-16,0.));
#8116 = ORIENTED_EDGE('',*,*,#8117,.T.);
#8117 = EDGE_CURVE('',#8110,#8118,#8120,.T.);
#8118 = VERTEX_POINT('',#8119);
#8119 = CARTESIAN_POINT('',(-1.725,1.125,2.E-02));
#8120 = CIRCLE('',#8121,0.125);
#8121 = AXIS2_PLACEMENT_3D('',#8122,#8123,#8124);
#8122 = CARTESIAN_POINT('',(-1.725,1.25,2.E-02));
#8123 = DIRECTION('',(-0.,0.,-1.));
#8124 = DIRECTION('',(-4.669739647545E-16,-1.,0.));
#8125 = ORIENTED_EDGE('',*,*,#8126,.T.);
#8126 = EDGE_CURVE('',#8118,#8127,#8129,.T.);
#8127 = VERTEX_POINT('',#8128);
#8128 = CARTESIAN_POINT('',(-1.99,1.125,2.E-02));
#8129 = LINE('',#8130,#8131);
#8130 = CARTESIAN_POINT('',(-1.995,1.125,2.E-02));
#8131 = VECTOR('',#8132,1.);
#8132 = DIRECTION('',(-1.,4.669739647545E-16,0.));
#8133 = ORIENTED_EDGE('',*,*,#8134,.T.);
#8134 = EDGE_CURVE('',#8127,#8037,#8135,.T.);
#8135 = LINE('',#8136,#8137);
#8136 = CARTESIAN_POINT('',(-1.99,1.99,2.E-02));
#8137 = VECTOR('',#8138,1.);
#8138 = DIRECTION('',(-2.22044604925E-16,-1.,0.));
#8139 = ORIENTED_EDGE('',*,*,#8036,.T.);
#8140 = ORIENTED_EDGE('',*,*,#8017,.T.);
#8141 = ORIENTED_EDGE('',*,*,#7987,.T.);
#8142 = ORIENTED_EDGE('',*,*,#8143,.T.);
#8143 = EDGE_CURVE('',#7980,#8144,#8146,.T.);
#8144 = VERTEX_POINT('',#8145);
#8145 = CARTESIAN_POINT('',(-1.99,0.375,2.E-02));
#8146 = LINE('',#8147,#8148);
#8147 = CARTESIAN_POINT('',(-1.99,1.99,2.E-02));
#8148 = VECTOR('',#8149,1.);
#8149 = DIRECTION('',(-2.22044604925E-16,-1.,0.));
#8150 = ORIENTED_EDGE('',*,*,#8151,.T.);
#8151 = EDGE_CURVE('',#8144,#8152,#8154,.T.);
#8152 = VERTEX_POINT('',#8153);
#8153 = CARTESIAN_POINT('',(-1.725,0.375,2.E-02));
#8154 = LINE('',#8155,#8156);
#8155 = CARTESIAN_POINT('',(-1.8575,0.375,2.E-02));
#8156 = VECTOR('',#8157,1.);
#8157 = DIRECTION('',(1.,-4.669739647545E-16,0.));
#8158 = ORIENTED_EDGE('',*,*,#8159,.T.);
#8159 = EDGE_CURVE('',#8152,#8160,#8162,.T.);
#8160 = VERTEX_POINT('',#8161);
#8161 = CARTESIAN_POINT('',(-1.725,0.125,2.E-02));
#8162 = CIRCLE('',#8163,0.125);
#8163 = AXIS2_PLACEMENT_3D('',#8164,#8165,#8166);
#8164 = CARTESIAN_POINT('',(-1.725,0.25,2.E-02));
#8165 = DIRECTION('',(-0.,0.,-1.));
#8166 = DIRECTION('',(-4.669739647545E-16,-1.,0.));
#8167 = ORIENTED_EDGE('',*,*,#8168,.T.);
#8168 = EDGE_CURVE('',#8160,#8169,#8171,.T.);
#8169 = VERTEX_POINT('',#8170);
#8170 = CARTESIAN_POINT('',(-1.99,0.125,2.E-02));
#8171 = LINE('',#8172,#8173);
#8172 = CARTESIAN_POINT('',(-1.995,0.125,2.E-02));
#8173 = VECTOR('',#8174,1.);
#8174 = DIRECTION('',(-1.,4.669739647545E-16,0.));
#8175 = ORIENTED_EDGE('',*,*,#8176,.T.);
#8176 = EDGE_CURVE('',#8169,#8177,#8179,.T.);
#8177 = VERTEX_POINT('',#8178);
#8178 = CARTESIAN_POINT('',(-1.99,-0.125,2.E-02));
#8179 = LINE('',#8180,#8181);
#8180 = CARTESIAN_POINT('',(-1.99,1.99,2.E-02));
#8181 = VECTOR('',#8182,1.);
#8182 = DIRECTION('',(-2.22044604925E-16,-1.,0.));
#8183 = ORIENTED_EDGE('',*,*,#8184,.T.);
#8184 = EDGE_CURVE('',#8177,#8185,#8187,.T.);
#8185 = VERTEX_POINT('',#8186);
#8186 = CARTESIAN_POINT('',(-1.725,-0.125,2.E-02));
#8187 = LINE('',#8188,#8189);
#8188 = CARTESIAN_POINT('',(-1.8575,-0.125,2.E-02));
#8189 = VECTOR('',#8190,1.);
#8190 = DIRECTION('',(1.,-4.669739647545E-16,0.));
#8191 = ORIENTED_EDGE('',*,*,#8192,.T.);
#8192 = EDGE_CURVE('',#8185,#8193,#8195,.T.);
#8193 = VERTEX_POINT('',#8194);
#8194 = CARTESIAN_POINT('',(-1.725,-0.375,2.E-02));
#8195 = CIRCLE('',#8196,0.125);
#8196 = AXIS2_PLACEMENT_3D('',#8197,#8198,#8199);
#8197 = CARTESIAN_POINT('',(-1.725,-0.25,2.E-02));
#8198 = DIRECTION('',(-0.,0.,-1.));
#8199 = DIRECTION('',(-4.669739647545E-16,-1.,0.));
#8200 = ORIENTED_EDGE('',*,*,#8201,.T.);
#8201 = EDGE_CURVE('',#8193,#8202,#8204,.T.);
#8202 = VERTEX_POINT('',#8203);
#8203 = CARTESIAN_POINT('',(-1.99,-0.375,2.E-02));
#8204 = LINE('',#8205,#8206);
#8205 = CARTESIAN_POINT('',(-1.995,-0.375,2.E-02));
#8206 = VECTOR('',#8207,1.);
#8207 = DIRECTION('',(-1.,4.669739647545E-16,0.));
#8208 = ORIENTED_EDGE('',*,*,#8209,.T.);
#8209 = EDGE_CURVE('',#8202,#8210,#8212,.T.);
#8210 = VERTEX_POINT('',#8211);
#8211 = CARTESIAN_POINT('',(-1.99,-0.625,2.E-02));
#8212 = LINE('',#8213,#8214);
#8213 = CARTESIAN_POINT('',(-1.99,1.99,2.E-02));
#8214 = VECTOR('',#8215,1.);
#8215 = DIRECTION('',(-2.22044604925E-16,-1.,0.));
#8216 = ORIENTED_EDGE('',*,*,#8217,.T.);
#8217 = EDGE_CURVE('',#8210,#8218,#8220,.T.);
#8218 = VERTEX_POINT('',#8219);
#8219 = CARTESIAN_POINT('',(-1.725,-0.625,2.E-02));
#8220 = LINE('',#8221,#8222);
#8221 = CARTESIAN_POINT('',(-1.8575,-0.625,2.E-02));
#8222 = VECTOR('',#8223,1.);
#8223 = DIRECTION('',(1.,-4.669739647545E-16,0.));
#8224 = ORIENTED_EDGE('',*,*,#8225,.T.);
#8225 = EDGE_CURVE('',#8218,#8226,#8228,.T.);
#8226 = VERTEX_POINT('',#8227);
#8227 = CARTESIAN_POINT('',(-1.725,-0.875,2.E-02));
#8228 = CIRCLE('',#8229,0.125);
#8229 = AXIS2_PLACEMENT_3D('',#8230,#8231,#8232);
#8230 = CARTESIAN_POINT('',(-1.725,-0.75,2.E-02));
#8231 = DIRECTION('',(-0.,0.,-1.));
#8232 = DIRECTION('',(-4.669739647545E-16,-1.,0.));
#8233 = ORIENTED_EDGE('',*,*,#8234,.T.);
#8234 = EDGE_CURVE('',#8226,#8235,#8237,.T.);
#8235 = VERTEX_POINT('',#8236);
#8236 = CARTESIAN_POINT('',(-1.99,-0.875,2.E-02));
#8237 = LINE('',#8238,#8239);
#8238 = CARTESIAN_POINT('',(-1.995,-0.875,2.E-02));
#8239 = VECTOR('',#8240,1.);
#8240 = DIRECTION('',(-1.,4.669739647545E-16,0.));
#8241 = ORIENTED_EDGE('',*,*,#8242,.T.);
#8242 = EDGE_CURVE('',#8235,#8243,#8245,.T.);
#8243 = VERTEX_POINT('',#8244);
#8244 = CARTESIAN_POINT('',(-1.99,-1.125,2.E-02));
#8245 = LINE('',#8246,#8247);
#8246 = CARTESIAN_POINT('',(-1.99,1.99,2.E-02));
#8247 = VECTOR('',#8248,1.);
#8248 = DIRECTION('',(-2.22044604925E-16,-1.,0.));
#8249 = ORIENTED_EDGE('',*,*,#8250,.T.);
#8250 = EDGE_CURVE('',#8243,#8251,#8253,.T.);
#8251 = VERTEX_POINT('',#8252);
#8252 = CARTESIAN_POINT('',(-1.725,-1.125,2.E-02));
#8253 = LINE('',#8254,#8255);
#8254 = CARTESIAN_POINT('',(-1.8575,-1.125,2.E-02));
#8255 = VECTOR('',#8256,1.);
#8256 = DIRECTION('',(1.,-4.669739647545E-16,0.));
#8257 = ORIENTED_EDGE('',*,*,#8258,.T.);
#8258 = EDGE_CURVE('',#8251,#8259,#8261,.T.);
#8259 = VERTEX_POINT('',#8260);
#8260 = CARTESIAN_POINT('',(-1.725,-1.375,2.E-02));
#8261 = CIRCLE('',#8262,0.125);
#8262 = AXIS2_PLACEMENT_3D('',#8263,#8264,#8265);
#8263 = CARTESIAN_POINT('',(-1.725,-1.25,2.E-02));
#8264 = DIRECTION('',(-0.,0.,-1.));
#8265 = DIRECTION('',(-4.669739647545E-16,-1.,0.));
#8266 = ORIENTED_EDGE('',*,*,#8267,.T.);
#8267 = EDGE_CURVE('',#8259,#8268,#8270,.T.);
#8268 = VERTEX_POINT('',#8269);
#8269 = CARTESIAN_POINT('',(-1.99,-1.375,2.E-02));
#8270 = LINE('',#8271,#8272);
#8271 = CARTESIAN_POINT('',(-1.995,-1.375,2.E-02));
#8272 = VECTOR('',#8273,1.);
#8273 = DIRECTION('',(-1.,4.669739647545E-16,0.));
#8274 = ORIENTED_EDGE('',*,*,#8275,.T.);
#8275 = EDGE_CURVE('',#8268,#8276,#8278,.T.);
#8276 = VERTEX_POINT('',#8277);
#8277 = CARTESIAN_POINT('',(-1.99,-1.99,2.E-02));
#8278 = LINE('',#8279,#8280);
#8279 = CARTESIAN_POINT('',(-1.99,1.99,2.E-02));
#8280 = VECTOR('',#8281,1.);
#8281 = DIRECTION('',(-2.22044604925E-16,-1.,0.));
#8282 = ORIENTED_EDGE('',*,*,#8283,.T.);
#8283 = EDGE_CURVE('',#8276,#8284,#8286,.T.);
#8284 = VERTEX_POINT('',#8285);
#8285 = CARTESIAN_POINT('',(-1.375,-1.99,2.E-02));
#8286 = LINE('',#8287,#8288);
#8287 = CARTESIAN_POINT('',(-1.99,-1.99,2.E-02));
#8288 = VECTOR('',#8289,1.);
#8289 = DIRECTION('',(1.,-2.22044604925E-16,0.));
#8290 = ORIENTED_EDGE('',*,*,#8291,.T.);
#8291 = EDGE_CURVE('',#8284,#8292,#8294,.T.);
#8292 = VERTEX_POINT('',#8293);
#8293 = CARTESIAN_POINT('',(-1.375,-1.725,2.E-02));
#8294 = LINE('',#8295,#8296);
#8295 = CARTESIAN_POINT('',(-1.375,0.1325,2.E-02));
#8296 = VECTOR('',#8297,1.);
#8297 = DIRECTION('',(5.665538897648E-16,1.,0.));
#8298 = ORIENTED_EDGE('',*,*,#8299,.T.);
#8299 = EDGE_CURVE('',#8292,#8300,#8302,.T.);
#8300 = VERTEX_POINT('',#8301);
#8301 = CARTESIAN_POINT('',(-1.125,-1.725,2.E-02));
#8302 = CIRCLE('',#8303,0.125);
#8303 = AXIS2_PLACEMENT_3D('',#8304,#8305,#8306);
#8304 = CARTESIAN_POINT('',(-1.25,-1.725,2.E-02));
#8305 = DIRECTION('',(0.,-0.,-1.));
#8306 = DIRECTION('',(1.,-5.665538897648E-16,0.));
#8307 = ORIENTED_EDGE('',*,*,#8308,.T.);
#8308 = EDGE_CURVE('',#8300,#8309,#8311,.T.);
#8309 = VERTEX_POINT('',#8310);
#8310 = CARTESIAN_POINT('',(-1.125,-1.99,2.E-02));
#8311 = LINE('',#8312,#8313);
#8312 = CARTESIAN_POINT('',(-1.125,-5.E-03,2.E-02));
#8313 = VECTOR('',#8314,1.);
#8314 = DIRECTION('',(-5.665538897648E-16,-1.,0.));
#8315 = ORIENTED_EDGE('',*,*,#8316,.T.);
#8316 = EDGE_CURVE('',#8309,#8317,#8319,.T.);
#8317 = VERTEX_POINT('',#8318);
#8318 = CARTESIAN_POINT('',(-0.875,-1.99,2.E-02));
#8319 = LINE('',#8320,#8321);
#8320 = CARTESIAN_POINT('',(-1.99,-1.99,2.E-02));
#8321 = VECTOR('',#8322,1.);
#8322 = DIRECTION('',(1.,-2.22044604925E-16,0.));
#8323 = ORIENTED_EDGE('',*,*,#8324,.T.);
#8324 = EDGE_CURVE('',#8317,#8325,#8327,.T.);
#8325 = VERTEX_POINT('',#8326);
#8326 = CARTESIAN_POINT('',(-0.875,-1.725,2.E-02));
#8327 = LINE('',#8328,#8329);
#8328 = CARTESIAN_POINT('',(-0.875,0.1325,2.E-02));
#8329 = VECTOR('',#8330,1.);
#8330 = DIRECTION('',(5.665538897648E-16,1.,0.));
#8331 = ORIENTED_EDGE('',*,*,#8332,.T.);
#8332 = EDGE_CURVE('',#8325,#8333,#8335,.T.);
#8333 = VERTEX_POINT('',#8334);
#8334 = CARTESIAN_POINT('',(-0.625,-1.725,2.E-02));
#8335 = CIRCLE('',#8336,0.125);
#8336 = AXIS2_PLACEMENT_3D('',#8337,#8338,#8339);
#8337 = CARTESIAN_POINT('',(-0.75,-1.725,2.E-02));
#8338 = DIRECTION('',(0.,-0.,-1.));
#8339 = DIRECTION('',(1.,-5.665538897648E-16,0.));
#8340 = ORIENTED_EDGE('',*,*,#8341,.T.);
#8341 = EDGE_CURVE('',#8333,#8342,#8344,.T.);
#8342 = VERTEX_POINT('',#8343);
#8343 = CARTESIAN_POINT('',(-0.625,-1.99,2.E-02));
#8344 = LINE('',#8345,#8346);
#8345 = CARTESIAN_POINT('',(-0.625,-5.E-03,2.E-02));
#8346 = VECTOR('',#8347,1.);
#8347 = DIRECTION('',(-5.665538897648E-16,-1.,0.));
#8348 = ORIENTED_EDGE('',*,*,#8349,.T.);
#8349 = EDGE_CURVE('',#8342,#8350,#8352,.T.);
#8350 = VERTEX_POINT('',#8351);
#8351 = CARTESIAN_POINT('',(-0.375,-1.99,2.E-02));
#8352 = LINE('',#8353,#8354);
#8353 = CARTESIAN_POINT('',(-1.99,-1.99,2.E-02));
#8354 = VECTOR('',#8355,1.);
#8355 = DIRECTION('',(1.,-2.22044604925E-16,0.));
#8356 = ORIENTED_EDGE('',*,*,#8357,.T.);
#8357 = EDGE_CURVE('',#8350,#8358,#8360,.T.);
#8358 = VERTEX_POINT('',#8359);
#8359 = CARTESIAN_POINT('',(-0.375,-1.725,2.E-02));
#8360 = LINE('',#8361,#8362);
#8361 = CARTESIAN_POINT('',(-0.375,0.1325,2.E-02));
#8362 = VECTOR('',#8363,1.);
#8363 = DIRECTION('',(5.665538897648E-16,1.,0.));
#8364 = ORIENTED_EDGE('',*,*,#8365,.T.);
#8365 = EDGE_CURVE('',#8358,#8366,#8368,.T.);
#8366 = VERTEX_POINT('',#8367);
#8367 = CARTESIAN_POINT('',(-0.125,-1.725,2.E-02));
#8368 = CIRCLE('',#8369,0.125);
#8369 = AXIS2_PLACEMENT_3D('',#8370,#8371,#8372);
#8370 = CARTESIAN_POINT('',(-0.25,-1.725,2.E-02));
#8371 = DIRECTION('',(0.,-0.,-1.));
#8372 = DIRECTION('',(1.,-5.665538897648E-16,0.));
#8373 = ORIENTED_EDGE('',*,*,#8374,.T.);
#8374 = EDGE_CURVE('',#8366,#8375,#8377,.T.);
#8375 = VERTEX_POINT('',#8376);
#8376 = CARTESIAN_POINT('',(-0.125,-1.99,2.E-02));
#8377 = LINE('',#8378,#8379);
#8378 = CARTESIAN_POINT('',(-0.125,-5.E-03,2.E-02));
#8379 = VECTOR('',#8380,1.);
#8380 = DIRECTION('',(-5.665538897648E-16,-1.,0.));
#8381 = ORIENTED_EDGE('',*,*,#8382,.T.);
#8382 = EDGE_CURVE('',#8375,#8383,#8385,.T.);
#8383 = VERTEX_POINT('',#8384);
#8384 = CARTESIAN_POINT('',(0.125,-1.99,2.E-02));
#8385 = LINE('',#8386,#8387);
#8386 = CARTESIAN_POINT('',(-1.99,-1.99,2.E-02));
#8387 = VECTOR('',#8388,1.);
#8388 = DIRECTION('',(1.,-2.22044604925E-16,0.));
#8389 = ORIENTED_EDGE('',*,*,#8390,.T.);
#8390 = EDGE_CURVE('',#8383,#8391,#8393,.T.);
#8391 = VERTEX_POINT('',#8392);
#8392 = CARTESIAN_POINT('',(0.125,-1.725,2.E-02));
#8393 = LINE('',#8394,#8395);
#8394 = CARTESIAN_POINT('',(0.125,0.1325,2.E-02));
#8395 = VECTOR('',#8396,1.);
#8396 = DIRECTION('',(5.665538897648E-16,1.,0.));
#8397 = ORIENTED_EDGE('',*,*,#8398,.T.);
#8398 = EDGE_CURVE('',#8391,#8399,#8401,.T.);
#8399 = VERTEX_POINT('',#8400);
#8400 = CARTESIAN_POINT('',(0.375,-1.725,2.E-02));
#8401 = CIRCLE('',#8402,0.125);
#8402 = AXIS2_PLACEMENT_3D('',#8403,#8404,#8405);
#8403 = CARTESIAN_POINT('',(0.25,-1.725,2.E-02));
#8404 = DIRECTION('',(0.,-0.,-1.));
#8405 = DIRECTION('',(1.,-5.665538897648E-16,0.));
#8406 = ORIENTED_EDGE('',*,*,#8407,.T.);
#8407 = EDGE_CURVE('',#8399,#8408,#8410,.T.);
#8408 = VERTEX_POINT('',#8409);
#8409 = CARTESIAN_POINT('',(0.375,-1.99,2.E-02));
#8410 = LINE('',#8411,#8412);
#8411 = CARTESIAN_POINT('',(0.375,-5.000000000001E-03,2.E-02));
#8412 = VECTOR('',#8413,1.);
#8413 = DIRECTION('',(-5.665538897648E-16,-1.,0.));
#8414 = ORIENTED_EDGE('',*,*,#8415,.T.);
#8415 = EDGE_CURVE('',#8408,#8416,#8418,.T.);
#8416 = VERTEX_POINT('',#8417);
#8417 = CARTESIAN_POINT('',(0.625,-1.99,2.E-02));
#8418 = LINE('',#8419,#8420);
#8419 = CARTESIAN_POINT('',(-1.99,-1.99,2.E-02));
#8420 = VECTOR('',#8421,1.);
#8421 = DIRECTION('',(1.,-2.22044604925E-16,0.));
#8422 = ORIENTED_EDGE('',*,*,#8423,.T.);
#8423 = EDGE_CURVE('',#8416,#8424,#8426,.T.);
#8424 = VERTEX_POINT('',#8425);
#8425 = CARTESIAN_POINT('',(0.625,-1.725,2.E-02));
#8426 = LINE('',#8427,#8428);
#8427 = CARTESIAN_POINT('',(0.625,0.1325,2.E-02));
#8428 = VECTOR('',#8429,1.);
#8429 = DIRECTION('',(5.665538897648E-16,1.,0.));
#8430 = ORIENTED_EDGE('',*,*,#8431,.T.);
#8431 = EDGE_CURVE('',#8424,#8432,#8434,.T.);
#8432 = VERTEX_POINT('',#8433);
#8433 = CARTESIAN_POINT('',(0.875,-1.725,2.E-02));
#8434 = CIRCLE('',#8435,0.125);
#8435 = AXIS2_PLACEMENT_3D('',#8436,#8437,#8438);
#8436 = CARTESIAN_POINT('',(0.75,-1.725,2.E-02));
#8437 = DIRECTION('',(0.,-0.,-1.));
#8438 = DIRECTION('',(1.,-5.665538897648E-16,0.));
#8439 = ORIENTED_EDGE('',*,*,#8440,.T.);
#8440 = EDGE_CURVE('',#8432,#8441,#8443,.T.);
#8441 = VERTEX_POINT('',#8442);
#8442 = CARTESIAN_POINT('',(0.875,-1.99,2.E-02));
#8443 = LINE('',#8444,#8445);
#8444 = CARTESIAN_POINT('',(0.875,-5.000000000001E-03,2.E-02));
#8445 = VECTOR('',#8446,1.);
#8446 = DIRECTION('',(-5.665538897648E-16,-1.,0.));
#8447 = ORIENTED_EDGE('',*,*,#8448,.T.);
#8448 = EDGE_CURVE('',#8441,#8449,#8451,.T.);
#8449 = VERTEX_POINT('',#8450);
#8450 = CARTESIAN_POINT('',(1.125,-1.99,2.E-02));
#8451 = LINE('',#8452,#8453);
#8452 = CARTESIAN_POINT('',(-1.99,-1.99,2.E-02));
#8453 = VECTOR('',#8454,1.);
#8454 = DIRECTION('',(1.,-2.22044604925E-16,0.));
#8455 = ORIENTED_EDGE('',*,*,#8456,.T.);
#8456 = EDGE_CURVE('',#8449,#8457,#8459,.T.);
#8457 = VERTEX_POINT('',#8458);
#8458 = CARTESIAN_POINT('',(1.125,-1.725,2.E-02));
#8459 = LINE('',#8460,#8461);
#8460 = CARTESIAN_POINT('',(1.125,0.1325,2.E-02));
#8461 = VECTOR('',#8462,1.);
#8462 = DIRECTION('',(5.665538897648E-16,1.,0.));
#8463 = ORIENTED_EDGE('',*,*,#8464,.T.);
#8464 = EDGE_CURVE('',#8457,#8465,#8467,.T.);
#8465 = VERTEX_POINT('',#8466);
#8466 = CARTESIAN_POINT('',(1.375,-1.725,2.E-02));
#8467 = CIRCLE('',#8468,0.125);
#8468 = AXIS2_PLACEMENT_3D('',#8469,#8470,#8471);
#8469 = CARTESIAN_POINT('',(1.25,-1.725,2.E-02));
#8470 = DIRECTION('',(0.,-0.,-1.));
#8471 = DIRECTION('',(1.,-5.665538897648E-16,0.));
#8472 = ORIENTED_EDGE('',*,*,#8473,.T.);
#8473 = EDGE_CURVE('',#8465,#8474,#8476,.T.);
#8474 = VERTEX_POINT('',#8475);
#8475 = CARTESIAN_POINT('',(1.375,-1.99,2.E-02));
#8476 = LINE('',#8477,#8478);
#8477 = CARTESIAN_POINT('',(1.375,-5.000000000001E-03,2.E-02));
#8478 = VECTOR('',#8479,1.);
#8479 = DIRECTION('',(-5.665538897648E-16,-1.,0.));
#8480 = ORIENTED_EDGE('',*,*,#8481,.T.);
#8481 = EDGE_CURVE('',#8474,#8482,#8484,.T.);
#8482 = VERTEX_POINT('',#8483);
#8483 = CARTESIAN_POINT('',(1.99,-1.99,2.E-02));
#8484 = LINE('',#8485,#8486);
#8485 = CARTESIAN_POINT('',(-1.99,-1.99,2.E-02));
#8486 = VECTOR('',#8487,1.);
#8487 = DIRECTION('',(1.,-2.22044604925E-16,0.));
#8488 = ORIENTED_EDGE('',*,*,#8489,.F.);
#8489 = EDGE_CURVE('',#8490,#8482,#8492,.T.);
#8490 = VERTEX_POINT('',#8491);
#8491 = CARTESIAN_POINT('',(1.99,-1.375,2.E-02));
#8492 = LINE('',#8493,#8494);
#8493 = CARTESIAN_POINT('',(1.99,1.99,2.E-02));
#8494 = VECTOR('',#8495,1.);
#8495 = DIRECTION('',(-2.22044604925E-16,-1.,0.));
#8496 = ORIENTED_EDGE('',*,*,#8497,.T.);
#8497 = EDGE_CURVE('',#8490,#8498,#8500,.T.);
#8498 = VERTEX_POINT('',#8499);
#8499 = CARTESIAN_POINT('',(1.725,-1.375,2.E-02));
#8500 = LINE('',#8501,#8502);
#8501 = CARTESIAN_POINT('',(-0.1325,-1.375,2.E-02));
#8502 = VECTOR('',#8503,1.);
#8503 = DIRECTION('',(-1.,3.445092848398E-16,0.));
#8504 = ORIENTED_EDGE('',*,*,#8505,.T.);
#8505 = EDGE_CURVE('',#8498,#8506,#8508,.T.);
#8506 = VERTEX_POINT('',#8507);
#8507 = CARTESIAN_POINT('',(1.725,-1.125,2.E-02));
#8508 = CIRCLE('',#8509,0.125);
#8509 = AXIS2_PLACEMENT_3D('',#8510,#8511,#8512);
#8510 = CARTESIAN_POINT('',(1.725,-1.25,2.E-02));
#8511 = DIRECTION('',(0.,0.,-1.));
#8512 = DIRECTION('',(3.445092848398E-16,1.,0.));
#8513 = ORIENTED_EDGE('',*,*,#8514,.T.);
#8514 = EDGE_CURVE('',#8506,#8515,#8517,.T.);
#8515 = VERTEX_POINT('',#8516);
#8516 = CARTESIAN_POINT('',(1.99,-1.125,2.E-02));
#8517 = LINE('',#8518,#8519);
#8518 = CARTESIAN_POINT('',(5.E-03,-1.125,2.E-02));
#8519 = VECTOR('',#8520,1.);
#8520 = DIRECTION('',(1.,-3.445092848398E-16,0.));
#8521 = ORIENTED_EDGE('',*,*,#8522,.F.);
#8522 = EDGE_CURVE('',#8523,#8515,#8525,.T.);
#8523 = VERTEX_POINT('',#8524);
#8524 = CARTESIAN_POINT('',(1.99,-0.875,2.E-02));
#8525 = LINE('',#8526,#8527);
#8526 = CARTESIAN_POINT('',(1.99,1.99,2.E-02));
#8527 = VECTOR('',#8528,1.);
#8528 = DIRECTION('',(-2.22044604925E-16,-1.,0.));
#8529 = ORIENTED_EDGE('',*,*,#8530,.T.);
#8530 = EDGE_CURVE('',#8523,#8531,#8533,.T.);
#8531 = VERTEX_POINT('',#8532);
#8532 = CARTESIAN_POINT('',(1.725,-0.875,2.E-02));
#8533 = LINE('',#8534,#8535);
#8534 = CARTESIAN_POINT('',(-0.1325,-0.875,2.E-02));
#8535 = VECTOR('',#8536,1.);
#8536 = DIRECTION('',(-1.,3.445092848398E-16,0.));
#8537 = ORIENTED_EDGE('',*,*,#8538,.T.);
#8538 = EDGE_CURVE('',#8531,#8539,#8541,.T.);
#8539 = VERTEX_POINT('',#8540);
#8540 = CARTESIAN_POINT('',(1.725,-0.625,2.E-02));
#8541 = CIRCLE('',#8542,0.125);
#8542 = AXIS2_PLACEMENT_3D('',#8543,#8544,#8545);
#8543 = CARTESIAN_POINT('',(1.725,-0.75,2.E-02));
#8544 = DIRECTION('',(0.,0.,-1.));
#8545 = DIRECTION('',(3.445092848398E-16,1.,0.));
#8546 = ORIENTED_EDGE('',*,*,#8547,.T.);
#8547 = EDGE_CURVE('',#8539,#8548,#8550,.T.);
#8548 = VERTEX_POINT('',#8549);
#8549 = CARTESIAN_POINT('',(1.99,-0.625,2.E-02));
#8550 = LINE('',#8551,#8552);
#8551 = CARTESIAN_POINT('',(5.E-03,-0.625,2.E-02));
#8552 = VECTOR('',#8553,1.);
#8553 = DIRECTION('',(1.,-3.445092848398E-16,0.));
#8554 = ORIENTED_EDGE('',*,*,#8555,.F.);
#8555 = EDGE_CURVE('',#8556,#8548,#8558,.T.);
#8556 = VERTEX_POINT('',#8557);
#8557 = CARTESIAN_POINT('',(1.99,-0.375,2.E-02));
#8558 = LINE('',#8559,#8560);
#8559 = CARTESIAN_POINT('',(1.99,1.99,2.E-02));
#8560 = VECTOR('',#8561,1.);
#8561 = DIRECTION('',(-2.22044604925E-16,-1.,0.));
#8562 = ORIENTED_EDGE('',*,*,#8563,.T.);
#8563 = EDGE_CURVE('',#8556,#8564,#8566,.T.);
#8564 = VERTEX_POINT('',#8565);
#8565 = CARTESIAN_POINT('',(1.725,-0.375,2.E-02));
#8566 = LINE('',#8567,#8568);
#8567 = CARTESIAN_POINT('',(-0.1325,-0.375,2.E-02));
#8568 = VECTOR('',#8569,1.);
#8569 = DIRECTION('',(-1.,3.445092848398E-16,0.));
#8570 = ORIENTED_EDGE('',*,*,#8571,.T.);
#8571 = EDGE_CURVE('',#8564,#8572,#8574,.T.);
#8572 = VERTEX_POINT('',#8573);
#8573 = CARTESIAN_POINT('',(1.725,-0.125,2.E-02));
#8574 = CIRCLE('',#8575,0.125);
#8575 = AXIS2_PLACEMENT_3D('',#8576,#8577,#8578);
#8576 = CARTESIAN_POINT('',(1.725,-0.25,2.E-02));
#8577 = DIRECTION('',(0.,0.,-1.));
#8578 = DIRECTION('',(3.445092848398E-16,1.,0.));
#8579 = ORIENTED_EDGE('',*,*,#8580,.T.);
#8580 = EDGE_CURVE('',#8572,#8581,#8583,.T.);
#8581 = VERTEX_POINT('',#8582);
#8582 = CARTESIAN_POINT('',(1.99,-0.125,2.E-02));
#8583 = LINE('',#8584,#8585);
#8584 = CARTESIAN_POINT('',(5.E-03,-0.125,2.E-02));
#8585 = VECTOR('',#8586,1.);
#8586 = DIRECTION('',(1.,-3.445092848398E-16,0.));
#8587 = ORIENTED_EDGE('',*,*,#8588,.F.);
#8588 = EDGE_CURVE('',#8589,#8581,#8591,.T.);
#8589 = VERTEX_POINT('',#8590);
#8590 = CARTESIAN_POINT('',(1.99,0.125,2.E-02));
#8591 = LINE('',#8592,#8593);
#8592 = CARTESIAN_POINT('',(1.99,1.99,2.E-02));
#8593 = VECTOR('',#8594,1.);
#8594 = DIRECTION('',(-2.22044604925E-16,-1.,0.));
#8595 = ORIENTED_EDGE('',*,*,#8596,.T.);
#8596 = EDGE_CURVE('',#8589,#8597,#8599,.T.);
#8597 = VERTEX_POINT('',#8598);
#8598 = CARTESIAN_POINT('',(1.725,0.125,2.E-02));
#8599 = LINE('',#8600,#8601);
#8600 = CARTESIAN_POINT('',(-0.1325,0.125,2.E-02));
#8601 = VECTOR('',#8602,1.);
#8602 = DIRECTION('',(-1.,3.445092848398E-16,0.));
#8603 = ORIENTED_EDGE('',*,*,#8604,.T.);
#8604 = EDGE_CURVE('',#8597,#8605,#8607,.T.);
#8605 = VERTEX_POINT('',#8606);
#8606 = CARTESIAN_POINT('',(1.725,0.375,2.E-02));
#8607 = CIRCLE('',#8608,0.125);
#8608 = AXIS2_PLACEMENT_3D('',#8609,#8610,#8611);
#8609 = CARTESIAN_POINT('',(1.725,0.25,2.E-02));
#8610 = DIRECTION('',(0.,0.,-1.));
#8611 = DIRECTION('',(3.445092848398E-16,1.,0.));
#8612 = ORIENTED_EDGE('',*,*,#8613,.T.);
#8613 = EDGE_CURVE('',#8605,#8614,#8616,.T.);
#8614 = VERTEX_POINT('',#8615);
#8615 = CARTESIAN_POINT('',(1.99,0.375,2.E-02));
#8616 = LINE('',#8617,#8618);
#8617 = CARTESIAN_POINT('',(5.E-03,0.375,2.E-02));
#8618 = VECTOR('',#8619,1.);
#8619 = DIRECTION('',(1.,-3.445092848398E-16,0.));
#8620 = ORIENTED_EDGE('',*,*,#8621,.F.);
#8621 = EDGE_CURVE('',#8622,#8614,#8624,.T.);
#8622 = VERTEX_POINT('',#8623);
#8623 = CARTESIAN_POINT('',(1.99,0.625,2.E-02));
#8624 = LINE('',#8625,#8626);
#8625 = CARTESIAN_POINT('',(1.99,1.99,2.E-02));
#8626 = VECTOR('',#8627,1.);
#8627 = DIRECTION('',(-2.22044604925E-16,-1.,0.));
#8628 = ORIENTED_EDGE('',*,*,#8629,.T.);
#8629 = EDGE_CURVE('',#8622,#8630,#8632,.T.);
#8630 = VERTEX_POINT('',#8631);
#8631 = CARTESIAN_POINT('',(1.725,0.625,2.E-02));
#8632 = LINE('',#8633,#8634);
#8633 = CARTESIAN_POINT('',(-0.1325,0.625,2.E-02));
#8634 = VECTOR('',#8635,1.);
#8635 = DIRECTION('',(-1.,3.445092848398E-16,0.));
#8636 = ORIENTED_EDGE('',*,*,#8637,.T.);
#8637 = EDGE_CURVE('',#8630,#8638,#8640,.T.);
#8638 = VERTEX_POINT('',#8639);
#8639 = CARTESIAN_POINT('',(1.725,0.875,2.E-02));
#8640 = CIRCLE('',#8641,0.125);
#8641 = AXIS2_PLACEMENT_3D('',#8642,#8643,#8644);
#8642 = CARTESIAN_POINT('',(1.725,0.75,2.E-02));
#8643 = DIRECTION('',(0.,0.,-1.));
#8644 = DIRECTION('',(3.445092848398E-16,1.,0.));
#8645 = ORIENTED_EDGE('',*,*,#8646,.T.);
#8646 = EDGE_CURVE('',#8638,#8647,#8649,.T.);
#8647 = VERTEX_POINT('',#8648);
#8648 = CARTESIAN_POINT('',(1.99,0.875,2.E-02));
#8649 = LINE('',#8650,#8651);
#8650 = CARTESIAN_POINT('',(5.E-03,0.875,2.E-02));
#8651 = VECTOR('',#8652,1.);
#8652 = DIRECTION('',(1.,-3.445092848398E-16,0.));
#8653 = ORIENTED_EDGE('',*,*,#8654,.F.);
#8654 = EDGE_CURVE('',#8655,#8647,#8657,.T.);
#8655 = VERTEX_POINT('',#8656);
#8656 = CARTESIAN_POINT('',(1.99,1.125,2.E-02));
#8657 = LINE('',#8658,#8659);
#8658 = CARTESIAN_POINT('',(1.99,1.99,2.E-02));
#8659 = VECTOR('',#8660,1.);
#8660 = DIRECTION('',(-2.22044604925E-16,-1.,0.));
#8661 = ORIENTED_EDGE('',*,*,#8662,.T.);
#8662 = EDGE_CURVE('',#8655,#8663,#8665,.T.);
#8663 = VERTEX_POINT('',#8664);
#8664 = CARTESIAN_POINT('',(1.725,1.125,2.E-02));
#8665 = LINE('',#8666,#8667);
#8666 = CARTESIAN_POINT('',(-0.1325,1.125,2.E-02));
#8667 = VECTOR('',#8668,1.);
#8668 = DIRECTION('',(-1.,3.445092848398E-16,0.));
#8669 = ORIENTED_EDGE('',*,*,#8670,.T.);
#8670 = EDGE_CURVE('',#8663,#8671,#8673,.T.);
#8671 = VERTEX_POINT('',#8672);
#8672 = CARTESIAN_POINT('',(1.725,1.375,2.E-02));
#8673 = CIRCLE('',#8674,0.125);
#8674 = AXIS2_PLACEMENT_3D('',#8675,#8676,#8677);
#8675 = CARTESIAN_POINT('',(1.725,1.25,2.E-02));
#8676 = DIRECTION('',(0.,0.,-1.));
#8677 = DIRECTION('',(3.445092848398E-16,1.,0.));
#8678 = ORIENTED_EDGE('',*,*,#8679,.T.);
#8679 = EDGE_CURVE('',#8671,#8680,#8682,.T.);
#8680 = VERTEX_POINT('',#8681);
#8681 = CARTESIAN_POINT('',(1.99,1.375,2.E-02));
#8682 = LINE('',#8683,#8684);
#8683 = CARTESIAN_POINT('',(5.E-03,1.375,2.E-02));
#8684 = VECTOR('',#8685,1.);
#8685 = DIRECTION('',(1.,-3.445092848398E-16,0.));
#8686 = ORIENTED_EDGE('',*,*,#8687,.F.);
#8687 = EDGE_CURVE('',#8688,#8680,#8690,.T.);
#8688 = VERTEX_POINT('',#8689);
#8689 = CARTESIAN_POINT('',(1.99,1.99,2.E-02));
#8690 = LINE('',#8691,#8692);
#8691 = CARTESIAN_POINT('',(1.99,1.99,2.E-02));
#8692 = VECTOR('',#8693,1.);
#8693 = DIRECTION('',(-2.22044604925E-16,-1.,0.));
#8694 = ORIENTED_EDGE('',*,*,#8695,.F.);
#8695 = EDGE_CURVE('',#8696,#8688,#8698,.T.);
#8696 = VERTEX_POINT('',#8697);
#8697 = CARTESIAN_POINT('',(1.375,1.99,2.E-02));
#8698 = LINE('',#8699,#8700);
#8699 = CARTESIAN_POINT('',(-1.99,1.99,2.E-02));
#8700 = VECTOR('',#8701,1.);
#8701 = DIRECTION('',(1.,-2.22044604925E-16,0.));
#8702 = ORIENTED_EDGE('',*,*,#8703,.T.);
#8703 = EDGE_CURVE('',#8696,#8704,#8706,.T.);
#8704 = VERTEX_POINT('',#8705);
#8705 = CARTESIAN_POINT('',(1.375,1.725,2.E-02));
#8706 = LINE('',#8707,#8708);
#8707 = CARTESIAN_POINT('',(1.375,1.8575,2.E-02));
#8708 = VECTOR('',#8709,1.);
#8709 = DIRECTION('',(-4.555315873023E-16,-1.,0.));
#8710 = ORIENTED_EDGE('',*,*,#8711,.T.);
#8711 = EDGE_CURVE('',#8704,#8712,#8714,.T.);
#8712 = VERTEX_POINT('',#8713);
#8713 = CARTESIAN_POINT('',(1.125,1.725,2.E-02));
#8714 = CIRCLE('',#8715,0.125);
#8715 = AXIS2_PLACEMENT_3D('',#8716,#8717,#8718);
#8716 = CARTESIAN_POINT('',(1.25,1.725,2.E-02));
#8717 = DIRECTION('',(0.,0.,-1.));
#8718 = DIRECTION('',(-1.,4.555315873023E-16,0.));
#8719 = ORIENTED_EDGE('',*,*,#8720,.T.);
#8720 = EDGE_CURVE('',#8712,#8721,#8723,.T.);
#8721 = VERTEX_POINT('',#8722);
#8722 = CARTESIAN_POINT('',(1.125,1.99,2.E-02));
#8723 = LINE('',#8724,#8725);
#8724 = CARTESIAN_POINT('',(1.125,1.995,2.E-02));
#8725 = VECTOR('',#8726,1.);
#8726 = DIRECTION('',(4.555315873023E-16,1.,0.));
#8727 = ORIENTED_EDGE('',*,*,#8728,.F.);
#8728 = EDGE_CURVE('',#8729,#8721,#8731,.T.);
#8729 = VERTEX_POINT('',#8730);
#8730 = CARTESIAN_POINT('',(0.875,1.99,2.E-02));
#8731 = LINE('',#8732,#8733);
#8732 = CARTESIAN_POINT('',(-1.99,1.99,2.E-02));
#8733 = VECTOR('',#8734,1.);
#8734 = DIRECTION('',(1.,-2.22044604925E-16,0.));
#8735 = ORIENTED_EDGE('',*,*,#8736,.T.);
#8736 = EDGE_CURVE('',#8729,#8737,#8739,.T.);
#8737 = VERTEX_POINT('',#8738);
#8738 = CARTESIAN_POINT('',(0.875,1.725,2.E-02));
#8739 = LINE('',#8740,#8741);
#8740 = CARTESIAN_POINT('',(0.875,1.8575,2.E-02));
#8741 = VECTOR('',#8742,1.);
#8742 = DIRECTION('',(-4.555315873023E-16,-1.,0.));
#8743 = ORIENTED_EDGE('',*,*,#8744,.T.);
#8744 = EDGE_CURVE('',#8737,#8745,#8747,.T.);
#8745 = VERTEX_POINT('',#8746);
#8746 = CARTESIAN_POINT('',(0.625,1.725,2.E-02));
#8747 = CIRCLE('',#8748,0.125);
#8748 = AXIS2_PLACEMENT_3D('',#8749,#8750,#8751);
#8749 = CARTESIAN_POINT('',(0.75,1.725,2.E-02));
#8750 = DIRECTION('',(0.,0.,-1.));
#8751 = DIRECTION('',(-1.,4.555315873023E-16,0.));
#8752 = ORIENTED_EDGE('',*,*,#8753,.T.);
#8753 = EDGE_CURVE('',#8745,#8754,#8756,.T.);
#8754 = VERTEX_POINT('',#8755);
#8755 = CARTESIAN_POINT('',(0.625,1.99,2.E-02));
#8756 = LINE('',#8757,#8758);
#8757 = CARTESIAN_POINT('',(0.625,1.995,2.E-02));
#8758 = VECTOR('',#8759,1.);
#8759 = DIRECTION('',(4.555315873023E-16,1.,0.));
#8760 = ORIENTED_EDGE('',*,*,#8761,.F.);
#8761 = EDGE_CURVE('',#8762,#8754,#8764,.T.);
#8762 = VERTEX_POINT('',#8763);
#8763 = CARTESIAN_POINT('',(0.375,1.99,2.E-02));
#8764 = LINE('',#8765,#8766);
#8765 = CARTESIAN_POINT('',(-1.99,1.99,2.E-02));
#8766 = VECTOR('',#8767,1.);
#8767 = DIRECTION('',(1.,-2.22044604925E-16,0.));
#8768 = ORIENTED_EDGE('',*,*,#8769,.T.);
#8769 = EDGE_CURVE('',#8762,#8770,#8772,.T.);
#8770 = VERTEX_POINT('',#8771);
#8771 = CARTESIAN_POINT('',(0.375,1.725,2.E-02));
#8772 = LINE('',#8773,#8774);
#8773 = CARTESIAN_POINT('',(0.375,1.8575,2.E-02));
#8774 = VECTOR('',#8775,1.);
#8775 = DIRECTION('',(-4.555315873023E-16,-1.,0.));
#8776 = ORIENTED_EDGE('',*,*,#8777,.T.);
#8777 = EDGE_CURVE('',#8770,#8778,#8780,.T.);
#8778 = VERTEX_POINT('',#8779);
#8779 = CARTESIAN_POINT('',(0.125,1.725,2.E-02));
#8780 = CIRCLE('',#8781,0.125);
#8781 = AXIS2_PLACEMENT_3D('',#8782,#8783,#8784);
#8782 = CARTESIAN_POINT('',(0.25,1.725,2.E-02));
#8783 = DIRECTION('',(0.,0.,-1.));
#8784 = DIRECTION('',(-1.,4.555315873023E-16,0.));
#8785 = ORIENTED_EDGE('',*,*,#8786,.T.);
#8786 = EDGE_CURVE('',#8778,#8787,#8789,.T.);
#8787 = VERTEX_POINT('',#8788);
#8788 = CARTESIAN_POINT('',(0.125,1.99,2.E-02));
#8789 = LINE('',#8790,#8791);
#8790 = CARTESIAN_POINT('',(0.125,1.995,2.E-02));
#8791 = VECTOR('',#8792,1.);
#8792 = DIRECTION('',(4.555315873023E-16,1.,0.));
#8793 = ORIENTED_EDGE('',*,*,#8794,.F.);
#8794 = EDGE_CURVE('',#8795,#8787,#8797,.T.);
#8795 = VERTEX_POINT('',#8796);
#8796 = CARTESIAN_POINT('',(-0.125,1.99,2.E-02));
#8797 = LINE('',#8798,#8799);
#8798 = CARTESIAN_POINT('',(-1.99,1.99,2.E-02));
#8799 = VECTOR('',#8800,1.);
#8800 = DIRECTION('',(1.,-2.22044604925E-16,0.));
#8801 = ORIENTED_EDGE('',*,*,#8802,.T.);
#8802 = EDGE_CURVE('',#8795,#8803,#8805,.T.);
#8803 = VERTEX_POINT('',#8804);
#8804 = CARTESIAN_POINT('',(-0.125,1.725,2.E-02));
#8805 = LINE('',#8806,#8807);
#8806 = CARTESIAN_POINT('',(-0.125,1.8575,2.E-02));
#8807 = VECTOR('',#8808,1.);
#8808 = DIRECTION('',(-4.555315873023E-16,-1.,0.));
#8809 = ORIENTED_EDGE('',*,*,#8810,.T.);
#8810 = EDGE_CURVE('',#8803,#8811,#8813,.T.);
#8811 = VERTEX_POINT('',#8812);
#8812 = CARTESIAN_POINT('',(-0.375,1.725,2.E-02));
#8813 = CIRCLE('',#8814,0.125);
#8814 = AXIS2_PLACEMENT_3D('',#8815,#8816,#8817);
#8815 = CARTESIAN_POINT('',(-0.25,1.725,2.E-02));
#8816 = DIRECTION('',(0.,0.,-1.));
#8817 = DIRECTION('',(-1.,4.555315873023E-16,0.));
#8818 = ORIENTED_EDGE('',*,*,#8819,.T.);
#8819 = EDGE_CURVE('',#8811,#8820,#8822,.T.);
#8820 = VERTEX_POINT('',#8821);
#8821 = CARTESIAN_POINT('',(-0.375,1.99,2.E-02));
#8822 = LINE('',#8823,#8824);
#8823 = CARTESIAN_POINT('',(-0.375,1.995,2.E-02));
#8824 = VECTOR('',#8825,1.);
#8825 = DIRECTION('',(4.555315873023E-16,1.,0.));
#8826 = ORIENTED_EDGE('',*,*,#8827,.F.);
#8827 = EDGE_CURVE('',#8828,#8820,#8830,.T.);
#8828 = VERTEX_POINT('',#8829);
#8829 = CARTESIAN_POINT('',(-0.625,1.99,2.E-02));
#8830 = LINE('',#8831,#8832);
#8831 = CARTESIAN_POINT('',(-1.99,1.99,2.E-02));
#8832 = VECTOR('',#8833,1.);
#8833 = DIRECTION('',(1.,-2.22044604925E-16,0.));
#8834 = ORIENTED_EDGE('',*,*,#8835,.T.);
#8835 = EDGE_CURVE('',#8828,#8836,#8838,.T.);
#8836 = VERTEX_POINT('',#8837);
#8837 = CARTESIAN_POINT('',(-0.625,1.725,2.E-02));
#8838 = LINE('',#8839,#8840);
#8839 = CARTESIAN_POINT('',(-0.625,1.8575,2.E-02));
#8840 = VECTOR('',#8841,1.);
#8841 = DIRECTION('',(-4.555315873023E-16,-1.,0.));
#8842 = ORIENTED_EDGE('',*,*,#8843,.T.);
#8843 = EDGE_CURVE('',#8836,#8844,#8846,.T.);
#8844 = VERTEX_POINT('',#8845);
#8845 = CARTESIAN_POINT('',(-0.875,1.725,2.E-02));
#8846 = CIRCLE('',#8847,0.125);
#8847 = AXIS2_PLACEMENT_3D('',#8848,#8849,#8850);
#8848 = CARTESIAN_POINT('',(-0.75,1.725,2.E-02));
#8849 = DIRECTION('',(0.,0.,-1.));
#8850 = DIRECTION('',(-1.,4.555315873023E-16,0.));
#8851 = ORIENTED_EDGE('',*,*,#8852,.T.);
#8852 = EDGE_CURVE('',#8844,#8853,#8855,.T.);
#8853 = VERTEX_POINT('',#8854);
#8854 = CARTESIAN_POINT('',(-0.875,1.99,2.E-02));
#8855 = LINE('',#8856,#8857);
#8856 = CARTESIAN_POINT('',(-0.875,1.995,2.E-02));
#8857 = VECTOR('',#8858,1.);
#8858 = DIRECTION('',(4.555315873023E-16,1.,0.));
#8859 = ORIENTED_EDGE('',*,*,#8860,.F.);
#8860 = EDGE_CURVE('',#8861,#8853,#8863,.T.);
#8861 = VERTEX_POINT('',#8862);
#8862 = CARTESIAN_POINT('',(-1.125,1.99,2.E-02));
#8863 = LINE('',#8864,#8865);
#8864 = CARTESIAN_POINT('',(-1.99,1.99,2.E-02));
#8865 = VECTOR('',#8866,1.);
#8866 = DIRECTION('',(1.,-2.22044604925E-16,0.));
#8867 = ORIENTED_EDGE('',*,*,#8868,.T.);
#8868 = EDGE_CURVE('',#8861,#8869,#8871,.T.);
#8869 = VERTEX_POINT('',#8870);
#8870 = CARTESIAN_POINT('',(-1.125,1.725,2.E-02));
#8871 = LINE('',#8872,#8873);
#8872 = CARTESIAN_POINT('',(-1.125,1.8575,2.E-02));
#8873 = VECTOR('',#8874,1.);
#8874 = DIRECTION('',(-4.555315873023E-16,-1.,0.));
#8875 = ORIENTED_EDGE('',*,*,#8876,.T.);
#8876 = EDGE_CURVE('',#8869,#8877,#8879,.T.);
#8877 = VERTEX_POINT('',#8878);
#8878 = CARTESIAN_POINT('',(-1.375,1.725,2.E-02));
#8879 = CIRCLE('',#8880,0.125);
#8880 = AXIS2_PLACEMENT_3D('',#8881,#8882,#8883);
#8881 = CARTESIAN_POINT('',(-1.25,1.725,2.E-02));
#8882 = DIRECTION('',(0.,0.,-1.));
#8883 = DIRECTION('',(-1.,4.555315873023E-16,0.));
#8884 = ORIENTED_EDGE('',*,*,#8885,.T.);
#8885 = EDGE_CURVE('',#8877,#8094,#8886,.T.);
#8886 = LINE('',#8887,#8888);
#8887 = CARTESIAN_POINT('',(-1.375,1.995,2.E-02));
#8888 = VECTOR('',#8889,1.);
#8889 = DIRECTION('',(4.555315873023E-16,1.,0.));
#8890 = FACE_BOUND('',#8891,.F.);
#8891 = EDGE_LOOP('',(#8892,#8902,#8910,#8918,#8926));
#8892 = ORIENTED_EDGE('',*,*,#8893,.F.);
#8893 = EDGE_CURVE('',#8894,#8896,#8898,.T.);
#8894 = VERTEX_POINT('',#8895);
#8895 = CARTESIAN_POINT('',(-1.225,1.025,2.E-02));
#8896 = VERTEX_POINT('',#8897);
#8897 = CARTESIAN_POINT('',(-1.225,-1.225,2.E-02));
#8898 = LINE('',#8899,#8900);
#8899 = CARTESIAN_POINT('',(-1.225,1.025,2.E-02));
#8900 = VECTOR('',#8901,1.);
#8901 = DIRECTION('',(-2.22044604925E-16,-1.,0.));
#8902 = ORIENTED_EDGE('',*,*,#8903,.F.);
#8903 = EDGE_CURVE('',#8904,#8894,#8906,.T.);
#8904 = VERTEX_POINT('',#8905);
#8905 = CARTESIAN_POINT('',(-1.025,1.225,2.E-02));
#8906 = LINE('',#8907,#8908);
#8907 = CARTESIAN_POINT('',(-1.025,1.225,2.E-02));
#8908 = VECTOR('',#8909,1.);
#8909 = DIRECTION('',(-0.707106781187,-0.707106781187,0.));
#8910 = ORIENTED_EDGE('',*,*,#8911,.F.);
#8911 = EDGE_CURVE('',#8912,#8904,#8914,.T.);
#8912 = VERTEX_POINT('',#8913);
#8913 = CARTESIAN_POINT('',(1.225,1.225,2.E-02));
#8914 = LINE('',#8915,#8916);
#8915 = CARTESIAN_POINT('',(1.225,1.225,2.E-02));
#8916 = VECTOR('',#8917,1.);
#8917 = DIRECTION('',(-1.,2.22044604925E-16,0.));
#8918 = ORIENTED_EDGE('',*,*,#8919,.F.);
#8919 = EDGE_CURVE('',#8920,#8912,#8922,.T.);
#8920 = VERTEX_POINT('',#8921);
#8921 = CARTESIAN_POINT('',(1.225,-1.225,2.E-02));
#8922 = LINE('',#8923,#8924);
#8923 = CARTESIAN_POINT('',(1.225,-1.225,2.E-02));
#8924 = VECTOR('',#8925,1.);
#8925 = DIRECTION('',(2.22044604925E-16,1.,0.));
#8926 = ORIENTED_EDGE('',*,*,#8927,.F.);
#8927 = EDGE_CURVE('',#8896,#8920,#8928,.T.);
#8928 = LINE('',#8929,#8930);
#8929 = CARTESIAN_POINT('',(-1.225,-1.225,2.E-02));
#8930 = VECTOR('',#8931,1.);
#8931 = DIRECTION('',(1.,-3.126750559148E-16,0.));
#8932 = PLANE('',#8933);
#8933 = AXIS2_PLACEMENT_3D('',#8934,#8935,#8936);
#8934 = CARTESIAN_POINT('',(-1.99,1.99,2.E-02));
#8935 = DIRECTION('',(0.,0.,1.));
#8936 = DIRECTION('',(-2.22044604925E-16,-1.,0.));
#8937 = ADVANCED_FACE('',(#8938),#9087,.F.);
#8938 = FACE_BOUND('',#8939,.F.);
#8939 = EDGE_LOOP('',(#8940,#8941,#8949,#8957,#8963,#8964,#8972,#8980,
    #8986,#8987,#8995,#9003,#9009,#9010,#9018,#9026,#9032,#9033,#9041,
    #9049,#9055,#9056,#9057,#9063,#9064,#9065,#9073,#9081));
#8940 = ORIENTED_EDGE('',*,*,#8101,.F.);
#8941 = ORIENTED_EDGE('',*,*,#8942,.T.);
#8942 = EDGE_CURVE('',#8092,#8943,#8945,.T.);
#8943 = VERTEX_POINT('',#8944);
#8944 = CARTESIAN_POINT('',(-1.99,1.99,0.77));
#8945 = LINE('',#8946,#8947);
#8946 = CARTESIAN_POINT('',(-1.99,1.99,2.E-02));
#8947 = VECTOR('',#8948,1.);
#8948 = DIRECTION('',(0.,0.,1.));
#8949 = ORIENTED_EDGE('',*,*,#8950,.T.);
#8950 = EDGE_CURVE('',#8943,#8951,#8953,.T.);
#8951 = VERTEX_POINT('',#8952);
#8952 = CARTESIAN_POINT('',(-1.99,-1.99,0.77));
#8953 = LINE('',#8954,#8955);
#8954 = CARTESIAN_POINT('',(-1.99,1.99,0.77));
#8955 = VECTOR('',#8956,1.);
#8956 = DIRECTION('',(-2.22044604925E-16,-1.,0.));
#8957 = ORIENTED_EDGE('',*,*,#8958,.F.);
#8958 = EDGE_CURVE('',#8276,#8951,#8959,.T.);
#8959 = LINE('',#8960,#8961);
#8960 = CARTESIAN_POINT('',(-1.99,-1.99,2.E-02));
#8961 = VECTOR('',#8962,1.);
#8962 = DIRECTION('',(0.,0.,1.));
#8963 = ORIENTED_EDGE('',*,*,#8275,.F.);
#8964 = ORIENTED_EDGE('',*,*,#8965,.T.);
#8965 = EDGE_CURVE('',#8268,#8966,#8968,.T.);
#8966 = VERTEX_POINT('',#8967);
#8967 = CARTESIAN_POINT('',(-1.99,-1.375,0.2));
#8968 = LINE('',#8969,#8970);
#8969 = CARTESIAN_POINT('',(-1.99,-1.375,1.E-02));
#8970 = VECTOR('',#8971,1.);
#8971 = DIRECTION('',(0.,0.,1.));
#8972 = ORIENTED_EDGE('',*,*,#8973,.T.);
#8973 = EDGE_CURVE('',#8966,#8974,#8976,.T.);
#8974 = VERTEX_POINT('',#8975);
#8975 = CARTESIAN_POINT('',(-1.99,-1.125,0.2));
#8976 = LINE('',#8977,#8978);
#8977 = CARTESIAN_POINT('',(-1.99,0.3075,0.2));
#8978 = VECTOR('',#8979,1.);
#8979 = DIRECTION('',(2.22044604925E-16,1.,0.));
#8980 = ORIENTED_EDGE('',*,*,#8981,.T.);
#8981 = EDGE_CURVE('',#8974,#8243,#8982,.T.);
#8982 = LINE('',#8983,#8984);
#8983 = CARTESIAN_POINT('',(-1.99,-1.125,1.E-02));
#8984 = VECTOR('',#8985,1.);
#8985 = DIRECTION('',(0.,-0.,-1.));
#8986 = ORIENTED_EDGE('',*,*,#8242,.F.);
#8987 = ORIENTED_EDGE('',*,*,#8988,.T.);
#8988 = EDGE_CURVE('',#8235,#8989,#8991,.T.);
#8989 = VERTEX_POINT('',#8990);
#8990 = CARTESIAN_POINT('',(-1.99,-0.875,0.2));
#8991 = LINE('',#8992,#8993);
#8992 = CARTESIAN_POINT('',(-1.99,-0.875,1.E-02));
#8993 = VECTOR('',#8994,1.);
#8994 = DIRECTION('',(0.,0.,1.));
#8995 = ORIENTED_EDGE('',*,*,#8996,.T.);
#8996 = EDGE_CURVE('',#8989,#8997,#8999,.T.);
#8997 = VERTEX_POINT('',#8998);
#8998 = CARTESIAN_POINT('',(-1.99,-0.625,0.2));
#8999 = LINE('',#9000,#9001);
#9000 = CARTESIAN_POINT('',(-1.99,0.5575,0.2));
#9001 = VECTOR('',#9002,1.);
#9002 = DIRECTION('',(2.22044604925E-16,1.,0.));
#9003 = ORIENTED_EDGE('',*,*,#9004,.T.);
#9004 = EDGE_CURVE('',#8997,#8210,#9005,.T.);
#9005 = LINE('',#9006,#9007);
#9006 = CARTESIAN_POINT('',(-1.99,-0.625,1.E-02));
#9007 = VECTOR('',#9008,1.);
#9008 = DIRECTION('',(0.,-0.,-1.));
#9009 = ORIENTED_EDGE('',*,*,#8209,.F.);
#9010 = ORIENTED_EDGE('',*,*,#9011,.T.);
#9011 = EDGE_CURVE('',#8202,#9012,#9014,.T.);
#9012 = VERTEX_POINT('',#9013);
#9013 = CARTESIAN_POINT('',(-1.99,-0.375,0.2));
#9014 = LINE('',#9015,#9016);
#9015 = CARTESIAN_POINT('',(-1.99,-0.375,1.E-02));
#9016 = VECTOR('',#9017,1.);
#9017 = DIRECTION('',(0.,0.,1.));
#9018 = ORIENTED_EDGE('',*,*,#9019,.T.);
#9019 = EDGE_CURVE('',#9012,#9020,#9022,.T.);
#9020 = VERTEX_POINT('',#9021);
#9021 = CARTESIAN_POINT('',(-1.99,-0.125,0.2));
#9022 = LINE('',#9023,#9024);
#9023 = CARTESIAN_POINT('',(-1.99,0.8075,0.2));
#9024 = VECTOR('',#9025,1.);
#9025 = DIRECTION('',(2.22044604925E-16,1.,0.));
#9026 = ORIENTED_EDGE('',*,*,#9027,.T.);
#9027 = EDGE_CURVE('',#9020,#8177,#9028,.T.);
#9028 = LINE('',#9029,#9030);
#9029 = CARTESIAN_POINT('',(-1.99,-0.125,1.E-02));
#9030 = VECTOR('',#9031,1.);
#9031 = DIRECTION('',(0.,-0.,-1.));
#9032 = ORIENTED_EDGE('',*,*,#8176,.F.);
#9033 = ORIENTED_EDGE('',*,*,#9034,.T.);
#9034 = EDGE_CURVE('',#8169,#9035,#9037,.T.);
#9035 = VERTEX_POINT('',#9036);
#9036 = CARTESIAN_POINT('',(-1.99,0.125,0.2));
#9037 = LINE('',#9038,#9039);
#9038 = CARTESIAN_POINT('',(-1.99,0.125,1.E-02));
#9039 = VECTOR('',#9040,1.);
#9040 = DIRECTION('',(0.,0.,1.));
#9041 = ORIENTED_EDGE('',*,*,#9042,.T.);
#9042 = EDGE_CURVE('',#9035,#9043,#9045,.T.);
#9043 = VERTEX_POINT('',#9044);
#9044 = CARTESIAN_POINT('',(-1.99,0.375,0.2));
#9045 = LINE('',#9046,#9047);
#9046 = CARTESIAN_POINT('',(-1.99,1.0575,0.2));
#9047 = VECTOR('',#9048,1.);
#9048 = DIRECTION('',(2.22044604925E-16,1.,0.));
#9049 = ORIENTED_EDGE('',*,*,#9050,.T.);
#9050 = EDGE_CURVE('',#9043,#8144,#9051,.T.);
#9051 = LINE('',#9052,#9053);
#9052 = CARTESIAN_POINT('',(-1.99,0.375,1.E-02));
#9053 = VECTOR('',#9054,1.);
#9054 = DIRECTION('',(0.,-0.,-1.));
#9055 = ORIENTED_EDGE('',*,*,#8143,.F.);
#9056 = ORIENTED_EDGE('',*,*,#7979,.T.);
#9057 = ORIENTED_EDGE('',*,*,#9058,.T.);
#9058 = EDGE_CURVE('',#7972,#8045,#9059,.T.);
#9059 = LINE('',#9060,#9061);
#9060 = CARTESIAN_POINT('',(-1.99,1.3075,0.2));
#9061 = VECTOR('',#9062,1.);
#9062 = DIRECTION('',(2.22044604925E-16,1.,0.));
#9063 = ORIENTED_EDGE('',*,*,#8044,.T.);
#9064 = ORIENTED_EDGE('',*,*,#8134,.F.);
#9065 = ORIENTED_EDGE('',*,*,#9066,.T.);
#9066 = EDGE_CURVE('',#8127,#9067,#9069,.T.);
#9067 = VERTEX_POINT('',#9068);
#9068 = CARTESIAN_POINT('',(-1.99,1.125,0.2));
#9069 = LINE('',#9070,#9071);
#9070 = CARTESIAN_POINT('',(-1.99,1.125,1.E-02));
#9071 = VECTOR('',#9072,1.);
#9072 = DIRECTION('',(0.,0.,1.));
#9073 = ORIENTED_EDGE('',*,*,#9074,.T.);
#9074 = EDGE_CURVE('',#9067,#9075,#9077,.T.);
#9075 = VERTEX_POINT('',#9076);
#9076 = CARTESIAN_POINT('',(-1.99,1.375,0.2));
#9077 = LINE('',#9078,#9079);
#9078 = CARTESIAN_POINT('',(-1.99,1.5575,0.2));
#9079 = VECTOR('',#9080,1.);
#9080 = DIRECTION('',(2.22044604925E-16,1.,0.));
#9081 = ORIENTED_EDGE('',*,*,#9082,.T.);
#9082 = EDGE_CURVE('',#9075,#8102,#9083,.T.);
#9083 = LINE('',#9084,#9085);
#9084 = CARTESIAN_POINT('',(-1.99,1.375,1.E-02));
#9085 = VECTOR('',#9086,1.);
#9086 = DIRECTION('',(0.,-0.,-1.));
#9087 = PLANE('',#9088);
#9088 = AXIS2_PLACEMENT_3D('',#9089,#9090,#9091);
#9089 = CARTESIAN_POINT('',(-1.99,1.99,2.E-02));
#9090 = DIRECTION('',(1.,-2.22044604925E-16,0.));
#9091 = DIRECTION('',(0.,0.,1.));
#9092 = ADVANCED_FACE('',(#9093),#9099,.F.);
#9093 = FACE_BOUND('',#9094,.F.);
#9094 = EDGE_LOOP('',(#9095,#9096,#9097,#9098));
#9095 = ORIENTED_EDGE('',*,*,#7971,.F.);
#9096 = ORIENTED_EDGE('',*,*,#8075,.F.);
#9097 = ORIENTED_EDGE('',*,*,#8052,.F.);
#9098 = ORIENTED_EDGE('',*,*,#9058,.F.);
#9099 = PLANE('',#9100);
#9100 = AXIS2_PLACEMENT_3D('',#9101,#9102,#9103);
#9101 = CARTESIAN_POINT('',(-2.,0.625,0.2));
#9102 = DIRECTION('',(0.,-0.,-1.));
#9103 = DIRECTION('',(4.669739647545E-16,1.,0.));
#9104 = ADVANCED_FACE('',(#9105),#9261,.F.);
#9105 = FACE_BOUND('',#9106,.F.);
#9106 = EDGE_LOOP('',(#9107,#9115,#9116,#9117,#9125,#9133,#9139,#9140,
    #9148,#9156,#9162,#9163,#9171,#9179,#9185,#9186,#9194,#9202,#9208,
    #9209,#9217,#9225,#9231,#9232,#9240,#9248,#9254,#9255));
#9107 = ORIENTED_EDGE('',*,*,#9108,.F.);
#9108 = EDGE_CURVE('',#8943,#9109,#9111,.T.);
#9109 = VERTEX_POINT('',#9110);
#9110 = CARTESIAN_POINT('',(1.99,1.99,0.77));
#9111 = LINE('',#9112,#9113);
#9112 = CARTESIAN_POINT('',(-1.99,1.99,0.77));
#9113 = VECTOR('',#9114,1.);
#9114 = DIRECTION('',(1.,-2.22044604925E-16,0.));
#9115 = ORIENTED_EDGE('',*,*,#8942,.F.);
#9116 = ORIENTED_EDGE('',*,*,#8091,.T.);
#9117 = ORIENTED_EDGE('',*,*,#9118,.T.);
#9118 = EDGE_CURVE('',#8094,#9119,#9121,.T.);
#9119 = VERTEX_POINT('',#9120);
#9120 = CARTESIAN_POINT('',(-1.375,1.99,0.2));
#9121 = LINE('',#9122,#9123);
#9122 = CARTESIAN_POINT('',(-1.375,1.99,1.E-02));
#9123 = VECTOR('',#9124,1.);
#9124 = DIRECTION('',(0.,0.,1.));
#9125 = ORIENTED_EDGE('',*,*,#9126,.T.);
#9126 = EDGE_CURVE('',#9119,#9127,#9129,.T.);
#9127 = VERTEX_POINT('',#9128);
#9128 = CARTESIAN_POINT('',(-1.125,1.99,0.2));
#9129 = LINE('',#9130,#9131);
#9130 = CARTESIAN_POINT('',(-1.6825,1.99,0.2));
#9131 = VECTOR('',#9132,1.);
#9132 = DIRECTION('',(1.,-2.22044604925E-16,0.));
#9133 = ORIENTED_EDGE('',*,*,#9134,.T.);
#9134 = EDGE_CURVE('',#9127,#8861,#9135,.T.);
#9135 = LINE('',#9136,#9137);
#9136 = CARTESIAN_POINT('',(-1.125,1.99,1.E-02));
#9137 = VECTOR('',#9138,1.);
#9138 = DIRECTION('',(-0.,0.,-1.));
#9139 = ORIENTED_EDGE('',*,*,#8860,.T.);
#9140 = ORIENTED_EDGE('',*,*,#9141,.T.);
#9141 = EDGE_CURVE('',#8853,#9142,#9144,.T.);
#9142 = VERTEX_POINT('',#9143);
#9143 = CARTESIAN_POINT('',(-0.875,1.99,0.2));
#9144 = LINE('',#9145,#9146);
#9145 = CARTESIAN_POINT('',(-0.875,1.99,1.E-02));
#9146 = VECTOR('',#9147,1.);
#9147 = DIRECTION('',(0.,0.,1.));
#9148 = ORIENTED_EDGE('',*,*,#9149,.T.);
#9149 = EDGE_CURVE('',#9142,#9150,#9152,.T.);
#9150 = VERTEX_POINT('',#9151);
#9151 = CARTESIAN_POINT('',(-0.625,1.99,0.2));
#9152 = LINE('',#9153,#9154);
#9153 = CARTESIAN_POINT('',(-1.4325,1.99,0.2));
#9154 = VECTOR('',#9155,1.);
#9155 = DIRECTION('',(1.,-2.22044604925E-16,0.));
#9156 = ORIENTED_EDGE('',*,*,#9157,.T.);
#9157 = EDGE_CURVE('',#9150,#8828,#9158,.T.);
#9158 = LINE('',#9159,#9160);
#9159 = CARTESIAN_POINT('',(-0.625,1.99,1.E-02));
#9160 = VECTOR('',#9161,1.);
#9161 = DIRECTION('',(-0.,0.,-1.));
#9162 = ORIENTED_EDGE('',*,*,#8827,.T.);
#9163 = ORIENTED_EDGE('',*,*,#9164,.T.);
#9164 = EDGE_CURVE('',#8820,#9165,#9167,.T.);
#9165 = VERTEX_POINT('',#9166);
#9166 = CARTESIAN_POINT('',(-0.375,1.99,0.2));
#9167 = LINE('',#9168,#9169);
#9168 = CARTESIAN_POINT('',(-0.375,1.99,1.E-02));
#9169 = VECTOR('',#9170,1.);
#9170 = DIRECTION('',(0.,0.,1.));
#9171 = ORIENTED_EDGE('',*,*,#9172,.T.);
#9172 = EDGE_CURVE('',#9165,#9173,#9175,.T.);
#9173 = VERTEX_POINT('',#9174);
#9174 = CARTESIAN_POINT('',(-0.125,1.99,0.2));
#9175 = LINE('',#9176,#9177);
#9176 = CARTESIAN_POINT('',(-1.1825,1.99,0.2));
#9177 = VECTOR('',#9178,1.);
#9178 = DIRECTION('',(1.,-2.22044604925E-16,0.));
#9179 = ORIENTED_EDGE('',*,*,#9180,.T.);
#9180 = EDGE_CURVE('',#9173,#8795,#9181,.T.);
#9181 = LINE('',#9182,#9183);
#9182 = CARTESIAN_POINT('',(-0.125,1.99,1.E-02));
#9183 = VECTOR('',#9184,1.);
#9184 = DIRECTION('',(-0.,0.,-1.));
#9185 = ORIENTED_EDGE('',*,*,#8794,.T.);
#9186 = ORIENTED_EDGE('',*,*,#9187,.T.);
#9187 = EDGE_CURVE('',#8787,#9188,#9190,.T.);
#9188 = VERTEX_POINT('',#9189);
#9189 = CARTESIAN_POINT('',(0.125,1.99,0.2));
#9190 = LINE('',#9191,#9192);
#9191 = CARTESIAN_POINT('',(0.125,1.99,1.E-02));
#9192 = VECTOR('',#9193,1.);
#9193 = DIRECTION('',(0.,0.,1.));
#9194 = ORIENTED_EDGE('',*,*,#9195,.T.);
#9195 = EDGE_CURVE('',#9188,#9196,#9198,.T.);
#9196 = VERTEX_POINT('',#9197);
#9197 = CARTESIAN_POINT('',(0.375,1.99,0.2));
#9198 = LINE('',#9199,#9200);
#9199 = CARTESIAN_POINT('',(-0.9325,1.99,0.2));
#9200 = VECTOR('',#9201,1.);
#9201 = DIRECTION('',(1.,-2.22044604925E-16,0.));
#9202 = ORIENTED_EDGE('',*,*,#9203,.T.);
#9203 = EDGE_CURVE('',#9196,#8762,#9204,.T.);
#9204 = LINE('',#9205,#9206);
#9205 = CARTESIAN_POINT('',(0.375,1.99,1.E-02));
#9206 = VECTOR('',#9207,1.);
#9207 = DIRECTION('',(-0.,0.,-1.));
#9208 = ORIENTED_EDGE('',*,*,#8761,.T.);
#9209 = ORIENTED_EDGE('',*,*,#9210,.T.);
#9210 = EDGE_CURVE('',#8754,#9211,#9213,.T.);
#9211 = VERTEX_POINT('',#9212);
#9212 = CARTESIAN_POINT('',(0.625,1.99,0.2));
#9213 = LINE('',#9214,#9215);
#9214 = CARTESIAN_POINT('',(0.625,1.99,1.E-02));
#9215 = VECTOR('',#9216,1.);
#9216 = DIRECTION('',(0.,0.,1.));
#9217 = ORIENTED_EDGE('',*,*,#9218,.T.);
#9218 = EDGE_CURVE('',#9211,#9219,#9221,.T.);
#9219 = VERTEX_POINT('',#9220);
#9220 = CARTESIAN_POINT('',(0.875,1.99,0.2));
#9221 = LINE('',#9222,#9223);
#9222 = CARTESIAN_POINT('',(-0.6825,1.99,0.2));
#9223 = VECTOR('',#9224,1.);
#9224 = DIRECTION('',(1.,-2.22044604925E-16,0.));
#9225 = ORIENTED_EDGE('',*,*,#9226,.T.);
#9226 = EDGE_CURVE('',#9219,#8729,#9227,.T.);
#9227 = LINE('',#9228,#9229);
#9228 = CARTESIAN_POINT('',(0.875,1.99,1.E-02));
#9229 = VECTOR('',#9230,1.);
#9230 = DIRECTION('',(-0.,0.,-1.));
#9231 = ORIENTED_EDGE('',*,*,#8728,.T.);
#9232 = ORIENTED_EDGE('',*,*,#9233,.T.);
#9233 = EDGE_CURVE('',#8721,#9234,#9236,.T.);
#9234 = VERTEX_POINT('',#9235);
#9235 = CARTESIAN_POINT('',(1.125,1.99,0.2));
#9236 = LINE('',#9237,#9238);
#9237 = CARTESIAN_POINT('',(1.125,1.99,1.E-02));
#9238 = VECTOR('',#9239,1.);
#9239 = DIRECTION('',(0.,0.,1.));
#9240 = ORIENTED_EDGE('',*,*,#9241,.T.);
#9241 = EDGE_CURVE('',#9234,#9242,#9244,.T.);
#9242 = VERTEX_POINT('',#9243);
#9243 = CARTESIAN_POINT('',(1.375,1.99,0.2));
#9244 = LINE('',#9245,#9246);
#9245 = CARTESIAN_POINT('',(-0.4325,1.99,0.2));
#9246 = VECTOR('',#9247,1.);
#9247 = DIRECTION('',(1.,-2.22044604925E-16,0.));
#9248 = ORIENTED_EDGE('',*,*,#9249,.T.);
#9249 = EDGE_CURVE('',#9242,#8696,#9250,.T.);
#9250 = LINE('',#9251,#9252);
#9251 = CARTESIAN_POINT('',(1.375,1.99,1.E-02));
#9252 = VECTOR('',#9253,1.);
#9253 = DIRECTION('',(-0.,0.,-1.));
#9254 = ORIENTED_EDGE('',*,*,#8695,.T.);
#9255 = ORIENTED_EDGE('',*,*,#9256,.T.);
#9256 = EDGE_CURVE('',#8688,#9109,#9257,.T.);
#9257 = LINE('',#9258,#9259);
#9258 = CARTESIAN_POINT('',(1.99,1.99,2.E-02));
#9259 = VECTOR('',#9260,1.);
#9260 = DIRECTION('',(0.,0.,1.));
#9261 = PLANE('',#9262);
#9262 = AXIS2_PLACEMENT_3D('',#9263,#9264,#9265);
#9263 = CARTESIAN_POINT('',(-1.99,1.99,2.E-02));
#9264 = DIRECTION('',(-2.22044604925E-16,-1.,0.));
#9265 = DIRECTION('',(0.,0.,1.));
#9266 = ADVANCED_FACE('',(#9267),#9301,.F.);
#9267 = FACE_BOUND('',#9268,.F.);
#9268 = EDGE_LOOP('',(#9269,#9279,#9287,#9293,#9294,#9295));
#9269 = ORIENTED_EDGE('',*,*,#9270,.F.);
#9270 = EDGE_CURVE('',#9271,#9273,#9275,.T.);
#9271 = VERTEX_POINT('',#9272);
#9272 = CARTESIAN_POINT('',(-1.375,2.,0.));
#9273 = VERTEX_POINT('',#9274);
#9274 = CARTESIAN_POINT('',(-1.375,1.725,0.));
#9275 = LINE('',#9276,#9277);
#9276 = CARTESIAN_POINT('',(-1.375,2.,0.));
#9277 = VECTOR('',#9278,1.);
#9278 = DIRECTION('',(-4.555315873023E-16,-1.,0.));
#9279 = ORIENTED_EDGE('',*,*,#9280,.T.);
#9280 = EDGE_CURVE('',#9271,#9281,#9283,.T.);
#9281 = VERTEX_POINT('',#9282);
#9282 = CARTESIAN_POINT('',(-1.375,2.,0.2));
#9283 = LINE('',#9284,#9285);
#9284 = CARTESIAN_POINT('',(-1.375,2.,0.));
#9285 = VECTOR('',#9286,1.);
#9286 = DIRECTION('',(0.,0.,1.));
#9287 = ORIENTED_EDGE('',*,*,#9288,.T.);
#9288 = EDGE_CURVE('',#9281,#9119,#9289,.T.);
#9289 = LINE('',#9290,#9291);
#9290 = CARTESIAN_POINT('',(-1.375,2.,0.2));
#9291 = VECTOR('',#9292,1.);
#9292 = DIRECTION('',(-4.555315873023E-16,-1.,0.));
#9293 = ORIENTED_EDGE('',*,*,#9118,.F.);
#9294 = ORIENTED_EDGE('',*,*,#8885,.F.);
#9295 = ORIENTED_EDGE('',*,*,#9296,.F.);
#9296 = EDGE_CURVE('',#9273,#8877,#9297,.T.);
#9297 = LINE('',#9298,#9299);
#9298 = CARTESIAN_POINT('',(-1.375,1.725,0.));
#9299 = VECTOR('',#9300,1.);
#9300 = DIRECTION('',(0.,0.,1.));
#9301 = PLANE('',#9302);
#9302 = AXIS2_PLACEMENT_3D('',#9303,#9304,#9305);
#9303 = CARTESIAN_POINT('',(-1.375,2.,0.));
#9304 = DIRECTION('',(1.,-4.555315873023E-16,0.));
#9305 = DIRECTION('',(-4.555315873023E-16,-1.,0.));
#9306 = ADVANCED_FACE('',(#9307),#9341,.F.);
#9307 = FACE_BOUND('',#9308,.F.);
#9308 = EDGE_LOOP('',(#9309,#9319,#9325,#9326,#9327,#9335));
#9309 = ORIENTED_EDGE('',*,*,#9310,.F.);
#9310 = EDGE_CURVE('',#9311,#9313,#9315,.T.);
#9311 = VERTEX_POINT('',#9312);
#9312 = CARTESIAN_POINT('',(-1.725,1.375,0.));
#9313 = VERTEX_POINT('',#9314);
#9314 = CARTESIAN_POINT('',(-2.,1.375,0.));
#9315 = LINE('',#9316,#9317);
#9316 = CARTESIAN_POINT('',(-1.725,1.375,0.));
#9317 = VECTOR('',#9318,1.);
#9318 = DIRECTION('',(-1.,4.669739647545E-16,0.));
#9319 = ORIENTED_EDGE('',*,*,#9320,.T.);
#9320 = EDGE_CURVE('',#9311,#8110,#9321,.T.);
#9321 = LINE('',#9322,#9323);
#9322 = CARTESIAN_POINT('',(-1.725,1.375,0.));
#9323 = VECTOR('',#9324,1.);
#9324 = DIRECTION('',(0.,0.,1.));
#9325 = ORIENTED_EDGE('',*,*,#8109,.F.);
#9326 = ORIENTED_EDGE('',*,*,#9082,.F.);
#9327 = ORIENTED_EDGE('',*,*,#9328,.T.);
#9328 = EDGE_CURVE('',#9075,#9329,#9331,.T.);
#9329 = VERTEX_POINT('',#9330);
#9330 = CARTESIAN_POINT('',(-2.,1.375,0.2));
#9331 = LINE('',#9332,#9333);
#9332 = CARTESIAN_POINT('',(-1.725,1.375,0.2));
#9333 = VECTOR('',#9334,1.);
#9334 = DIRECTION('',(-1.,4.669739647545E-16,0.));
#9335 = ORIENTED_EDGE('',*,*,#9336,.F.);
#9336 = EDGE_CURVE('',#9313,#9329,#9337,.T.);
#9337 = LINE('',#9338,#9339);
#9338 = CARTESIAN_POINT('',(-2.,1.375,0.));
#9339 = VECTOR('',#9340,1.);
#9340 = DIRECTION('',(0.,0.,1.));
#9341 = PLANE('',#9342);
#9342 = AXIS2_PLACEMENT_3D('',#9343,#9344,#9345);
#9343 = CARTESIAN_POINT('',(-1.725,1.375,0.));
#9344 = DIRECTION('',(-4.669739647545E-16,-1.,0.));
#9345 = DIRECTION('',(-1.,4.669739647545E-16,0.));
#9346 = ADVANCED_FACE('',(#9347),#9366,.T.);
#9347 = FACE_BOUND('',#9348,.T.);
#9348 = EDGE_LOOP('',(#9349,#9357,#9358,#9359));
#9349 = ORIENTED_EDGE('',*,*,#9350,.T.);
#9350 = EDGE_CURVE('',#9351,#8869,#9353,.T.);
#9351 = VERTEX_POINT('',#9352);
#9352 = CARTESIAN_POINT('',(-1.125,1.725,0.));
#9353 = LINE('',#9354,#9355);
#9354 = CARTESIAN_POINT('',(-1.125,1.725,0.));
#9355 = VECTOR('',#9356,1.);
#9356 = DIRECTION('',(0.,0.,1.));
#9357 = ORIENTED_EDGE('',*,*,#8876,.T.);
#9358 = ORIENTED_EDGE('',*,*,#9296,.F.);
#9359 = ORIENTED_EDGE('',*,*,#9360,.T.);
#9360 = EDGE_CURVE('',#9273,#9351,#9361,.T.);
#9361 = CIRCLE('',#9362,0.125);
#9362 = AXIS2_PLACEMENT_3D('',#9363,#9364,#9365);
#9363 = CARTESIAN_POINT('',(-1.25,1.725,0.));
#9364 = DIRECTION('',(0.,0.,1.));
#9365 = DIRECTION('',(-1.,4.555315873023E-16,0.));
#9366 = CYLINDRICAL_SURFACE('',#9367,0.125);
#9367 = AXIS2_PLACEMENT_3D('',#9368,#9369,#9370);
#9368 = CARTESIAN_POINT('',(-1.25,1.725,0.));
#9369 = DIRECTION('',(0.,0.,-1.));
#9370 = DIRECTION('',(-1.,4.555315873023E-16,0.));
#9371 = ADVANCED_FACE('',(#9372),#9391,.T.);
#9372 = FACE_BOUND('',#9373,.T.);
#9373 = EDGE_LOOP('',(#9374,#9375,#9376,#9384));
#9374 = ORIENTED_EDGE('',*,*,#9320,.T.);
#9375 = ORIENTED_EDGE('',*,*,#8117,.T.);
#9376 = ORIENTED_EDGE('',*,*,#9377,.F.);
#9377 = EDGE_CURVE('',#9378,#8118,#9380,.T.);
#9378 = VERTEX_POINT('',#9379);
#9379 = CARTESIAN_POINT('',(-1.725,1.125,0.));
#9380 = LINE('',#9381,#9382);
#9381 = CARTESIAN_POINT('',(-1.725,1.125,0.));
#9382 = VECTOR('',#9383,1.);
#9383 = DIRECTION('',(0.,0.,1.));
#9384 = ORIENTED_EDGE('',*,*,#9385,.T.);
#9385 = EDGE_CURVE('',#9378,#9311,#9386,.T.);
#9386 = CIRCLE('',#9387,0.125);
#9387 = AXIS2_PLACEMENT_3D('',#9388,#9389,#9390);
#9388 = CARTESIAN_POINT('',(-1.725,1.25,0.));
#9389 = DIRECTION('',(0.,0.,1.));
#9390 = DIRECTION('',(-4.669739647545E-16,-1.,0.));
#9391 = CYLINDRICAL_SURFACE('',#9392,0.125);
#9392 = AXIS2_PLACEMENT_3D('',#9393,#9394,#9395);
#9393 = CARTESIAN_POINT('',(-1.725,1.25,0.));
#9394 = DIRECTION('',(0.,0.,-1.));
#9395 = DIRECTION('',(-4.669739647545E-16,-1.,-0.));
#9396 = ADVANCED_FACE('',(#9397),#9424,.F.);
#9397 = FACE_BOUND('',#9398,.F.);
#9398 = EDGE_LOOP('',(#9399,#9407,#9408,#9409,#9410,#9418));
#9399 = ORIENTED_EDGE('',*,*,#9400,.F.);
#9400 = EDGE_CURVE('',#9351,#9401,#9403,.T.);
#9401 = VERTEX_POINT('',#9402);
#9402 = CARTESIAN_POINT('',(-1.125,2.,0.));
#9403 = LINE('',#9404,#9405);
#9404 = CARTESIAN_POINT('',(-1.125,1.725,0.));
#9405 = VECTOR('',#9406,1.);
#9406 = DIRECTION('',(4.555315873023E-16,1.,0.));
#9407 = ORIENTED_EDGE('',*,*,#9350,.T.);
#9408 = ORIENTED_EDGE('',*,*,#8868,.F.);
#9409 = ORIENTED_EDGE('',*,*,#9134,.F.);
#9410 = ORIENTED_EDGE('',*,*,#9411,.T.);
#9411 = EDGE_CURVE('',#9127,#9412,#9414,.T.);
#9412 = VERTEX_POINT('',#9413);
#9413 = CARTESIAN_POINT('',(-1.125,2.,0.2));
#9414 = LINE('',#9415,#9416);
#9415 = CARTESIAN_POINT('',(-1.125,1.725,0.2));
#9416 = VECTOR('',#9417,1.);
#9417 = DIRECTION('',(4.555315873023E-16,1.,0.));
#9418 = ORIENTED_EDGE('',*,*,#9419,.F.);
#9419 = EDGE_CURVE('',#9401,#9412,#9420,.T.);
#9420 = LINE('',#9421,#9422);
#9421 = CARTESIAN_POINT('',(-1.125,2.,0.));
#9422 = VECTOR('',#9423,1.);
#9423 = DIRECTION('',(0.,0.,1.));
#9424 = PLANE('',#9425);
#9425 = AXIS2_PLACEMENT_3D('',#9426,#9427,#9428);
#9426 = CARTESIAN_POINT('',(-1.125,1.725,0.));
#9427 = DIRECTION('',(-1.,4.555315873023E-16,0.));
#9428 = DIRECTION('',(4.555315873023E-16,1.,0.));
#9429 = ADVANCED_FACE('',(#9430),#9457,.F.);
#9430 = FACE_BOUND('',#9431,.F.);
#9431 = EDGE_LOOP('',(#9432,#9440,#9448,#9454,#9455,#9456));
#9432 = ORIENTED_EDGE('',*,*,#9433,.F.);
#9433 = EDGE_CURVE('',#9434,#9378,#9436,.T.);
#9434 = VERTEX_POINT('',#9435);
#9435 = CARTESIAN_POINT('',(-2.,1.125,0.));
#9436 = LINE('',#9437,#9438);
#9437 = CARTESIAN_POINT('',(-2.,1.125,0.));
#9438 = VECTOR('',#9439,1.);
#9439 = DIRECTION('',(1.,-4.669739647545E-16,0.));
#9440 = ORIENTED_EDGE('',*,*,#9441,.T.);
#9441 = EDGE_CURVE('',#9434,#9442,#9444,.T.);
#9442 = VERTEX_POINT('',#9443);
#9443 = CARTESIAN_POINT('',(-2.,1.125,0.2));
#9444 = LINE('',#9445,#9446);
#9445 = CARTESIAN_POINT('',(-2.,1.125,0.));
#9446 = VECTOR('',#9447,1.);
#9447 = DIRECTION('',(0.,0.,1.));
#9448 = ORIENTED_EDGE('',*,*,#9449,.T.);
#9449 = EDGE_CURVE('',#9442,#9067,#9450,.T.);
#9450 = LINE('',#9451,#9452);
#9451 = CARTESIAN_POINT('',(-2.,1.125,0.2));
#9452 = VECTOR('',#9453,1.);
#9453 = DIRECTION('',(1.,-4.669739647545E-16,0.));
#9454 = ORIENTED_EDGE('',*,*,#9066,.F.);
#9455 = ORIENTED_EDGE('',*,*,#8126,.F.);
#9456 = ORIENTED_EDGE('',*,*,#9377,.F.);
#9457 = PLANE('',#9458);
#9458 = AXIS2_PLACEMENT_3D('',#9459,#9460,#9461);
#9459 = CARTESIAN_POINT('',(-2.,1.125,0.));
#9460 = DIRECTION('',(4.669739647545E-16,1.,0.));
#9461 = DIRECTION('',(1.,-4.669739647545E-16,0.));
#9462 = ADVANCED_FACE('',(#9463),#9497,.F.);
#9463 = FACE_BOUND('',#9464,.F.);
#9464 = EDGE_LOOP('',(#9465,#9475,#9483,#9489,#9490,#9491));
#9465 = ORIENTED_EDGE('',*,*,#9466,.F.);
#9466 = EDGE_CURVE('',#9467,#9469,#9471,.T.);
#9467 = VERTEX_POINT('',#9468);
#9468 = CARTESIAN_POINT('',(-0.875,2.,0.));
#9469 = VERTEX_POINT('',#9470);
#9470 = CARTESIAN_POINT('',(-0.875,1.725,0.));
#9471 = LINE('',#9472,#9473);
#9472 = CARTESIAN_POINT('',(-0.875,2.,0.));
#9473 = VECTOR('',#9474,1.);
#9474 = DIRECTION('',(-4.555315873023E-16,-1.,0.));
#9475 = ORIENTED_EDGE('',*,*,#9476,.T.);
#9476 = EDGE_CURVE('',#9467,#9477,#9479,.T.);
#9477 = VERTEX_POINT('',#9478);
#9478 = CARTESIAN_POINT('',(-0.875,2.,0.2));
#9479 = LINE('',#9480,#9481);
#9480 = CARTESIAN_POINT('',(-0.875,2.,0.));
#9481 = VECTOR('',#9482,1.);
#9482 = DIRECTION('',(0.,0.,1.));
#9483 = ORIENTED_EDGE('',*,*,#9484,.T.);
#9484 = EDGE_CURVE('',#9477,#9142,#9485,.T.);
#9485 = LINE('',#9486,#9487);
#9486 = CARTESIAN_POINT('',(-0.875,2.,0.2));
#9487 = VECTOR('',#9488,1.);
#9488 = DIRECTION('',(-4.555315873023E-16,-1.,0.));
#9489 = ORIENTED_EDGE('',*,*,#9141,.F.);
#9490 = ORIENTED_EDGE('',*,*,#8852,.F.);
#9491 = ORIENTED_EDGE('',*,*,#9492,.F.);
#9492 = EDGE_CURVE('',#9469,#8844,#9493,.T.);
#9493 = LINE('',#9494,#9495);
#9494 = CARTESIAN_POINT('',(-0.875,1.725,0.));
#9495 = VECTOR('',#9496,1.);
#9496 = DIRECTION('',(0.,0.,1.));
#9497 = PLANE('',#9498);
#9498 = AXIS2_PLACEMENT_3D('',#9499,#9500,#9501);
#9499 = CARTESIAN_POINT('',(-0.875,2.,0.));
#9500 = DIRECTION('',(1.,-4.555315873023E-16,0.));
#9501 = DIRECTION('',(-4.555315873023E-16,-1.,0.));
#9502 = ADVANCED_FACE('',(#9503),#9522,.T.);
#9503 = FACE_BOUND('',#9504,.T.);
#9504 = EDGE_LOOP('',(#9505,#9513,#9514,#9515));
#9505 = ORIENTED_EDGE('',*,*,#9506,.T.);
#9506 = EDGE_CURVE('',#9507,#8836,#9509,.T.);
#9507 = VERTEX_POINT('',#9508);
#9508 = CARTESIAN_POINT('',(-0.625,1.725,0.));
#9509 = LINE('',#9510,#9511);
#9510 = CARTESIAN_POINT('',(-0.625,1.725,0.));
#9511 = VECTOR('',#9512,1.);
#9512 = DIRECTION('',(0.,0.,1.));
#9513 = ORIENTED_EDGE('',*,*,#8843,.T.);
#9514 = ORIENTED_EDGE('',*,*,#9492,.F.);
#9515 = ORIENTED_EDGE('',*,*,#9516,.T.);
#9516 = EDGE_CURVE('',#9469,#9507,#9517,.T.);
#9517 = CIRCLE('',#9518,0.125);
#9518 = AXIS2_PLACEMENT_3D('',#9519,#9520,#9521);
#9519 = CARTESIAN_POINT('',(-0.75,1.725,0.));
#9520 = DIRECTION('',(0.,0.,1.));
#9521 = DIRECTION('',(-1.,4.555315873023E-16,0.));
#9522 = CYLINDRICAL_SURFACE('',#9523,0.125);
#9523 = AXIS2_PLACEMENT_3D('',#9524,#9525,#9526);
#9524 = CARTESIAN_POINT('',(-0.75,1.725,0.));
#9525 = DIRECTION('',(0.,0.,-1.));
#9526 = DIRECTION('',(-1.,4.555315873023E-16,0.));
#9527 = ADVANCED_FACE('',(#9528),#9555,.F.);
#9528 = FACE_BOUND('',#9529,.F.);
#9529 = EDGE_LOOP('',(#9530,#9538,#9539,#9540,#9541,#9549));
#9530 = ORIENTED_EDGE('',*,*,#9531,.F.);
#9531 = EDGE_CURVE('',#9507,#9532,#9534,.T.);
#9532 = VERTEX_POINT('',#9533);
#9533 = CARTESIAN_POINT('',(-0.625,2.,0.));
#9534 = LINE('',#9535,#9536);
#9535 = CARTESIAN_POINT('',(-0.625,1.725,0.));
#9536 = VECTOR('',#9537,1.);
#9537 = DIRECTION('',(4.555315873023E-16,1.,0.));
#9538 = ORIENTED_EDGE('',*,*,#9506,.T.);
#9539 = ORIENTED_EDGE('',*,*,#8835,.F.);
#9540 = ORIENTED_EDGE('',*,*,#9157,.F.);
#9541 = ORIENTED_EDGE('',*,*,#9542,.T.);
#9542 = EDGE_CURVE('',#9150,#9543,#9545,.T.);
#9543 = VERTEX_POINT('',#9544);
#9544 = CARTESIAN_POINT('',(-0.625,2.,0.2));
#9545 = LINE('',#9546,#9547);
#9546 = CARTESIAN_POINT('',(-0.625,1.725,0.2));
#9547 = VECTOR('',#9548,1.);
#9548 = DIRECTION('',(4.555315873023E-16,1.,0.));
#9549 = ORIENTED_EDGE('',*,*,#9550,.F.);
#9550 = EDGE_CURVE('',#9532,#9543,#9551,.T.);
#9551 = LINE('',#9552,#9553);
#9552 = CARTESIAN_POINT('',(-0.625,2.,0.));
#9553 = VECTOR('',#9554,1.);
#9554 = DIRECTION('',(0.,0.,1.));
#9555 = PLANE('',#9556);
#9556 = AXIS2_PLACEMENT_3D('',#9557,#9558,#9559);
#9557 = CARTESIAN_POINT('',(-0.625,1.725,0.));
#9558 = DIRECTION('',(-1.,4.555315873023E-16,0.));
#9559 = DIRECTION('',(4.555315873023E-16,1.,0.));
#9560 = ADVANCED_FACE('',(#9561),#9595,.F.);
#9561 = FACE_BOUND('',#9562,.F.);
#9562 = EDGE_LOOP('',(#9563,#9573,#9581,#9587,#9588,#9589));
#9563 = ORIENTED_EDGE('',*,*,#9564,.F.);
#9564 = EDGE_CURVE('',#9565,#9567,#9569,.T.);
#9565 = VERTEX_POINT('',#9566);
#9566 = CARTESIAN_POINT('',(-0.375,2.,0.));
#9567 = VERTEX_POINT('',#9568);
#9568 = CARTESIAN_POINT('',(-0.375,1.725,0.));
#9569 = LINE('',#9570,#9571);
#9570 = CARTESIAN_POINT('',(-0.375,2.,0.));
#9571 = VECTOR('',#9572,1.);
#9572 = DIRECTION('',(-4.555315873023E-16,-1.,0.));
#9573 = ORIENTED_EDGE('',*,*,#9574,.T.);
#9574 = EDGE_CURVE('',#9565,#9575,#9577,.T.);
#9575 = VERTEX_POINT('',#9576);
#9576 = CARTESIAN_POINT('',(-0.375,2.,0.2));
#9577 = LINE('',#9578,#9579);
#9578 = CARTESIAN_POINT('',(-0.375,2.,0.));
#9579 = VECTOR('',#9580,1.);
#9580 = DIRECTION('',(0.,0.,1.));
#9581 = ORIENTED_EDGE('',*,*,#9582,.T.);
#9582 = EDGE_CURVE('',#9575,#9165,#9583,.T.);
#9583 = LINE('',#9584,#9585);
#9584 = CARTESIAN_POINT('',(-0.375,2.,0.2));
#9585 = VECTOR('',#9586,1.);
#9586 = DIRECTION('',(-4.555315873023E-16,-1.,0.));
#9587 = ORIENTED_EDGE('',*,*,#9164,.F.);
#9588 = ORIENTED_EDGE('',*,*,#8819,.F.);
#9589 = ORIENTED_EDGE('',*,*,#9590,.F.);
#9590 = EDGE_CURVE('',#9567,#8811,#9591,.T.);
#9591 = LINE('',#9592,#9593);
#9592 = CARTESIAN_POINT('',(-0.375,1.725,0.));
#9593 = VECTOR('',#9594,1.);
#9594 = DIRECTION('',(0.,0.,1.));
#9595 = PLANE('',#9596);
#9596 = AXIS2_PLACEMENT_3D('',#9597,#9598,#9599);
#9597 = CARTESIAN_POINT('',(-0.375,2.,0.));
#9598 = DIRECTION('',(1.,-4.555315873023E-16,0.));
#9599 = DIRECTION('',(-4.555315873023E-16,-1.,0.));
#9600 = ADVANCED_FACE('',(#9601),#9635,.F.);
#9601 = FACE_BOUND('',#9602,.F.);
#9602 = EDGE_LOOP('',(#9603,#9613,#9619,#9620,#9621,#9629));
#9603 = ORIENTED_EDGE('',*,*,#9604,.F.);
#9604 = EDGE_CURVE('',#9605,#9607,#9609,.T.);
#9605 = VERTEX_POINT('',#9606);
#9606 = CARTESIAN_POINT('',(-1.725,0.375,0.));
#9607 = VERTEX_POINT('',#9608);
#9608 = CARTESIAN_POINT('',(-2.,0.375,0.));
#9609 = LINE('',#9610,#9611);
#9610 = CARTESIAN_POINT('',(-1.725,0.375,0.));
#9611 = VECTOR('',#9612,1.);
#9612 = DIRECTION('',(-1.,4.669739647545E-16,0.));
#9613 = ORIENTED_EDGE('',*,*,#9614,.T.);
#9614 = EDGE_CURVE('',#9605,#8152,#9615,.T.);
#9615 = LINE('',#9616,#9617);
#9616 = CARTESIAN_POINT('',(-1.725,0.375,0.));
#9617 = VECTOR('',#9618,1.);
#9618 = DIRECTION('',(0.,0.,1.));
#9619 = ORIENTED_EDGE('',*,*,#8151,.F.);
#9620 = ORIENTED_EDGE('',*,*,#9050,.F.);
#9621 = ORIENTED_EDGE('',*,*,#9622,.T.);
#9622 = EDGE_CURVE('',#9043,#9623,#9625,.T.);
#9623 = VERTEX_POINT('',#9624);
#9624 = CARTESIAN_POINT('',(-2.,0.375,0.2));
#9625 = LINE('',#9626,#9627);
#9626 = CARTESIAN_POINT('',(-1.725,0.375,0.2));
#9627 = VECTOR('',#9628,1.);
#9628 = DIRECTION('',(-1.,4.669739647545E-16,0.));
#9629 = ORIENTED_EDGE('',*,*,#9630,.F.);
#9630 = EDGE_CURVE('',#9607,#9623,#9631,.T.);
#9631 = LINE('',#9632,#9633);
#9632 = CARTESIAN_POINT('',(-2.,0.375,0.));
#9633 = VECTOR('',#9634,1.);
#9634 = DIRECTION('',(0.,0.,1.));
#9635 = PLANE('',#9636);
#9636 = AXIS2_PLACEMENT_3D('',#9637,#9638,#9639);
#9637 = CARTESIAN_POINT('',(-1.725,0.375,0.));
#9638 = DIRECTION('',(-4.669739647545E-16,-1.,0.));
#9639 = DIRECTION('',(-1.,4.669739647545E-16,0.));
#9640 = ADVANCED_FACE('',(#9641),#9660,.T.);
#9641 = FACE_BOUND('',#9642,.T.);
#9642 = EDGE_LOOP('',(#9643,#9651,#9652,#9653));
#9643 = ORIENTED_EDGE('',*,*,#9644,.T.);
#9644 = EDGE_CURVE('',#9645,#8803,#9647,.T.);
#9645 = VERTEX_POINT('',#9646);
#9646 = CARTESIAN_POINT('',(-0.125,1.725,0.));
#9647 = LINE('',#9648,#9649);
#9648 = CARTESIAN_POINT('',(-0.125,1.725,0.));
#9649 = VECTOR('',#9650,1.);
#9650 = DIRECTION('',(0.,0.,1.));
#9651 = ORIENTED_EDGE('',*,*,#8810,.T.);
#9652 = ORIENTED_EDGE('',*,*,#9590,.F.);
#9653 = ORIENTED_EDGE('',*,*,#9654,.T.);
#9654 = EDGE_CURVE('',#9567,#9645,#9655,.T.);
#9655 = CIRCLE('',#9656,0.125);
#9656 = AXIS2_PLACEMENT_3D('',#9657,#9658,#9659);
#9657 = CARTESIAN_POINT('',(-0.25,1.725,0.));
#9658 = DIRECTION('',(0.,0.,1.));
#9659 = DIRECTION('',(-1.,4.555315873023E-16,0.));
#9660 = CYLINDRICAL_SURFACE('',#9661,0.125);
#9661 = AXIS2_PLACEMENT_3D('',#9662,#9663,#9664);
#9662 = CARTESIAN_POINT('',(-0.25,1.725,0.));
#9663 = DIRECTION('',(0.,0.,-1.));
#9664 = DIRECTION('',(-1.,4.555315873023E-16,0.));
#9665 = ADVANCED_FACE('',(#9666),#9685,.T.);
#9666 = FACE_BOUND('',#9667,.T.);
#9667 = EDGE_LOOP('',(#9668,#9669,#9670,#9678));
#9668 = ORIENTED_EDGE('',*,*,#9614,.T.);
#9669 = ORIENTED_EDGE('',*,*,#8159,.T.);
#9670 = ORIENTED_EDGE('',*,*,#9671,.F.);
#9671 = EDGE_CURVE('',#9672,#8160,#9674,.T.);
#9672 = VERTEX_POINT('',#9673);
#9673 = CARTESIAN_POINT('',(-1.725,0.125,0.));
#9674 = LINE('',#9675,#9676);
#9675 = CARTESIAN_POINT('',(-1.725,0.125,0.));
#9676 = VECTOR('',#9677,1.);
#9677 = DIRECTION('',(0.,0.,1.));
#9678 = ORIENTED_EDGE('',*,*,#9679,.T.);
#9679 = EDGE_CURVE('',#9672,#9605,#9680,.T.);
#9680 = CIRCLE('',#9681,0.125);
#9681 = AXIS2_PLACEMENT_3D('',#9682,#9683,#9684);
#9682 = CARTESIAN_POINT('',(-1.725,0.25,0.));
#9683 = DIRECTION('',(0.,0.,1.));
#9684 = DIRECTION('',(-4.669739647545E-16,-1.,0.));
#9685 = CYLINDRICAL_SURFACE('',#9686,0.125);
#9686 = AXIS2_PLACEMENT_3D('',#9687,#9688,#9689);
#9687 = CARTESIAN_POINT('',(-1.725,0.25,0.));
#9688 = DIRECTION('',(0.,0.,-1.));
#9689 = DIRECTION('',(-4.669739647545E-16,-1.,-0.));
#9690 = ADVANCED_FACE('',(#9691),#9718,.F.);
#9691 = FACE_BOUND('',#9692,.F.);
#9692 = EDGE_LOOP('',(#9693,#9701,#9702,#9703,#9704,#9712));
#9693 = ORIENTED_EDGE('',*,*,#9694,.F.);
#9694 = EDGE_CURVE('',#9645,#9695,#9697,.T.);
#9695 = VERTEX_POINT('',#9696);
#9696 = CARTESIAN_POINT('',(-0.125,2.,0.));
#9697 = LINE('',#9698,#9699);
#9698 = CARTESIAN_POINT('',(-0.125,1.725,0.));
#9699 = VECTOR('',#9700,1.);
#9700 = DIRECTION('',(4.555315873023E-16,1.,0.));
#9701 = ORIENTED_EDGE('',*,*,#9644,.T.);
#9702 = ORIENTED_EDGE('',*,*,#8802,.F.);
#9703 = ORIENTED_EDGE('',*,*,#9180,.F.);
#9704 = ORIENTED_EDGE('',*,*,#9705,.T.);
#9705 = EDGE_CURVE('',#9173,#9706,#9708,.T.);
#9706 = VERTEX_POINT('',#9707);
#9707 = CARTESIAN_POINT('',(-0.125,2.,0.2));
#9708 = LINE('',#9709,#9710);
#9709 = CARTESIAN_POINT('',(-0.125,1.725,0.2));
#9710 = VECTOR('',#9711,1.);
#9711 = DIRECTION('',(4.555315873023E-16,1.,0.));
#9712 = ORIENTED_EDGE('',*,*,#9713,.F.);
#9713 = EDGE_CURVE('',#9695,#9706,#9714,.T.);
#9714 = LINE('',#9715,#9716);
#9715 = CARTESIAN_POINT('',(-0.125,2.,0.));
#9716 = VECTOR('',#9717,1.);
#9717 = DIRECTION('',(0.,0.,1.));
#9718 = PLANE('',#9719);
#9719 = AXIS2_PLACEMENT_3D('',#9720,#9721,#9722);
#9720 = CARTESIAN_POINT('',(-0.125,1.725,0.));
#9721 = DIRECTION('',(-1.,4.555315873023E-16,0.));
#9722 = DIRECTION('',(4.555315873023E-16,1.,0.));
#9723 = ADVANCED_FACE('',(#9724),#9751,.F.);
#9724 = FACE_BOUND('',#9725,.F.);
#9725 = EDGE_LOOP('',(#9726,#9734,#9742,#9748,#9749,#9750));
#9726 = ORIENTED_EDGE('',*,*,#9727,.F.);
#9727 = EDGE_CURVE('',#9728,#9672,#9730,.T.);
#9728 = VERTEX_POINT('',#9729);
#9729 = CARTESIAN_POINT('',(-2.,0.125,0.));
#9730 = LINE('',#9731,#9732);
#9731 = CARTESIAN_POINT('',(-2.,0.125,0.));
#9732 = VECTOR('',#9733,1.);
#9733 = DIRECTION('',(1.,-4.669739647545E-16,0.));
#9734 = ORIENTED_EDGE('',*,*,#9735,.T.);
#9735 = EDGE_CURVE('',#9728,#9736,#9738,.T.);
#9736 = VERTEX_POINT('',#9737);
#9737 = CARTESIAN_POINT('',(-2.,0.125,0.2));
#9738 = LINE('',#9739,#9740);
#9739 = CARTESIAN_POINT('',(-2.,0.125,0.));
#9740 = VECTOR('',#9741,1.);
#9741 = DIRECTION('',(0.,0.,1.));
#9742 = ORIENTED_EDGE('',*,*,#9743,.T.);
#9743 = EDGE_CURVE('',#9736,#9035,#9744,.T.);
#9744 = LINE('',#9745,#9746);
#9745 = CARTESIAN_POINT('',(-2.,0.125,0.2));
#9746 = VECTOR('',#9747,1.);
#9747 = DIRECTION('',(1.,-4.669739647545E-16,0.));
#9748 = ORIENTED_EDGE('',*,*,#9034,.F.);
#9749 = ORIENTED_EDGE('',*,*,#8168,.F.);
#9750 = ORIENTED_EDGE('',*,*,#9671,.F.);
#9751 = PLANE('',#9752);
#9752 = AXIS2_PLACEMENT_3D('',#9753,#9754,#9755);
#9753 = CARTESIAN_POINT('',(-2.,0.125,0.));
#9754 = DIRECTION('',(4.669739647545E-16,1.,0.));
#9755 = DIRECTION('',(1.,-4.669739647545E-16,0.));
#9756 = ADVANCED_FACE('',(#9757),#9791,.F.);
#9757 = FACE_BOUND('',#9758,.F.);
#9758 = EDGE_LOOP('',(#9759,#9769,#9777,#9783,#9784,#9785));
#9759 = ORIENTED_EDGE('',*,*,#9760,.F.);
#9760 = EDGE_CURVE('',#9761,#9763,#9765,.T.);
#9761 = VERTEX_POINT('',#9762);
#9762 = CARTESIAN_POINT('',(0.125,2.,0.));
#9763 = VERTEX_POINT('',#9764);
#9764 = CARTESIAN_POINT('',(0.125,1.725,0.));
#9765 = LINE('',#9766,#9767);
#9766 = CARTESIAN_POINT('',(0.125,2.,0.));
#9767 = VECTOR('',#9768,1.);
#9768 = DIRECTION('',(-4.555315873023E-16,-1.,0.));
#9769 = ORIENTED_EDGE('',*,*,#9770,.T.);
#9770 = EDGE_CURVE('',#9761,#9771,#9773,.T.);
#9771 = VERTEX_POINT('',#9772);
#9772 = CARTESIAN_POINT('',(0.125,2.,0.2));
#9773 = LINE('',#9774,#9775);
#9774 = CARTESIAN_POINT('',(0.125,2.,0.));
#9775 = VECTOR('',#9776,1.);
#9776 = DIRECTION('',(0.,0.,1.));
#9777 = ORIENTED_EDGE('',*,*,#9778,.T.);
#9778 = EDGE_CURVE('',#9771,#9188,#9779,.T.);
#9779 = LINE('',#9780,#9781);
#9780 = CARTESIAN_POINT('',(0.125,2.,0.2));
#9781 = VECTOR('',#9782,1.);
#9782 = DIRECTION('',(-4.555315873023E-16,-1.,0.));
#9783 = ORIENTED_EDGE('',*,*,#9187,.F.);
#9784 = ORIENTED_EDGE('',*,*,#8786,.F.);
#9785 = ORIENTED_EDGE('',*,*,#9786,.F.);
#9786 = EDGE_CURVE('',#9763,#8778,#9787,.T.);
#9787 = LINE('',#9788,#9789);
#9788 = CARTESIAN_POINT('',(0.125,1.725,0.));
#9789 = VECTOR('',#9790,1.);
#9790 = DIRECTION('',(0.,0.,1.));
#9791 = PLANE('',#9792);
#9792 = AXIS2_PLACEMENT_3D('',#9793,#9794,#9795);
#9793 = CARTESIAN_POINT('',(0.125,2.,0.));
#9794 = DIRECTION('',(1.,-4.555315873023E-16,0.));
#9795 = DIRECTION('',(-4.555315873023E-16,-1.,0.));
#9796 = ADVANCED_FACE('',(#9797),#9831,.F.);
#9797 = FACE_BOUND('',#9798,.F.);
#9798 = EDGE_LOOP('',(#9799,#9809,#9815,#9816,#9817,#9825));
#9799 = ORIENTED_EDGE('',*,*,#9800,.F.);
#9800 = EDGE_CURVE('',#9801,#9803,#9805,.T.);
#9801 = VERTEX_POINT('',#9802);
#9802 = CARTESIAN_POINT('',(-1.725,-0.125,0.));
#9803 = VERTEX_POINT('',#9804);
#9804 = CARTESIAN_POINT('',(-2.,-0.125,0.));
#9805 = LINE('',#9806,#9807);
#9806 = CARTESIAN_POINT('',(-1.725,-0.125,0.));
#9807 = VECTOR('',#9808,1.);
#9808 = DIRECTION('',(-1.,4.669739647545E-16,0.));
#9809 = ORIENTED_EDGE('',*,*,#9810,.T.);
#9810 = EDGE_CURVE('',#9801,#8185,#9811,.T.);
#9811 = LINE('',#9812,#9813);
#9812 = CARTESIAN_POINT('',(-1.725,-0.125,0.));
#9813 = VECTOR('',#9814,1.);
#9814 = DIRECTION('',(0.,0.,1.));
#9815 = ORIENTED_EDGE('',*,*,#8184,.F.);
#9816 = ORIENTED_EDGE('',*,*,#9027,.F.);
#9817 = ORIENTED_EDGE('',*,*,#9818,.T.);
#9818 = EDGE_CURVE('',#9020,#9819,#9821,.T.);
#9819 = VERTEX_POINT('',#9820);
#9820 = CARTESIAN_POINT('',(-2.,-0.125,0.2));
#9821 = LINE('',#9822,#9823);
#9822 = CARTESIAN_POINT('',(-1.725,-0.125,0.2));
#9823 = VECTOR('',#9824,1.);
#9824 = DIRECTION('',(-1.,4.669739647545E-16,0.));
#9825 = ORIENTED_EDGE('',*,*,#9826,.F.);
#9826 = EDGE_CURVE('',#9803,#9819,#9827,.T.);
#9827 = LINE('',#9828,#9829);
#9828 = CARTESIAN_POINT('',(-2.,-0.125,0.));
#9829 = VECTOR('',#9830,1.);
#9830 = DIRECTION('',(0.,0.,1.));
#9831 = PLANE('',#9832);
#9832 = AXIS2_PLACEMENT_3D('',#9833,#9834,#9835);
#9833 = CARTESIAN_POINT('',(-1.725,-0.125,0.));
#9834 = DIRECTION('',(-4.669739647545E-16,-1.,0.));
#9835 = DIRECTION('',(-1.,4.669739647545E-16,0.));
#9836 = ADVANCED_FACE('',(#9837),#9856,.T.);
#9837 = FACE_BOUND('',#9838,.T.);
#9838 = EDGE_LOOP('',(#9839,#9847,#9848,#9849));
#9839 = ORIENTED_EDGE('',*,*,#9840,.T.);
#9840 = EDGE_CURVE('',#9841,#8770,#9843,.T.);
#9841 = VERTEX_POINT('',#9842);
#9842 = CARTESIAN_POINT('',(0.375,1.725,0.));
#9843 = LINE('',#9844,#9845);
#9844 = CARTESIAN_POINT('',(0.375,1.725,0.));
#9845 = VECTOR('',#9846,1.);
#9846 = DIRECTION('',(0.,0.,1.));
#9847 = ORIENTED_EDGE('',*,*,#8777,.T.);
#9848 = ORIENTED_EDGE('',*,*,#9786,.F.);
#9849 = ORIENTED_EDGE('',*,*,#9850,.T.);
#9850 = EDGE_CURVE('',#9763,#9841,#9851,.T.);
#9851 = CIRCLE('',#9852,0.125);
#9852 = AXIS2_PLACEMENT_3D('',#9853,#9854,#9855);
#9853 = CARTESIAN_POINT('',(0.25,1.725,0.));
#9854 = DIRECTION('',(0.,0.,1.));
#9855 = DIRECTION('',(-1.,4.555315873023E-16,0.));
#9856 = CYLINDRICAL_SURFACE('',#9857,0.125);
#9857 = AXIS2_PLACEMENT_3D('',#9858,#9859,#9860);
#9858 = CARTESIAN_POINT('',(0.25,1.725,0.));
#9859 = DIRECTION('',(0.,0.,-1.));
#9860 = DIRECTION('',(-1.,4.555315873023E-16,0.));
#9861 = ADVANCED_FACE('',(#9862),#9881,.T.);
#9862 = FACE_BOUND('',#9863,.T.);
#9863 = EDGE_LOOP('',(#9864,#9865,#9866,#9874));
#9864 = ORIENTED_EDGE('',*,*,#9810,.T.);
#9865 = ORIENTED_EDGE('',*,*,#8192,.T.);
#9866 = ORIENTED_EDGE('',*,*,#9867,.F.);
#9867 = EDGE_CURVE('',#9868,#8193,#9870,.T.);
#9868 = VERTEX_POINT('',#9869);
#9869 = CARTESIAN_POINT('',(-1.725,-0.375,0.));
#9870 = LINE('',#9871,#9872);
#9871 = CARTESIAN_POINT('',(-1.725,-0.375,0.));
#9872 = VECTOR('',#9873,1.);
#9873 = DIRECTION('',(0.,0.,1.));
#9874 = ORIENTED_EDGE('',*,*,#9875,.T.);
#9875 = EDGE_CURVE('',#9868,#9801,#9876,.T.);
#9876 = CIRCLE('',#9877,0.125);
#9877 = AXIS2_PLACEMENT_3D('',#9878,#9879,#9880);
#9878 = CARTESIAN_POINT('',(-1.725,-0.25,0.));
#9879 = DIRECTION('',(0.,0.,1.));
#9880 = DIRECTION('',(-4.669739647545E-16,-1.,0.));
#9881 = CYLINDRICAL_SURFACE('',#9882,0.125);
#9882 = AXIS2_PLACEMENT_3D('',#9883,#9884,#9885);
#9883 = CARTESIAN_POINT('',(-1.725,-0.25,0.));
#9884 = DIRECTION('',(0.,0.,-1.));
#9885 = DIRECTION('',(-4.669739647545E-16,-1.,-0.));
#9886 = ADVANCED_FACE('',(#9887),#9914,.F.);
#9887 = FACE_BOUND('',#9888,.F.);
#9888 = EDGE_LOOP('',(#9889,#9897,#9898,#9899,#9900,#9908));
#9889 = ORIENTED_EDGE('',*,*,#9890,.F.);
#9890 = EDGE_CURVE('',#9841,#9891,#9893,.T.);
#9891 = VERTEX_POINT('',#9892);
#9892 = CARTESIAN_POINT('',(0.375,2.,0.));
#9893 = LINE('',#9894,#9895);
#9894 = CARTESIAN_POINT('',(0.375,1.725,0.));
#9895 = VECTOR('',#9896,1.);
#9896 = DIRECTION('',(4.555315873023E-16,1.,0.));
#9897 = ORIENTED_EDGE('',*,*,#9840,.T.);
#9898 = ORIENTED_EDGE('',*,*,#8769,.F.);
#9899 = ORIENTED_EDGE('',*,*,#9203,.F.);
#9900 = ORIENTED_EDGE('',*,*,#9901,.T.);
#9901 = EDGE_CURVE('',#9196,#9902,#9904,.T.);
#9902 = VERTEX_POINT('',#9903);
#9903 = CARTESIAN_POINT('',(0.375,2.,0.2));
#9904 = LINE('',#9905,#9906);
#9905 = CARTESIAN_POINT('',(0.375,1.725,0.2));
#9906 = VECTOR('',#9907,1.);
#9907 = DIRECTION('',(4.555315873023E-16,1.,0.));
#9908 = ORIENTED_EDGE('',*,*,#9909,.F.);
#9909 = EDGE_CURVE('',#9891,#9902,#9910,.T.);
#9910 = LINE('',#9911,#9912);
#9911 = CARTESIAN_POINT('',(0.375,2.,0.));
#9912 = VECTOR('',#9913,1.);
#9913 = DIRECTION('',(0.,0.,1.));
#9914 = PLANE('',#9915);
#9915 = AXIS2_PLACEMENT_3D('',#9916,#9917,#9918);
#9916 = CARTESIAN_POINT('',(0.375,1.725,0.));
#9917 = DIRECTION('',(-1.,4.555315873023E-16,0.));
#9918 = DIRECTION('',(4.555315873023E-16,1.,0.));
#9919 = ADVANCED_FACE('',(#9920),#9947,.F.);
#9920 = FACE_BOUND('',#9921,.F.);
#9921 = EDGE_LOOP('',(#9922,#9930,#9938,#9944,#9945,#9946));
#9922 = ORIENTED_EDGE('',*,*,#9923,.F.);
#9923 = EDGE_CURVE('',#9924,#9868,#9926,.T.);
#9924 = VERTEX_POINT('',#9925);
#9925 = CARTESIAN_POINT('',(-2.,-0.375,0.));
#9926 = LINE('',#9927,#9928);
#9927 = CARTESIAN_POINT('',(-2.,-0.375,0.));
#9928 = VECTOR('',#9929,1.);
#9929 = DIRECTION('',(1.,-4.669739647545E-16,0.));
#9930 = ORIENTED_EDGE('',*,*,#9931,.T.);
#9931 = EDGE_CURVE('',#9924,#9932,#9934,.T.);
#9932 = VERTEX_POINT('',#9933);
#9933 = CARTESIAN_POINT('',(-2.,-0.375,0.2));
#9934 = LINE('',#9935,#9936);
#9935 = CARTESIAN_POINT('',(-2.,-0.375,0.));
#9936 = VECTOR('',#9937,1.);
#9937 = DIRECTION('',(0.,0.,1.));
#9938 = ORIENTED_EDGE('',*,*,#9939,.T.);
#9939 = EDGE_CURVE('',#9932,#9012,#9940,.T.);
#9940 = LINE('',#9941,#9942);
#9941 = CARTESIAN_POINT('',(-2.,-0.375,0.2));
#9942 = VECTOR('',#9943,1.);
#9943 = DIRECTION('',(1.,-4.669739647545E-16,0.));
#9944 = ORIENTED_EDGE('',*,*,#9011,.F.);
#9945 = ORIENTED_EDGE('',*,*,#8201,.F.);
#9946 = ORIENTED_EDGE('',*,*,#9867,.F.);
#9947 = PLANE('',#9948);
#9948 = AXIS2_PLACEMENT_3D('',#9949,#9950,#9951);
#9949 = CARTESIAN_POINT('',(-2.,-0.375,0.));
#9950 = DIRECTION('',(4.669739647545E-16,1.,0.));
#9951 = DIRECTION('',(1.,-4.669739647545E-16,0.));
#9952 = ADVANCED_FACE('',(#9953),#9987,.F.);
#9953 = FACE_BOUND('',#9954,.F.);
#9954 = EDGE_LOOP('',(#9955,#9965,#9973,#9979,#9980,#9981));
#9955 = ORIENTED_EDGE('',*,*,#9956,.F.);
#9956 = EDGE_CURVE('',#9957,#9959,#9961,.T.);
#9957 = VERTEX_POINT('',#9958);
#9958 = CARTESIAN_POINT('',(0.625,2.,0.));
#9959 = VERTEX_POINT('',#9960);
#9960 = CARTESIAN_POINT('',(0.625,1.725,0.));
#9961 = LINE('',#9962,#9963);
#9962 = CARTESIAN_POINT('',(0.625,2.,0.));
#9963 = VECTOR('',#9964,1.);
#9964 = DIRECTION('',(-4.555315873023E-16,-1.,0.));
#9965 = ORIENTED_EDGE('',*,*,#9966,.T.);
#9966 = EDGE_CURVE('',#9957,#9967,#9969,.T.);
#9967 = VERTEX_POINT('',#9968);
#9968 = CARTESIAN_POINT('',(0.625,2.,0.2));
#9969 = LINE('',#9970,#9971);
#9970 = CARTESIAN_POINT('',(0.625,2.,0.));
#9971 = VECTOR('',#9972,1.);
#9972 = DIRECTION('',(0.,0.,1.));
#9973 = ORIENTED_EDGE('',*,*,#9974,.T.);
#9974 = EDGE_CURVE('',#9967,#9211,#9975,.T.);
#9975 = LINE('',#9976,#9977);
#9976 = CARTESIAN_POINT('',(0.625,2.,0.2));
#9977 = VECTOR('',#9978,1.);
#9978 = DIRECTION('',(-4.555315873023E-16,-1.,0.));
#9979 = ORIENTED_EDGE('',*,*,#9210,.F.);
#9980 = ORIENTED_EDGE('',*,*,#8753,.F.);
#9981 = ORIENTED_EDGE('',*,*,#9982,.F.);
#9982 = EDGE_CURVE('',#9959,#8745,#9983,.T.);
#9983 = LINE('',#9984,#9985);
#9984 = CARTESIAN_POINT('',(0.625,1.725,0.));
#9985 = VECTOR('',#9986,1.);
#9986 = DIRECTION('',(0.,0.,1.));
#9987 = PLANE('',#9988);
#9988 = AXIS2_PLACEMENT_3D('',#9989,#9990,#9991);
#9989 = CARTESIAN_POINT('',(0.625,2.,0.));
#9990 = DIRECTION('',(1.,-4.555315873023E-16,0.));
#9991 = DIRECTION('',(-4.555315873023E-16,-1.,0.));
#9992 = ADVANCED_FACE('',(#9993),#10027,.F.);
#9993 = FACE_BOUND('',#9994,.F.);
#9994 = EDGE_LOOP('',(#9995,#10005,#10011,#10012,#10013,#10021));
#9995 = ORIENTED_EDGE('',*,*,#9996,.F.);
#9996 = EDGE_CURVE('',#9997,#9999,#10001,.T.);
#9997 = VERTEX_POINT('',#9998);
#9998 = CARTESIAN_POINT('',(-1.725,-0.625,0.));
#9999 = VERTEX_POINT('',#10000);
#10000 = CARTESIAN_POINT('',(-2.,-0.625,0.));
#10001 = LINE('',#10002,#10003);
#10002 = CARTESIAN_POINT('',(-1.725,-0.625,0.));
#10003 = VECTOR('',#10004,1.);
#10004 = DIRECTION('',(-1.,4.669739647545E-16,0.));
#10005 = ORIENTED_EDGE('',*,*,#10006,.T.);
#10006 = EDGE_CURVE('',#9997,#8218,#10007,.T.);
#10007 = LINE('',#10008,#10009);
#10008 = CARTESIAN_POINT('',(-1.725,-0.625,0.));
#10009 = VECTOR('',#10010,1.);
#10010 = DIRECTION('',(0.,0.,1.));
#10011 = ORIENTED_EDGE('',*,*,#8217,.F.);
#10012 = ORIENTED_EDGE('',*,*,#9004,.F.);
#10013 = ORIENTED_EDGE('',*,*,#10014,.T.);
#10014 = EDGE_CURVE('',#8997,#10015,#10017,.T.);
#10015 = VERTEX_POINT('',#10016);
#10016 = CARTESIAN_POINT('',(-2.,-0.625,0.2));
#10017 = LINE('',#10018,#10019);
#10018 = CARTESIAN_POINT('',(-1.725,-0.625,0.2));
#10019 = VECTOR('',#10020,1.);
#10020 = DIRECTION('',(-1.,4.669739647545E-16,0.));
#10021 = ORIENTED_EDGE('',*,*,#10022,.F.);
#10022 = EDGE_CURVE('',#9999,#10015,#10023,.T.);
#10023 = LINE('',#10024,#10025);
#10024 = CARTESIAN_POINT('',(-2.,-0.625,0.));
#10025 = VECTOR('',#10026,1.);
#10026 = DIRECTION('',(0.,0.,1.));
#10027 = PLANE('',#10028);
#10028 = AXIS2_PLACEMENT_3D('',#10029,#10030,#10031);
#10029 = CARTESIAN_POINT('',(-1.725,-0.625,0.));
#10030 = DIRECTION('',(-4.669739647545E-16,-1.,0.));
#10031 = DIRECTION('',(-1.,4.669739647545E-16,0.));
#10032 = ADVANCED_FACE('',(#10033),#10052,.T.);
#10033 = FACE_BOUND('',#10034,.T.);
#10034 = EDGE_LOOP('',(#10035,#10043,#10044,#10045));
#10035 = ORIENTED_EDGE('',*,*,#10036,.T.);
#10036 = EDGE_CURVE('',#10037,#8737,#10039,.T.);
#10037 = VERTEX_POINT('',#10038);
#10038 = CARTESIAN_POINT('',(0.875,1.725,0.));
#10039 = LINE('',#10040,#10041);
#10040 = CARTESIAN_POINT('',(0.875,1.725,0.));
#10041 = VECTOR('',#10042,1.);
#10042 = DIRECTION('',(0.,0.,1.));
#10043 = ORIENTED_EDGE('',*,*,#8744,.T.);
#10044 = ORIENTED_EDGE('',*,*,#9982,.F.);
#10045 = ORIENTED_EDGE('',*,*,#10046,.T.);
#10046 = EDGE_CURVE('',#9959,#10037,#10047,.T.);
#10047 = CIRCLE('',#10048,0.125);
#10048 = AXIS2_PLACEMENT_3D('',#10049,#10050,#10051);
#10049 = CARTESIAN_POINT('',(0.75,1.725,0.));
#10050 = DIRECTION('',(0.,0.,1.));
#10051 = DIRECTION('',(-1.,4.555315873023E-16,0.));
#10052 = CYLINDRICAL_SURFACE('',#10053,0.125);
#10053 = AXIS2_PLACEMENT_3D('',#10054,#10055,#10056);
#10054 = CARTESIAN_POINT('',(0.75,1.725,0.));
#10055 = DIRECTION('',(0.,0.,-1.));
#10056 = DIRECTION('',(-1.,4.555315873023E-16,0.));
#10057 = ADVANCED_FACE('',(#10058),#10077,.T.);
#10058 = FACE_BOUND('',#10059,.T.);
#10059 = EDGE_LOOP('',(#10060,#10061,#10062,#10070));
#10060 = ORIENTED_EDGE('',*,*,#10006,.T.);
#10061 = ORIENTED_EDGE('',*,*,#8225,.T.);
#10062 = ORIENTED_EDGE('',*,*,#10063,.F.);
#10063 = EDGE_CURVE('',#10064,#8226,#10066,.T.);
#10064 = VERTEX_POINT('',#10065);
#10065 = CARTESIAN_POINT('',(-1.725,-0.875,0.));
#10066 = LINE('',#10067,#10068);
#10067 = CARTESIAN_POINT('',(-1.725,-0.875,0.));
#10068 = VECTOR('',#10069,1.);
#10069 = DIRECTION('',(0.,0.,1.));
#10070 = ORIENTED_EDGE('',*,*,#10071,.T.);
#10071 = EDGE_CURVE('',#10064,#9997,#10072,.T.);
#10072 = CIRCLE('',#10073,0.125);
#10073 = AXIS2_PLACEMENT_3D('',#10074,#10075,#10076);
#10074 = CARTESIAN_POINT('',(-1.725,-0.75,0.));
#10075 = DIRECTION('',(0.,0.,1.));
#10076 = DIRECTION('',(-4.669739647545E-16,-1.,0.));
#10077 = CYLINDRICAL_SURFACE('',#10078,0.125);
#10078 = AXIS2_PLACEMENT_3D('',#10079,#10080,#10081);
#10079 = CARTESIAN_POINT('',(-1.725,-0.75,0.));
#10080 = DIRECTION('',(0.,0.,-1.));
#10081 = DIRECTION('',(-4.669739647545E-16,-1.,-0.));
#10082 = ADVANCED_FACE('',(#10083),#10110,.F.);
#10083 = FACE_BOUND('',#10084,.F.);
#10084 = EDGE_LOOP('',(#10085,#10093,#10094,#10095,#10096,#10104));
#10085 = ORIENTED_EDGE('',*,*,#10086,.F.);
#10086 = EDGE_CURVE('',#10037,#10087,#10089,.T.);
#10087 = VERTEX_POINT('',#10088);
#10088 = CARTESIAN_POINT('',(0.875,2.,0.));
#10089 = LINE('',#10090,#10091);
#10090 = CARTESIAN_POINT('',(0.875,1.725,0.));
#10091 = VECTOR('',#10092,1.);
#10092 = DIRECTION('',(4.555315873023E-16,1.,0.));
#10093 = ORIENTED_EDGE('',*,*,#10036,.T.);
#10094 = ORIENTED_EDGE('',*,*,#8736,.F.);
#10095 = ORIENTED_EDGE('',*,*,#9226,.F.);
#10096 = ORIENTED_EDGE('',*,*,#10097,.T.);
#10097 = EDGE_CURVE('',#9219,#10098,#10100,.T.);
#10098 = VERTEX_POINT('',#10099);
#10099 = CARTESIAN_POINT('',(0.875,2.,0.2));
#10100 = LINE('',#10101,#10102);
#10101 = CARTESIAN_POINT('',(0.875,1.725,0.2));
#10102 = VECTOR('',#10103,1.);
#10103 = DIRECTION('',(4.555315873023E-16,1.,0.));
#10104 = ORIENTED_EDGE('',*,*,#10105,.F.);
#10105 = EDGE_CURVE('',#10087,#10098,#10106,.T.);
#10106 = LINE('',#10107,#10108);
#10107 = CARTESIAN_POINT('',(0.875,2.,0.));
#10108 = VECTOR('',#10109,1.);
#10109 = DIRECTION('',(0.,0.,1.));
#10110 = PLANE('',#10111);
#10111 = AXIS2_PLACEMENT_3D('',#10112,#10113,#10114);
#10112 = CARTESIAN_POINT('',(0.875,1.725,0.));
#10113 = DIRECTION('',(-1.,4.555315873023E-16,0.));
#10114 = DIRECTION('',(4.555315873023E-16,1.,0.));
#10115 = ADVANCED_FACE('',(#10116),#10143,.F.);
#10116 = FACE_BOUND('',#10117,.F.);
#10117 = EDGE_LOOP('',(#10118,#10126,#10134,#10140,#10141,#10142));
#10118 = ORIENTED_EDGE('',*,*,#10119,.F.);
#10119 = EDGE_CURVE('',#10120,#10064,#10122,.T.);
#10120 = VERTEX_POINT('',#10121);
#10121 = CARTESIAN_POINT('',(-2.,-0.875,0.));
#10122 = LINE('',#10123,#10124);
#10123 = CARTESIAN_POINT('',(-2.,-0.875,0.));
#10124 = VECTOR('',#10125,1.);
#10125 = DIRECTION('',(1.,-4.669739647545E-16,0.));
#10126 = ORIENTED_EDGE('',*,*,#10127,.T.);
#10127 = EDGE_CURVE('',#10120,#10128,#10130,.T.);
#10128 = VERTEX_POINT('',#10129);
#10129 = CARTESIAN_POINT('',(-2.,-0.875,0.2));
#10130 = LINE('',#10131,#10132);
#10131 = CARTESIAN_POINT('',(-2.,-0.875,0.));
#10132 = VECTOR('',#10133,1.);
#10133 = DIRECTION('',(0.,0.,1.));
#10134 = ORIENTED_EDGE('',*,*,#10135,.T.);
#10135 = EDGE_CURVE('',#10128,#8989,#10136,.T.);
#10136 = LINE('',#10137,#10138);
#10137 = CARTESIAN_POINT('',(-2.,-0.875,0.2));
#10138 = VECTOR('',#10139,1.);
#10139 = DIRECTION('',(1.,-4.669739647545E-16,0.));
#10140 = ORIENTED_EDGE('',*,*,#8988,.F.);
#10141 = ORIENTED_EDGE('',*,*,#8234,.F.);
#10142 = ORIENTED_EDGE('',*,*,#10063,.F.);
#10143 = PLANE('',#10144);
#10144 = AXIS2_PLACEMENT_3D('',#10145,#10146,#10147);
#10145 = CARTESIAN_POINT('',(-2.,-0.875,0.));
#10146 = DIRECTION('',(4.669739647545E-16,1.,0.));
#10147 = DIRECTION('',(1.,-4.669739647545E-16,0.));
#10148 = ADVANCED_FACE('',(#10149),#10183,.F.);
#10149 = FACE_BOUND('',#10150,.F.);
#10150 = EDGE_LOOP('',(#10151,#10161,#10169,#10175,#10176,#10177));
#10151 = ORIENTED_EDGE('',*,*,#10152,.F.);
#10152 = EDGE_CURVE('',#10153,#10155,#10157,.T.);
#10153 = VERTEX_POINT('',#10154);
#10154 = CARTESIAN_POINT('',(1.125,2.,0.));
#10155 = VERTEX_POINT('',#10156);
#10156 = CARTESIAN_POINT('',(1.125,1.725,0.));
#10157 = LINE('',#10158,#10159);
#10158 = CARTESIAN_POINT('',(1.125,2.,0.));
#10159 = VECTOR('',#10160,1.);
#10160 = DIRECTION('',(-4.555315873023E-16,-1.,0.));
#10161 = ORIENTED_EDGE('',*,*,#10162,.T.);
#10162 = EDGE_CURVE('',#10153,#10163,#10165,.T.);
#10163 = VERTEX_POINT('',#10164);
#10164 = CARTESIAN_POINT('',(1.125,2.,0.2));
#10165 = LINE('',#10166,#10167);
#10166 = CARTESIAN_POINT('',(1.125,2.,0.));
#10167 = VECTOR('',#10168,1.);
#10168 = DIRECTION('',(0.,0.,1.));
#10169 = ORIENTED_EDGE('',*,*,#10170,.T.);
#10170 = EDGE_CURVE('',#10163,#9234,#10171,.T.);
#10171 = LINE('',#10172,#10173);
#10172 = CARTESIAN_POINT('',(1.125,2.,0.2));
#10173 = VECTOR('',#10174,1.);
#10174 = DIRECTION('',(-4.555315873023E-16,-1.,0.));
#10175 = ORIENTED_EDGE('',*,*,#9233,.F.);
#10176 = ORIENTED_EDGE('',*,*,#8720,.F.);
#10177 = ORIENTED_EDGE('',*,*,#10178,.F.);
#10178 = EDGE_CURVE('',#10155,#8712,#10179,.T.);
#10179 = LINE('',#10180,#10181);
#10180 = CARTESIAN_POINT('',(1.125,1.725,0.));
#10181 = VECTOR('',#10182,1.);
#10182 = DIRECTION('',(0.,0.,1.));
#10183 = PLANE('',#10184);
#10184 = AXIS2_PLACEMENT_3D('',#10185,#10186,#10187);
#10185 = CARTESIAN_POINT('',(1.125,2.,0.));
#10186 = DIRECTION('',(1.,-4.555315873023E-16,0.));
#10187 = DIRECTION('',(-4.555315873023E-16,-1.,0.));
#10188 = ADVANCED_FACE('',(#10189),#10223,.F.);
#10189 = FACE_BOUND('',#10190,.F.);
#10190 = EDGE_LOOP('',(#10191,#10201,#10207,#10208,#10209,#10217));
#10191 = ORIENTED_EDGE('',*,*,#10192,.F.);
#10192 = EDGE_CURVE('',#10193,#10195,#10197,.T.);
#10193 = VERTEX_POINT('',#10194);
#10194 = CARTESIAN_POINT('',(-1.725,-1.125,0.));
#10195 = VERTEX_POINT('',#10196);
#10196 = CARTESIAN_POINT('',(-2.,-1.125,0.));
#10197 = LINE('',#10198,#10199);
#10198 = CARTESIAN_POINT('',(-1.725,-1.125,0.));
#10199 = VECTOR('',#10200,1.);
#10200 = DIRECTION('',(-1.,4.669739647545E-16,0.));
#10201 = ORIENTED_EDGE('',*,*,#10202,.T.);
#10202 = EDGE_CURVE('',#10193,#8251,#10203,.T.);
#10203 = LINE('',#10204,#10205);
#10204 = CARTESIAN_POINT('',(-1.725,-1.125,0.));
#10205 = VECTOR('',#10206,1.);
#10206 = DIRECTION('',(0.,0.,1.));
#10207 = ORIENTED_EDGE('',*,*,#8250,.F.);
#10208 = ORIENTED_EDGE('',*,*,#8981,.F.);
#10209 = ORIENTED_EDGE('',*,*,#10210,.T.);
#10210 = EDGE_CURVE('',#8974,#10211,#10213,.T.);
#10211 = VERTEX_POINT('',#10212);
#10212 = CARTESIAN_POINT('',(-2.,-1.125,0.2));
#10213 = LINE('',#10214,#10215);
#10214 = CARTESIAN_POINT('',(-1.725,-1.125,0.2));
#10215 = VECTOR('',#10216,1.);
#10216 = DIRECTION('',(-1.,4.669739647545E-16,0.));
#10217 = ORIENTED_EDGE('',*,*,#10218,.F.);
#10218 = EDGE_CURVE('',#10195,#10211,#10219,.T.);
#10219 = LINE('',#10220,#10221);
#10220 = CARTESIAN_POINT('',(-2.,-1.125,0.));
#10221 = VECTOR('',#10222,1.);
#10222 = DIRECTION('',(0.,0.,1.));
#10223 = PLANE('',#10224);
#10224 = AXIS2_PLACEMENT_3D('',#10225,#10226,#10227);
#10225 = CARTESIAN_POINT('',(-1.725,-1.125,0.));
#10226 = DIRECTION('',(-4.669739647545E-16,-1.,0.));
#10227 = DIRECTION('',(-1.,4.669739647545E-16,0.));
#10228 = ADVANCED_FACE('',(#10229),#10248,.T.);
#10229 = FACE_BOUND('',#10230,.T.);
#10230 = EDGE_LOOP('',(#10231,#10239,#10240,#10241));
#10231 = ORIENTED_EDGE('',*,*,#10232,.T.);
#10232 = EDGE_CURVE('',#10233,#8704,#10235,.T.);
#10233 = VERTEX_POINT('',#10234);
#10234 = CARTESIAN_POINT('',(1.375,1.725,0.));
#10235 = LINE('',#10236,#10237);
#10236 = CARTESIAN_POINT('',(1.375,1.725,0.));
#10237 = VECTOR('',#10238,1.);
#10238 = DIRECTION('',(0.,0.,1.));
#10239 = ORIENTED_EDGE('',*,*,#8711,.T.);
#10240 = ORIENTED_EDGE('',*,*,#10178,.F.);
#10241 = ORIENTED_EDGE('',*,*,#10242,.T.);
#10242 = EDGE_CURVE('',#10155,#10233,#10243,.T.);
#10243 = CIRCLE('',#10244,0.125);
#10244 = AXIS2_PLACEMENT_3D('',#10245,#10246,#10247);
#10245 = CARTESIAN_POINT('',(1.25,1.725,0.));
#10246 = DIRECTION('',(0.,0.,1.));
#10247 = DIRECTION('',(-1.,4.555315873023E-16,0.));
#10248 = CYLINDRICAL_SURFACE('',#10249,0.125);
#10249 = AXIS2_PLACEMENT_3D('',#10250,#10251,#10252);
#10250 = CARTESIAN_POINT('',(1.25,1.725,0.));
#10251 = DIRECTION('',(0.,0.,-1.));
#10252 = DIRECTION('',(-1.,4.555315873023E-16,0.));
#10253 = ADVANCED_FACE('',(#10254),#10273,.T.);
#10254 = FACE_BOUND('',#10255,.T.);
#10255 = EDGE_LOOP('',(#10256,#10257,#10258,#10266));
#10256 = ORIENTED_EDGE('',*,*,#10202,.T.);
#10257 = ORIENTED_EDGE('',*,*,#8258,.T.);
#10258 = ORIENTED_EDGE('',*,*,#10259,.F.);
#10259 = EDGE_CURVE('',#10260,#8259,#10262,.T.);
#10260 = VERTEX_POINT('',#10261);
#10261 = CARTESIAN_POINT('',(-1.725,-1.375,0.));
#10262 = LINE('',#10263,#10264);
#10263 = CARTESIAN_POINT('',(-1.725,-1.375,0.));
#10264 = VECTOR('',#10265,1.);
#10265 = DIRECTION('',(0.,0.,1.));
#10266 = ORIENTED_EDGE('',*,*,#10267,.T.);
#10267 = EDGE_CURVE('',#10260,#10193,#10268,.T.);
#10268 = CIRCLE('',#10269,0.125);
#10269 = AXIS2_PLACEMENT_3D('',#10270,#10271,#10272);
#10270 = CARTESIAN_POINT('',(-1.725,-1.25,0.));
#10271 = DIRECTION('',(0.,0.,1.));
#10272 = DIRECTION('',(-4.669739647545E-16,-1.,0.));
#10273 = CYLINDRICAL_SURFACE('',#10274,0.125);
#10274 = AXIS2_PLACEMENT_3D('',#10275,#10276,#10277);
#10275 = CARTESIAN_POINT('',(-1.725,-1.25,0.));
#10276 = DIRECTION('',(0.,0.,-1.));
#10277 = DIRECTION('',(-4.669739647545E-16,-1.,-0.));
#10278 = ADVANCED_FACE('',(#10279),#10306,.F.);
#10279 = FACE_BOUND('',#10280,.F.);
#10280 = EDGE_LOOP('',(#10281,#10289,#10290,#10291,#10292,#10300));
#10281 = ORIENTED_EDGE('',*,*,#10282,.F.);
#10282 = EDGE_CURVE('',#10233,#10283,#10285,.T.);
#10283 = VERTEX_POINT('',#10284);
#10284 = CARTESIAN_POINT('',(1.375,2.,0.));
#10285 = LINE('',#10286,#10287);
#10286 = CARTESIAN_POINT('',(1.375,1.725,0.));
#10287 = VECTOR('',#10288,1.);
#10288 = DIRECTION('',(4.555315873023E-16,1.,0.));
#10289 = ORIENTED_EDGE('',*,*,#10232,.T.);
#10290 = ORIENTED_EDGE('',*,*,#8703,.F.);
#10291 = ORIENTED_EDGE('',*,*,#9249,.F.);
#10292 = ORIENTED_EDGE('',*,*,#10293,.T.);
#10293 = EDGE_CURVE('',#9242,#10294,#10296,.T.);
#10294 = VERTEX_POINT('',#10295);
#10295 = CARTESIAN_POINT('',(1.375,2.,0.2));
#10296 = LINE('',#10297,#10298);
#10297 = CARTESIAN_POINT('',(1.375,1.725,0.2));
#10298 = VECTOR('',#10299,1.);
#10299 = DIRECTION('',(4.555315873023E-16,1.,0.));
#10300 = ORIENTED_EDGE('',*,*,#10301,.F.);
#10301 = EDGE_CURVE('',#10283,#10294,#10302,.T.);
#10302 = LINE('',#10303,#10304);
#10303 = CARTESIAN_POINT('',(1.375,2.,0.));
#10304 = VECTOR('',#10305,1.);
#10305 = DIRECTION('',(0.,0.,1.));
#10306 = PLANE('',#10307);
#10307 = AXIS2_PLACEMENT_3D('',#10308,#10309,#10310);
#10308 = CARTESIAN_POINT('',(1.375,1.725,0.));
#10309 = DIRECTION('',(-1.,4.555315873023E-16,0.));
#10310 = DIRECTION('',(4.555315873023E-16,1.,0.));
#10311 = ADVANCED_FACE('',(#10312),#10339,.F.);
#10312 = FACE_BOUND('',#10313,.F.);
#10313 = EDGE_LOOP('',(#10314,#10322,#10330,#10336,#10337,#10338));
#10314 = ORIENTED_EDGE('',*,*,#10315,.F.);
#10315 = EDGE_CURVE('',#10316,#10260,#10318,.T.);
#10316 = VERTEX_POINT('',#10317);
#10317 = CARTESIAN_POINT('',(-2.,-1.375,0.));
#10318 = LINE('',#10319,#10320);
#10319 = CARTESIAN_POINT('',(-2.,-1.375,0.));
#10320 = VECTOR('',#10321,1.);
#10321 = DIRECTION('',(1.,-4.669739647545E-16,0.));
#10322 = ORIENTED_EDGE('',*,*,#10323,.T.);
#10323 = EDGE_CURVE('',#10316,#10324,#10326,.T.);
#10324 = VERTEX_POINT('',#10325);
#10325 = CARTESIAN_POINT('',(-2.,-1.375,0.2));
#10326 = LINE('',#10327,#10328);
#10327 = CARTESIAN_POINT('',(-2.,-1.375,0.));
#10328 = VECTOR('',#10329,1.);
#10329 = DIRECTION('',(0.,0.,1.));
#10330 = ORIENTED_EDGE('',*,*,#10331,.T.);
#10331 = EDGE_CURVE('',#10324,#8966,#10332,.T.);
#10332 = LINE('',#10333,#10334);
#10333 = CARTESIAN_POINT('',(-2.,-1.375,0.2));
#10334 = VECTOR('',#10335,1.);
#10335 = DIRECTION('',(1.,-4.669739647545E-16,0.));
#10336 = ORIENTED_EDGE('',*,*,#8965,.F.);
#10337 = ORIENTED_EDGE('',*,*,#8267,.F.);
#10338 = ORIENTED_EDGE('',*,*,#10259,.F.);
#10339 = PLANE('',#10340);
#10340 = AXIS2_PLACEMENT_3D('',#10341,#10342,#10343);
#10341 = CARTESIAN_POINT('',(-2.,-1.375,0.));
#10342 = DIRECTION('',(4.669739647545E-16,1.,0.));
#10343 = DIRECTION('',(1.,-4.669739647545E-16,0.));
#10344 = ADVANCED_FACE('',(#10345),#10501,.T.);
#10345 = FACE_BOUND('',#10346,.T.);
#10346 = EDGE_LOOP('',(#10347,#10348,#10349,#10357,#10363,#10364,#10372,
    #10380,#10386,#10387,#10395,#10403,#10409,#10410,#10418,#10426,
    #10432,#10433,#10441,#10449,#10455,#10456,#10464,#10472,#10478,
    #10479,#10487,#10495));
#10347 = ORIENTED_EDGE('',*,*,#8687,.F.);
#10348 = ORIENTED_EDGE('',*,*,#9256,.T.);
#10349 = ORIENTED_EDGE('',*,*,#10350,.T.);
#10350 = EDGE_CURVE('',#9109,#10351,#10353,.T.);
#10351 = VERTEX_POINT('',#10352);
#10352 = CARTESIAN_POINT('',(1.99,-1.99,0.77));
#10353 = LINE('',#10354,#10355);
#10354 = CARTESIAN_POINT('',(1.99,1.99,0.77));
#10355 = VECTOR('',#10356,1.);
#10356 = DIRECTION('',(-2.22044604925E-16,-1.,0.));
#10357 = ORIENTED_EDGE('',*,*,#10358,.F.);
#10358 = EDGE_CURVE('',#8482,#10351,#10359,.T.);
#10359 = LINE('',#10360,#10361);
#10360 = CARTESIAN_POINT('',(1.99,-1.99,2.E-02));
#10361 = VECTOR('',#10362,1.);
#10362 = DIRECTION('',(0.,0.,1.));
#10363 = ORIENTED_EDGE('',*,*,#8489,.F.);
#10364 = ORIENTED_EDGE('',*,*,#10365,.T.);
#10365 = EDGE_CURVE('',#8490,#10366,#10368,.T.);
#10366 = VERTEX_POINT('',#10367);
#10367 = CARTESIAN_POINT('',(1.99,-1.375,0.2));
#10368 = LINE('',#10369,#10370);
#10369 = CARTESIAN_POINT('',(1.99,-1.375,1.E-02));
#10370 = VECTOR('',#10371,1.);
#10371 = DIRECTION('',(0.,0.,1.));
#10372 = ORIENTED_EDGE('',*,*,#10373,.T.);
#10373 = EDGE_CURVE('',#10366,#10374,#10376,.T.);
#10374 = VERTEX_POINT('',#10375);
#10375 = CARTESIAN_POINT('',(1.99,-1.125,0.2));
#10376 = LINE('',#10377,#10378);
#10377 = CARTESIAN_POINT('',(1.99,0.4325,0.2));
#10378 = VECTOR('',#10379,1.);
#10379 = DIRECTION('',(2.22044604925E-16,1.,0.));
#10380 = ORIENTED_EDGE('',*,*,#10381,.T.);
#10381 = EDGE_CURVE('',#10374,#8515,#10382,.T.);
#10382 = LINE('',#10383,#10384);
#10383 = CARTESIAN_POINT('',(1.99,-1.125,1.E-02));
#10384 = VECTOR('',#10385,1.);
#10385 = DIRECTION('',(0.,-0.,-1.));
#10386 = ORIENTED_EDGE('',*,*,#8522,.F.);
#10387 = ORIENTED_EDGE('',*,*,#10388,.T.);
#10388 = EDGE_CURVE('',#8523,#10389,#10391,.T.);
#10389 = VERTEX_POINT('',#10390);
#10390 = CARTESIAN_POINT('',(1.99,-0.875,0.2));
#10391 = LINE('',#10392,#10393);
#10392 = CARTESIAN_POINT('',(1.99,-0.875,1.E-02));
#10393 = VECTOR('',#10394,1.);
#10394 = DIRECTION('',(0.,0.,1.));
#10395 = ORIENTED_EDGE('',*,*,#10396,.T.);
#10396 = EDGE_CURVE('',#10389,#10397,#10399,.T.);
#10397 = VERTEX_POINT('',#10398);
#10398 = CARTESIAN_POINT('',(1.99,-0.625,0.2));
#10399 = LINE('',#10400,#10401);
#10400 = CARTESIAN_POINT('',(1.99,0.6825,0.2));
#10401 = VECTOR('',#10402,1.);
#10402 = DIRECTION('',(2.22044604925E-16,1.,0.));
#10403 = ORIENTED_EDGE('',*,*,#10404,.T.);
#10404 = EDGE_CURVE('',#10397,#8548,#10405,.T.);
#10405 = LINE('',#10406,#10407);
#10406 = CARTESIAN_POINT('',(1.99,-0.625,1.E-02));
#10407 = VECTOR('',#10408,1.);
#10408 = DIRECTION('',(0.,-0.,-1.));
#10409 = ORIENTED_EDGE('',*,*,#8555,.F.);
#10410 = ORIENTED_EDGE('',*,*,#10411,.T.);
#10411 = EDGE_CURVE('',#8556,#10412,#10414,.T.);
#10412 = VERTEX_POINT('',#10413);
#10413 = CARTESIAN_POINT('',(1.99,-0.375,0.2));
#10414 = LINE('',#10415,#10416);
#10415 = CARTESIAN_POINT('',(1.99,-0.375,1.E-02));
#10416 = VECTOR('',#10417,1.);
#10417 = DIRECTION('',(0.,0.,1.));
#10418 = ORIENTED_EDGE('',*,*,#10419,.T.);
#10419 = EDGE_CURVE('',#10412,#10420,#10422,.T.);
#10420 = VERTEX_POINT('',#10421);
#10421 = CARTESIAN_POINT('',(1.99,-0.125,0.2));
#10422 = LINE('',#10423,#10424);
#10423 = CARTESIAN_POINT('',(1.99,0.9325,0.2));
#10424 = VECTOR('',#10425,1.);
#10425 = DIRECTION('',(2.22044604925E-16,1.,0.));
#10426 = ORIENTED_EDGE('',*,*,#10427,.T.);
#10427 = EDGE_CURVE('',#10420,#8581,#10428,.T.);
#10428 = LINE('',#10429,#10430);
#10429 = CARTESIAN_POINT('',(1.99,-0.125,1.E-02));
#10430 = VECTOR('',#10431,1.);
#10431 = DIRECTION('',(0.,-0.,-1.));
#10432 = ORIENTED_EDGE('',*,*,#8588,.F.);
#10433 = ORIENTED_EDGE('',*,*,#10434,.T.);
#10434 = EDGE_CURVE('',#8589,#10435,#10437,.T.);
#10435 = VERTEX_POINT('',#10436);
#10436 = CARTESIAN_POINT('',(1.99,0.125,0.2));
#10437 = LINE('',#10438,#10439);
#10438 = CARTESIAN_POINT('',(1.99,0.125,1.E-02));
#10439 = VECTOR('',#10440,1.);
#10440 = DIRECTION('',(0.,0.,1.));
#10441 = ORIENTED_EDGE('',*,*,#10442,.T.);
#10442 = EDGE_CURVE('',#10435,#10443,#10445,.T.);
#10443 = VERTEX_POINT('',#10444);
#10444 = CARTESIAN_POINT('',(1.99,0.375,0.2));
#10445 = LINE('',#10446,#10447);
#10446 = CARTESIAN_POINT('',(1.99,1.1825,0.2));
#10447 = VECTOR('',#10448,1.);
#10448 = DIRECTION('',(2.22044604925E-16,1.,0.));
#10449 = ORIENTED_EDGE('',*,*,#10450,.T.);
#10450 = EDGE_CURVE('',#10443,#8614,#10451,.T.);
#10451 = LINE('',#10452,#10453);
#10452 = CARTESIAN_POINT('',(1.99,0.375,1.E-02));
#10453 = VECTOR('',#10454,1.);
#10454 = DIRECTION('',(0.,-0.,-1.));
#10455 = ORIENTED_EDGE('',*,*,#8621,.F.);
#10456 = ORIENTED_EDGE('',*,*,#10457,.T.);
#10457 = EDGE_CURVE('',#8622,#10458,#10460,.T.);
#10458 = VERTEX_POINT('',#10459);
#10459 = CARTESIAN_POINT('',(1.99,0.625,0.2));
#10460 = LINE('',#10461,#10462);
#10461 = CARTESIAN_POINT('',(1.99,0.625,1.E-02));
#10462 = VECTOR('',#10463,1.);
#10463 = DIRECTION('',(0.,0.,1.));
#10464 = ORIENTED_EDGE('',*,*,#10465,.T.);
#10465 = EDGE_CURVE('',#10458,#10466,#10468,.T.);
#10466 = VERTEX_POINT('',#10467);
#10467 = CARTESIAN_POINT('',(1.99,0.875,0.2));
#10468 = LINE('',#10469,#10470);
#10469 = CARTESIAN_POINT('',(1.99,1.4325,0.2));
#10470 = VECTOR('',#10471,1.);
#10471 = DIRECTION('',(2.22044604925E-16,1.,0.));
#10472 = ORIENTED_EDGE('',*,*,#10473,.T.);
#10473 = EDGE_CURVE('',#10466,#8647,#10474,.T.);
#10474 = LINE('',#10475,#10476);
#10475 = CARTESIAN_POINT('',(1.99,0.875,1.E-02));
#10476 = VECTOR('',#10477,1.);
#10477 = DIRECTION('',(0.,-0.,-1.));
#10478 = ORIENTED_EDGE('',*,*,#8654,.F.);
#10479 = ORIENTED_EDGE('',*,*,#10480,.T.);
#10480 = EDGE_CURVE('',#8655,#10481,#10483,.T.);
#10481 = VERTEX_POINT('',#10482);
#10482 = CARTESIAN_POINT('',(1.99,1.125,0.2));
#10483 = LINE('',#10484,#10485);
#10484 = CARTESIAN_POINT('',(1.99,1.125,1.E-02));
#10485 = VECTOR('',#10486,1.);
#10486 = DIRECTION('',(0.,0.,1.));
#10487 = ORIENTED_EDGE('',*,*,#10488,.T.);
#10488 = EDGE_CURVE('',#10481,#10489,#10491,.T.);
#10489 = VERTEX_POINT('',#10490);
#10490 = CARTESIAN_POINT('',(1.99,1.375,0.2));
#10491 = LINE('',#10492,#10493);
#10492 = CARTESIAN_POINT('',(1.99,1.6825,0.2));
#10493 = VECTOR('',#10494,1.);
#10494 = DIRECTION('',(2.22044604925E-16,1.,0.));
#10495 = ORIENTED_EDGE('',*,*,#10496,.T.);
#10496 = EDGE_CURVE('',#10489,#8680,#10497,.T.);
#10497 = LINE('',#10498,#10499);
#10498 = CARTESIAN_POINT('',(1.99,1.375,1.E-02));
#10499 = VECTOR('',#10500,1.);
#10500 = DIRECTION('',(0.,-0.,-1.));
#10501 = PLANE('',#10502);
#10502 = AXIS2_PLACEMENT_3D('',#10503,#10504,#10505);
#10503 = CARTESIAN_POINT('',(1.99,1.99,2.E-02));
#10504 = DIRECTION('',(1.,-2.22044604925E-16,0.));
#10505 = DIRECTION('',(0.,0.,1.));
#10506 = ADVANCED_FACE('',(#10507),#10656,.T.);
#10507 = FACE_BOUND('',#10508,.T.);
#10508 = EDGE_LOOP('',(#10509,#10515,#10516,#10517,#10525,#10533,#10539,
    #10540,#10548,#10556,#10562,#10563,#10571,#10579,#10585,#10586,
    #10594,#10602,#10608,#10609,#10617,#10625,#10631,#10632,#10640,
    #10648,#10654,#10655));
#10509 = ORIENTED_EDGE('',*,*,#10510,.F.);
#10510 = EDGE_CURVE('',#8951,#10351,#10511,.T.);
#10511 = LINE('',#10512,#10513);
#10512 = CARTESIAN_POINT('',(-1.99,-1.99,0.77));
#10513 = VECTOR('',#10514,1.);
#10514 = DIRECTION('',(1.,-2.22044604925E-16,0.));
#10515 = ORIENTED_EDGE('',*,*,#8958,.F.);
#10516 = ORIENTED_EDGE('',*,*,#8283,.T.);
#10517 = ORIENTED_EDGE('',*,*,#10518,.T.);
#10518 = EDGE_CURVE('',#8284,#10519,#10521,.T.);
#10519 = VERTEX_POINT('',#10520);
#10520 = CARTESIAN_POINT('',(-1.375,-1.99,0.2));
#10521 = LINE('',#10522,#10523);
#10522 = CARTESIAN_POINT('',(-1.375,-1.99,1.E-02));
#10523 = VECTOR('',#10524,1.);
#10524 = DIRECTION('',(0.,0.,1.));
#10525 = ORIENTED_EDGE('',*,*,#10526,.T.);
#10526 = EDGE_CURVE('',#10519,#10527,#10529,.T.);
#10527 = VERTEX_POINT('',#10528);
#10528 = CARTESIAN_POINT('',(-1.125,-1.99,0.2));
#10529 = LINE('',#10530,#10531);
#10530 = CARTESIAN_POINT('',(-1.5575,-1.99,0.2));
#10531 = VECTOR('',#10532,1.);
#10532 = DIRECTION('',(1.,-2.22044604925E-16,0.));
#10533 = ORIENTED_EDGE('',*,*,#10534,.T.);
#10534 = EDGE_CURVE('',#10527,#8309,#10535,.T.);
#10535 = LINE('',#10536,#10537);
#10536 = CARTESIAN_POINT('',(-1.125,-1.99,1.E-02));
#10537 = VECTOR('',#10538,1.);
#10538 = DIRECTION('',(-0.,0.,-1.));
#10539 = ORIENTED_EDGE('',*,*,#8316,.T.);
#10540 = ORIENTED_EDGE('',*,*,#10541,.T.);
#10541 = EDGE_CURVE('',#8317,#10542,#10544,.T.);
#10542 = VERTEX_POINT('',#10543);
#10543 = CARTESIAN_POINT('',(-0.875,-1.99,0.2));
#10544 = LINE('',#10545,#10546);
#10545 = CARTESIAN_POINT('',(-0.875,-1.99,1.E-02));
#10546 = VECTOR('',#10547,1.);
#10547 = DIRECTION('',(0.,0.,1.));
#10548 = ORIENTED_EDGE('',*,*,#10549,.T.);
#10549 = EDGE_CURVE('',#10542,#10550,#10552,.T.);
#10550 = VERTEX_POINT('',#10551);
#10551 = CARTESIAN_POINT('',(-0.625,-1.99,0.2));
#10552 = LINE('',#10553,#10554);
#10553 = CARTESIAN_POINT('',(-1.3075,-1.99,0.2));
#10554 = VECTOR('',#10555,1.);
#10555 = DIRECTION('',(1.,-2.22044604925E-16,0.));
#10556 = ORIENTED_EDGE('',*,*,#10557,.T.);
#10557 = EDGE_CURVE('',#10550,#8342,#10558,.T.);
#10558 = LINE('',#10559,#10560);
#10559 = CARTESIAN_POINT('',(-0.625,-1.99,1.E-02));
#10560 = VECTOR('',#10561,1.);
#10561 = DIRECTION('',(-0.,0.,-1.));
#10562 = ORIENTED_EDGE('',*,*,#8349,.T.);
#10563 = ORIENTED_EDGE('',*,*,#10564,.T.);
#10564 = EDGE_CURVE('',#8350,#10565,#10567,.T.);
#10565 = VERTEX_POINT('',#10566);
#10566 = CARTESIAN_POINT('',(-0.375,-1.99,0.2));
#10567 = LINE('',#10568,#10569);
#10568 = CARTESIAN_POINT('',(-0.375,-1.99,1.E-02));
#10569 = VECTOR('',#10570,1.);
#10570 = DIRECTION('',(0.,0.,1.));
#10571 = ORIENTED_EDGE('',*,*,#10572,.T.);
#10572 = EDGE_CURVE('',#10565,#10573,#10575,.T.);
#10573 = VERTEX_POINT('',#10574);
#10574 = CARTESIAN_POINT('',(-0.125,-1.99,0.2));
#10575 = LINE('',#10576,#10577);
#10576 = CARTESIAN_POINT('',(-1.0575,-1.99,0.2));
#10577 = VECTOR('',#10578,1.);
#10578 = DIRECTION('',(1.,-2.22044604925E-16,0.));
#10579 = ORIENTED_EDGE('',*,*,#10580,.T.);
#10580 = EDGE_CURVE('',#10573,#8375,#10581,.T.);
#10581 = LINE('',#10582,#10583);
#10582 = CARTESIAN_POINT('',(-0.125,-1.99,1.E-02));
#10583 = VECTOR('',#10584,1.);
#10584 = DIRECTION('',(-0.,0.,-1.));
#10585 = ORIENTED_EDGE('',*,*,#8382,.T.);
#10586 = ORIENTED_EDGE('',*,*,#10587,.T.);
#10587 = EDGE_CURVE('',#8383,#10588,#10590,.T.);
#10588 = VERTEX_POINT('',#10589);
#10589 = CARTESIAN_POINT('',(0.125,-1.99,0.2));
#10590 = LINE('',#10591,#10592);
#10591 = CARTESIAN_POINT('',(0.125,-1.99,1.E-02));
#10592 = VECTOR('',#10593,1.);
#10593 = DIRECTION('',(0.,0.,1.));
#10594 = ORIENTED_EDGE('',*,*,#10595,.T.);
#10595 = EDGE_CURVE('',#10588,#10596,#10598,.T.);
#10596 = VERTEX_POINT('',#10597);
#10597 = CARTESIAN_POINT('',(0.375,-1.99,0.2));
#10598 = LINE('',#10599,#10600);
#10599 = CARTESIAN_POINT('',(-0.8075,-1.99,0.2));
#10600 = VECTOR('',#10601,1.);
#10601 = DIRECTION('',(1.,-2.22044604925E-16,0.));
#10602 = ORIENTED_EDGE('',*,*,#10603,.T.);
#10603 = EDGE_CURVE('',#10596,#8408,#10604,.T.);
#10604 = LINE('',#10605,#10606);
#10605 = CARTESIAN_POINT('',(0.375,-1.99,1.E-02));
#10606 = VECTOR('',#10607,1.);
#10607 = DIRECTION('',(-0.,0.,-1.));
#10608 = ORIENTED_EDGE('',*,*,#8415,.T.);
#10609 = ORIENTED_EDGE('',*,*,#10610,.T.);
#10610 = EDGE_CURVE('',#8416,#10611,#10613,.T.);
#10611 = VERTEX_POINT('',#10612);
#10612 = CARTESIAN_POINT('',(0.625,-1.99,0.2));
#10613 = LINE('',#10614,#10615);
#10614 = CARTESIAN_POINT('',(0.625,-1.99,1.E-02));
#10615 = VECTOR('',#10616,1.);
#10616 = DIRECTION('',(0.,0.,1.));
#10617 = ORIENTED_EDGE('',*,*,#10618,.T.);
#10618 = EDGE_CURVE('',#10611,#10619,#10621,.T.);
#10619 = VERTEX_POINT('',#10620);
#10620 = CARTESIAN_POINT('',(0.875,-1.99,0.2));
#10621 = LINE('',#10622,#10623);
#10622 = CARTESIAN_POINT('',(-0.5575,-1.99,0.2));
#10623 = VECTOR('',#10624,1.);
#10624 = DIRECTION('',(1.,-2.22044604925E-16,0.));
#10625 = ORIENTED_EDGE('',*,*,#10626,.T.);
#10626 = EDGE_CURVE('',#10619,#8441,#10627,.T.);
#10627 = LINE('',#10628,#10629);
#10628 = CARTESIAN_POINT('',(0.875,-1.99,1.E-02));
#10629 = VECTOR('',#10630,1.);
#10630 = DIRECTION('',(-0.,0.,-1.));
#10631 = ORIENTED_EDGE('',*,*,#8448,.T.);
#10632 = ORIENTED_EDGE('',*,*,#10633,.T.);
#10633 = EDGE_CURVE('',#8449,#10634,#10636,.T.);
#10634 = VERTEX_POINT('',#10635);
#10635 = CARTESIAN_POINT('',(1.125,-1.99,0.2));
#10636 = LINE('',#10637,#10638);
#10637 = CARTESIAN_POINT('',(1.125,-1.99,1.E-02));
#10638 = VECTOR('',#10639,1.);
#10639 = DIRECTION('',(0.,0.,1.));
#10640 = ORIENTED_EDGE('',*,*,#10641,.T.);
#10641 = EDGE_CURVE('',#10634,#10642,#10644,.T.);
#10642 = VERTEX_POINT('',#10643);
#10643 = CARTESIAN_POINT('',(1.375,-1.99,0.2));
#10644 = LINE('',#10645,#10646);
#10645 = CARTESIAN_POINT('',(-0.3075,-1.99,0.2));
#10646 = VECTOR('',#10647,1.);
#10647 = DIRECTION('',(1.,-2.22044604925E-16,0.));
#10648 = ORIENTED_EDGE('',*,*,#10649,.T.);
#10649 = EDGE_CURVE('',#10642,#8474,#10650,.T.);
#10650 = LINE('',#10651,#10652);
#10651 = CARTESIAN_POINT('',(1.375,-1.99,1.E-02));
#10652 = VECTOR('',#10653,1.);
#10653 = DIRECTION('',(-0.,0.,-1.));
#10654 = ORIENTED_EDGE('',*,*,#8481,.T.);
#10655 = ORIENTED_EDGE('',*,*,#10358,.T.);
#10656 = PLANE('',#10657);
#10657 = AXIS2_PLACEMENT_3D('',#10658,#10659,#10660);
#10658 = CARTESIAN_POINT('',(-1.99,-1.99,2.E-02));
#10659 = DIRECTION('',(-2.22044604925E-16,-1.,0.));
#10660 = DIRECTION('',(0.,0.,1.));
#10661 = ADVANCED_FACE('',(#10662),#10696,.F.);
#10662 = FACE_BOUND('',#10663,.F.);
#10663 = EDGE_LOOP('',(#10664,#10674,#10682,#10688,#10689,#10690));
#10664 = ORIENTED_EDGE('',*,*,#10665,.F.);
#10665 = EDGE_CURVE('',#10666,#10668,#10670,.T.);
#10666 = VERTEX_POINT('',#10667);
#10667 = CARTESIAN_POINT('',(2.,1.375,0.));
#10668 = VERTEX_POINT('',#10669);
#10669 = CARTESIAN_POINT('',(1.725,1.375,0.));
#10670 = LINE('',#10671,#10672);
#10671 = CARTESIAN_POINT('',(2.,1.375,0.));
#10672 = VECTOR('',#10673,1.);
#10673 = DIRECTION('',(-1.,3.445092848398E-16,0.));
#10674 = ORIENTED_EDGE('',*,*,#10675,.T.);
#10675 = EDGE_CURVE('',#10666,#10676,#10678,.T.);
#10676 = VERTEX_POINT('',#10677);
#10677 = CARTESIAN_POINT('',(2.,1.375,0.2));
#10678 = LINE('',#10679,#10680);
#10679 = CARTESIAN_POINT('',(2.,1.375,0.));
#10680 = VECTOR('',#10681,1.);
#10681 = DIRECTION('',(0.,0.,1.));
#10682 = ORIENTED_EDGE('',*,*,#10683,.T.);
#10683 = EDGE_CURVE('',#10676,#10489,#10684,.T.);
#10684 = LINE('',#10685,#10686);
#10685 = CARTESIAN_POINT('',(2.,1.375,0.2));
#10686 = VECTOR('',#10687,1.);
#10687 = DIRECTION('',(-1.,3.445092848398E-16,0.));
#10688 = ORIENTED_EDGE('',*,*,#10496,.T.);
#10689 = ORIENTED_EDGE('',*,*,#8679,.F.);
#10690 = ORIENTED_EDGE('',*,*,#10691,.F.);
#10691 = EDGE_CURVE('',#10668,#8671,#10692,.T.);
#10692 = LINE('',#10693,#10694);
#10693 = CARTESIAN_POINT('',(1.725,1.375,0.));
#10694 = VECTOR('',#10695,1.);
#10695 = DIRECTION('',(0.,0.,1.));
#10696 = PLANE('',#10697);
#10697 = AXIS2_PLACEMENT_3D('',#10698,#10699,#10700);
#10698 = CARTESIAN_POINT('',(2.,1.375,0.));
#10699 = DIRECTION('',(-3.445092848398E-16,-1.,0.));
#10700 = DIRECTION('',(-1.,3.445092848398E-16,0.));
#10701 = ADVANCED_FACE('',(#10702),#10736,.F.);
#10702 = FACE_BOUND('',#10703,.F.);
#10703 = EDGE_LOOP('',(#10704,#10714,#10720,#10721,#10722,#10730));
#10704 = ORIENTED_EDGE('',*,*,#10705,.F.);
#10705 = EDGE_CURVE('',#10706,#10708,#10710,.T.);
#10706 = VERTEX_POINT('',#10707);
#10707 = CARTESIAN_POINT('',(-1.375,-1.725,0.));
#10708 = VERTEX_POINT('',#10709);
#10709 = CARTESIAN_POINT('',(-1.375,-2.,0.));
#10710 = LINE('',#10711,#10712);
#10711 = CARTESIAN_POINT('',(-1.375,-1.725,0.));
#10712 = VECTOR('',#10713,1.);
#10713 = DIRECTION('',(-5.665538897648E-16,-1.,0.));
#10714 = ORIENTED_EDGE('',*,*,#10715,.T.);
#10715 = EDGE_CURVE('',#10706,#8292,#10716,.T.);
#10716 = LINE('',#10717,#10718);
#10717 = CARTESIAN_POINT('',(-1.375,-1.725,0.));
#10718 = VECTOR('',#10719,1.);
#10719 = DIRECTION('',(0.,0.,1.));
#10720 = ORIENTED_EDGE('',*,*,#8291,.F.);
#10721 = ORIENTED_EDGE('',*,*,#10518,.T.);
#10722 = ORIENTED_EDGE('',*,*,#10723,.T.);
#10723 = EDGE_CURVE('',#10519,#10724,#10726,.T.);
#10724 = VERTEX_POINT('',#10725);
#10725 = CARTESIAN_POINT('',(-1.375,-2.,0.2));
#10726 = LINE('',#10727,#10728);
#10727 = CARTESIAN_POINT('',(-1.375,-1.725,0.2));
#10728 = VECTOR('',#10729,1.);
#10729 = DIRECTION('',(-5.665538897648E-16,-1.,0.));
#10730 = ORIENTED_EDGE('',*,*,#10731,.F.);
#10731 = EDGE_CURVE('',#10708,#10724,#10732,.T.);
#10732 = LINE('',#10733,#10734);
#10733 = CARTESIAN_POINT('',(-1.375,-2.,0.));
#10734 = VECTOR('',#10735,1.);
#10735 = DIRECTION('',(0.,0.,1.));
#10736 = PLANE('',#10737);
#10737 = AXIS2_PLACEMENT_3D('',#10738,#10739,#10740);
#10738 = CARTESIAN_POINT('',(-1.375,-1.725,0.));
#10739 = DIRECTION('',(1.,-5.665538897648E-16,0.));
#10740 = DIRECTION('',(-5.665538897648E-16,-1.,0.));
#10741 = ADVANCED_FACE('',(#10742),#10761,.T.);
#10742 = FACE_BOUND('',#10743,.T.);
#10743 = EDGE_LOOP('',(#10744,#10752,#10753,#10754));
#10744 = ORIENTED_EDGE('',*,*,#10745,.T.);
#10745 = EDGE_CURVE('',#10746,#8663,#10748,.T.);
#10746 = VERTEX_POINT('',#10747);
#10747 = CARTESIAN_POINT('',(1.725,1.125,0.));
#10748 = LINE('',#10749,#10750);
#10749 = CARTESIAN_POINT('',(1.725,1.125,0.));
#10750 = VECTOR('',#10751,1.);
#10751 = DIRECTION('',(0.,0.,1.));
#10752 = ORIENTED_EDGE('',*,*,#8670,.T.);
#10753 = ORIENTED_EDGE('',*,*,#10691,.F.);
#10754 = ORIENTED_EDGE('',*,*,#10755,.T.);
#10755 = EDGE_CURVE('',#10668,#10746,#10756,.T.);
#10756 = CIRCLE('',#10757,0.125);
#10757 = AXIS2_PLACEMENT_3D('',#10758,#10759,#10760);
#10758 = CARTESIAN_POINT('',(1.725,1.25,0.));
#10759 = DIRECTION('',(0.,-0.,1.));
#10760 = DIRECTION('',(3.445092848398E-16,1.,0.));
#10761 = CYLINDRICAL_SURFACE('',#10762,0.125);
#10762 = AXIS2_PLACEMENT_3D('',#10763,#10764,#10765);
#10763 = CARTESIAN_POINT('',(1.725,1.25,0.));
#10764 = DIRECTION('',(0.,-0.,-1.));
#10765 = DIRECTION('',(3.445092848398E-16,1.,0.));
#10766 = ADVANCED_FACE('',(#10767),#10786,.T.);
#10767 = FACE_BOUND('',#10768,.T.);
#10768 = EDGE_LOOP('',(#10769,#10770,#10771,#10779));
#10769 = ORIENTED_EDGE('',*,*,#10715,.T.);
#10770 = ORIENTED_EDGE('',*,*,#8299,.T.);
#10771 = ORIENTED_EDGE('',*,*,#10772,.F.);
#10772 = EDGE_CURVE('',#10773,#8300,#10775,.T.);
#10773 = VERTEX_POINT('',#10774);
#10774 = CARTESIAN_POINT('',(-1.125,-1.725,0.));
#10775 = LINE('',#10776,#10777);
#10776 = CARTESIAN_POINT('',(-1.125,-1.725,0.));
#10777 = VECTOR('',#10778,1.);
#10778 = DIRECTION('',(0.,0.,1.));
#10779 = ORIENTED_EDGE('',*,*,#10780,.T.);
#10780 = EDGE_CURVE('',#10773,#10706,#10781,.T.);
#10781 = CIRCLE('',#10782,0.125);
#10782 = AXIS2_PLACEMENT_3D('',#10783,#10784,#10785);
#10783 = CARTESIAN_POINT('',(-1.25,-1.725,0.));
#10784 = DIRECTION('',(-0.,0.,1.));
#10785 = DIRECTION('',(1.,-5.665538897648E-16,0.));
#10786 = CYLINDRICAL_SURFACE('',#10787,0.125);
#10787 = AXIS2_PLACEMENT_3D('',#10788,#10789,#10790);
#10788 = CARTESIAN_POINT('',(-1.25,-1.725,0.));
#10789 = DIRECTION('',(-0.,0.,-1.));
#10790 = DIRECTION('',(1.,-5.665538897648E-16,-0.));
#10791 = ADVANCED_FACE('',(#10792),#10819,.F.);
#10792 = FACE_BOUND('',#10793,.F.);
#10793 = EDGE_LOOP('',(#10794,#10802,#10803,#10804,#10805,#10813));
#10794 = ORIENTED_EDGE('',*,*,#10795,.F.);
#10795 = EDGE_CURVE('',#10746,#10796,#10798,.T.);
#10796 = VERTEX_POINT('',#10797);
#10797 = CARTESIAN_POINT('',(2.,1.125,0.));
#10798 = LINE('',#10799,#10800);
#10799 = CARTESIAN_POINT('',(1.725,1.125,0.));
#10800 = VECTOR('',#10801,1.);
#10801 = DIRECTION('',(1.,-3.445092848398E-16,0.));
#10802 = ORIENTED_EDGE('',*,*,#10745,.T.);
#10803 = ORIENTED_EDGE('',*,*,#8662,.F.);
#10804 = ORIENTED_EDGE('',*,*,#10480,.T.);
#10805 = ORIENTED_EDGE('',*,*,#10806,.T.);
#10806 = EDGE_CURVE('',#10481,#10807,#10809,.T.);
#10807 = VERTEX_POINT('',#10808);
#10808 = CARTESIAN_POINT('',(2.,1.125,0.2));
#10809 = LINE('',#10810,#10811);
#10810 = CARTESIAN_POINT('',(1.725,1.125,0.2));
#10811 = VECTOR('',#10812,1.);
#10812 = DIRECTION('',(1.,-3.445092848398E-16,0.));
#10813 = ORIENTED_EDGE('',*,*,#10814,.F.);
#10814 = EDGE_CURVE('',#10796,#10807,#10815,.T.);
#10815 = LINE('',#10816,#10817);
#10816 = CARTESIAN_POINT('',(2.,1.125,0.));
#10817 = VECTOR('',#10818,1.);
#10818 = DIRECTION('',(0.,0.,1.));
#10819 = PLANE('',#10820);
#10820 = AXIS2_PLACEMENT_3D('',#10821,#10822,#10823);
#10821 = CARTESIAN_POINT('',(1.725,1.125,0.));
#10822 = DIRECTION('',(3.445092848398E-16,1.,0.));
#10823 = DIRECTION('',(1.,-3.445092848398E-16,0.));
#10824 = ADVANCED_FACE('',(#10825),#10852,.F.);
#10825 = FACE_BOUND('',#10826,.F.);
#10826 = EDGE_LOOP('',(#10827,#10835,#10843,#10849,#10850,#10851));
#10827 = ORIENTED_EDGE('',*,*,#10828,.F.);
#10828 = EDGE_CURVE('',#10829,#10773,#10831,.T.);
#10829 = VERTEX_POINT('',#10830);
#10830 = CARTESIAN_POINT('',(-1.125,-2.,0.));
#10831 = LINE('',#10832,#10833);
#10832 = CARTESIAN_POINT('',(-1.125,-2.,0.));
#10833 = VECTOR('',#10834,1.);
#10834 = DIRECTION('',(5.665538897648E-16,1.,0.));
#10835 = ORIENTED_EDGE('',*,*,#10836,.T.);
#10836 = EDGE_CURVE('',#10829,#10837,#10839,.T.);
#10837 = VERTEX_POINT('',#10838);
#10838 = CARTESIAN_POINT('',(-1.125,-2.,0.2));
#10839 = LINE('',#10840,#10841);
#10840 = CARTESIAN_POINT('',(-1.125,-2.,0.));
#10841 = VECTOR('',#10842,1.);
#10842 = DIRECTION('',(0.,0.,1.));
#10843 = ORIENTED_EDGE('',*,*,#10844,.T.);
#10844 = EDGE_CURVE('',#10837,#10527,#10845,.T.);
#10845 = LINE('',#10846,#10847);
#10846 = CARTESIAN_POINT('',(-1.125,-2.,0.2));
#10847 = VECTOR('',#10848,1.);
#10848 = DIRECTION('',(5.665538897648E-16,1.,0.));
#10849 = ORIENTED_EDGE('',*,*,#10534,.T.);
#10850 = ORIENTED_EDGE('',*,*,#8308,.F.);
#10851 = ORIENTED_EDGE('',*,*,#10772,.F.);
#10852 = PLANE('',#10853);
#10853 = AXIS2_PLACEMENT_3D('',#10854,#10855,#10856);
#10854 = CARTESIAN_POINT('',(-1.125,-2.,0.));
#10855 = DIRECTION('',(-1.,5.665538897648E-16,0.));
#10856 = DIRECTION('',(5.665538897648E-16,1.,0.));
#10857 = ADVANCED_FACE('',(#10858),#10892,.F.);
#10858 = FACE_BOUND('',#10859,.F.);
#10859 = EDGE_LOOP('',(#10860,#10870,#10878,#10884,#10885,#10886));
#10860 = ORIENTED_EDGE('',*,*,#10861,.F.);
#10861 = EDGE_CURVE('',#10862,#10864,#10866,.T.);
#10862 = VERTEX_POINT('',#10863);
#10863 = CARTESIAN_POINT('',(2.,0.875,0.));
#10864 = VERTEX_POINT('',#10865);
#10865 = CARTESIAN_POINT('',(1.725,0.875,0.));
#10866 = LINE('',#10867,#10868);
#10867 = CARTESIAN_POINT('',(2.,0.875,0.));
#10868 = VECTOR('',#10869,1.);
#10869 = DIRECTION('',(-1.,3.445092848398E-16,0.));
#10870 = ORIENTED_EDGE('',*,*,#10871,.T.);
#10871 = EDGE_CURVE('',#10862,#10872,#10874,.T.);
#10872 = VERTEX_POINT('',#10873);
#10873 = CARTESIAN_POINT('',(2.,0.875,0.2));
#10874 = LINE('',#10875,#10876);
#10875 = CARTESIAN_POINT('',(2.,0.875,0.));
#10876 = VECTOR('',#10877,1.);
#10877 = DIRECTION('',(0.,0.,1.));
#10878 = ORIENTED_EDGE('',*,*,#10879,.T.);
#10879 = EDGE_CURVE('',#10872,#10466,#10880,.T.);
#10880 = LINE('',#10881,#10882);
#10881 = CARTESIAN_POINT('',(2.,0.875,0.2));
#10882 = VECTOR('',#10883,1.);
#10883 = DIRECTION('',(-1.,3.445092848398E-16,0.));
#10884 = ORIENTED_EDGE('',*,*,#10473,.T.);
#10885 = ORIENTED_EDGE('',*,*,#8646,.F.);
#10886 = ORIENTED_EDGE('',*,*,#10887,.F.);
#10887 = EDGE_CURVE('',#10864,#8638,#10888,.T.);
#10888 = LINE('',#10889,#10890);
#10889 = CARTESIAN_POINT('',(1.725,0.875,0.));
#10890 = VECTOR('',#10891,1.);
#10891 = DIRECTION('',(0.,0.,1.));
#10892 = PLANE('',#10893);
#10893 = AXIS2_PLACEMENT_3D('',#10894,#10895,#10896);
#10894 = CARTESIAN_POINT('',(2.,0.875,0.));
#10895 = DIRECTION('',(-3.445092848398E-16,-1.,0.));
#10896 = DIRECTION('',(-1.,3.445092848398E-16,0.));
#10897 = ADVANCED_FACE('',(#10898),#10932,.F.);
#10898 = FACE_BOUND('',#10899,.F.);
#10899 = EDGE_LOOP('',(#10900,#10910,#10916,#10917,#10918,#10926));
#10900 = ORIENTED_EDGE('',*,*,#10901,.F.);
#10901 = EDGE_CURVE('',#10902,#10904,#10906,.T.);
#10902 = VERTEX_POINT('',#10903);
#10903 = CARTESIAN_POINT('',(-0.875,-1.725,0.));
#10904 = VERTEX_POINT('',#10905);
#10905 = CARTESIAN_POINT('',(-0.875,-2.,0.));
#10906 = LINE('',#10907,#10908);
#10907 = CARTESIAN_POINT('',(-0.875,-1.725,0.));
#10908 = VECTOR('',#10909,1.);
#10909 = DIRECTION('',(-5.665538897648E-16,-1.,0.));
#10910 = ORIENTED_EDGE('',*,*,#10911,.T.);
#10911 = EDGE_CURVE('',#10902,#8325,#10912,.T.);
#10912 = LINE('',#10913,#10914);
#10913 = CARTESIAN_POINT('',(-0.875,-1.725,0.));
#10914 = VECTOR('',#10915,1.);
#10915 = DIRECTION('',(0.,0.,1.));
#10916 = ORIENTED_EDGE('',*,*,#8324,.F.);
#10917 = ORIENTED_EDGE('',*,*,#10541,.T.);
#10918 = ORIENTED_EDGE('',*,*,#10919,.T.);
#10919 = EDGE_CURVE('',#10542,#10920,#10922,.T.);
#10920 = VERTEX_POINT('',#10921);
#10921 = CARTESIAN_POINT('',(-0.875,-2.,0.2));
#10922 = LINE('',#10923,#10924);
#10923 = CARTESIAN_POINT('',(-0.875,-1.725,0.2));
#10924 = VECTOR('',#10925,1.);
#10925 = DIRECTION('',(-5.665538897648E-16,-1.,0.));
#10926 = ORIENTED_EDGE('',*,*,#10927,.F.);
#10927 = EDGE_CURVE('',#10904,#10920,#10928,.T.);
#10928 = LINE('',#10929,#10930);
#10929 = CARTESIAN_POINT('',(-0.875,-2.,0.));
#10930 = VECTOR('',#10931,1.);
#10931 = DIRECTION('',(0.,0.,1.));
#10932 = PLANE('',#10933);
#10933 = AXIS2_PLACEMENT_3D('',#10934,#10935,#10936);
#10934 = CARTESIAN_POINT('',(-0.875,-1.725,0.));
#10935 = DIRECTION('',(1.,-5.665538897648E-16,0.));
#10936 = DIRECTION('',(-5.665538897648E-16,-1.,0.));
#10937 = ADVANCED_FACE('',(#10938),#10957,.T.);
#10938 = FACE_BOUND('',#10939,.T.);
#10939 = EDGE_LOOP('',(#10940,#10948,#10949,#10950));
#10940 = ORIENTED_EDGE('',*,*,#10941,.T.);
#10941 = EDGE_CURVE('',#10942,#8630,#10944,.T.);
#10942 = VERTEX_POINT('',#10943);
#10943 = CARTESIAN_POINT('',(1.725,0.625,0.));
#10944 = LINE('',#10945,#10946);
#10945 = CARTESIAN_POINT('',(1.725,0.625,0.));
#10946 = VECTOR('',#10947,1.);
#10947 = DIRECTION('',(0.,0.,1.));
#10948 = ORIENTED_EDGE('',*,*,#8637,.T.);
#10949 = ORIENTED_EDGE('',*,*,#10887,.F.);
#10950 = ORIENTED_EDGE('',*,*,#10951,.T.);
#10951 = EDGE_CURVE('',#10864,#10942,#10952,.T.);
#10952 = CIRCLE('',#10953,0.125);
#10953 = AXIS2_PLACEMENT_3D('',#10954,#10955,#10956);
#10954 = CARTESIAN_POINT('',(1.725,0.75,0.));
#10955 = DIRECTION('',(0.,-0.,1.));
#10956 = DIRECTION('',(3.445092848398E-16,1.,0.));
#10957 = CYLINDRICAL_SURFACE('',#10958,0.125);
#10958 = AXIS2_PLACEMENT_3D('',#10959,#10960,#10961);
#10959 = CARTESIAN_POINT('',(1.725,0.75,0.));
#10960 = DIRECTION('',(0.,-0.,-1.));
#10961 = DIRECTION('',(3.445092848398E-16,1.,0.));
#10962 = ADVANCED_FACE('',(#10963),#10982,.T.);
#10963 = FACE_BOUND('',#10964,.T.);
#10964 = EDGE_LOOP('',(#10965,#10966,#10967,#10975));
#10965 = ORIENTED_EDGE('',*,*,#10911,.T.);
#10966 = ORIENTED_EDGE('',*,*,#8332,.T.);
#10967 = ORIENTED_EDGE('',*,*,#10968,.F.);
#10968 = EDGE_CURVE('',#10969,#8333,#10971,.T.);
#10969 = VERTEX_POINT('',#10970);
#10970 = CARTESIAN_POINT('',(-0.625,-1.725,0.));
#10971 = LINE('',#10972,#10973);
#10972 = CARTESIAN_POINT('',(-0.625,-1.725,0.));
#10973 = VECTOR('',#10974,1.);
#10974 = DIRECTION('',(0.,0.,1.));
#10975 = ORIENTED_EDGE('',*,*,#10976,.T.);
#10976 = EDGE_CURVE('',#10969,#10902,#10977,.T.);
#10977 = CIRCLE('',#10978,0.125);
#10978 = AXIS2_PLACEMENT_3D('',#10979,#10980,#10981);
#10979 = CARTESIAN_POINT('',(-0.75,-1.725,0.));
#10980 = DIRECTION('',(-0.,0.,1.));
#10981 = DIRECTION('',(1.,-5.665538897648E-16,0.));
#10982 = CYLINDRICAL_SURFACE('',#10983,0.125);
#10983 = AXIS2_PLACEMENT_3D('',#10984,#10985,#10986);
#10984 = CARTESIAN_POINT('',(-0.75,-1.725,0.));
#10985 = DIRECTION('',(-0.,0.,-1.));
#10986 = DIRECTION('',(1.,-5.665538897648E-16,-0.));
#10987 = ADVANCED_FACE('',(#10988),#11015,.F.);
#10988 = FACE_BOUND('',#10989,.F.);
#10989 = EDGE_LOOP('',(#10990,#10998,#10999,#11000,#11001,#11009));
#10990 = ORIENTED_EDGE('',*,*,#10991,.F.);
#10991 = EDGE_CURVE('',#10942,#10992,#10994,.T.);
#10992 = VERTEX_POINT('',#10993);
#10993 = CARTESIAN_POINT('',(2.,0.625,0.));
#10994 = LINE('',#10995,#10996);
#10995 = CARTESIAN_POINT('',(1.725,0.625,0.));
#10996 = VECTOR('',#10997,1.);
#10997 = DIRECTION('',(1.,-3.445092848398E-16,0.));
#10998 = ORIENTED_EDGE('',*,*,#10941,.T.);
#10999 = ORIENTED_EDGE('',*,*,#8629,.F.);
#11000 = ORIENTED_EDGE('',*,*,#10457,.T.);
#11001 = ORIENTED_EDGE('',*,*,#11002,.T.);
#11002 = EDGE_CURVE('',#10458,#11003,#11005,.T.);
#11003 = VERTEX_POINT('',#11004);
#11004 = CARTESIAN_POINT('',(2.,0.625,0.2));
#11005 = LINE('',#11006,#11007);
#11006 = CARTESIAN_POINT('',(1.725,0.625,0.2));
#11007 = VECTOR('',#11008,1.);
#11008 = DIRECTION('',(1.,-3.445092848398E-16,0.));
#11009 = ORIENTED_EDGE('',*,*,#11010,.F.);
#11010 = EDGE_CURVE('',#10992,#11003,#11011,.T.);
#11011 = LINE('',#11012,#11013);
#11012 = CARTESIAN_POINT('',(2.,0.625,0.));
#11013 = VECTOR('',#11014,1.);
#11014 = DIRECTION('',(0.,0.,1.));
#11015 = PLANE('',#11016);
#11016 = AXIS2_PLACEMENT_3D('',#11017,#11018,#11019);
#11017 = CARTESIAN_POINT('',(1.725,0.625,0.));
#11018 = DIRECTION('',(3.445092848398E-16,1.,0.));
#11019 = DIRECTION('',(1.,-3.445092848398E-16,0.));
#11020 = ADVANCED_FACE('',(#11021),#11048,.F.);
#11021 = FACE_BOUND('',#11022,.F.);
#11022 = EDGE_LOOP('',(#11023,#11031,#11039,#11045,#11046,#11047));
#11023 = ORIENTED_EDGE('',*,*,#11024,.F.);
#11024 = EDGE_CURVE('',#11025,#10969,#11027,.T.);
#11025 = VERTEX_POINT('',#11026);
#11026 = CARTESIAN_POINT('',(-0.625,-2.,0.));
#11027 = LINE('',#11028,#11029);
#11028 = CARTESIAN_POINT('',(-0.625,-2.,0.));
#11029 = VECTOR('',#11030,1.);
#11030 = DIRECTION('',(5.665538897648E-16,1.,0.));
#11031 = ORIENTED_EDGE('',*,*,#11032,.T.);
#11032 = EDGE_CURVE('',#11025,#11033,#11035,.T.);
#11033 = VERTEX_POINT('',#11034);
#11034 = CARTESIAN_POINT('',(-0.625,-2.,0.2));
#11035 = LINE('',#11036,#11037);
#11036 = CARTESIAN_POINT('',(-0.625,-2.,0.));
#11037 = VECTOR('',#11038,1.);
#11038 = DIRECTION('',(0.,0.,1.));
#11039 = ORIENTED_EDGE('',*,*,#11040,.T.);
#11040 = EDGE_CURVE('',#11033,#10550,#11041,.T.);
#11041 = LINE('',#11042,#11043);
#11042 = CARTESIAN_POINT('',(-0.625,-2.,0.2));
#11043 = VECTOR('',#11044,1.);
#11044 = DIRECTION('',(5.665538897648E-16,1.,0.));
#11045 = ORIENTED_EDGE('',*,*,#10557,.T.);
#11046 = ORIENTED_EDGE('',*,*,#8341,.F.);
#11047 = ORIENTED_EDGE('',*,*,#10968,.F.);
#11048 = PLANE('',#11049);
#11049 = AXIS2_PLACEMENT_3D('',#11050,#11051,#11052);
#11050 = CARTESIAN_POINT('',(-0.625,-2.,0.));
#11051 = DIRECTION('',(-1.,5.665538897648E-16,0.));
#11052 = DIRECTION('',(5.665538897648E-16,1.,0.));
#11053 = ADVANCED_FACE('',(#11054),#11088,.F.);
#11054 = FACE_BOUND('',#11055,.F.);
#11055 = EDGE_LOOP('',(#11056,#11066,#11074,#11080,#11081,#11082));
#11056 = ORIENTED_EDGE('',*,*,#11057,.F.);
#11057 = EDGE_CURVE('',#11058,#11060,#11062,.T.);
#11058 = VERTEX_POINT('',#11059);
#11059 = CARTESIAN_POINT('',(2.,0.375,0.));
#11060 = VERTEX_POINT('',#11061);
#11061 = CARTESIAN_POINT('',(1.725,0.375,0.));
#11062 = LINE('',#11063,#11064);
#11063 = CARTESIAN_POINT('',(2.,0.375,0.));
#11064 = VECTOR('',#11065,1.);
#11065 = DIRECTION('',(-1.,3.445092848398E-16,0.));
#11066 = ORIENTED_EDGE('',*,*,#11067,.T.);
#11067 = EDGE_CURVE('',#11058,#11068,#11070,.T.);
#11068 = VERTEX_POINT('',#11069);
#11069 = CARTESIAN_POINT('',(2.,0.375,0.2));
#11070 = LINE('',#11071,#11072);
#11071 = CARTESIAN_POINT('',(2.,0.375,0.));
#11072 = VECTOR('',#11073,1.);
#11073 = DIRECTION('',(0.,0.,1.));
#11074 = ORIENTED_EDGE('',*,*,#11075,.T.);
#11075 = EDGE_CURVE('',#11068,#10443,#11076,.T.);
#11076 = LINE('',#11077,#11078);
#11077 = CARTESIAN_POINT('',(2.,0.375,0.2));
#11078 = VECTOR('',#11079,1.);
#11079 = DIRECTION('',(-1.,3.445092848398E-16,0.));
#11080 = ORIENTED_EDGE('',*,*,#10450,.T.);
#11081 = ORIENTED_EDGE('',*,*,#8613,.F.);
#11082 = ORIENTED_EDGE('',*,*,#11083,.F.);
#11083 = EDGE_CURVE('',#11060,#8605,#11084,.T.);
#11084 = LINE('',#11085,#11086);
#11085 = CARTESIAN_POINT('',(1.725,0.375,0.));
#11086 = VECTOR('',#11087,1.);
#11087 = DIRECTION('',(0.,0.,1.));
#11088 = PLANE('',#11089);
#11089 = AXIS2_PLACEMENT_3D('',#11090,#11091,#11092);
#11090 = CARTESIAN_POINT('',(2.,0.375,0.));
#11091 = DIRECTION('',(-3.445092848398E-16,-1.,0.));
#11092 = DIRECTION('',(-1.,3.445092848398E-16,0.));
#11093 = ADVANCED_FACE('',(#11094),#11128,.F.);
#11094 = FACE_BOUND('',#11095,.F.);
#11095 = EDGE_LOOP('',(#11096,#11106,#11112,#11113,#11114,#11122));
#11096 = ORIENTED_EDGE('',*,*,#11097,.F.);
#11097 = EDGE_CURVE('',#11098,#11100,#11102,.T.);
#11098 = VERTEX_POINT('',#11099);
#11099 = CARTESIAN_POINT('',(-0.375,-1.725,0.));
#11100 = VERTEX_POINT('',#11101);
#11101 = CARTESIAN_POINT('',(-0.375,-2.,0.));
#11102 = LINE('',#11103,#11104);
#11103 = CARTESIAN_POINT('',(-0.375,-1.725,0.));
#11104 = VECTOR('',#11105,1.);
#11105 = DIRECTION('',(-5.665538897648E-16,-1.,0.));
#11106 = ORIENTED_EDGE('',*,*,#11107,.T.);
#11107 = EDGE_CURVE('',#11098,#8358,#11108,.T.);
#11108 = LINE('',#11109,#11110);
#11109 = CARTESIAN_POINT('',(-0.375,-1.725,0.));
#11110 = VECTOR('',#11111,1.);
#11111 = DIRECTION('',(0.,0.,1.));
#11112 = ORIENTED_EDGE('',*,*,#8357,.F.);
#11113 = ORIENTED_EDGE('',*,*,#10564,.T.);
#11114 = ORIENTED_EDGE('',*,*,#11115,.T.);
#11115 = EDGE_CURVE('',#10565,#11116,#11118,.T.);
#11116 = VERTEX_POINT('',#11117);
#11117 = CARTESIAN_POINT('',(-0.375,-2.,0.2));
#11118 = LINE('',#11119,#11120);
#11119 = CARTESIAN_POINT('',(-0.375,-1.725,0.2));
#11120 = VECTOR('',#11121,1.);
#11121 = DIRECTION('',(-5.665538897648E-16,-1.,0.));
#11122 = ORIENTED_EDGE('',*,*,#11123,.F.);
#11123 = EDGE_CURVE('',#11100,#11116,#11124,.T.);
#11124 = LINE('',#11125,#11126);
#11125 = CARTESIAN_POINT('',(-0.375,-2.,0.));
#11126 = VECTOR('',#11127,1.);
#11127 = DIRECTION('',(0.,0.,1.));
#11128 = PLANE('',#11129);
#11129 = AXIS2_PLACEMENT_3D('',#11130,#11131,#11132);
#11130 = CARTESIAN_POINT('',(-0.375,-1.725,0.));
#11131 = DIRECTION('',(1.,-5.665538897648E-16,0.));
#11132 = DIRECTION('',(-5.665538897648E-16,-1.,0.));
#11133 = ADVANCED_FACE('',(#11134),#11153,.T.);
#11134 = FACE_BOUND('',#11135,.T.);
#11135 = EDGE_LOOP('',(#11136,#11144,#11145,#11146));
#11136 = ORIENTED_EDGE('',*,*,#11137,.T.);
#11137 = EDGE_CURVE('',#11138,#8597,#11140,.T.);
#11138 = VERTEX_POINT('',#11139);
#11139 = CARTESIAN_POINT('',(1.725,0.125,0.));
#11140 = LINE('',#11141,#11142);
#11141 = CARTESIAN_POINT('',(1.725,0.125,0.));
#11142 = VECTOR('',#11143,1.);
#11143 = DIRECTION('',(0.,0.,1.));
#11144 = ORIENTED_EDGE('',*,*,#8604,.T.);
#11145 = ORIENTED_EDGE('',*,*,#11083,.F.);
#11146 = ORIENTED_EDGE('',*,*,#11147,.T.);
#11147 = EDGE_CURVE('',#11060,#11138,#11148,.T.);
#11148 = CIRCLE('',#11149,0.125);
#11149 = AXIS2_PLACEMENT_3D('',#11150,#11151,#11152);
#11150 = CARTESIAN_POINT('',(1.725,0.25,0.));
#11151 = DIRECTION('',(0.,-0.,1.));
#11152 = DIRECTION('',(3.445092848398E-16,1.,0.));
#11153 = CYLINDRICAL_SURFACE('',#11154,0.125);
#11154 = AXIS2_PLACEMENT_3D('',#11155,#11156,#11157);
#11155 = CARTESIAN_POINT('',(1.725,0.25,0.));
#11156 = DIRECTION('',(0.,-0.,-1.));
#11157 = DIRECTION('',(3.445092848398E-16,1.,0.));
#11158 = ADVANCED_FACE('',(#11159),#11178,.T.);
#11159 = FACE_BOUND('',#11160,.T.);
#11160 = EDGE_LOOP('',(#11161,#11162,#11163,#11171));
#11161 = ORIENTED_EDGE('',*,*,#11107,.T.);
#11162 = ORIENTED_EDGE('',*,*,#8365,.T.);
#11163 = ORIENTED_EDGE('',*,*,#11164,.F.);
#11164 = EDGE_CURVE('',#11165,#8366,#11167,.T.);
#11165 = VERTEX_POINT('',#11166);
#11166 = CARTESIAN_POINT('',(-0.125,-1.725,0.));
#11167 = LINE('',#11168,#11169);
#11168 = CARTESIAN_POINT('',(-0.125,-1.725,0.));
#11169 = VECTOR('',#11170,1.);
#11170 = DIRECTION('',(0.,0.,1.));
#11171 = ORIENTED_EDGE('',*,*,#11172,.T.);
#11172 = EDGE_CURVE('',#11165,#11098,#11173,.T.);
#11173 = CIRCLE('',#11174,0.125);
#11174 = AXIS2_PLACEMENT_3D('',#11175,#11176,#11177);
#11175 = CARTESIAN_POINT('',(-0.25,-1.725,0.));
#11176 = DIRECTION('',(-0.,0.,1.));
#11177 = DIRECTION('',(1.,-5.665538897648E-16,0.));
#11178 = CYLINDRICAL_SURFACE('',#11179,0.125);
#11179 = AXIS2_PLACEMENT_3D('',#11180,#11181,#11182);
#11180 = CARTESIAN_POINT('',(-0.25,-1.725,0.));
#11181 = DIRECTION('',(-0.,0.,-1.));
#11182 = DIRECTION('',(1.,-5.665538897648E-16,-0.));
#11183 = ADVANCED_FACE('',(#11184),#11211,.F.);
#11184 = FACE_BOUND('',#11185,.F.);
#11185 = EDGE_LOOP('',(#11186,#11194,#11195,#11196,#11197,#11205));
#11186 = ORIENTED_EDGE('',*,*,#11187,.F.);
#11187 = EDGE_CURVE('',#11138,#11188,#11190,.T.);
#11188 = VERTEX_POINT('',#11189);
#11189 = CARTESIAN_POINT('',(2.,0.125,0.));
#11190 = LINE('',#11191,#11192);
#11191 = CARTESIAN_POINT('',(1.725,0.125,0.));
#11192 = VECTOR('',#11193,1.);
#11193 = DIRECTION('',(1.,-3.445092848398E-16,0.));
#11194 = ORIENTED_EDGE('',*,*,#11137,.T.);
#11195 = ORIENTED_EDGE('',*,*,#8596,.F.);
#11196 = ORIENTED_EDGE('',*,*,#10434,.T.);
#11197 = ORIENTED_EDGE('',*,*,#11198,.T.);
#11198 = EDGE_CURVE('',#10435,#11199,#11201,.T.);
#11199 = VERTEX_POINT('',#11200);
#11200 = CARTESIAN_POINT('',(2.,0.125,0.2));
#11201 = LINE('',#11202,#11203);
#11202 = CARTESIAN_POINT('',(1.725,0.125,0.2));
#11203 = VECTOR('',#11204,1.);
#11204 = DIRECTION('',(1.,-3.445092848398E-16,0.));
#11205 = ORIENTED_EDGE('',*,*,#11206,.F.);
#11206 = EDGE_CURVE('',#11188,#11199,#11207,.T.);
#11207 = LINE('',#11208,#11209);
#11208 = CARTESIAN_POINT('',(2.,0.125,0.));
#11209 = VECTOR('',#11210,1.);
#11210 = DIRECTION('',(0.,0.,1.));
#11211 = PLANE('',#11212);
#11212 = AXIS2_PLACEMENT_3D('',#11213,#11214,#11215);
#11213 = CARTESIAN_POINT('',(1.725,0.125,0.));
#11214 = DIRECTION('',(3.445092848398E-16,1.,0.));
#11215 = DIRECTION('',(1.,-3.445092848398E-16,0.));
#11216 = ADVANCED_FACE('',(#11217),#11244,.F.);
#11217 = FACE_BOUND('',#11218,.F.);
#11218 = EDGE_LOOP('',(#11219,#11227,#11235,#11241,#11242,#11243));
#11219 = ORIENTED_EDGE('',*,*,#11220,.F.);
#11220 = EDGE_CURVE('',#11221,#11165,#11223,.T.);
#11221 = VERTEX_POINT('',#11222);
#11222 = CARTESIAN_POINT('',(-0.125,-2.,0.));
#11223 = LINE('',#11224,#11225);
#11224 = CARTESIAN_POINT('',(-0.125,-2.,0.));
#11225 = VECTOR('',#11226,1.);
#11226 = DIRECTION('',(5.665538897648E-16,1.,0.));
#11227 = ORIENTED_EDGE('',*,*,#11228,.T.);
#11228 = EDGE_CURVE('',#11221,#11229,#11231,.T.);
#11229 = VERTEX_POINT('',#11230);
#11230 = CARTESIAN_POINT('',(-0.125,-2.,0.2));
#11231 = LINE('',#11232,#11233);
#11232 = CARTESIAN_POINT('',(-0.125,-2.,0.));
#11233 = VECTOR('',#11234,1.);
#11234 = DIRECTION('',(0.,0.,1.));
#11235 = ORIENTED_EDGE('',*,*,#11236,.T.);
#11236 = EDGE_CURVE('',#11229,#10573,#11237,.T.);
#11237 = LINE('',#11238,#11239);
#11238 = CARTESIAN_POINT('',(-0.125,-2.,0.2));
#11239 = VECTOR('',#11240,1.);
#11240 = DIRECTION('',(5.665538897648E-16,1.,0.));
#11241 = ORIENTED_EDGE('',*,*,#10580,.T.);
#11242 = ORIENTED_EDGE('',*,*,#8374,.F.);
#11243 = ORIENTED_EDGE('',*,*,#11164,.F.);
#11244 = PLANE('',#11245);
#11245 = AXIS2_PLACEMENT_3D('',#11246,#11247,#11248);
#11246 = CARTESIAN_POINT('',(-0.125,-2.,0.));
#11247 = DIRECTION('',(-1.,5.665538897648E-16,0.));
#11248 = DIRECTION('',(5.665538897648E-16,1.,0.));
#11249 = ADVANCED_FACE('',(#11250),#11284,.F.);
#11250 = FACE_BOUND('',#11251,.F.);
#11251 = EDGE_LOOP('',(#11252,#11262,#11270,#11276,#11277,#11278));
#11252 = ORIENTED_EDGE('',*,*,#11253,.F.);
#11253 = EDGE_CURVE('',#11254,#11256,#11258,.T.);
#11254 = VERTEX_POINT('',#11255);
#11255 = CARTESIAN_POINT('',(2.,-0.125,0.));
#11256 = VERTEX_POINT('',#11257);
#11257 = CARTESIAN_POINT('',(1.725,-0.125,0.));
#11258 = LINE('',#11259,#11260);
#11259 = CARTESIAN_POINT('',(2.,-0.125,0.));
#11260 = VECTOR('',#11261,1.);
#11261 = DIRECTION('',(-1.,3.445092848398E-16,0.));
#11262 = ORIENTED_EDGE('',*,*,#11263,.T.);
#11263 = EDGE_CURVE('',#11254,#11264,#11266,.T.);
#11264 = VERTEX_POINT('',#11265);
#11265 = CARTESIAN_POINT('',(2.,-0.125,0.2));
#11266 = LINE('',#11267,#11268);
#11267 = CARTESIAN_POINT('',(2.,-0.125,0.));
#11268 = VECTOR('',#11269,1.);
#11269 = DIRECTION('',(0.,0.,1.));
#11270 = ORIENTED_EDGE('',*,*,#11271,.T.);
#11271 = EDGE_CURVE('',#11264,#10420,#11272,.T.);
#11272 = LINE('',#11273,#11274);
#11273 = CARTESIAN_POINT('',(2.,-0.125,0.2));
#11274 = VECTOR('',#11275,1.);
#11275 = DIRECTION('',(-1.,3.445092848398E-16,0.));
#11276 = ORIENTED_EDGE('',*,*,#10427,.T.);
#11277 = ORIENTED_EDGE('',*,*,#8580,.F.);
#11278 = ORIENTED_EDGE('',*,*,#11279,.F.);
#11279 = EDGE_CURVE('',#11256,#8572,#11280,.T.);
#11280 = LINE('',#11281,#11282);
#11281 = CARTESIAN_POINT('',(1.725,-0.125,0.));
#11282 = VECTOR('',#11283,1.);
#11283 = DIRECTION('',(0.,0.,1.));
#11284 = PLANE('',#11285);
#11285 = AXIS2_PLACEMENT_3D('',#11286,#11287,#11288);
#11286 = CARTESIAN_POINT('',(2.,-0.125,0.));
#11287 = DIRECTION('',(-3.445092848398E-16,-1.,0.));
#11288 = DIRECTION('',(-1.,3.445092848398E-16,0.));
#11289 = ADVANCED_FACE('',(#11290),#11324,.F.);
#11290 = FACE_BOUND('',#11291,.F.);
#11291 = EDGE_LOOP('',(#11292,#11302,#11308,#11309,#11310,#11318));
#11292 = ORIENTED_EDGE('',*,*,#11293,.F.);
#11293 = EDGE_CURVE('',#11294,#11296,#11298,.T.);
#11294 = VERTEX_POINT('',#11295);
#11295 = CARTESIAN_POINT('',(0.125,-1.725,0.));
#11296 = VERTEX_POINT('',#11297);
#11297 = CARTESIAN_POINT('',(0.125,-2.,0.));
#11298 = LINE('',#11299,#11300);
#11299 = CARTESIAN_POINT('',(0.125,-1.725,0.));
#11300 = VECTOR('',#11301,1.);
#11301 = DIRECTION('',(-5.665538897648E-16,-1.,0.));
#11302 = ORIENTED_EDGE('',*,*,#11303,.T.);
#11303 = EDGE_CURVE('',#11294,#8391,#11304,.T.);
#11304 = LINE('',#11305,#11306);
#11305 = CARTESIAN_POINT('',(0.125,-1.725,0.));
#11306 = VECTOR('',#11307,1.);
#11307 = DIRECTION('',(0.,0.,1.));
#11308 = ORIENTED_EDGE('',*,*,#8390,.F.);
#11309 = ORIENTED_EDGE('',*,*,#10587,.T.);
#11310 = ORIENTED_EDGE('',*,*,#11311,.T.);
#11311 = EDGE_CURVE('',#10588,#11312,#11314,.T.);
#11312 = VERTEX_POINT('',#11313);
#11313 = CARTESIAN_POINT('',(0.125,-2.,0.2));
#11314 = LINE('',#11315,#11316);
#11315 = CARTESIAN_POINT('',(0.125,-1.725,0.2));
#11316 = VECTOR('',#11317,1.);
#11317 = DIRECTION('',(-5.665538897648E-16,-1.,0.));
#11318 = ORIENTED_EDGE('',*,*,#11319,.F.);
#11319 = EDGE_CURVE('',#11296,#11312,#11320,.T.);
#11320 = LINE('',#11321,#11322);
#11321 = CARTESIAN_POINT('',(0.125,-2.,0.));
#11322 = VECTOR('',#11323,1.);
#11323 = DIRECTION('',(0.,0.,1.));
#11324 = PLANE('',#11325);
#11325 = AXIS2_PLACEMENT_3D('',#11326,#11327,#11328);
#11326 = CARTESIAN_POINT('',(0.125,-1.725,0.));
#11327 = DIRECTION('',(1.,-5.665538897648E-16,0.));
#11328 = DIRECTION('',(-5.665538897648E-16,-1.,0.));
#11329 = ADVANCED_FACE('',(#11330),#11349,.T.);
#11330 = FACE_BOUND('',#11331,.T.);
#11331 = EDGE_LOOP('',(#11332,#11340,#11341,#11342));
#11332 = ORIENTED_EDGE('',*,*,#11333,.T.);
#11333 = EDGE_CURVE('',#11334,#8564,#11336,.T.);
#11334 = VERTEX_POINT('',#11335);
#11335 = CARTESIAN_POINT('',(1.725,-0.375,0.));
#11336 = LINE('',#11337,#11338);
#11337 = CARTESIAN_POINT('',(1.725,-0.375,0.));
#11338 = VECTOR('',#11339,1.);
#11339 = DIRECTION('',(0.,0.,1.));
#11340 = ORIENTED_EDGE('',*,*,#8571,.T.);
#11341 = ORIENTED_EDGE('',*,*,#11279,.F.);
#11342 = ORIENTED_EDGE('',*,*,#11343,.T.);
#11343 = EDGE_CURVE('',#11256,#11334,#11344,.T.);
#11344 = CIRCLE('',#11345,0.125);
#11345 = AXIS2_PLACEMENT_3D('',#11346,#11347,#11348);
#11346 = CARTESIAN_POINT('',(1.725,-0.25,0.));
#11347 = DIRECTION('',(0.,-0.,1.));
#11348 = DIRECTION('',(3.445092848398E-16,1.,0.));
#11349 = CYLINDRICAL_SURFACE('',#11350,0.125);
#11350 = AXIS2_PLACEMENT_3D('',#11351,#11352,#11353);
#11351 = CARTESIAN_POINT('',(1.725,-0.25,0.));
#11352 = DIRECTION('',(0.,-0.,-1.));
#11353 = DIRECTION('',(3.445092848398E-16,1.,0.));
#11354 = ADVANCED_FACE('',(#11355),#11374,.T.);
#11355 = FACE_BOUND('',#11356,.T.);
#11356 = EDGE_LOOP('',(#11357,#11358,#11359,#11367));
#11357 = ORIENTED_EDGE('',*,*,#11303,.T.);
#11358 = ORIENTED_EDGE('',*,*,#8398,.T.);
#11359 = ORIENTED_EDGE('',*,*,#11360,.F.);
#11360 = EDGE_CURVE('',#11361,#8399,#11363,.T.);
#11361 = VERTEX_POINT('',#11362);
#11362 = CARTESIAN_POINT('',(0.375,-1.725,0.));
#11363 = LINE('',#11364,#11365);
#11364 = CARTESIAN_POINT('',(0.375,-1.725,0.));
#11365 = VECTOR('',#11366,1.);
#11366 = DIRECTION('',(0.,0.,1.));
#11367 = ORIENTED_EDGE('',*,*,#11368,.T.);
#11368 = EDGE_CURVE('',#11361,#11294,#11369,.T.);
#11369 = CIRCLE('',#11370,0.125);
#11370 = AXIS2_PLACEMENT_3D('',#11371,#11372,#11373);
#11371 = CARTESIAN_POINT('',(0.25,-1.725,0.));
#11372 = DIRECTION('',(-0.,0.,1.));
#11373 = DIRECTION('',(1.,-5.665538897648E-16,0.));
#11374 = CYLINDRICAL_SURFACE('',#11375,0.125);
#11375 = AXIS2_PLACEMENT_3D('',#11376,#11377,#11378);
#11376 = CARTESIAN_POINT('',(0.25,-1.725,0.));
#11377 = DIRECTION('',(-0.,0.,-1.));
#11378 = DIRECTION('',(1.,-5.665538897648E-16,-0.));
#11379 = ADVANCED_FACE('',(#11380),#11407,.F.);
#11380 = FACE_BOUND('',#11381,.F.);
#11381 = EDGE_LOOP('',(#11382,#11390,#11391,#11392,#11393,#11401));
#11382 = ORIENTED_EDGE('',*,*,#11383,.F.);
#11383 = EDGE_CURVE('',#11334,#11384,#11386,.T.);
#11384 = VERTEX_POINT('',#11385);
#11385 = CARTESIAN_POINT('',(2.,-0.375,0.));
#11386 = LINE('',#11387,#11388);
#11387 = CARTESIAN_POINT('',(1.725,-0.375,0.));
#11388 = VECTOR('',#11389,1.);
#11389 = DIRECTION('',(1.,-3.445092848398E-16,0.));
#11390 = ORIENTED_EDGE('',*,*,#11333,.T.);
#11391 = ORIENTED_EDGE('',*,*,#8563,.F.);
#11392 = ORIENTED_EDGE('',*,*,#10411,.T.);
#11393 = ORIENTED_EDGE('',*,*,#11394,.T.);
#11394 = EDGE_CURVE('',#10412,#11395,#11397,.T.);
#11395 = VERTEX_POINT('',#11396);
#11396 = CARTESIAN_POINT('',(2.,-0.375,0.2));
#11397 = LINE('',#11398,#11399);
#11398 = CARTESIAN_POINT('',(1.725,-0.375,0.2));
#11399 = VECTOR('',#11400,1.);
#11400 = DIRECTION('',(1.,-3.445092848398E-16,0.));
#11401 = ORIENTED_EDGE('',*,*,#11402,.F.);
#11402 = EDGE_CURVE('',#11384,#11395,#11403,.T.);
#11403 = LINE('',#11404,#11405);
#11404 = CARTESIAN_POINT('',(2.,-0.375,0.));
#11405 = VECTOR('',#11406,1.);
#11406 = DIRECTION('',(0.,0.,1.));
#11407 = PLANE('',#11408);
#11408 = AXIS2_PLACEMENT_3D('',#11409,#11410,#11411);
#11409 = CARTESIAN_POINT('',(1.725,-0.375,0.));
#11410 = DIRECTION('',(3.445092848398E-16,1.,0.));
#11411 = DIRECTION('',(1.,-3.445092848398E-16,0.));
#11412 = ADVANCED_FACE('',(#11413),#11440,.F.);
#11413 = FACE_BOUND('',#11414,.F.);
#11414 = EDGE_LOOP('',(#11415,#11423,#11431,#11437,#11438,#11439));
#11415 = ORIENTED_EDGE('',*,*,#11416,.F.);
#11416 = EDGE_CURVE('',#11417,#11361,#11419,.T.);
#11417 = VERTEX_POINT('',#11418);
#11418 = CARTESIAN_POINT('',(0.375,-2.,0.));
#11419 = LINE('',#11420,#11421);
#11420 = CARTESIAN_POINT('',(0.375,-2.,0.));
#11421 = VECTOR('',#11422,1.);
#11422 = DIRECTION('',(5.665538897648E-16,1.,0.));
#11423 = ORIENTED_EDGE('',*,*,#11424,.T.);
#11424 = EDGE_CURVE('',#11417,#11425,#11427,.T.);
#11425 = VERTEX_POINT('',#11426);
#11426 = CARTESIAN_POINT('',(0.375,-2.,0.2));
#11427 = LINE('',#11428,#11429);
#11428 = CARTESIAN_POINT('',(0.375,-2.,0.));
#11429 = VECTOR('',#11430,1.);
#11430 = DIRECTION('',(0.,0.,1.));
#11431 = ORIENTED_EDGE('',*,*,#11432,.T.);
#11432 = EDGE_CURVE('',#11425,#10596,#11433,.T.);
#11433 = LINE('',#11434,#11435);
#11434 = CARTESIAN_POINT('',(0.375,-2.,0.2));
#11435 = VECTOR('',#11436,1.);
#11436 = DIRECTION('',(5.665538897648E-16,1.,0.));
#11437 = ORIENTED_EDGE('',*,*,#10603,.T.);
#11438 = ORIENTED_EDGE('',*,*,#8407,.F.);
#11439 = ORIENTED_EDGE('',*,*,#11360,.F.);
#11440 = PLANE('',#11441);
#11441 = AXIS2_PLACEMENT_3D('',#11442,#11443,#11444);
#11442 = CARTESIAN_POINT('',(0.375,-2.,0.));
#11443 = DIRECTION('',(-1.,5.665538897648E-16,0.));
#11444 = DIRECTION('',(5.665538897648E-16,1.,0.));
#11445 = ADVANCED_FACE('',(#11446),#11480,.F.);
#11446 = FACE_BOUND('',#11447,.F.);
#11447 = EDGE_LOOP('',(#11448,#11458,#11466,#11472,#11473,#11474));
#11448 = ORIENTED_EDGE('',*,*,#11449,.F.);
#11449 = EDGE_CURVE('',#11450,#11452,#11454,.T.);
#11450 = VERTEX_POINT('',#11451);
#11451 = CARTESIAN_POINT('',(2.,-0.625,0.));
#11452 = VERTEX_POINT('',#11453);
#11453 = CARTESIAN_POINT('',(1.725,-0.625,0.));
#11454 = LINE('',#11455,#11456);
#11455 = CARTESIAN_POINT('',(2.,-0.625,0.));
#11456 = VECTOR('',#11457,1.);
#11457 = DIRECTION('',(-1.,3.445092848398E-16,0.));
#11458 = ORIENTED_EDGE('',*,*,#11459,.T.);
#11459 = EDGE_CURVE('',#11450,#11460,#11462,.T.);
#11460 = VERTEX_POINT('',#11461);
#11461 = CARTESIAN_POINT('',(2.,-0.625,0.2));
#11462 = LINE('',#11463,#11464);
#11463 = CARTESIAN_POINT('',(2.,-0.625,0.));
#11464 = VECTOR('',#11465,1.);
#11465 = DIRECTION('',(0.,0.,1.));
#11466 = ORIENTED_EDGE('',*,*,#11467,.T.);
#11467 = EDGE_CURVE('',#11460,#10397,#11468,.T.);
#11468 = LINE('',#11469,#11470);
#11469 = CARTESIAN_POINT('',(2.,-0.625,0.2));
#11470 = VECTOR('',#11471,1.);
#11471 = DIRECTION('',(-1.,3.445092848398E-16,0.));
#11472 = ORIENTED_EDGE('',*,*,#10404,.T.);
#11473 = ORIENTED_EDGE('',*,*,#8547,.F.);
#11474 = ORIENTED_EDGE('',*,*,#11475,.F.);
#11475 = EDGE_CURVE('',#11452,#8539,#11476,.T.);
#11476 = LINE('',#11477,#11478);
#11477 = CARTESIAN_POINT('',(1.725,-0.625,0.));
#11478 = VECTOR('',#11479,1.);
#11479 = DIRECTION('',(0.,0.,1.));
#11480 = PLANE('',#11481);
#11481 = AXIS2_PLACEMENT_3D('',#11482,#11483,#11484);
#11482 = CARTESIAN_POINT('',(2.,-0.625,0.));
#11483 = DIRECTION('',(-3.445092848398E-16,-1.,0.));
#11484 = DIRECTION('',(-1.,3.445092848398E-16,0.));
#11485 = ADVANCED_FACE('',(#11486),#11520,.F.);
#11486 = FACE_BOUND('',#11487,.F.);
#11487 = EDGE_LOOP('',(#11488,#11498,#11504,#11505,#11506,#11514));
#11488 = ORIENTED_EDGE('',*,*,#11489,.F.);
#11489 = EDGE_CURVE('',#11490,#11492,#11494,.T.);
#11490 = VERTEX_POINT('',#11491);
#11491 = CARTESIAN_POINT('',(0.625,-1.725,0.));
#11492 = VERTEX_POINT('',#11493);
#11493 = CARTESIAN_POINT('',(0.625,-2.,0.));
#11494 = LINE('',#11495,#11496);
#11495 = CARTESIAN_POINT('',(0.625,-1.725,0.));
#11496 = VECTOR('',#11497,1.);
#11497 = DIRECTION('',(-5.665538897648E-16,-1.,0.));
#11498 = ORIENTED_EDGE('',*,*,#11499,.T.);
#11499 = EDGE_CURVE('',#11490,#8424,#11500,.T.);
#11500 = LINE('',#11501,#11502);
#11501 = CARTESIAN_POINT('',(0.625,-1.725,0.));
#11502 = VECTOR('',#11503,1.);
#11503 = DIRECTION('',(0.,0.,1.));
#11504 = ORIENTED_EDGE('',*,*,#8423,.F.);
#11505 = ORIENTED_EDGE('',*,*,#10610,.T.);
#11506 = ORIENTED_EDGE('',*,*,#11507,.T.);
#11507 = EDGE_CURVE('',#10611,#11508,#11510,.T.);
#11508 = VERTEX_POINT('',#11509);
#11509 = CARTESIAN_POINT('',(0.625,-2.,0.2));
#11510 = LINE('',#11511,#11512);
#11511 = CARTESIAN_POINT('',(0.625,-1.725,0.2));
#11512 = VECTOR('',#11513,1.);
#11513 = DIRECTION('',(-5.665538897648E-16,-1.,0.));
#11514 = ORIENTED_EDGE('',*,*,#11515,.F.);
#11515 = EDGE_CURVE('',#11492,#11508,#11516,.T.);
#11516 = LINE('',#11517,#11518);
#11517 = CARTESIAN_POINT('',(0.625,-2.,0.));
#11518 = VECTOR('',#11519,1.);
#11519 = DIRECTION('',(0.,0.,1.));
#11520 = PLANE('',#11521);
#11521 = AXIS2_PLACEMENT_3D('',#11522,#11523,#11524);
#11522 = CARTESIAN_POINT('',(0.625,-1.725,0.));
#11523 = DIRECTION('',(1.,-5.665538897648E-16,0.));
#11524 = DIRECTION('',(-5.665538897648E-16,-1.,0.));
#11525 = ADVANCED_FACE('',(#11526),#11545,.T.);
#11526 = FACE_BOUND('',#11527,.T.);
#11527 = EDGE_LOOP('',(#11528,#11536,#11537,#11538));
#11528 = ORIENTED_EDGE('',*,*,#11529,.T.);
#11529 = EDGE_CURVE('',#11530,#8531,#11532,.T.);
#11530 = VERTEX_POINT('',#11531);
#11531 = CARTESIAN_POINT('',(1.725,-0.875,0.));
#11532 = LINE('',#11533,#11534);
#11533 = CARTESIAN_POINT('',(1.725,-0.875,0.));
#11534 = VECTOR('',#11535,1.);
#11535 = DIRECTION('',(0.,0.,1.));
#11536 = ORIENTED_EDGE('',*,*,#8538,.T.);
#11537 = ORIENTED_EDGE('',*,*,#11475,.F.);
#11538 = ORIENTED_EDGE('',*,*,#11539,.T.);
#11539 = EDGE_CURVE('',#11452,#11530,#11540,.T.);
#11540 = CIRCLE('',#11541,0.125);
#11541 = AXIS2_PLACEMENT_3D('',#11542,#11543,#11544);
#11542 = CARTESIAN_POINT('',(1.725,-0.75,0.));
#11543 = DIRECTION('',(0.,-0.,1.));
#11544 = DIRECTION('',(3.445092848398E-16,1.,0.));
#11545 = CYLINDRICAL_SURFACE('',#11546,0.125);
#11546 = AXIS2_PLACEMENT_3D('',#11547,#11548,#11549);
#11547 = CARTESIAN_POINT('',(1.725,-0.75,0.));
#11548 = DIRECTION('',(0.,-0.,-1.));
#11549 = DIRECTION('',(3.445092848398E-16,1.,0.));
#11550 = ADVANCED_FACE('',(#11551),#11570,.T.);
#11551 = FACE_BOUND('',#11552,.T.);
#11552 = EDGE_LOOP('',(#11553,#11554,#11555,#11563));
#11553 = ORIENTED_EDGE('',*,*,#11499,.T.);
#11554 = ORIENTED_EDGE('',*,*,#8431,.T.);
#11555 = ORIENTED_EDGE('',*,*,#11556,.F.);
#11556 = EDGE_CURVE('',#11557,#8432,#11559,.T.);
#11557 = VERTEX_POINT('',#11558);
#11558 = CARTESIAN_POINT('',(0.875,-1.725,0.));
#11559 = LINE('',#11560,#11561);
#11560 = CARTESIAN_POINT('',(0.875,-1.725,0.));
#11561 = VECTOR('',#11562,1.);
#11562 = DIRECTION('',(0.,0.,1.));
#11563 = ORIENTED_EDGE('',*,*,#11564,.T.);
#11564 = EDGE_CURVE('',#11557,#11490,#11565,.T.);
#11565 = CIRCLE('',#11566,0.125);
#11566 = AXIS2_PLACEMENT_3D('',#11567,#11568,#11569);
#11567 = CARTESIAN_POINT('',(0.75,-1.725,0.));
#11568 = DIRECTION('',(-0.,0.,1.));
#11569 = DIRECTION('',(1.,-5.665538897648E-16,0.));
#11570 = CYLINDRICAL_SURFACE('',#11571,0.125);
#11571 = AXIS2_PLACEMENT_3D('',#11572,#11573,#11574);
#11572 = CARTESIAN_POINT('',(0.75,-1.725,0.));
#11573 = DIRECTION('',(-0.,0.,-1.));
#11574 = DIRECTION('',(1.,-5.665538897648E-16,-0.));
#11575 = ADVANCED_FACE('',(#11576),#11603,.F.);
#11576 = FACE_BOUND('',#11577,.F.);
#11577 = EDGE_LOOP('',(#11578,#11586,#11587,#11588,#11589,#11597));
#11578 = ORIENTED_EDGE('',*,*,#11579,.F.);
#11579 = EDGE_CURVE('',#11530,#11580,#11582,.T.);
#11580 = VERTEX_POINT('',#11581);
#11581 = CARTESIAN_POINT('',(2.,-0.875,0.));
#11582 = LINE('',#11583,#11584);
#11583 = CARTESIAN_POINT('',(1.725,-0.875,0.));
#11584 = VECTOR('',#11585,1.);
#11585 = DIRECTION('',(1.,-3.445092848398E-16,0.));
#11586 = ORIENTED_EDGE('',*,*,#11529,.T.);
#11587 = ORIENTED_EDGE('',*,*,#8530,.F.);
#11588 = ORIENTED_EDGE('',*,*,#10388,.T.);
#11589 = ORIENTED_EDGE('',*,*,#11590,.T.);
#11590 = EDGE_CURVE('',#10389,#11591,#11593,.T.);
#11591 = VERTEX_POINT('',#11592);
#11592 = CARTESIAN_POINT('',(2.,-0.875,0.2));
#11593 = LINE('',#11594,#11595);
#11594 = CARTESIAN_POINT('',(1.725,-0.875,0.2));
#11595 = VECTOR('',#11596,1.);
#11596 = DIRECTION('',(1.,-3.445092848398E-16,0.));
#11597 = ORIENTED_EDGE('',*,*,#11598,.F.);
#11598 = EDGE_CURVE('',#11580,#11591,#11599,.T.);
#11599 = LINE('',#11600,#11601);
#11600 = CARTESIAN_POINT('',(2.,-0.875,0.));
#11601 = VECTOR('',#11602,1.);
#11602 = DIRECTION('',(0.,0.,1.));
#11603 = PLANE('',#11604);
#11604 = AXIS2_PLACEMENT_3D('',#11605,#11606,#11607);
#11605 = CARTESIAN_POINT('',(1.725,-0.875,0.));
#11606 = DIRECTION('',(3.445092848398E-16,1.,0.));
#11607 = DIRECTION('',(1.,-3.445092848398E-16,0.));
#11608 = ADVANCED_FACE('',(#11609),#11636,.F.);
#11609 = FACE_BOUND('',#11610,.F.);
#11610 = EDGE_LOOP('',(#11611,#11619,#11627,#11633,#11634,#11635));
#11611 = ORIENTED_EDGE('',*,*,#11612,.F.);
#11612 = EDGE_CURVE('',#11613,#11557,#11615,.T.);
#11613 = VERTEX_POINT('',#11614);
#11614 = CARTESIAN_POINT('',(0.875,-2.,0.));
#11615 = LINE('',#11616,#11617);
#11616 = CARTESIAN_POINT('',(0.875,-2.,0.));
#11617 = VECTOR('',#11618,1.);
#11618 = DIRECTION('',(5.665538897648E-16,1.,0.));
#11619 = ORIENTED_EDGE('',*,*,#11620,.T.);
#11620 = EDGE_CURVE('',#11613,#11621,#11623,.T.);
#11621 = VERTEX_POINT('',#11622);
#11622 = CARTESIAN_POINT('',(0.875,-2.,0.2));
#11623 = LINE('',#11624,#11625);
#11624 = CARTESIAN_POINT('',(0.875,-2.,0.));
#11625 = VECTOR('',#11626,1.);
#11626 = DIRECTION('',(0.,0.,1.));
#11627 = ORIENTED_EDGE('',*,*,#11628,.T.);
#11628 = EDGE_CURVE('',#11621,#10619,#11629,.T.);
#11629 = LINE('',#11630,#11631);
#11630 = CARTESIAN_POINT('',(0.875,-2.,0.2));
#11631 = VECTOR('',#11632,1.);
#11632 = DIRECTION('',(5.665538897648E-16,1.,0.));
#11633 = ORIENTED_EDGE('',*,*,#10626,.T.);
#11634 = ORIENTED_EDGE('',*,*,#8440,.F.);
#11635 = ORIENTED_EDGE('',*,*,#11556,.F.);
#11636 = PLANE('',#11637);
#11637 = AXIS2_PLACEMENT_3D('',#11638,#11639,#11640);
#11638 = CARTESIAN_POINT('',(0.875,-2.,0.));
#11639 = DIRECTION('',(-1.,5.665538897648E-16,0.));
#11640 = DIRECTION('',(5.665538897648E-16,1.,0.));
#11641 = ADVANCED_FACE('',(#11642),#11676,.F.);
#11642 = FACE_BOUND('',#11643,.F.);
#11643 = EDGE_LOOP('',(#11644,#11654,#11662,#11668,#11669,#11670));
#11644 = ORIENTED_EDGE('',*,*,#11645,.F.);
#11645 = EDGE_CURVE('',#11646,#11648,#11650,.T.);
#11646 = VERTEX_POINT('',#11647);
#11647 = CARTESIAN_POINT('',(2.,-1.125,0.));
#11648 = VERTEX_POINT('',#11649);
#11649 = CARTESIAN_POINT('',(1.725,-1.125,0.));
#11650 = LINE('',#11651,#11652);
#11651 = CARTESIAN_POINT('',(2.,-1.125,0.));
#11652 = VECTOR('',#11653,1.);
#11653 = DIRECTION('',(-1.,3.445092848398E-16,0.));
#11654 = ORIENTED_EDGE('',*,*,#11655,.T.);
#11655 = EDGE_CURVE('',#11646,#11656,#11658,.T.);
#11656 = VERTEX_POINT('',#11657);
#11657 = CARTESIAN_POINT('',(2.,-1.125,0.2));
#11658 = LINE('',#11659,#11660);
#11659 = CARTESIAN_POINT('',(2.,-1.125,0.));
#11660 = VECTOR('',#11661,1.);
#11661 = DIRECTION('',(0.,0.,1.));
#11662 = ORIENTED_EDGE('',*,*,#11663,.T.);
#11663 = EDGE_CURVE('',#11656,#10374,#11664,.T.);
#11664 = LINE('',#11665,#11666);
#11665 = CARTESIAN_POINT('',(2.,-1.125,0.2));
#11666 = VECTOR('',#11667,1.);
#11667 = DIRECTION('',(-1.,3.445092848398E-16,0.));
#11668 = ORIENTED_EDGE('',*,*,#10381,.T.);
#11669 = ORIENTED_EDGE('',*,*,#8514,.F.);
#11670 = ORIENTED_EDGE('',*,*,#11671,.F.);
#11671 = EDGE_CURVE('',#11648,#8506,#11672,.T.);
#11672 = LINE('',#11673,#11674);
#11673 = CARTESIAN_POINT('',(1.725,-1.125,0.));
#11674 = VECTOR('',#11675,1.);
#11675 = DIRECTION('',(0.,0.,1.));
#11676 = PLANE('',#11677);
#11677 = AXIS2_PLACEMENT_3D('',#11678,#11679,#11680);
#11678 = CARTESIAN_POINT('',(2.,-1.125,0.));
#11679 = DIRECTION('',(-3.445092848398E-16,-1.,0.));
#11680 = DIRECTION('',(-1.,3.445092848398E-16,0.));
#11681 = ADVANCED_FACE('',(#11682),#11716,.F.);
#11682 = FACE_BOUND('',#11683,.F.);
#11683 = EDGE_LOOP('',(#11684,#11694,#11700,#11701,#11702,#11710));
#11684 = ORIENTED_EDGE('',*,*,#11685,.F.);
#11685 = EDGE_CURVE('',#11686,#11688,#11690,.T.);
#11686 = VERTEX_POINT('',#11687);
#11687 = CARTESIAN_POINT('',(1.125,-1.725,0.));
#11688 = VERTEX_POINT('',#11689);
#11689 = CARTESIAN_POINT('',(1.125,-2.,0.));
#11690 = LINE('',#11691,#11692);
#11691 = CARTESIAN_POINT('',(1.125,-1.725,0.));
#11692 = VECTOR('',#11693,1.);
#11693 = DIRECTION('',(-5.665538897648E-16,-1.,0.));
#11694 = ORIENTED_EDGE('',*,*,#11695,.T.);
#11695 = EDGE_CURVE('',#11686,#8457,#11696,.T.);
#11696 = LINE('',#11697,#11698);
#11697 = CARTESIAN_POINT('',(1.125,-1.725,0.));
#11698 = VECTOR('',#11699,1.);
#11699 = DIRECTION('',(0.,0.,1.));
#11700 = ORIENTED_EDGE('',*,*,#8456,.F.);
#11701 = ORIENTED_EDGE('',*,*,#10633,.T.);
#11702 = ORIENTED_EDGE('',*,*,#11703,.T.);
#11703 = EDGE_CURVE('',#10634,#11704,#11706,.T.);
#11704 = VERTEX_POINT('',#11705);
#11705 = CARTESIAN_POINT('',(1.125,-2.,0.2));
#11706 = LINE('',#11707,#11708);
#11707 = CARTESIAN_POINT('',(1.125,-1.725,0.2));
#11708 = VECTOR('',#11709,1.);
#11709 = DIRECTION('',(-5.665538897648E-16,-1.,0.));
#11710 = ORIENTED_EDGE('',*,*,#11711,.F.);
#11711 = EDGE_CURVE('',#11688,#11704,#11712,.T.);
#11712 = LINE('',#11713,#11714);
#11713 = CARTESIAN_POINT('',(1.125,-2.,0.));
#11714 = VECTOR('',#11715,1.);
#11715 = DIRECTION('',(0.,0.,1.));
#11716 = PLANE('',#11717);
#11717 = AXIS2_PLACEMENT_3D('',#11718,#11719,#11720);
#11718 = CARTESIAN_POINT('',(1.125,-1.725,0.));
#11719 = DIRECTION('',(1.,-5.665538897648E-16,0.));
#11720 = DIRECTION('',(-5.665538897648E-16,-1.,0.));
#11721 = ADVANCED_FACE('',(#11722),#11741,.T.);
#11722 = FACE_BOUND('',#11723,.T.);
#11723 = EDGE_LOOP('',(#11724,#11732,#11733,#11734));
#11724 = ORIENTED_EDGE('',*,*,#11725,.T.);
#11725 = EDGE_CURVE('',#11726,#8498,#11728,.T.);
#11726 = VERTEX_POINT('',#11727);
#11727 = CARTESIAN_POINT('',(1.725,-1.375,0.));
#11728 = LINE('',#11729,#11730);
#11729 = CARTESIAN_POINT('',(1.725,-1.375,0.));
#11730 = VECTOR('',#11731,1.);
#11731 = DIRECTION('',(0.,0.,1.));
#11732 = ORIENTED_EDGE('',*,*,#8505,.T.);
#11733 = ORIENTED_EDGE('',*,*,#11671,.F.);
#11734 = ORIENTED_EDGE('',*,*,#11735,.T.);
#11735 = EDGE_CURVE('',#11648,#11726,#11736,.T.);
#11736 = CIRCLE('',#11737,0.125);
#11737 = AXIS2_PLACEMENT_3D('',#11738,#11739,#11740);
#11738 = CARTESIAN_POINT('',(1.725,-1.25,0.));
#11739 = DIRECTION('',(0.,-0.,1.));
#11740 = DIRECTION('',(3.445092848398E-16,1.,0.));
#11741 = CYLINDRICAL_SURFACE('',#11742,0.125);
#11742 = AXIS2_PLACEMENT_3D('',#11743,#11744,#11745);
#11743 = CARTESIAN_POINT('',(1.725,-1.25,0.));
#11744 = DIRECTION('',(0.,-0.,-1.));
#11745 = DIRECTION('',(3.445092848398E-16,1.,0.));
#11746 = ADVANCED_FACE('',(#11747),#11766,.T.);
#11747 = FACE_BOUND('',#11748,.T.);
#11748 = EDGE_LOOP('',(#11749,#11750,#11751,#11759));
#11749 = ORIENTED_EDGE('',*,*,#11695,.T.);
#11750 = ORIENTED_EDGE('',*,*,#8464,.T.);
#11751 = ORIENTED_EDGE('',*,*,#11752,.F.);
#11752 = EDGE_CURVE('',#11753,#8465,#11755,.T.);
#11753 = VERTEX_POINT('',#11754);
#11754 = CARTESIAN_POINT('',(1.375,-1.725,0.));
#11755 = LINE('',#11756,#11757);
#11756 = CARTESIAN_POINT('',(1.375,-1.725,0.));
#11757 = VECTOR('',#11758,1.);
#11758 = DIRECTION('',(0.,0.,1.));
#11759 = ORIENTED_EDGE('',*,*,#11760,.T.);
#11760 = EDGE_CURVE('',#11753,#11686,#11761,.T.);
#11761 = CIRCLE('',#11762,0.125);
#11762 = AXIS2_PLACEMENT_3D('',#11763,#11764,#11765);
#11763 = CARTESIAN_POINT('',(1.25,-1.725,0.));
#11764 = DIRECTION('',(-0.,0.,1.));
#11765 = DIRECTION('',(1.,-5.665538897648E-16,0.));
#11766 = CYLINDRICAL_SURFACE('',#11767,0.125);
#11767 = AXIS2_PLACEMENT_3D('',#11768,#11769,#11770);
#11768 = CARTESIAN_POINT('',(1.25,-1.725,0.));
#11769 = DIRECTION('',(-0.,0.,-1.));
#11770 = DIRECTION('',(1.,-5.665538897648E-16,-0.));
#11771 = ADVANCED_FACE('',(#11772),#11799,.F.);
#11772 = FACE_BOUND('',#11773,.F.);
#11773 = EDGE_LOOP('',(#11774,#11782,#11783,#11784,#11785,#11793));
#11774 = ORIENTED_EDGE('',*,*,#11775,.F.);
#11775 = EDGE_CURVE('',#11726,#11776,#11778,.T.);
#11776 = VERTEX_POINT('',#11777);
#11777 = CARTESIAN_POINT('',(2.,-1.375,0.));
#11778 = LINE('',#11779,#11780);
#11779 = CARTESIAN_POINT('',(1.725,-1.375,0.));
#11780 = VECTOR('',#11781,1.);
#11781 = DIRECTION('',(1.,-3.445092848398E-16,0.));
#11782 = ORIENTED_EDGE('',*,*,#11725,.T.);
#11783 = ORIENTED_EDGE('',*,*,#8497,.F.);
#11784 = ORIENTED_EDGE('',*,*,#10365,.T.);
#11785 = ORIENTED_EDGE('',*,*,#11786,.T.);
#11786 = EDGE_CURVE('',#10366,#11787,#11789,.T.);
#11787 = VERTEX_POINT('',#11788);
#11788 = CARTESIAN_POINT('',(2.,-1.375,0.2));
#11789 = LINE('',#11790,#11791);
#11790 = CARTESIAN_POINT('',(1.725,-1.375,0.2));
#11791 = VECTOR('',#11792,1.);
#11792 = DIRECTION('',(1.,-3.445092848398E-16,0.));
#11793 = ORIENTED_EDGE('',*,*,#11794,.F.);
#11794 = EDGE_CURVE('',#11776,#11787,#11795,.T.);
#11795 = LINE('',#11796,#11797);
#11796 = CARTESIAN_POINT('',(2.,-1.375,0.));
#11797 = VECTOR('',#11798,1.);
#11798 = DIRECTION('',(0.,0.,1.));
#11799 = PLANE('',#11800);
#11800 = AXIS2_PLACEMENT_3D('',#11801,#11802,#11803);
#11801 = CARTESIAN_POINT('',(1.725,-1.375,0.));
#11802 = DIRECTION('',(3.445092848398E-16,1.,0.));
#11803 = DIRECTION('',(1.,-3.445092848398E-16,0.));
#11804 = ADVANCED_FACE('',(#11805),#11832,.F.);
#11805 = FACE_BOUND('',#11806,.F.);
#11806 = EDGE_LOOP('',(#11807,#11815,#11823,#11829,#11830,#11831));
#11807 = ORIENTED_EDGE('',*,*,#11808,.F.);
#11808 = EDGE_CURVE('',#11809,#11753,#11811,.T.);
#11809 = VERTEX_POINT('',#11810);
#11810 = CARTESIAN_POINT('',(1.375,-2.,0.));
#11811 = LINE('',#11812,#11813);
#11812 = CARTESIAN_POINT('',(1.375,-2.,0.));
#11813 = VECTOR('',#11814,1.);
#11814 = DIRECTION('',(5.665538897648E-16,1.,0.));
#11815 = ORIENTED_EDGE('',*,*,#11816,.T.);
#11816 = EDGE_CURVE('',#11809,#11817,#11819,.T.);
#11817 = VERTEX_POINT('',#11818);
#11818 = CARTESIAN_POINT('',(1.375,-2.,0.2));
#11819 = LINE('',#11820,#11821);
#11820 = CARTESIAN_POINT('',(1.375,-2.,0.));
#11821 = VECTOR('',#11822,1.);
#11822 = DIRECTION('',(0.,0.,1.));
#11823 = ORIENTED_EDGE('',*,*,#11824,.T.);
#11824 = EDGE_CURVE('',#11817,#10642,#11825,.T.);
#11825 = LINE('',#11826,#11827);
#11826 = CARTESIAN_POINT('',(1.375,-2.,0.2));
#11827 = VECTOR('',#11828,1.);
#11828 = DIRECTION('',(5.665538897648E-16,1.,0.));
#11829 = ORIENTED_EDGE('',*,*,#10649,.T.);
#11830 = ORIENTED_EDGE('',*,*,#8473,.F.);
#11831 = ORIENTED_EDGE('',*,*,#11752,.F.);
#11832 = PLANE('',#11833);
#11833 = AXIS2_PLACEMENT_3D('',#11834,#11835,#11836);
#11834 = CARTESIAN_POINT('',(1.375,-2.,0.));
#11835 = DIRECTION('',(-1.,5.665538897648E-16,0.));
#11836 = DIRECTION('',(5.665538897648E-16,1.,0.));
#11837 = ADVANCED_FACE('',(#11838),#11863,.F.);
#11838 = FACE_BOUND('',#11839,.F.);
#11839 = EDGE_LOOP('',(#11840,#11848,#11849,#11857));
#11840 = ORIENTED_EDGE('',*,*,#11841,.T.);
#11841 = EDGE_CURVE('',#11842,#8894,#11844,.T.);
#11842 = VERTEX_POINT('',#11843);
#11843 = CARTESIAN_POINT('',(-1.225,1.025,0.));
#11844 = LINE('',#11845,#11846);
#11845 = CARTESIAN_POINT('',(-1.225,1.025,0.));
#11846 = VECTOR('',#11847,1.);
#11847 = DIRECTION('',(0.,0.,1.));
#11848 = ORIENTED_EDGE('',*,*,#8893,.T.);
#11849 = ORIENTED_EDGE('',*,*,#11850,.F.);
#11850 = EDGE_CURVE('',#11851,#8896,#11853,.T.);
#11851 = VERTEX_POINT('',#11852);
#11852 = CARTESIAN_POINT('',(-1.225,-1.225,0.));
#11853 = LINE('',#11854,#11855);
#11854 = CARTESIAN_POINT('',(-1.225,-1.225,0.));
#11855 = VECTOR('',#11856,1.);
#11856 = DIRECTION('',(0.,0.,1.));
#11857 = ORIENTED_EDGE('',*,*,#11858,.F.);
#11858 = EDGE_CURVE('',#11842,#11851,#11859,.T.);
#11859 = LINE('',#11860,#11861);
#11860 = CARTESIAN_POINT('',(-1.225,1.025,0.));
#11861 = VECTOR('',#11862,1.);
#11862 = DIRECTION('',(-2.22044604925E-16,-1.,0.));
#11863 = PLANE('',#11864);
#11864 = AXIS2_PLACEMENT_3D('',#11865,#11866,#11867);
#11865 = CARTESIAN_POINT('',(-1.225,1.025,0.));
#11866 = DIRECTION('',(1.,-2.22044604925E-16,0.));
#11867 = DIRECTION('',(-2.22044604925E-16,-1.,0.));
#11868 = ADVANCED_FACE('',(#11869),#11887,.F.);
#11869 = FACE_BOUND('',#11870,.F.);
#11870 = EDGE_LOOP('',(#11871,#11872,#11873,#11881));
#11871 = ORIENTED_EDGE('',*,*,#11850,.T.);
#11872 = ORIENTED_EDGE('',*,*,#8927,.T.);
#11873 = ORIENTED_EDGE('',*,*,#11874,.F.);
#11874 = EDGE_CURVE('',#11875,#8920,#11877,.T.);
#11875 = VERTEX_POINT('',#11876);
#11876 = CARTESIAN_POINT('',(1.225,-1.225,0.));
#11877 = LINE('',#11878,#11879);
#11878 = CARTESIAN_POINT('',(1.225,-1.225,0.));
#11879 = VECTOR('',#11880,1.);
#11880 = DIRECTION('',(0.,0.,1.));
#11881 = ORIENTED_EDGE('',*,*,#11882,.F.);
#11882 = EDGE_CURVE('',#11851,#11875,#11883,.T.);
#11883 = LINE('',#11884,#11885);
#11884 = CARTESIAN_POINT('',(-1.225,-1.225,0.));
#11885 = VECTOR('',#11886,1.);
#11886 = DIRECTION('',(1.,-3.126750559148E-16,0.));
#11887 = PLANE('',#11888);
#11888 = AXIS2_PLACEMENT_3D('',#11889,#11890,#11891);
#11889 = CARTESIAN_POINT('',(-1.225,-1.225,0.));
#11890 = DIRECTION('',(3.126750559148E-16,1.,0.));
#11891 = DIRECTION('',(1.,-3.126750559148E-16,0.));
#11892 = ADVANCED_FACE('',(#11893),#11911,.F.);
#11893 = FACE_BOUND('',#11894,.F.);
#11894 = EDGE_LOOP('',(#11895,#11896,#11897,#11905));
#11895 = ORIENTED_EDGE('',*,*,#11874,.T.);
#11896 = ORIENTED_EDGE('',*,*,#8919,.T.);
#11897 = ORIENTED_EDGE('',*,*,#11898,.F.);
#11898 = EDGE_CURVE('',#11899,#8912,#11901,.T.);
#11899 = VERTEX_POINT('',#11900);
#11900 = CARTESIAN_POINT('',(1.225,1.225,0.));
#11901 = LINE('',#11902,#11903);
#11902 = CARTESIAN_POINT('',(1.225,1.225,0.));
#11903 = VECTOR('',#11904,1.);
#11904 = DIRECTION('',(0.,0.,1.));
#11905 = ORIENTED_EDGE('',*,*,#11906,.F.);
#11906 = EDGE_CURVE('',#11875,#11899,#11907,.T.);
#11907 = LINE('',#11908,#11909);
#11908 = CARTESIAN_POINT('',(1.225,-1.225,0.));
#11909 = VECTOR('',#11910,1.);
#11910 = DIRECTION('',(2.22044604925E-16,1.,0.));
#11911 = PLANE('',#11912);
#11912 = AXIS2_PLACEMENT_3D('',#11913,#11914,#11915);
#11913 = CARTESIAN_POINT('',(1.225,-1.225,0.));
#11914 = DIRECTION('',(-1.,2.22044604925E-16,0.));
#11915 = DIRECTION('',(2.22044604925E-16,1.,0.));
#11916 = ADVANCED_FACE('',(#11917),#11935,.F.);
#11917 = FACE_BOUND('',#11918,.F.);
#11918 = EDGE_LOOP('',(#11919,#11920,#11921,#11929));
#11919 = ORIENTED_EDGE('',*,*,#11898,.T.);
#11920 = ORIENTED_EDGE('',*,*,#8911,.T.);
#11921 = ORIENTED_EDGE('',*,*,#11922,.F.);
#11922 = EDGE_CURVE('',#11923,#8904,#11925,.T.);
#11923 = VERTEX_POINT('',#11924);
#11924 = CARTESIAN_POINT('',(-1.025,1.225,0.));
#11925 = LINE('',#11926,#11927);
#11926 = CARTESIAN_POINT('',(-1.025,1.225,0.));
#11927 = VECTOR('',#11928,1.);
#11928 = DIRECTION('',(0.,0.,1.));
#11929 = ORIENTED_EDGE('',*,*,#11930,.F.);
#11930 = EDGE_CURVE('',#11899,#11923,#11931,.T.);
#11931 = LINE('',#11932,#11933);
#11932 = CARTESIAN_POINT('',(1.225,1.225,0.));
#11933 = VECTOR('',#11934,1.);
#11934 = DIRECTION('',(-1.,2.22044604925E-16,0.));
#11935 = PLANE('',#11936);
#11936 = AXIS2_PLACEMENT_3D('',#11937,#11938,#11939);
#11937 = CARTESIAN_POINT('',(1.225,1.225,0.));
#11938 = DIRECTION('',(-2.22044604925E-16,-1.,0.));
#11939 = DIRECTION('',(-1.,2.22044604925E-16,0.));
#11940 = ADVANCED_FACE('',(#11941),#11952,.F.);
#11941 = FACE_BOUND('',#11942,.F.);
#11942 = EDGE_LOOP('',(#11943,#11944,#11945,#11946));
#11943 = ORIENTED_EDGE('',*,*,#11922,.T.);
#11944 = ORIENTED_EDGE('',*,*,#8903,.T.);
#11945 = ORIENTED_EDGE('',*,*,#11841,.F.);
#11946 = ORIENTED_EDGE('',*,*,#11947,.F.);
#11947 = EDGE_CURVE('',#11923,#11842,#11948,.T.);
#11948 = LINE('',#11949,#11950);
#11949 = CARTESIAN_POINT('',(-1.025,1.225,0.));
#11950 = VECTOR('',#11951,1.);
#11951 = DIRECTION('',(-0.707106781187,-0.707106781187,0.));
#11952 = PLANE('',#11953);
#11953 = AXIS2_PLACEMENT_3D('',#11954,#11955,#11956);
#11954 = CARTESIAN_POINT('',(-1.025,1.225,0.));
#11955 = DIRECTION('',(0.707106781187,-0.707106781187,0.));
#11956 = DIRECTION('',(-0.707106781187,-0.707106781187,0.));
#11957 = ADVANCED_FACE('',(#11958,#11964),#11975,.T.);
#11958 = FACE_BOUND('',#11959,.T.);
#11959 = EDGE_LOOP('',(#11960,#11961,#11962,#11963));
#11960 = ORIENTED_EDGE('',*,*,#9108,.F.);
#11961 = ORIENTED_EDGE('',*,*,#8950,.T.);
#11962 = ORIENTED_EDGE('',*,*,#10510,.T.);
#11963 = ORIENTED_EDGE('',*,*,#10350,.F.);
#11964 = FACE_BOUND('',#11965,.T.);
#11965 = EDGE_LOOP('',(#11966));
#11966 = ORIENTED_EDGE('',*,*,#11967,.T.);
#11967 = EDGE_CURVE('',#11968,#11968,#11970,.T.);
#11968 = VERTEX_POINT('',#11969);
#11969 = CARTESIAN_POINT('',(-1.4,1.15,0.77));
#11970 = CIRCLE('',#11971,0.25);
#11971 = AXIS2_PLACEMENT_3D('',#11972,#11973,#11974);
#11972 = CARTESIAN_POINT('',(-1.4,1.4,0.77));
#11973 = DIRECTION('',(-0.,0.,-1.));
#11974 = DIRECTION('',(-2.22044604925E-16,-1.,0.));
#11975 = PLANE('',#11976);
#11976 = AXIS2_PLACEMENT_3D('',#11977,#11978,#11979);
#11977 = CARTESIAN_POINT('',(-1.99,1.99,0.77));
#11978 = DIRECTION('',(0.,0.,1.));
#11979 = DIRECTION('',(-2.22044604925E-16,-1.,0.));
#11980 = ADVANCED_FACE('',(#11981),#11992,.F.);
#11981 = FACE_BOUND('',#11982,.F.);
#11982 = EDGE_LOOP('',(#11983,#11984,#11990,#11991));
#11983 = ORIENTED_EDGE('',*,*,#9449,.F.);
#11984 = ORIENTED_EDGE('',*,*,#11985,.F.);
#11985 = EDGE_CURVE('',#9329,#9442,#11986,.T.);
#11986 = LINE('',#11987,#11988);
#11987 = CARTESIAN_POINT('',(-2.,1.375,0.2));
#11988 = VECTOR('',#11989,1.);
#11989 = DIRECTION('',(-4.669739647545E-16,-1.,0.));
#11990 = ORIENTED_EDGE('',*,*,#9328,.F.);
#11991 = ORIENTED_EDGE('',*,*,#9074,.F.);
#11992 = PLANE('',#11993);
#11993 = AXIS2_PLACEMENT_3D('',#11994,#11995,#11996);
#11994 = CARTESIAN_POINT('',(-2.,1.125,0.2));
#11995 = DIRECTION('',(0.,-0.,-1.));
#11996 = DIRECTION('',(4.669739647545E-16,1.,0.));
#11997 = ADVANCED_FACE('',(#11998),#12009,.F.);
#11998 = FACE_BOUND('',#11999,.F.);
#11999 = EDGE_LOOP('',(#12000,#12001,#12007,#12008));
#12000 = ORIENTED_EDGE('',*,*,#10331,.F.);
#12001 = ORIENTED_EDGE('',*,*,#12002,.F.);
#12002 = EDGE_CURVE('',#10211,#10324,#12003,.T.);
#12003 = LINE('',#12004,#12005);
#12004 = CARTESIAN_POINT('',(-2.,-1.125,0.2));
#12005 = VECTOR('',#12006,1.);
#12006 = DIRECTION('',(-4.669739647545E-16,-1.,0.));
#12007 = ORIENTED_EDGE('',*,*,#10210,.F.);
#12008 = ORIENTED_EDGE('',*,*,#8973,.F.);
#12009 = PLANE('',#12010);
#12010 = AXIS2_PLACEMENT_3D('',#12011,#12012,#12013);
#12011 = CARTESIAN_POINT('',(-2.,-1.375,0.2));
#12012 = DIRECTION('',(0.,-0.,-1.));
#12013 = DIRECTION('',(4.669739647545E-16,1.,0.));
#12014 = ADVANCED_FACE('',(#12015),#12026,.F.);
#12015 = FACE_BOUND('',#12016,.F.);
#12016 = EDGE_LOOP('',(#12017,#12018,#12024,#12025));
#12017 = ORIENTED_EDGE('',*,*,#10135,.F.);
#12018 = ORIENTED_EDGE('',*,*,#12019,.F.);
#12019 = EDGE_CURVE('',#10015,#10128,#12020,.T.);
#12020 = LINE('',#12021,#12022);
#12021 = CARTESIAN_POINT('',(-2.,-0.625,0.2));
#12022 = VECTOR('',#12023,1.);
#12023 = DIRECTION('',(-4.669739647545E-16,-1.,0.));
#12024 = ORIENTED_EDGE('',*,*,#10014,.F.);
#12025 = ORIENTED_EDGE('',*,*,#8996,.F.);
#12026 = PLANE('',#12027);
#12027 = AXIS2_PLACEMENT_3D('',#12028,#12029,#12030);
#12028 = CARTESIAN_POINT('',(-2.,-0.875,0.2));
#12029 = DIRECTION('',(0.,-0.,-1.));
#12030 = DIRECTION('',(4.669739647545E-16,1.,0.));
#12031 = ADVANCED_FACE('',(#12032),#12043,.F.);
#12032 = FACE_BOUND('',#12033,.F.);
#12033 = EDGE_LOOP('',(#12034,#12035,#12041,#12042));
#12034 = ORIENTED_EDGE('',*,*,#9743,.F.);
#12035 = ORIENTED_EDGE('',*,*,#12036,.F.);
#12036 = EDGE_CURVE('',#9623,#9736,#12037,.T.);
#12037 = LINE('',#12038,#12039);
#12038 = CARTESIAN_POINT('',(-2.,0.375,0.2));
#12039 = VECTOR('',#12040,1.);
#12040 = DIRECTION('',(-4.669739647545E-16,-1.,0.));
#12041 = ORIENTED_EDGE('',*,*,#9622,.F.);
#12042 = ORIENTED_EDGE('',*,*,#9042,.F.);
#12043 = PLANE('',#12044);
#12044 = AXIS2_PLACEMENT_3D('',#12045,#12046,#12047);
#12045 = CARTESIAN_POINT('',(-2.,0.125,0.2));
#12046 = DIRECTION('',(0.,-0.,-1.));
#12047 = DIRECTION('',(4.669739647545E-16,1.,0.));
#12048 = ADVANCED_FACE('',(#12049),#12060,.F.);
#12049 = FACE_BOUND('',#12050,.F.);
#12050 = EDGE_LOOP('',(#12051,#12052,#12058,#12059));
#12051 = ORIENTED_EDGE('',*,*,#9939,.F.);
#12052 = ORIENTED_EDGE('',*,*,#12053,.F.);
#12053 = EDGE_CURVE('',#9819,#9932,#12054,.T.);
#12054 = LINE('',#12055,#12056);
#12055 = CARTESIAN_POINT('',(-2.,-0.125,0.2));
#12056 = VECTOR('',#12057,1.);
#12057 = DIRECTION('',(-4.669739647545E-16,-1.,0.));
#12058 = ORIENTED_EDGE('',*,*,#9818,.F.);
#12059 = ORIENTED_EDGE('',*,*,#9019,.F.);
#12060 = PLANE('',#12061);
#12061 = AXIS2_PLACEMENT_3D('',#12062,#12063,#12064);
#12062 = CARTESIAN_POINT('',(-2.,-0.375,0.2));
#12063 = DIRECTION('',(0.,-0.,-1.));
#12064 = DIRECTION('',(4.669739647545E-16,1.,0.));
#12065 = ADVANCED_FACE('',(#12066),#12077,.F.);
#12066 = FACE_BOUND('',#12067,.F.);
#12067 = EDGE_LOOP('',(#12068,#12069,#12075,#12076));
#12068 = ORIENTED_EDGE('',*,*,#10170,.F.);
#12069 = ORIENTED_EDGE('',*,*,#12070,.F.);
#12070 = EDGE_CURVE('',#10294,#10163,#12071,.T.);
#12071 = LINE('',#12072,#12073);
#12072 = CARTESIAN_POINT('',(1.375,2.,0.2));
#12073 = VECTOR('',#12074,1.);
#12074 = DIRECTION('',(-1.,4.555315873023E-16,0.));
#12075 = ORIENTED_EDGE('',*,*,#10293,.F.);
#12076 = ORIENTED_EDGE('',*,*,#9241,.F.);
#12077 = PLANE('',#12078);
#12078 = AXIS2_PLACEMENT_3D('',#12079,#12080,#12081);
#12079 = CARTESIAN_POINT('',(1.125,2.,0.2));
#12080 = DIRECTION('',(-0.,0.,-1.));
#12081 = DIRECTION('',(1.,-4.555315873023E-16,-0.));
#12082 = ADVANCED_FACE('',(#12083),#12094,.F.);
#12083 = FACE_BOUND('',#12084,.F.);
#12084 = EDGE_LOOP('',(#12085,#12086,#12092,#12093));
#12085 = ORIENTED_EDGE('',*,*,#9288,.F.);
#12086 = ORIENTED_EDGE('',*,*,#12087,.F.);
#12087 = EDGE_CURVE('',#9412,#9281,#12088,.T.);
#12088 = LINE('',#12089,#12090);
#12089 = CARTESIAN_POINT('',(-1.125,2.,0.2));
#12090 = VECTOR('',#12091,1.);
#12091 = DIRECTION('',(-1.,4.555315873023E-16,0.));
#12092 = ORIENTED_EDGE('',*,*,#9411,.F.);
#12093 = ORIENTED_EDGE('',*,*,#9126,.F.);
#12094 = PLANE('',#12095);
#12095 = AXIS2_PLACEMENT_3D('',#12096,#12097,#12098);
#12096 = CARTESIAN_POINT('',(-1.375,2.,0.2));
#12097 = DIRECTION('',(-0.,0.,-1.));
#12098 = DIRECTION('',(1.,-4.555315873023E-16,-0.));
#12099 = ADVANCED_FACE('',(#12100),#12111,.F.);
#12100 = FACE_BOUND('',#12101,.F.);
#12101 = EDGE_LOOP('',(#12102,#12103,#12109,#12110));
#12102 = ORIENTED_EDGE('',*,*,#9974,.F.);
#12103 = ORIENTED_EDGE('',*,*,#12104,.F.);
#12104 = EDGE_CURVE('',#10098,#9967,#12105,.T.);
#12105 = LINE('',#12106,#12107);
#12106 = CARTESIAN_POINT('',(0.875,2.,0.2));
#12107 = VECTOR('',#12108,1.);
#12108 = DIRECTION('',(-1.,4.555315873023E-16,0.));
#12109 = ORIENTED_EDGE('',*,*,#10097,.F.);
#12110 = ORIENTED_EDGE('',*,*,#9218,.F.);
#12111 = PLANE('',#12112);
#12112 = AXIS2_PLACEMENT_3D('',#12113,#12114,#12115);
#12113 = CARTESIAN_POINT('',(0.625,2.,0.2));
#12114 = DIRECTION('',(-0.,0.,-1.));
#12115 = DIRECTION('',(1.,-4.555315873023E-16,-0.));
#12116 = ADVANCED_FACE('',(#12117),#12128,.F.);
#12117 = FACE_BOUND('',#12118,.F.);
#12118 = EDGE_LOOP('',(#12119,#12120,#12126,#12127));
#12119 = ORIENTED_EDGE('',*,*,#9484,.F.);
#12120 = ORIENTED_EDGE('',*,*,#12121,.F.);
#12121 = EDGE_CURVE('',#9543,#9477,#12122,.T.);
#12122 = LINE('',#12123,#12124);
#12123 = CARTESIAN_POINT('',(-0.625,2.,0.2));
#12124 = VECTOR('',#12125,1.);
#12125 = DIRECTION('',(-1.,4.555315873023E-16,0.));
#12126 = ORIENTED_EDGE('',*,*,#9542,.F.);
#12127 = ORIENTED_EDGE('',*,*,#9149,.F.);
#12128 = PLANE('',#12129);
#12129 = AXIS2_PLACEMENT_3D('',#12130,#12131,#12132);
#12130 = CARTESIAN_POINT('',(-0.875,2.,0.2));
#12131 = DIRECTION('',(-0.,0.,-1.));
#12132 = DIRECTION('',(1.,-4.555315873023E-16,-0.));
#12133 = ADVANCED_FACE('',(#12134),#12145,.F.);
#12134 = FACE_BOUND('',#12135,.F.);
#12135 = EDGE_LOOP('',(#12136,#12137,#12143,#12144));
#12136 = ORIENTED_EDGE('',*,*,#9778,.F.);
#12137 = ORIENTED_EDGE('',*,*,#12138,.F.);
#12138 = EDGE_CURVE('',#9902,#9771,#12139,.T.);
#12139 = LINE('',#12140,#12141);
#12140 = CARTESIAN_POINT('',(0.375,2.,0.2));
#12141 = VECTOR('',#12142,1.);
#12142 = DIRECTION('',(-1.,4.555315873023E-16,0.));
#12143 = ORIENTED_EDGE('',*,*,#9901,.F.);
#12144 = ORIENTED_EDGE('',*,*,#9195,.F.);
#12145 = PLANE('',#12146);
#12146 = AXIS2_PLACEMENT_3D('',#12147,#12148,#12149);
#12147 = CARTESIAN_POINT('',(0.125,2.,0.2));
#12148 = DIRECTION('',(-0.,0.,-1.));
#12149 = DIRECTION('',(1.,-4.555315873023E-16,-0.));
#12150 = ADVANCED_FACE('',(#12151),#12162,.F.);
#12151 = FACE_BOUND('',#12152,.F.);
#12152 = EDGE_LOOP('',(#12153,#12154,#12160,#12161));
#12153 = ORIENTED_EDGE('',*,*,#9582,.F.);
#12154 = ORIENTED_EDGE('',*,*,#12155,.F.);
#12155 = EDGE_CURVE('',#9706,#9575,#12156,.T.);
#12156 = LINE('',#12157,#12158);
#12157 = CARTESIAN_POINT('',(-0.125,2.,0.2));
#12158 = VECTOR('',#12159,1.);
#12159 = DIRECTION('',(-1.,4.555315873023E-16,0.));
#12160 = ORIENTED_EDGE('',*,*,#9705,.F.);
#12161 = ORIENTED_EDGE('',*,*,#9172,.F.);
#12162 = PLANE('',#12163);
#12163 = AXIS2_PLACEMENT_3D('',#12164,#12165,#12166);
#12164 = CARTESIAN_POINT('',(-0.375,2.,0.2));
#12165 = DIRECTION('',(-0.,0.,-1.));
#12166 = DIRECTION('',(1.,-4.555315873023E-16,-0.));
#12167 = ADVANCED_FACE('',(#12168),#12179,.T.);
#12168 = FACE_BOUND('',#12169,.F.);
#12169 = EDGE_LOOP('',(#12170,#12171,#12172,#12173));
#12170 = ORIENTED_EDGE('',*,*,#9270,.T.);
#12171 = ORIENTED_EDGE('',*,*,#9360,.T.);
#12172 = ORIENTED_EDGE('',*,*,#9400,.T.);
#12173 = ORIENTED_EDGE('',*,*,#12174,.T.);
#12174 = EDGE_CURVE('',#9401,#9271,#12175,.T.);
#12175 = LINE('',#12176,#12177);
#12176 = CARTESIAN_POINT('',(-1.125,2.,0.));
#12177 = VECTOR('',#12178,1.);
#12178 = DIRECTION('',(-1.,4.555315873023E-16,0.));
#12179 = PLANE('',#12180);
#12180 = AXIS2_PLACEMENT_3D('',#12181,#12182,#12183);
#12181 = CARTESIAN_POINT('',(-1.375,2.,0.));
#12182 = DIRECTION('',(-0.,0.,-1.));
#12183 = DIRECTION('',(1.,-4.555315873023E-16,-0.));
#12184 = ADVANCED_FACE('',(#12185),#12191,.F.);
#12185 = FACE_BOUND('',#12186,.F.);
#12186 = EDGE_LOOP('',(#12187,#12188,#12189,#12190));
#12187 = ORIENTED_EDGE('',*,*,#9419,.T.);
#12188 = ORIENTED_EDGE('',*,*,#12087,.T.);
#12189 = ORIENTED_EDGE('',*,*,#9280,.F.);
#12190 = ORIENTED_EDGE('',*,*,#12174,.F.);
#12191 = PLANE('',#12192);
#12192 = AXIS2_PLACEMENT_3D('',#12193,#12194,#12195);
#12193 = CARTESIAN_POINT('',(-1.125,2.,0.));
#12194 = DIRECTION('',(-4.555315873023E-16,-1.,0.));
#12195 = DIRECTION('',(-1.,4.555315873023E-16,0.));
#12196 = ADVANCED_FACE('',(#12197),#12208,.T.);
#12197 = FACE_BOUND('',#12198,.F.);
#12198 = EDGE_LOOP('',(#12199,#12200,#12201,#12202));
#12199 = ORIENTED_EDGE('',*,*,#9433,.T.);
#12200 = ORIENTED_EDGE('',*,*,#9385,.T.);
#12201 = ORIENTED_EDGE('',*,*,#9310,.T.);
#12202 = ORIENTED_EDGE('',*,*,#12203,.T.);
#12203 = EDGE_CURVE('',#9313,#9434,#12204,.T.);
#12204 = LINE('',#12205,#12206);
#12205 = CARTESIAN_POINT('',(-2.,1.375,0.));
#12206 = VECTOR('',#12207,1.);
#12207 = DIRECTION('',(-4.669739647545E-16,-1.,0.));
#12208 = PLANE('',#12209);
#12209 = AXIS2_PLACEMENT_3D('',#12210,#12211,#12212);
#12210 = CARTESIAN_POINT('',(-2.,1.125,0.));
#12211 = DIRECTION('',(0.,-0.,-1.));
#12212 = DIRECTION('',(4.669739647545E-16,1.,0.));
#12213 = ADVANCED_FACE('',(#12214),#12220,.F.);
#12214 = FACE_BOUND('',#12215,.F.);
#12215 = EDGE_LOOP('',(#12216,#12217,#12218,#12219));
#12216 = ORIENTED_EDGE('',*,*,#9336,.T.);
#12217 = ORIENTED_EDGE('',*,*,#11985,.T.);
#12218 = ORIENTED_EDGE('',*,*,#9441,.F.);
#12219 = ORIENTED_EDGE('',*,*,#12203,.F.);
#12220 = PLANE('',#12221);
#12221 = AXIS2_PLACEMENT_3D('',#12222,#12223,#12224);
#12222 = CARTESIAN_POINT('',(-2.,1.375,0.));
#12223 = DIRECTION('',(1.,-4.669739647545E-16,0.));
#12224 = DIRECTION('',(-4.669739647545E-16,-1.,0.));
#12225 = ADVANCED_FACE('',(#12226),#12237,.T.);
#12226 = FACE_BOUND('',#12227,.F.);
#12227 = EDGE_LOOP('',(#12228,#12229,#12230,#12231));
#12228 = ORIENTED_EDGE('',*,*,#9466,.T.);
#12229 = ORIENTED_EDGE('',*,*,#9516,.T.);
#12230 = ORIENTED_EDGE('',*,*,#9531,.T.);
#12231 = ORIENTED_EDGE('',*,*,#12232,.T.);
#12232 = EDGE_CURVE('',#9532,#9467,#12233,.T.);
#12233 = LINE('',#12234,#12235);
#12234 = CARTESIAN_POINT('',(-0.625,2.,0.));
#12235 = VECTOR('',#12236,1.);
#12236 = DIRECTION('',(-1.,4.555315873023E-16,0.));
#12237 = PLANE('',#12238);
#12238 = AXIS2_PLACEMENT_3D('',#12239,#12240,#12241);
#12239 = CARTESIAN_POINT('',(-0.875,2.,0.));
#12240 = DIRECTION('',(-0.,0.,-1.));
#12241 = DIRECTION('',(1.,-4.555315873023E-16,-0.));
#12242 = ADVANCED_FACE('',(#12243),#12249,.F.);
#12243 = FACE_BOUND('',#12244,.F.);
#12244 = EDGE_LOOP('',(#12245,#12246,#12247,#12248));
#12245 = ORIENTED_EDGE('',*,*,#9550,.T.);
#12246 = ORIENTED_EDGE('',*,*,#12121,.T.);
#12247 = ORIENTED_EDGE('',*,*,#9476,.F.);
#12248 = ORIENTED_EDGE('',*,*,#12232,.F.);
#12249 = PLANE('',#12250);
#12250 = AXIS2_PLACEMENT_3D('',#12251,#12252,#12253);
#12251 = CARTESIAN_POINT('',(-0.625,2.,0.));
#12252 = DIRECTION('',(-4.555315873023E-16,-1.,0.));
#12253 = DIRECTION('',(-1.,4.555315873023E-16,0.));
#12254 = ADVANCED_FACE('',(#12255),#12266,.T.);
#12255 = FACE_BOUND('',#12256,.F.);
#12256 = EDGE_LOOP('',(#12257,#12258,#12259,#12260));
#12257 = ORIENTED_EDGE('',*,*,#9564,.T.);
#12258 = ORIENTED_EDGE('',*,*,#9654,.T.);
#12259 = ORIENTED_EDGE('',*,*,#9694,.T.);
#12260 = ORIENTED_EDGE('',*,*,#12261,.T.);
#12261 = EDGE_CURVE('',#9695,#9565,#12262,.T.);
#12262 = LINE('',#12263,#12264);
#12263 = CARTESIAN_POINT('',(-0.125,2.,0.));
#12264 = VECTOR('',#12265,1.);
#12265 = DIRECTION('',(-1.,4.555315873023E-16,0.));
#12266 = PLANE('',#12267);
#12267 = AXIS2_PLACEMENT_3D('',#12268,#12269,#12270);
#12268 = CARTESIAN_POINT('',(-0.375,2.,0.));
#12269 = DIRECTION('',(-0.,0.,-1.));
#12270 = DIRECTION('',(1.,-4.555315873023E-16,-0.));
#12271 = ADVANCED_FACE('',(#12272),#12278,.F.);
#12272 = FACE_BOUND('',#12273,.F.);
#12273 = EDGE_LOOP('',(#12274,#12275,#12276,#12277));
#12274 = ORIENTED_EDGE('',*,*,#9713,.T.);
#12275 = ORIENTED_EDGE('',*,*,#12155,.T.);
#12276 = ORIENTED_EDGE('',*,*,#9574,.F.);
#12277 = ORIENTED_EDGE('',*,*,#12261,.F.);
#12278 = PLANE('',#12279);
#12279 = AXIS2_PLACEMENT_3D('',#12280,#12281,#12282);
#12280 = CARTESIAN_POINT('',(-0.125,2.,0.));
#12281 = DIRECTION('',(-4.555315873023E-16,-1.,0.));
#12282 = DIRECTION('',(-1.,4.555315873023E-16,0.));
#12283 = ADVANCED_FACE('',(#12284),#12295,.T.);
#12284 = FACE_BOUND('',#12285,.F.);
#12285 = EDGE_LOOP('',(#12286,#12287,#12288,#12289));
#12286 = ORIENTED_EDGE('',*,*,#9727,.T.);
#12287 = ORIENTED_EDGE('',*,*,#9679,.T.);
#12288 = ORIENTED_EDGE('',*,*,#9604,.T.);
#12289 = ORIENTED_EDGE('',*,*,#12290,.T.);
#12290 = EDGE_CURVE('',#9607,#9728,#12291,.T.);
#12291 = LINE('',#12292,#12293);
#12292 = CARTESIAN_POINT('',(-2.,0.375,0.));
#12293 = VECTOR('',#12294,1.);
#12294 = DIRECTION('',(-4.669739647545E-16,-1.,0.));
#12295 = PLANE('',#12296);
#12296 = AXIS2_PLACEMENT_3D('',#12297,#12298,#12299);
#12297 = CARTESIAN_POINT('',(-2.,0.125,0.));
#12298 = DIRECTION('',(0.,-0.,-1.));
#12299 = DIRECTION('',(4.669739647545E-16,1.,0.));
#12300 = ADVANCED_FACE('',(#12301),#12307,.F.);
#12301 = FACE_BOUND('',#12302,.F.);
#12302 = EDGE_LOOP('',(#12303,#12304,#12305,#12306));
#12303 = ORIENTED_EDGE('',*,*,#9630,.T.);
#12304 = ORIENTED_EDGE('',*,*,#12036,.T.);
#12305 = ORIENTED_EDGE('',*,*,#9735,.F.);
#12306 = ORIENTED_EDGE('',*,*,#12290,.F.);
#12307 = PLANE('',#12308);
#12308 = AXIS2_PLACEMENT_3D('',#12309,#12310,#12311);
#12309 = CARTESIAN_POINT('',(-2.,0.375,0.));
#12310 = DIRECTION('',(1.,-4.669739647545E-16,0.));
#12311 = DIRECTION('',(-4.669739647545E-16,-1.,0.));
#12312 = ADVANCED_FACE('',(#12313),#12324,.T.);
#12313 = FACE_BOUND('',#12314,.F.);
#12314 = EDGE_LOOP('',(#12315,#12316,#12317,#12318));
#12315 = ORIENTED_EDGE('',*,*,#9760,.T.);
#12316 = ORIENTED_EDGE('',*,*,#9850,.T.);
#12317 = ORIENTED_EDGE('',*,*,#9890,.T.);
#12318 = ORIENTED_EDGE('',*,*,#12319,.T.);
#12319 = EDGE_CURVE('',#9891,#9761,#12320,.T.);
#12320 = LINE('',#12321,#12322);
#12321 = CARTESIAN_POINT('',(0.375,2.,0.));
#12322 = VECTOR('',#12323,1.);
#12323 = DIRECTION('',(-1.,4.555315873023E-16,0.));
#12324 = PLANE('',#12325);
#12325 = AXIS2_PLACEMENT_3D('',#12326,#12327,#12328);
#12326 = CARTESIAN_POINT('',(0.125,2.,0.));
#12327 = DIRECTION('',(-0.,0.,-1.));
#12328 = DIRECTION('',(1.,-4.555315873023E-16,-0.));
#12329 = ADVANCED_FACE('',(#12330),#12336,.F.);
#12330 = FACE_BOUND('',#12331,.F.);
#12331 = EDGE_LOOP('',(#12332,#12333,#12334,#12335));
#12332 = ORIENTED_EDGE('',*,*,#9909,.T.);
#12333 = ORIENTED_EDGE('',*,*,#12138,.T.);
#12334 = ORIENTED_EDGE('',*,*,#9770,.F.);
#12335 = ORIENTED_EDGE('',*,*,#12319,.F.);
#12336 = PLANE('',#12337);
#12337 = AXIS2_PLACEMENT_3D('',#12338,#12339,#12340);
#12338 = CARTESIAN_POINT('',(0.375,2.,0.));
#12339 = DIRECTION('',(-4.555315873023E-16,-1.,0.));
#12340 = DIRECTION('',(-1.,4.555315873023E-16,0.));
#12341 = ADVANCED_FACE('',(#12342),#12353,.T.);
#12342 = FACE_BOUND('',#12343,.F.);
#12343 = EDGE_LOOP('',(#12344,#12345,#12346,#12347));
#12344 = ORIENTED_EDGE('',*,*,#9923,.T.);
#12345 = ORIENTED_EDGE('',*,*,#9875,.T.);
#12346 = ORIENTED_EDGE('',*,*,#9800,.T.);
#12347 = ORIENTED_EDGE('',*,*,#12348,.T.);
#12348 = EDGE_CURVE('',#9803,#9924,#12349,.T.);
#12349 = LINE('',#12350,#12351);
#12350 = CARTESIAN_POINT('',(-2.,-0.125,0.));
#12351 = VECTOR('',#12352,1.);
#12352 = DIRECTION('',(-4.669739647545E-16,-1.,0.));
#12353 = PLANE('',#12354);
#12354 = AXIS2_PLACEMENT_3D('',#12355,#12356,#12357);
#12355 = CARTESIAN_POINT('',(-2.,-0.375,0.));
#12356 = DIRECTION('',(0.,-0.,-1.));
#12357 = DIRECTION('',(4.669739647545E-16,1.,0.));
#12358 = ADVANCED_FACE('',(#12359),#12365,.F.);
#12359 = FACE_BOUND('',#12360,.F.);
#12360 = EDGE_LOOP('',(#12361,#12362,#12363,#12364));
#12361 = ORIENTED_EDGE('',*,*,#9826,.T.);
#12362 = ORIENTED_EDGE('',*,*,#12053,.T.);
#12363 = ORIENTED_EDGE('',*,*,#9931,.F.);
#12364 = ORIENTED_EDGE('',*,*,#12348,.F.);
#12365 = PLANE('',#12366);
#12366 = AXIS2_PLACEMENT_3D('',#12367,#12368,#12369);
#12367 = CARTESIAN_POINT('',(-2.,-0.125,0.));
#12368 = DIRECTION('',(1.,-4.669739647545E-16,0.));
#12369 = DIRECTION('',(-4.669739647545E-16,-1.,0.));
#12370 = ADVANCED_FACE('',(#12371),#12382,.T.);
#12371 = FACE_BOUND('',#12372,.F.);
#12372 = EDGE_LOOP('',(#12373,#12374,#12375,#12376));
#12373 = ORIENTED_EDGE('',*,*,#9956,.T.);
#12374 = ORIENTED_EDGE('',*,*,#10046,.T.);
#12375 = ORIENTED_EDGE('',*,*,#10086,.T.);
#12376 = ORIENTED_EDGE('',*,*,#12377,.T.);
#12377 = EDGE_CURVE('',#10087,#9957,#12378,.T.);
#12378 = LINE('',#12379,#12380);
#12379 = CARTESIAN_POINT('',(0.875,2.,0.));
#12380 = VECTOR('',#12381,1.);
#12381 = DIRECTION('',(-1.,4.555315873023E-16,0.));
#12382 = PLANE('',#12383);
#12383 = AXIS2_PLACEMENT_3D('',#12384,#12385,#12386);
#12384 = CARTESIAN_POINT('',(0.625,2.,0.));
#12385 = DIRECTION('',(-0.,0.,-1.));
#12386 = DIRECTION('',(1.,-4.555315873023E-16,-0.));
#12387 = ADVANCED_FACE('',(#12388),#12394,.F.);
#12388 = FACE_BOUND('',#12389,.F.);
#12389 = EDGE_LOOP('',(#12390,#12391,#12392,#12393));
#12390 = ORIENTED_EDGE('',*,*,#10105,.T.);
#12391 = ORIENTED_EDGE('',*,*,#12104,.T.);
#12392 = ORIENTED_EDGE('',*,*,#9966,.F.);
#12393 = ORIENTED_EDGE('',*,*,#12377,.F.);
#12394 = PLANE('',#12395);
#12395 = AXIS2_PLACEMENT_3D('',#12396,#12397,#12398);
#12396 = CARTESIAN_POINT('',(0.875,2.,0.));
#12397 = DIRECTION('',(-4.555315873023E-16,-1.,0.));
#12398 = DIRECTION('',(-1.,4.555315873023E-16,0.));
#12399 = ADVANCED_FACE('',(#12400),#12411,.T.);
#12400 = FACE_BOUND('',#12401,.F.);
#12401 = EDGE_LOOP('',(#12402,#12403,#12404,#12405));
#12402 = ORIENTED_EDGE('',*,*,#10119,.T.);
#12403 = ORIENTED_EDGE('',*,*,#10071,.T.);
#12404 = ORIENTED_EDGE('',*,*,#9996,.T.);
#12405 = ORIENTED_EDGE('',*,*,#12406,.T.);
#12406 = EDGE_CURVE('',#9999,#10120,#12407,.T.);
#12407 = LINE('',#12408,#12409);
#12408 = CARTESIAN_POINT('',(-2.,-0.625,0.));
#12409 = VECTOR('',#12410,1.);
#12410 = DIRECTION('',(-4.669739647545E-16,-1.,0.));
#12411 = PLANE('',#12412);
#12412 = AXIS2_PLACEMENT_3D('',#12413,#12414,#12415);
#12413 = CARTESIAN_POINT('',(-2.,-0.875,0.));
#12414 = DIRECTION('',(0.,-0.,-1.));
#12415 = DIRECTION('',(4.669739647545E-16,1.,0.));
#12416 = ADVANCED_FACE('',(#12417),#12423,.F.);
#12417 = FACE_BOUND('',#12418,.F.);
#12418 = EDGE_LOOP('',(#12419,#12420,#12421,#12422));
#12419 = ORIENTED_EDGE('',*,*,#10022,.T.);
#12420 = ORIENTED_EDGE('',*,*,#12019,.T.);
#12421 = ORIENTED_EDGE('',*,*,#10127,.F.);
#12422 = ORIENTED_EDGE('',*,*,#12406,.F.);
#12423 = PLANE('',#12424);
#12424 = AXIS2_PLACEMENT_3D('',#12425,#12426,#12427);
#12425 = CARTESIAN_POINT('',(-2.,-0.625,0.));
#12426 = DIRECTION('',(1.,-4.669739647545E-16,0.));
#12427 = DIRECTION('',(-4.669739647545E-16,-1.,0.));
#12428 = ADVANCED_FACE('',(#12429),#12440,.T.);
#12429 = FACE_BOUND('',#12430,.F.);
#12430 = EDGE_LOOP('',(#12431,#12432,#12433,#12434));
#12431 = ORIENTED_EDGE('',*,*,#10152,.T.);
#12432 = ORIENTED_EDGE('',*,*,#10242,.T.);
#12433 = ORIENTED_EDGE('',*,*,#10282,.T.);
#12434 = ORIENTED_EDGE('',*,*,#12435,.T.);
#12435 = EDGE_CURVE('',#10283,#10153,#12436,.T.);
#12436 = LINE('',#12437,#12438);
#12437 = CARTESIAN_POINT('',(1.375,2.,0.));
#12438 = VECTOR('',#12439,1.);
#12439 = DIRECTION('',(-1.,4.555315873023E-16,0.));
#12440 = PLANE('',#12441);
#12441 = AXIS2_PLACEMENT_3D('',#12442,#12443,#12444);
#12442 = CARTESIAN_POINT('',(1.125,2.,0.));
#12443 = DIRECTION('',(-0.,0.,-1.));
#12444 = DIRECTION('',(1.,-4.555315873023E-16,-0.));
#12445 = ADVANCED_FACE('',(#12446),#12452,.F.);
#12446 = FACE_BOUND('',#12447,.F.);
#12447 = EDGE_LOOP('',(#12448,#12449,#12450,#12451));
#12448 = ORIENTED_EDGE('',*,*,#10301,.T.);
#12449 = ORIENTED_EDGE('',*,*,#12070,.T.);
#12450 = ORIENTED_EDGE('',*,*,#10162,.F.);
#12451 = ORIENTED_EDGE('',*,*,#12435,.F.);
#12452 = PLANE('',#12453);
#12453 = AXIS2_PLACEMENT_3D('',#12454,#12455,#12456);
#12454 = CARTESIAN_POINT('',(1.375,2.,0.));
#12455 = DIRECTION('',(-4.555315873023E-16,-1.,0.));
#12456 = DIRECTION('',(-1.,4.555315873023E-16,0.));
#12457 = ADVANCED_FACE('',(#12458),#12469,.T.);
#12458 = FACE_BOUND('',#12459,.F.);
#12459 = EDGE_LOOP('',(#12460,#12461,#12462,#12463));
#12460 = ORIENTED_EDGE('',*,*,#10315,.T.);
#12461 = ORIENTED_EDGE('',*,*,#10267,.T.);
#12462 = ORIENTED_EDGE('',*,*,#10192,.T.);
#12463 = ORIENTED_EDGE('',*,*,#12464,.T.);
#12464 = EDGE_CURVE('',#10195,#10316,#12465,.T.);
#12465 = LINE('',#12466,#12467);
#12466 = CARTESIAN_POINT('',(-2.,-1.125,0.));
#12467 = VECTOR('',#12468,1.);
#12468 = DIRECTION('',(-4.669739647545E-16,-1.,0.));
#12469 = PLANE('',#12470);
#12470 = AXIS2_PLACEMENT_3D('',#12471,#12472,#12473);
#12471 = CARTESIAN_POINT('',(-2.,-1.375,0.));
#12472 = DIRECTION('',(0.,-0.,-1.));
#12473 = DIRECTION('',(4.669739647545E-16,1.,0.));
#12474 = ADVANCED_FACE('',(#12475),#12481,.F.);
#12475 = FACE_BOUND('',#12476,.F.);
#12476 = EDGE_LOOP('',(#12477,#12478,#12479,#12480));
#12477 = ORIENTED_EDGE('',*,*,#10218,.T.);
#12478 = ORIENTED_EDGE('',*,*,#12002,.T.);
#12479 = ORIENTED_EDGE('',*,*,#10323,.F.);
#12480 = ORIENTED_EDGE('',*,*,#12464,.F.);
#12481 = PLANE('',#12482);
#12482 = AXIS2_PLACEMENT_3D('',#12483,#12484,#12485);
#12483 = CARTESIAN_POINT('',(-2.,-1.125,0.));
#12484 = DIRECTION('',(1.,-4.669739647545E-16,0.));
#12485 = DIRECTION('',(-4.669739647545E-16,-1.,0.));
#12486 = ADVANCED_FACE('',(#12487),#12498,.F.);
#12487 = FACE_BOUND('',#12488,.F.);
#12488 = EDGE_LOOP('',(#12489,#12490,#12496,#12497));
#12489 = ORIENTED_EDGE('',*,*,#10683,.F.);
#12490 = ORIENTED_EDGE('',*,*,#12491,.F.);
#12491 = EDGE_CURVE('',#10807,#10676,#12492,.T.);
#12492 = LINE('',#12493,#12494);
#12493 = CARTESIAN_POINT('',(2.,1.125,0.2));
#12494 = VECTOR('',#12495,1.);
#12495 = DIRECTION('',(3.445092848398E-16,1.,0.));
#12496 = ORIENTED_EDGE('',*,*,#10806,.F.);
#12497 = ORIENTED_EDGE('',*,*,#10488,.T.);
#12498 = PLANE('',#12499);
#12499 = AXIS2_PLACEMENT_3D('',#12500,#12501,#12502);
#12500 = CARTESIAN_POINT('',(2.,1.375,0.2));
#12501 = DIRECTION('',(0.,0.,-1.));
#12502 = DIRECTION('',(-3.445092848398E-16,-1.,-0.));
#12503 = ADVANCED_FACE('',(#12504),#12515,.F.);
#12504 = FACE_BOUND('',#12505,.F.);
#12505 = EDGE_LOOP('',(#12506,#12507,#12513,#12514));
#12506 = ORIENTED_EDGE('',*,*,#11663,.F.);
#12507 = ORIENTED_EDGE('',*,*,#12508,.F.);
#12508 = EDGE_CURVE('',#11787,#11656,#12509,.T.);
#12509 = LINE('',#12510,#12511);
#12510 = CARTESIAN_POINT('',(2.,-1.375,0.2));
#12511 = VECTOR('',#12512,1.);
#12512 = DIRECTION('',(3.445092848398E-16,1.,0.));
#12513 = ORIENTED_EDGE('',*,*,#11786,.F.);
#12514 = ORIENTED_EDGE('',*,*,#10373,.T.);
#12515 = PLANE('',#12516);
#12516 = AXIS2_PLACEMENT_3D('',#12517,#12518,#12519);
#12517 = CARTESIAN_POINT('',(2.,-1.125,0.2));
#12518 = DIRECTION('',(0.,0.,-1.));
#12519 = DIRECTION('',(-3.445092848398E-16,-1.,-0.));
#12520 = ADVANCED_FACE('',(#12521),#12532,.F.);
#12521 = FACE_BOUND('',#12522,.F.);
#12522 = EDGE_LOOP('',(#12523,#12524,#12530,#12531));
#12523 = ORIENTED_EDGE('',*,*,#10879,.F.);
#12524 = ORIENTED_EDGE('',*,*,#12525,.F.);
#12525 = EDGE_CURVE('',#11003,#10872,#12526,.T.);
#12526 = LINE('',#12527,#12528);
#12527 = CARTESIAN_POINT('',(2.,0.625,0.2));
#12528 = VECTOR('',#12529,1.);
#12529 = DIRECTION('',(3.445092848398E-16,1.,0.));
#12530 = ORIENTED_EDGE('',*,*,#11002,.F.);
#12531 = ORIENTED_EDGE('',*,*,#10465,.T.);
#12532 = PLANE('',#12533);
#12533 = AXIS2_PLACEMENT_3D('',#12534,#12535,#12536);
#12534 = CARTESIAN_POINT('',(2.,0.875,0.2));
#12535 = DIRECTION('',(0.,0.,-1.));
#12536 = DIRECTION('',(-3.445092848398E-16,-1.,-0.));
#12537 = ADVANCED_FACE('',(#12538),#12549,.F.);
#12538 = FACE_BOUND('',#12539,.F.);
#12539 = EDGE_LOOP('',(#12540,#12541,#12547,#12548));
#12540 = ORIENTED_EDGE('',*,*,#11467,.F.);
#12541 = ORIENTED_EDGE('',*,*,#12542,.F.);
#12542 = EDGE_CURVE('',#11591,#11460,#12543,.T.);
#12543 = LINE('',#12544,#12545);
#12544 = CARTESIAN_POINT('',(2.,-0.875,0.2));
#12545 = VECTOR('',#12546,1.);
#12546 = DIRECTION('',(3.445092848398E-16,1.,0.));
#12547 = ORIENTED_EDGE('',*,*,#11590,.F.);
#12548 = ORIENTED_EDGE('',*,*,#10396,.T.);
#12549 = PLANE('',#12550);
#12550 = AXIS2_PLACEMENT_3D('',#12551,#12552,#12553);
#12551 = CARTESIAN_POINT('',(2.,-0.625,0.2));
#12552 = DIRECTION('',(0.,0.,-1.));
#12553 = DIRECTION('',(-3.445092848398E-16,-1.,-0.));
#12554 = ADVANCED_FACE('',(#12555),#12566,.F.);
#12555 = FACE_BOUND('',#12556,.F.);
#12556 = EDGE_LOOP('',(#12557,#12558,#12564,#12565));
#12557 = ORIENTED_EDGE('',*,*,#11075,.F.);
#12558 = ORIENTED_EDGE('',*,*,#12559,.F.);
#12559 = EDGE_CURVE('',#11199,#11068,#12560,.T.);
#12560 = LINE('',#12561,#12562);
#12561 = CARTESIAN_POINT('',(2.,0.125,0.2));
#12562 = VECTOR('',#12563,1.);
#12563 = DIRECTION('',(3.445092848398E-16,1.,0.));
#12564 = ORIENTED_EDGE('',*,*,#11198,.F.);
#12565 = ORIENTED_EDGE('',*,*,#10442,.T.);
#12566 = PLANE('',#12567);
#12567 = AXIS2_PLACEMENT_3D('',#12568,#12569,#12570);
#12568 = CARTESIAN_POINT('',(2.,0.375,0.2));
#12569 = DIRECTION('',(0.,0.,-1.));
#12570 = DIRECTION('',(-3.445092848398E-16,-1.,-0.));
#12571 = ADVANCED_FACE('',(#12572),#12583,.F.);
#12572 = FACE_BOUND('',#12573,.F.);
#12573 = EDGE_LOOP('',(#12574,#12575,#12581,#12582));
#12574 = ORIENTED_EDGE('',*,*,#11271,.F.);
#12575 = ORIENTED_EDGE('',*,*,#12576,.F.);
#12576 = EDGE_CURVE('',#11395,#11264,#12577,.T.);
#12577 = LINE('',#12578,#12579);
#12578 = CARTESIAN_POINT('',(2.,-0.375,0.2));
#12579 = VECTOR('',#12580,1.);
#12580 = DIRECTION('',(3.445092848398E-16,1.,0.));
#12581 = ORIENTED_EDGE('',*,*,#11394,.F.);
#12582 = ORIENTED_EDGE('',*,*,#10419,.T.);
#12583 = PLANE('',#12584);
#12584 = AXIS2_PLACEMENT_3D('',#12585,#12586,#12587);
#12585 = CARTESIAN_POINT('',(2.,-0.125,0.2));
#12586 = DIRECTION('',(0.,0.,-1.));
#12587 = DIRECTION('',(-3.445092848398E-16,-1.,-0.));
#12588 = ADVANCED_FACE('',(#12589),#12600,.F.);
#12589 = FACE_BOUND('',#12590,.F.);
#12590 = EDGE_LOOP('',(#12591,#12592,#12598,#12599));
#12591 = ORIENTED_EDGE('',*,*,#11824,.F.);
#12592 = ORIENTED_EDGE('',*,*,#12593,.F.);
#12593 = EDGE_CURVE('',#11704,#11817,#12594,.T.);
#12594 = LINE('',#12595,#12596);
#12595 = CARTESIAN_POINT('',(1.125,-2.,0.2));
#12596 = VECTOR('',#12597,1.);
#12597 = DIRECTION('',(1.,-5.665538897648E-16,0.));
#12598 = ORIENTED_EDGE('',*,*,#11703,.F.);
#12599 = ORIENTED_EDGE('',*,*,#10641,.T.);
#12600 = PLANE('',#12601);
#12601 = AXIS2_PLACEMENT_3D('',#12602,#12603,#12604);
#12602 = CARTESIAN_POINT('',(1.375,-2.,0.2));
#12603 = DIRECTION('',(0.,0.,-1.));
#12604 = DIRECTION('',(-1.,5.665538897648E-16,0.));
#12605 = ADVANCED_FACE('',(#12606),#12617,.F.);
#12606 = FACE_BOUND('',#12607,.F.);
#12607 = EDGE_LOOP('',(#12608,#12609,#12615,#12616));
#12608 = ORIENTED_EDGE('',*,*,#10844,.F.);
#12609 = ORIENTED_EDGE('',*,*,#12610,.F.);
#12610 = EDGE_CURVE('',#10724,#10837,#12611,.T.);
#12611 = LINE('',#12612,#12613);
#12612 = CARTESIAN_POINT('',(-1.375,-2.,0.2));
#12613 = VECTOR('',#12614,1.);
#12614 = DIRECTION('',(1.,-5.665538897648E-16,0.));
#12615 = ORIENTED_EDGE('',*,*,#10723,.F.);
#12616 = ORIENTED_EDGE('',*,*,#10526,.T.);
#12617 = PLANE('',#12618);
#12618 = AXIS2_PLACEMENT_3D('',#12619,#12620,#12621);
#12619 = CARTESIAN_POINT('',(-1.125,-2.,0.2));
#12620 = DIRECTION('',(0.,0.,-1.));
#12621 = DIRECTION('',(-1.,5.665538897648E-16,0.));
#12622 = ADVANCED_FACE('',(#12623),#12634,.F.);
#12623 = FACE_BOUND('',#12624,.F.);
#12624 = EDGE_LOOP('',(#12625,#12626,#12632,#12633));
#12625 = ORIENTED_EDGE('',*,*,#11628,.F.);
#12626 = ORIENTED_EDGE('',*,*,#12627,.F.);
#12627 = EDGE_CURVE('',#11508,#11621,#12628,.T.);
#12628 = LINE('',#12629,#12630);
#12629 = CARTESIAN_POINT('',(0.625,-2.,0.2));
#12630 = VECTOR('',#12631,1.);
#12631 = DIRECTION('',(1.,-5.665538897648E-16,0.));
#12632 = ORIENTED_EDGE('',*,*,#11507,.F.);
#12633 = ORIENTED_EDGE('',*,*,#10618,.T.);
#12634 = PLANE('',#12635);
#12635 = AXIS2_PLACEMENT_3D('',#12636,#12637,#12638);
#12636 = CARTESIAN_POINT('',(0.875,-2.,0.2));
#12637 = DIRECTION('',(0.,0.,-1.));
#12638 = DIRECTION('',(-1.,5.665538897648E-16,0.));
#12639 = ADVANCED_FACE('',(#12640),#12651,.F.);
#12640 = FACE_BOUND('',#12641,.F.);
#12641 = EDGE_LOOP('',(#12642,#12643,#12649,#12650));
#12642 = ORIENTED_EDGE('',*,*,#11040,.F.);
#12643 = ORIENTED_EDGE('',*,*,#12644,.F.);
#12644 = EDGE_CURVE('',#10920,#11033,#12645,.T.);
#12645 = LINE('',#12646,#12647);
#12646 = CARTESIAN_POINT('',(-0.875,-2.,0.2));
#12647 = VECTOR('',#12648,1.);
#12648 = DIRECTION('',(1.,-5.665538897648E-16,0.));
#12649 = ORIENTED_EDGE('',*,*,#10919,.F.);
#12650 = ORIENTED_EDGE('',*,*,#10549,.T.);
#12651 = PLANE('',#12652);
#12652 = AXIS2_PLACEMENT_3D('',#12653,#12654,#12655);
#12653 = CARTESIAN_POINT('',(-0.625,-2.,0.2));
#12654 = DIRECTION('',(0.,0.,-1.));
#12655 = DIRECTION('',(-1.,5.665538897648E-16,0.));
#12656 = ADVANCED_FACE('',(#12657),#12668,.F.);
#12657 = FACE_BOUND('',#12658,.F.);
#12658 = EDGE_LOOP('',(#12659,#12660,#12666,#12667));
#12659 = ORIENTED_EDGE('',*,*,#11432,.F.);
#12660 = ORIENTED_EDGE('',*,*,#12661,.F.);
#12661 = EDGE_CURVE('',#11312,#11425,#12662,.T.);
#12662 = LINE('',#12663,#12664);
#12663 = CARTESIAN_POINT('',(0.125,-2.,0.2));
#12664 = VECTOR('',#12665,1.);
#12665 = DIRECTION('',(1.,-5.665538897648E-16,0.));
#12666 = ORIENTED_EDGE('',*,*,#11311,.F.);
#12667 = ORIENTED_EDGE('',*,*,#10595,.T.);
#12668 = PLANE('',#12669);
#12669 = AXIS2_PLACEMENT_3D('',#12670,#12671,#12672);
#12670 = CARTESIAN_POINT('',(0.375,-2.,0.2));
#12671 = DIRECTION('',(0.,0.,-1.));
#12672 = DIRECTION('',(-1.,5.665538897648E-16,0.));
#12673 = ADVANCED_FACE('',(#12674),#12685,.F.);
#12674 = FACE_BOUND('',#12675,.F.);
#12675 = EDGE_LOOP('',(#12676,#12677,#12683,#12684));
#12676 = ORIENTED_EDGE('',*,*,#11236,.F.);
#12677 = ORIENTED_EDGE('',*,*,#12678,.F.);
#12678 = EDGE_CURVE('',#11116,#11229,#12679,.T.);
#12679 = LINE('',#12680,#12681);
#12680 = CARTESIAN_POINT('',(-0.375,-2.,0.2));
#12681 = VECTOR('',#12682,1.);
#12682 = DIRECTION('',(1.,-5.665538897648E-16,0.));
#12683 = ORIENTED_EDGE('',*,*,#11115,.F.);
#12684 = ORIENTED_EDGE('',*,*,#10572,.T.);
#12685 = PLANE('',#12686);
#12686 = AXIS2_PLACEMENT_3D('',#12687,#12688,#12689);
#12687 = CARTESIAN_POINT('',(-0.125,-2.,0.2));
#12688 = DIRECTION('',(0.,0.,-1.));
#12689 = DIRECTION('',(-1.,5.665538897648E-16,0.));
#12690 = ADVANCED_FACE('',(#12691),#12702,.T.);
#12691 = FACE_BOUND('',#12692,.F.);
#12692 = EDGE_LOOP('',(#12693,#12694,#12695,#12696));
#12693 = ORIENTED_EDGE('',*,*,#10665,.T.);
#12694 = ORIENTED_EDGE('',*,*,#10755,.T.);
#12695 = ORIENTED_EDGE('',*,*,#10795,.T.);
#12696 = ORIENTED_EDGE('',*,*,#12697,.T.);
#12697 = EDGE_CURVE('',#10796,#10666,#12698,.T.);
#12698 = LINE('',#12699,#12700);
#12699 = CARTESIAN_POINT('',(2.,1.125,0.));
#12700 = VECTOR('',#12701,1.);
#12701 = DIRECTION('',(3.445092848398E-16,1.,0.));
#12702 = PLANE('',#12703);
#12703 = AXIS2_PLACEMENT_3D('',#12704,#12705,#12706);
#12704 = CARTESIAN_POINT('',(2.,1.375,0.));
#12705 = DIRECTION('',(0.,0.,-1.));
#12706 = DIRECTION('',(-3.445092848398E-16,-1.,-0.));
#12707 = ADVANCED_FACE('',(#12708),#12714,.F.);
#12708 = FACE_BOUND('',#12709,.F.);
#12709 = EDGE_LOOP('',(#12710,#12711,#12712,#12713));
#12710 = ORIENTED_EDGE('',*,*,#10814,.T.);
#12711 = ORIENTED_EDGE('',*,*,#12491,.T.);
#12712 = ORIENTED_EDGE('',*,*,#10675,.F.);
#12713 = ORIENTED_EDGE('',*,*,#12697,.F.);
#12714 = PLANE('',#12715);
#12715 = AXIS2_PLACEMENT_3D('',#12716,#12717,#12718);
#12716 = CARTESIAN_POINT('',(2.,1.125,0.));
#12717 = DIRECTION('',(-1.,3.445092848398E-16,0.));
#12718 = DIRECTION('',(3.445092848398E-16,1.,0.));
#12719 = ADVANCED_FACE('',(#12720),#12731,.T.);
#12720 = FACE_BOUND('',#12721,.F.);
#12721 = EDGE_LOOP('',(#12722,#12723,#12724,#12725));
#12722 = ORIENTED_EDGE('',*,*,#10828,.T.);
#12723 = ORIENTED_EDGE('',*,*,#10780,.T.);
#12724 = ORIENTED_EDGE('',*,*,#10705,.T.);
#12725 = ORIENTED_EDGE('',*,*,#12726,.T.);
#12726 = EDGE_CURVE('',#10708,#10829,#12727,.T.);
#12727 = LINE('',#12728,#12729);
#12728 = CARTESIAN_POINT('',(-1.375,-2.,0.));
#12729 = VECTOR('',#12730,1.);
#12730 = DIRECTION('',(1.,-5.665538897648E-16,0.));
#12731 = PLANE('',#12732);
#12732 = AXIS2_PLACEMENT_3D('',#12733,#12734,#12735);
#12733 = CARTESIAN_POINT('',(-1.125,-2.,0.));
#12734 = DIRECTION('',(0.,0.,-1.));
#12735 = DIRECTION('',(-1.,5.665538897648E-16,0.));
#12736 = ADVANCED_FACE('',(#12737),#12743,.F.);
#12737 = FACE_BOUND('',#12738,.F.);
#12738 = EDGE_LOOP('',(#12739,#12740,#12741,#12742));
#12739 = ORIENTED_EDGE('',*,*,#10731,.T.);
#12740 = ORIENTED_EDGE('',*,*,#12610,.T.);
#12741 = ORIENTED_EDGE('',*,*,#10836,.F.);
#12742 = ORIENTED_EDGE('',*,*,#12726,.F.);
#12743 = PLANE('',#12744);
#12744 = AXIS2_PLACEMENT_3D('',#12745,#12746,#12747);
#12745 = CARTESIAN_POINT('',(-1.375,-2.,0.));
#12746 = DIRECTION('',(5.665538897648E-16,1.,0.));
#12747 = DIRECTION('',(1.,-5.665538897648E-16,0.));
#12748 = ADVANCED_FACE('',(#12749),#12760,.T.);
#12749 = FACE_BOUND('',#12750,.F.);
#12750 = EDGE_LOOP('',(#12751,#12752,#12753,#12754));
#12751 = ORIENTED_EDGE('',*,*,#10861,.T.);
#12752 = ORIENTED_EDGE('',*,*,#10951,.T.);
#12753 = ORIENTED_EDGE('',*,*,#10991,.T.);
#12754 = ORIENTED_EDGE('',*,*,#12755,.T.);
#12755 = EDGE_CURVE('',#10992,#10862,#12756,.T.);
#12756 = LINE('',#12757,#12758);
#12757 = CARTESIAN_POINT('',(2.,0.625,0.));
#12758 = VECTOR('',#12759,1.);
#12759 = DIRECTION('',(3.445092848398E-16,1.,0.));
#12760 = PLANE('',#12761);
#12761 = AXIS2_PLACEMENT_3D('',#12762,#12763,#12764);
#12762 = CARTESIAN_POINT('',(2.,0.875,0.));
#12763 = DIRECTION('',(0.,0.,-1.));
#12764 = DIRECTION('',(-3.445092848398E-16,-1.,-0.));
#12765 = ADVANCED_FACE('',(#12766),#12772,.F.);
#12766 = FACE_BOUND('',#12767,.F.);
#12767 = EDGE_LOOP('',(#12768,#12769,#12770,#12771));
#12768 = ORIENTED_EDGE('',*,*,#11010,.T.);
#12769 = ORIENTED_EDGE('',*,*,#12525,.T.);
#12770 = ORIENTED_EDGE('',*,*,#10871,.F.);
#12771 = ORIENTED_EDGE('',*,*,#12755,.F.);
#12772 = PLANE('',#12773);
#12773 = AXIS2_PLACEMENT_3D('',#12774,#12775,#12776);
#12774 = CARTESIAN_POINT('',(2.,0.625,0.));
#12775 = DIRECTION('',(-1.,3.445092848398E-16,0.));
#12776 = DIRECTION('',(3.445092848398E-16,1.,0.));
#12777 = ADVANCED_FACE('',(#12778),#12789,.T.);
#12778 = FACE_BOUND('',#12779,.F.);
#12779 = EDGE_LOOP('',(#12780,#12781,#12782,#12783));
#12780 = ORIENTED_EDGE('',*,*,#11024,.T.);
#12781 = ORIENTED_EDGE('',*,*,#10976,.T.);
#12782 = ORIENTED_EDGE('',*,*,#10901,.T.);
#12783 = ORIENTED_EDGE('',*,*,#12784,.T.);
#12784 = EDGE_CURVE('',#10904,#11025,#12785,.T.);
#12785 = LINE('',#12786,#12787);
#12786 = CARTESIAN_POINT('',(-0.875,-2.,0.));
#12787 = VECTOR('',#12788,1.);
#12788 = DIRECTION('',(1.,-5.665538897648E-16,0.));
#12789 = PLANE('',#12790);
#12790 = AXIS2_PLACEMENT_3D('',#12791,#12792,#12793);
#12791 = CARTESIAN_POINT('',(-0.625,-2.,0.));
#12792 = DIRECTION('',(0.,0.,-1.));
#12793 = DIRECTION('',(-1.,5.665538897648E-16,0.));
#12794 = ADVANCED_FACE('',(#12795),#12801,.F.);
#12795 = FACE_BOUND('',#12796,.F.);
#12796 = EDGE_LOOP('',(#12797,#12798,#12799,#12800));
#12797 = ORIENTED_EDGE('',*,*,#10927,.T.);
#12798 = ORIENTED_EDGE('',*,*,#12644,.T.);
#12799 = ORIENTED_EDGE('',*,*,#11032,.F.);
#12800 = ORIENTED_EDGE('',*,*,#12784,.F.);
#12801 = PLANE('',#12802);
#12802 = AXIS2_PLACEMENT_3D('',#12803,#12804,#12805);
#12803 = CARTESIAN_POINT('',(-0.875,-2.,0.));
#12804 = DIRECTION('',(5.665538897648E-16,1.,0.));
#12805 = DIRECTION('',(1.,-5.665538897648E-16,0.));
#12806 = ADVANCED_FACE('',(#12807),#12818,.T.);
#12807 = FACE_BOUND('',#12808,.F.);
#12808 = EDGE_LOOP('',(#12809,#12810,#12811,#12812));
#12809 = ORIENTED_EDGE('',*,*,#11057,.T.);
#12810 = ORIENTED_EDGE('',*,*,#11147,.T.);
#12811 = ORIENTED_EDGE('',*,*,#11187,.T.);
#12812 = ORIENTED_EDGE('',*,*,#12813,.T.);
#12813 = EDGE_CURVE('',#11188,#11058,#12814,.T.);
#12814 = LINE('',#12815,#12816);
#12815 = CARTESIAN_POINT('',(2.,0.125,0.));
#12816 = VECTOR('',#12817,1.);
#12817 = DIRECTION('',(3.445092848398E-16,1.,0.));
#12818 = PLANE('',#12819);
#12819 = AXIS2_PLACEMENT_3D('',#12820,#12821,#12822);
#12820 = CARTESIAN_POINT('',(2.,0.375,0.));
#12821 = DIRECTION('',(0.,0.,-1.));
#12822 = DIRECTION('',(-3.445092848398E-16,-1.,-0.));
#12823 = ADVANCED_FACE('',(#12824),#12830,.F.);
#12824 = FACE_BOUND('',#12825,.F.);
#12825 = EDGE_LOOP('',(#12826,#12827,#12828,#12829));
#12826 = ORIENTED_EDGE('',*,*,#11206,.T.);
#12827 = ORIENTED_EDGE('',*,*,#12559,.T.);
#12828 = ORIENTED_EDGE('',*,*,#11067,.F.);
#12829 = ORIENTED_EDGE('',*,*,#12813,.F.);
#12830 = PLANE('',#12831);
#12831 = AXIS2_PLACEMENT_3D('',#12832,#12833,#12834);
#12832 = CARTESIAN_POINT('',(2.,0.125,0.));
#12833 = DIRECTION('',(-1.,3.445092848398E-16,0.));
#12834 = DIRECTION('',(3.445092848398E-16,1.,0.));
#12835 = ADVANCED_FACE('',(#12836),#12847,.T.);
#12836 = FACE_BOUND('',#12837,.F.);
#12837 = EDGE_LOOP('',(#12838,#12839,#12840,#12841));
#12838 = ORIENTED_EDGE('',*,*,#11220,.T.);
#12839 = ORIENTED_EDGE('',*,*,#11172,.T.);
#12840 = ORIENTED_EDGE('',*,*,#11097,.T.);
#12841 = ORIENTED_EDGE('',*,*,#12842,.T.);
#12842 = EDGE_CURVE('',#11100,#11221,#12843,.T.);
#12843 = LINE('',#12844,#12845);
#12844 = CARTESIAN_POINT('',(-0.375,-2.,0.));
#12845 = VECTOR('',#12846,1.);
#12846 = DIRECTION('',(1.,-5.665538897648E-16,0.));
#12847 = PLANE('',#12848);
#12848 = AXIS2_PLACEMENT_3D('',#12849,#12850,#12851);
#12849 = CARTESIAN_POINT('',(-0.125,-2.,0.));
#12850 = DIRECTION('',(0.,0.,-1.));
#12851 = DIRECTION('',(-1.,5.665538897648E-16,0.));
#12852 = ADVANCED_FACE('',(#12853),#12859,.F.);
#12853 = FACE_BOUND('',#12854,.F.);
#12854 = EDGE_LOOP('',(#12855,#12856,#12857,#12858));
#12855 = ORIENTED_EDGE('',*,*,#11123,.T.);
#12856 = ORIENTED_EDGE('',*,*,#12678,.T.);
#12857 = ORIENTED_EDGE('',*,*,#11228,.F.);
#12858 = ORIENTED_EDGE('',*,*,#12842,.F.);
#12859 = PLANE('',#12860);
#12860 = AXIS2_PLACEMENT_3D('',#12861,#12862,#12863);
#12861 = CARTESIAN_POINT('',(-0.375,-2.,0.));
#12862 = DIRECTION('',(5.665538897648E-16,1.,0.));
#12863 = DIRECTION('',(1.,-5.665538897648E-16,0.));
#12864 = ADVANCED_FACE('',(#12865),#12876,.T.);
#12865 = FACE_BOUND('',#12866,.F.);
#12866 = EDGE_LOOP('',(#12867,#12868,#12869,#12870));
#12867 = ORIENTED_EDGE('',*,*,#11253,.T.);
#12868 = ORIENTED_EDGE('',*,*,#11343,.T.);
#12869 = ORIENTED_EDGE('',*,*,#11383,.T.);
#12870 = ORIENTED_EDGE('',*,*,#12871,.T.);
#12871 = EDGE_CURVE('',#11384,#11254,#12872,.T.);
#12872 = LINE('',#12873,#12874);
#12873 = CARTESIAN_POINT('',(2.,-0.375,0.));
#12874 = VECTOR('',#12875,1.);
#12875 = DIRECTION('',(3.445092848398E-16,1.,0.));
#12876 = PLANE('',#12877);
#12877 = AXIS2_PLACEMENT_3D('',#12878,#12879,#12880);
#12878 = CARTESIAN_POINT('',(2.,-0.125,0.));
#12879 = DIRECTION('',(0.,0.,-1.));
#12880 = DIRECTION('',(-3.445092848398E-16,-1.,-0.));
#12881 = ADVANCED_FACE('',(#12882),#12888,.F.);
#12882 = FACE_BOUND('',#12883,.F.);
#12883 = EDGE_LOOP('',(#12884,#12885,#12886,#12887));
#12884 = ORIENTED_EDGE('',*,*,#11402,.T.);
#12885 = ORIENTED_EDGE('',*,*,#12576,.T.);
#12886 = ORIENTED_EDGE('',*,*,#11263,.F.);
#12887 = ORIENTED_EDGE('',*,*,#12871,.F.);
#12888 = PLANE('',#12889);
#12889 = AXIS2_PLACEMENT_3D('',#12890,#12891,#12892);
#12890 = CARTESIAN_POINT('',(2.,-0.375,0.));
#12891 = DIRECTION('',(-1.,3.445092848398E-16,0.));
#12892 = DIRECTION('',(3.445092848398E-16,1.,0.));
#12893 = ADVANCED_FACE('',(#12894),#12905,.T.);
#12894 = FACE_BOUND('',#12895,.F.);
#12895 = EDGE_LOOP('',(#12896,#12897,#12898,#12899));
#12896 = ORIENTED_EDGE('',*,*,#11416,.T.);
#12897 = ORIENTED_EDGE('',*,*,#11368,.T.);
#12898 = ORIENTED_EDGE('',*,*,#11293,.T.);
#12899 = ORIENTED_EDGE('',*,*,#12900,.T.);
#12900 = EDGE_CURVE('',#11296,#11417,#12901,.T.);
#12901 = LINE('',#12902,#12903);
#12902 = CARTESIAN_POINT('',(0.125,-2.,0.));
#12903 = VECTOR('',#12904,1.);
#12904 = DIRECTION('',(1.,-5.665538897648E-16,0.));
#12905 = PLANE('',#12906);
#12906 = AXIS2_PLACEMENT_3D('',#12907,#12908,#12909);
#12907 = CARTESIAN_POINT('',(0.375,-2.,0.));
#12908 = DIRECTION('',(0.,0.,-1.));
#12909 = DIRECTION('',(-1.,5.665538897648E-16,0.));
#12910 = ADVANCED_FACE('',(#12911),#12917,.F.);
#12911 = FACE_BOUND('',#12912,.F.);
#12912 = EDGE_LOOP('',(#12913,#12914,#12915,#12916));
#12913 = ORIENTED_EDGE('',*,*,#11319,.T.);
#12914 = ORIENTED_EDGE('',*,*,#12661,.T.);
#12915 = ORIENTED_EDGE('',*,*,#11424,.F.);
#12916 = ORIENTED_EDGE('',*,*,#12900,.F.);
#12917 = PLANE('',#12918);
#12918 = AXIS2_PLACEMENT_3D('',#12919,#12920,#12921);
#12919 = CARTESIAN_POINT('',(0.125,-2.,0.));
#12920 = DIRECTION('',(5.665538897648E-16,1.,0.));
#12921 = DIRECTION('',(1.,-5.665538897648E-16,0.));
#12922 = ADVANCED_FACE('',(#12923),#12934,.T.);
#12923 = FACE_BOUND('',#12924,.F.);
#12924 = EDGE_LOOP('',(#12925,#12926,#12927,#12928));
#12925 = ORIENTED_EDGE('',*,*,#11449,.T.);
#12926 = ORIENTED_EDGE('',*,*,#11539,.T.);
#12927 = ORIENTED_EDGE('',*,*,#11579,.T.);
#12928 = ORIENTED_EDGE('',*,*,#12929,.T.);
#12929 = EDGE_CURVE('',#11580,#11450,#12930,.T.);
#12930 = LINE('',#12931,#12932);
#12931 = CARTESIAN_POINT('',(2.,-0.875,0.));
#12932 = VECTOR('',#12933,1.);
#12933 = DIRECTION('',(3.445092848398E-16,1.,0.));
#12934 = PLANE('',#12935);
#12935 = AXIS2_PLACEMENT_3D('',#12936,#12937,#12938);
#12936 = CARTESIAN_POINT('',(2.,-0.625,0.));
#12937 = DIRECTION('',(0.,0.,-1.));
#12938 = DIRECTION('',(-3.445092848398E-16,-1.,-0.));
#12939 = ADVANCED_FACE('',(#12940),#12946,.F.);
#12940 = FACE_BOUND('',#12941,.F.);
#12941 = EDGE_LOOP('',(#12942,#12943,#12944,#12945));
#12942 = ORIENTED_EDGE('',*,*,#11598,.T.);
#12943 = ORIENTED_EDGE('',*,*,#12542,.T.);
#12944 = ORIENTED_EDGE('',*,*,#11459,.F.);
#12945 = ORIENTED_EDGE('',*,*,#12929,.F.);
#12946 = PLANE('',#12947);
#12947 = AXIS2_PLACEMENT_3D('',#12948,#12949,#12950);
#12948 = CARTESIAN_POINT('',(2.,-0.875,0.));
#12949 = DIRECTION('',(-1.,3.445092848398E-16,0.));
#12950 = DIRECTION('',(3.445092848398E-16,1.,0.));
#12951 = ADVANCED_FACE('',(#12952),#12963,.T.);
#12952 = FACE_BOUND('',#12953,.F.);
#12953 = EDGE_LOOP('',(#12954,#12955,#12956,#12957));
#12954 = ORIENTED_EDGE('',*,*,#11612,.T.);
#12955 = ORIENTED_EDGE('',*,*,#11564,.T.);
#12956 = ORIENTED_EDGE('',*,*,#11489,.T.);
#12957 = ORIENTED_EDGE('',*,*,#12958,.T.);
#12958 = EDGE_CURVE('',#11492,#11613,#12959,.T.);
#12959 = LINE('',#12960,#12961);
#12960 = CARTESIAN_POINT('',(0.625,-2.,0.));
#12961 = VECTOR('',#12962,1.);
#12962 = DIRECTION('',(1.,-5.665538897648E-16,0.));
#12963 = PLANE('',#12964);
#12964 = AXIS2_PLACEMENT_3D('',#12965,#12966,#12967);
#12965 = CARTESIAN_POINT('',(0.875,-2.,0.));
#12966 = DIRECTION('',(0.,0.,-1.));
#12967 = DIRECTION('',(-1.,5.665538897648E-16,0.));
#12968 = ADVANCED_FACE('',(#12969),#12975,.F.);
#12969 = FACE_BOUND('',#12970,.F.);
#12970 = EDGE_LOOP('',(#12971,#12972,#12973,#12974));
#12971 = ORIENTED_EDGE('',*,*,#11515,.T.);
#12972 = ORIENTED_EDGE('',*,*,#12627,.T.);
#12973 = ORIENTED_EDGE('',*,*,#11620,.F.);
#12974 = ORIENTED_EDGE('',*,*,#12958,.F.);
#12975 = PLANE('',#12976);
#12976 = AXIS2_PLACEMENT_3D('',#12977,#12978,#12979);
#12977 = CARTESIAN_POINT('',(0.625,-2.,0.));
#12978 = DIRECTION('',(5.665538897648E-16,1.,0.));
#12979 = DIRECTION('',(1.,-5.665538897648E-16,0.));
#12980 = ADVANCED_FACE('',(#12981),#12992,.T.);
#12981 = FACE_BOUND('',#12982,.F.);
#12982 = EDGE_LOOP('',(#12983,#12984,#12985,#12986));
#12983 = ORIENTED_EDGE('',*,*,#11645,.T.);
#12984 = ORIENTED_EDGE('',*,*,#11735,.T.);
#12985 = ORIENTED_EDGE('',*,*,#11775,.T.);
#12986 = ORIENTED_EDGE('',*,*,#12987,.T.);
#12987 = EDGE_CURVE('',#11776,#11646,#12988,.T.);
#12988 = LINE('',#12989,#12990);
#12989 = CARTESIAN_POINT('',(2.,-1.375,0.));
#12990 = VECTOR('',#12991,1.);
#12991 = DIRECTION('',(3.445092848398E-16,1.,0.));
#12992 = PLANE('',#12993);
#12993 = AXIS2_PLACEMENT_3D('',#12994,#12995,#12996);
#12994 = CARTESIAN_POINT('',(2.,-1.125,0.));
#12995 = DIRECTION('',(0.,0.,-1.));
#12996 = DIRECTION('',(-3.445092848398E-16,-1.,-0.));
#12997 = ADVANCED_FACE('',(#12998),#13004,.F.);
#12998 = FACE_BOUND('',#12999,.F.);
#12999 = EDGE_LOOP('',(#13000,#13001,#13002,#13003));
#13000 = ORIENTED_EDGE('',*,*,#11794,.T.);
#13001 = ORIENTED_EDGE('',*,*,#12508,.T.);
#13002 = ORIENTED_EDGE('',*,*,#11655,.F.);
#13003 = ORIENTED_EDGE('',*,*,#12987,.F.);
#13004 = PLANE('',#13005);
#13005 = AXIS2_PLACEMENT_3D('',#13006,#13007,#13008);
#13006 = CARTESIAN_POINT('',(2.,-1.375,0.));
#13007 = DIRECTION('',(-1.,3.445092848398E-16,0.));
#13008 = DIRECTION('',(3.445092848398E-16,1.,0.));
#13009 = ADVANCED_FACE('',(#13010),#13021,.T.);
#13010 = FACE_BOUND('',#13011,.F.);
#13011 = EDGE_LOOP('',(#13012,#13013,#13014,#13015));
#13012 = ORIENTED_EDGE('',*,*,#11808,.T.);
#13013 = ORIENTED_EDGE('',*,*,#11760,.T.);
#13014 = ORIENTED_EDGE('',*,*,#11685,.T.);
#13015 = ORIENTED_EDGE('',*,*,#13016,.T.);
#13016 = EDGE_CURVE('',#11688,#11809,#13017,.T.);
#13017 = LINE('',#13018,#13019);
#13018 = CARTESIAN_POINT('',(1.125,-2.,0.));
#13019 = VECTOR('',#13020,1.);
#13020 = DIRECTION('',(1.,-5.665538897648E-16,0.));
#13021 = PLANE('',#13022);
#13022 = AXIS2_PLACEMENT_3D('',#13023,#13024,#13025);
#13023 = CARTESIAN_POINT('',(1.375,-2.,0.));
#13024 = DIRECTION('',(0.,0.,-1.));
#13025 = DIRECTION('',(-1.,5.665538897648E-16,0.));
#13026 = ADVANCED_FACE('',(#13027),#13033,.F.);
#13027 = FACE_BOUND('',#13028,.F.);
#13028 = EDGE_LOOP('',(#13029,#13030,#13031,#13032));
#13029 = ORIENTED_EDGE('',*,*,#11711,.T.);
#13030 = ORIENTED_EDGE('',*,*,#12593,.T.);
#13031 = ORIENTED_EDGE('',*,*,#11816,.F.);
#13032 = ORIENTED_EDGE('',*,*,#13016,.F.);
#13033 = PLANE('',#13034);
#13034 = AXIS2_PLACEMENT_3D('',#13035,#13036,#13037);
#13035 = CARTESIAN_POINT('',(1.125,-2.,0.));
#13036 = DIRECTION('',(5.665538897648E-16,1.,0.));
#13037 = DIRECTION('',(1.,-5.665538897648E-16,0.));
#13038 = ADVANCED_FACE('',(#13039),#13046,.T.);
#13039 = FACE_BOUND('',#13040,.F.);
#13040 = EDGE_LOOP('',(#13041,#13042,#13043,#13044,#13045));
#13041 = ORIENTED_EDGE('',*,*,#11858,.T.);
#13042 = ORIENTED_EDGE('',*,*,#11882,.T.);
#13043 = ORIENTED_EDGE('',*,*,#11906,.T.);
#13044 = ORIENTED_EDGE('',*,*,#11930,.T.);
#13045 = ORIENTED_EDGE('',*,*,#11947,.T.);
#13046 = PLANE('',#13047);
#13047 = AXIS2_PLACEMENT_3D('',#13048,#13049,#13050);
#13048 = CARTESIAN_POINT('',(-1.225,1.025,0.));
#13049 = DIRECTION('',(0.,-0.,-1.));
#13050 = DIRECTION('',(2.22044604925E-16,1.,0.));
#13051 = ADVANCED_FACE('',(#13052),#13071,.F.);
#13052 = FACE_BOUND('',#13053,.F.);
#13053 = EDGE_LOOP('',(#13054,#13062,#13069,#13070));
#13054 = ORIENTED_EDGE('',*,*,#13055,.T.);
#13055 = EDGE_CURVE('',#11968,#13056,#13058,.T.);
#13056 = VERTEX_POINT('',#13057);
#13057 = CARTESIAN_POINT('',(-1.4,1.15,0.76));
#13058 = LINE('',#13059,#13060);
#13059 = CARTESIAN_POINT('',(-1.4,1.15,0.78));
#13060 = VECTOR('',#13061,1.);
#13061 = DIRECTION('',(-0.,0.,-1.));
#13062 = ORIENTED_EDGE('',*,*,#13063,.T.);
#13063 = EDGE_CURVE('',#13056,#13056,#13064,.T.);
#13064 = CIRCLE('',#13065,0.25);
#13065 = AXIS2_PLACEMENT_3D('',#13066,#13067,#13068);
#13066 = CARTESIAN_POINT('',(-1.4,1.4,0.76));
#13067 = DIRECTION('',(0.,0.,1.));
#13068 = DIRECTION('',(-2.22044604925E-16,-1.,0.));
#13069 = ORIENTED_EDGE('',*,*,#13055,.F.);
#13070 = ORIENTED_EDGE('',*,*,#11967,.T.);
#13071 = CYLINDRICAL_SURFACE('',#13072,0.25);
#13072 = AXIS2_PLACEMENT_3D('',#13073,#13074,#13075);
#13073 = CARTESIAN_POINT('',(-1.4,1.4,0.78));
#13074 = DIRECTION('',(0.,0.,-1.));
#13075 = DIRECTION('',(-2.22044604925E-16,-1.,-0.));
#13076 = ADVANCED_FACE('',(#13077),#13080,.T.);
#13077 = FACE_BOUND('',#13078,.T.);
#13078 = EDGE_LOOP('',(#13079));
#13079 = ORIENTED_EDGE('',*,*,#13063,.T.);
#13080 = PLANE('',#13081);
#13081 = AXIS2_PLACEMENT_3D('',#13082,#13083,#13084);
#13082 = CARTESIAN_POINT('',(-1.4,1.4,0.76));
#13083 = DIRECTION('',(0.,0.,1.));
#13084 = DIRECTION('',(-2.22044604925E-16,-1.,0.));
#13085 = ( GEOMETRIC_REPRESENTATION_CONTEXT(3) 
GLOBAL_UNCERTAINTY_ASSIGNED_CONTEXT((#13089)) 
GLOBAL_UNIT_ASSIGNED_CONTEXT((#13086,#13087,#13088)) 
REPRESENTATION_CONTEXT('Context #1',
  '3D Context with UNIT and UNCERTAINTY') );
#13086 = ( LENGTH_UNIT() NAMED_UNIT(*) SI_UNIT(.MILLI.,.METRE.) );
#13087 = ( NAMED_UNIT(*) PLANE_ANGLE_UNIT() SI_UNIT($,.RADIAN.) );
#13088 = ( NAMED_UNIT(*) SI_UNIT($,.STERADIAN.) SOLID_ANGLE_UNIT() );
#13089 = UNCERTAINTY_MEASURE_WITH_UNIT(LENGTH_MEASURE(1.E-07),#13086,
  'distance_accuracy_value','confusion accuracy');
#13090 = CONTEXT_DEPENDENT_SHAPE_REPRESENTATION(#13091,#13093);
#13091 = ( REPRESENTATION_RELATIONSHIP('','',#7914,#10) 
REPRESENTATION_RELATIONSHIP_WITH_TRANSFORMATION(#13092) 
SHAPE_REPRESENTATION_RELATIONSHIP() );
#13092 = ITEM_DEFINED_TRANSFORMATION('','',#11,#83);
#13093 = PRODUCT_DEFINITION_SHAPE('Placement','Placement of an item',
  #13094);
#13094 = NEXT_ASSEMBLY_USAGE_OCCURRENCE('18','U4','',#5,#7909,$);
#13095 = PRODUCT_RELATED_PRODUCT_CATEGORY('part',$,(#7911));
#13096 = CONTEXT_DEPENDENT_SHAPE_REPRESENTATION(#13097,#13099);
#13097 = ( REPRESENTATION_RELATIONSHIP('','',#120,#10) 
REPRESENTATION_RELATIONSHIP_WITH_TRANSFORMATION(#13098) 
SHAPE_REPRESENTATION_RELATIONSHIP() );
#13098 = ITEM_DEFINED_TRANSFORMATION('','',#11,#87);
#13099 = PRODUCT_DEFINITION_SHAPE('Placement','Placement of an item',
  #13100);
#13100 = NEXT_ASSEMBLY_USAGE_OCCURRENCE('19','C15','',#5,#115,$);
#13101 = CONTEXT_DEPENDENT_SHAPE_REPRESENTATION(#13102,#13104);
#13102 = ( REPRESENTATION_RELATIONSHIP('','',#120,#10) 
REPRESENTATION_RELATIONSHIP_WITH_TRANSFORMATION(#13103) 
SHAPE_REPRESENTATION_RELATIONSHIP() );
#13103 = ITEM_DEFINED_TRANSFORMATION('','',#11,#91);
#13104 = PRODUCT_DEFINITION_SHAPE('Placement','Placement of an item',
  #13105);
#13105 = NEXT_ASSEMBLY_USAGE_OCCURRENCE('20','C9','',#5,#115,$);
#13106 = CONTEXT_DEPENDENT_SHAPE_REPRESENTATION(#13107,#13109);
#13107 = ( REPRESENTATION_RELATIONSHIP('','',#6367,#10) 
REPRESENTATION_RELATIONSHIP_WITH_TRANSFORMATION(#13108) 
SHAPE_REPRESENTATION_RELATIONSHIP() );
#13108 = ITEM_DEFINED_TRANSFORMATION('','',#11,#95);
#13109 = PRODUCT_DEFINITION_SHAPE('Placement','Placement of an item',
  #13110);
#13110 = NEXT_ASSEMBLY_USAGE_OCCURRENCE('21','D2','',#5,#6362,$);
#13111 = CONTEXT_DEPENDENT_SHAPE_REPRESENTATION(#13112,#13114);
#13112 = ( REPRESENTATION_RELATIONSHIP('','',#998,#10) 
REPRESENTATION_RELATIONSHIP_WITH_TRANSFORMATION(#13113) 
SHAPE_REPRESENTATION_RELATIONSHIP() );
#13113 = ITEM_DEFINED_TRANSFORMATION('','',#11,#99);
#13114 = PRODUCT_DEFINITION_SHAPE('Placement','Placement of an item',
  #13115);
#13115 = NEXT_ASSEMBLY_USAGE_OCCURRENCE('22','R3','',#5,#993,$);
#13116 = SHAPE_DEFINITION_REPRESENTATION(#13117,#13123);
#13117 = PRODUCT_DEFINITION_SHAPE('','',#13118);
#13118 = PRODUCT_DEFINITION('design','',#13119,#13122);
#13119 = PRODUCT_DEFINITION_FORMATION('','',#13120);
#13120 = PRODUCT('Pilot_PCB','Pilot_PCB','',(#13121));
#13121 = PRODUCT_CONTEXT('',#2,'mechanical');
#13122 = PRODUCT_DEFINITION_CONTEXT('part definition',#2,'design');
#13123 = ADVANCED_BREP_SHAPE_REPRESENTATION('',(#11,#13124),#14832);
#13124 = MANIFOLD_SOLID_BREP('',#13125);
#13125 = CLOSED_SHELL('',(#13126,#13168,#13199,#13230,#13668,#14106,
    #14123,#14140,#14157,#14174,#14186,#14208,#14225,#14242,#14254,
    #14276,#14293,#14310,#14322,#14339,#14361,#14378,#14395,#14407,
    #14424,#14446,#14463,#14480,#14492,#14509,#14526,#14543,#14560,
    #14577,#14594,#14611,#14628,#14645,#14662,#14679,#14696,#14713,
    #14730,#14747,#14764,#14781,#14798,#14815));
#13126 = ADVANCED_FACE('',(#13127),#13163,.T.);
#13127 = FACE_BOUND('',#13128,.T.);
#13128 = EDGE_LOOP('',(#13129,#13139,#13148,#13156));
#13129 = ORIENTED_EDGE('',*,*,#13130,.T.);
#13130 = EDGE_CURVE('',#13131,#13133,#13135,.T.);
#13131 = VERTEX_POINT('',#13132);
#13132 = CARTESIAN_POINT('',(184.65,-64.43,0.));
#13133 = VERTEX_POINT('',#13134);
#13134 = CARTESIAN_POINT('',(184.65,-64.43,1.51));
#13135 = LINE('',#13136,#13137);
#13136 = CARTESIAN_POINT('',(184.65,-64.43,0.));
#13137 = VECTOR('',#13138,1.);
#13138 = DIRECTION('',(0.,0.,1.));
#13139 = ORIENTED_EDGE('',*,*,#13140,.T.);
#13140 = EDGE_CURVE('',#13133,#13141,#13143,.T.);
#13141 = VERTEX_POINT('',#13142);
#13142 = CARTESIAN_POINT('',(189.35,-69.13,1.51));
#13143 = CIRCLE('',#13144,4.699999561536);
#13144 = AXIS2_PLACEMENT_3D('',#13145,#13146,#13147);
#13145 = CARTESIAN_POINT('',(184.65000043846,-69.12999956153,1.51));
#13146 = DIRECTION('',(0.,0.,-1.));
#13147 = DIRECTION('',(-9.329027877471E-08,1.,0.));
#13148 = ORIENTED_EDGE('',*,*,#13149,.F.);
#13149 = EDGE_CURVE('',#13150,#13141,#13152,.T.);
#13150 = VERTEX_POINT('',#13151);
#13151 = CARTESIAN_POINT('',(189.35,-69.13,0.));
#13152 = LINE('',#13153,#13154);
#13153 = CARTESIAN_POINT('',(189.35,-69.13,0.));
#13154 = VECTOR('',#13155,1.);
#13155 = DIRECTION('',(0.,0.,1.));
#13156 = ORIENTED_EDGE('',*,*,#13157,.F.);
#13157 = EDGE_CURVE('',#13131,#13150,#13158,.T.);
#13158 = CIRCLE('',#13159,4.699999561536);
#13159 = AXIS2_PLACEMENT_3D('',#13160,#13161,#13162);
#13160 = CARTESIAN_POINT('',(184.65000043846,-69.12999956153,0.));
#13161 = DIRECTION('',(0.,0.,-1.));
#13162 = DIRECTION('',(-9.329027877471E-08,1.,0.));
#13163 = CYLINDRICAL_SURFACE('',#13164,4.699999561536);
#13164 = AXIS2_PLACEMENT_3D('',#13165,#13166,#13167);
#13165 = CARTESIAN_POINT('',(184.65000043846,-69.12999956153,0.));
#13166 = DIRECTION('',(0.,0.,-1.));
#13167 = DIRECTION('',(-9.329027877471E-08,1.,0.));
#13168 = ADVANCED_FACE('',(#13169),#13194,.T.);
#13169 = FACE_BOUND('',#13170,.T.);
#13170 = EDGE_LOOP('',(#13171,#13181,#13187,#13188));
#13171 = ORIENTED_EDGE('',*,*,#13172,.T.);
#13172 = EDGE_CURVE('',#13173,#13175,#13177,.T.);
#13173 = VERTEX_POINT('',#13174);
#13174 = CARTESIAN_POINT('',(99.073402,-64.453402,0.));
#13175 = VERTEX_POINT('',#13176);
#13176 = CARTESIAN_POINT('',(99.073402,-64.453402,1.51));
#13177 = LINE('',#13178,#13179);
#13178 = CARTESIAN_POINT('',(99.073402,-64.453402,0.));
#13179 = VECTOR('',#13180,1.);
#13180 = DIRECTION('',(0.,0.,1.));
#13181 = ORIENTED_EDGE('',*,*,#13182,.T.);
#13182 = EDGE_CURVE('',#13175,#13133,#13183,.T.);
#13183 = LINE('',#13184,#13185);
#13184 = CARTESIAN_POINT('',(99.073402,-64.453402,1.51));
#13185 = VECTOR('',#13186,1.);
#13186 = DIRECTION('',(0.999999962609,2.734626015978E-04,0.));
#13187 = ORIENTED_EDGE('',*,*,#13130,.F.);
#13188 = ORIENTED_EDGE('',*,*,#13189,.F.);
#13189 = EDGE_CURVE('',#13173,#13131,#13190,.T.);
#13190 = LINE('',#13191,#13192);
#13191 = CARTESIAN_POINT('',(99.073402,-64.453402,0.));
#13192 = VECTOR('',#13193,1.);
#13193 = DIRECTION('',(0.999999962609,2.734626015978E-04,0.));
#13194 = PLANE('',#13195);
#13195 = AXIS2_PLACEMENT_3D('',#13196,#13197,#13198);
#13196 = CARTESIAN_POINT('',(99.073402,-64.453402,0.));
#13197 = DIRECTION('',(-2.734626015978E-04,0.999999962609,0.));
#13198 = DIRECTION('',(0.999999962609,2.734626015978E-04,0.));
#13199 = ADVANCED_FACE('',(#13200),#13225,.T.);
#13200 = FACE_BOUND('',#13201,.T.);
#13201 = EDGE_LOOP('',(#13202,#13203,#13211,#13219));
#13202 = ORIENTED_EDGE('',*,*,#13149,.T.);
#13203 = ORIENTED_EDGE('',*,*,#13204,.T.);
#13204 = EDGE_CURVE('',#13141,#13205,#13207,.T.);
#13205 = VERTEX_POINT('',#13206);
#13206 = CARTESIAN_POINT('',(189.326598,-109.706598,1.51));
#13207 = LINE('',#13208,#13209);
#13208 = CARTESIAN_POINT('',(189.35,-69.13,1.51));
#13209 = VECTOR('',#13210,1.);
#13210 = DIRECTION('',(-5.767362780872E-04,-0.999999833688,0.));
#13211 = ORIENTED_EDGE('',*,*,#13212,.F.);
#13212 = EDGE_CURVE('',#13213,#13205,#13215,.T.);
#13213 = VERTEX_POINT('',#13214);
#13214 = CARTESIAN_POINT('',(189.326598,-109.706598,0.));
#13215 = LINE('',#13216,#13217);
#13216 = CARTESIAN_POINT('',(189.326598,-109.706598,0.));
#13217 = VECTOR('',#13218,1.);
#13218 = DIRECTION('',(0.,0.,1.));
#13219 = ORIENTED_EDGE('',*,*,#13220,.F.);
#13220 = EDGE_CURVE('',#13150,#13213,#13221,.T.);
#13221 = LINE('',#13222,#13223);
#13222 = CARTESIAN_POINT('',(189.35,-69.13,0.));
#13223 = VECTOR('',#13224,1.);
#13224 = DIRECTION('',(-5.767362780872E-04,-0.999999833688,0.));
#13225 = PLANE('',#13226);
#13226 = AXIS2_PLACEMENT_3D('',#13227,#13228,#13229);
#13227 = CARTESIAN_POINT('',(189.35,-69.13,0.));
#13228 = DIRECTION('',(0.999999833688,-5.767362780872E-04,0.));
#13229 = DIRECTION('',(-5.767362780872E-04,-0.999999833688,0.));
#13230 = ADVANCED_FACE('',(#13231,#13277,#13313,#13349,#13360,#13396,
    #13407,#13443,#13454,#13465,#13476,#13487,#13498,#13509,#13520,
    #13531,#13542,#13553,#13564,#13575,#13586,#13597,#13608,#13619,
    #13630,#13641,#13652),#13663,.F.);
#13231 = FACE_BOUND('',#13232,.F.);
#13232 = EDGE_LOOP('',(#13233,#13234,#13235,#13244,#13252,#13261,#13269,
    #13276));
#13233 = ORIENTED_EDGE('',*,*,#13157,.F.);
#13234 = ORIENTED_EDGE('',*,*,#13189,.F.);
#13235 = ORIENTED_EDGE('',*,*,#13236,.F.);
#13236 = EDGE_CURVE('',#13237,#13173,#13239,.T.);
#13237 = VERTEX_POINT('',#13238);
#13238 = CARTESIAN_POINT('',(94.373402,-69.153402,0.));
#13239 = CIRCLE('',#13240,4.699999561536);
#13240 = AXIS2_PLACEMENT_3D('',#13241,#13242,#13243);
#13241 = CARTESIAN_POINT('',(99.073401561536,-69.15340156153,0.));
#13242 = DIRECTION('',(0.,0.,-1.));
#13243 = DIRECTION('',(-1.,-9.329027877471E-08,-0.));
#13244 = ORIENTED_EDGE('',*,*,#13245,.F.);
#13245 = EDGE_CURVE('',#13246,#13237,#13248,.T.);
#13246 = VERTEX_POINT('',#13247);
#13247 = CARTESIAN_POINT('',(94.373402,-109.706598,0.));
#13248 = LINE('',#13249,#13250);
#13249 = CARTESIAN_POINT('',(94.373402,-109.706598,0.));
#13250 = VECTOR('',#13251,1.);
#13251 = DIRECTION('',(0.,1.,0.));
#13252 = ORIENTED_EDGE('',*,*,#13253,.F.);
#13253 = EDGE_CURVE('',#13254,#13246,#13256,.T.);
#13254 = VERTEX_POINT('',#13255);
#13255 = CARTESIAN_POINT('',(99.073402,-114.406598,0.));
#13256 = CIRCLE('',#13257,4.699999561536);
#13257 = AXIS2_PLACEMENT_3D('',#13258,#13259,#13260);
#13258 = CARTESIAN_POINT('',(99.073401561536,-109.7065984384,0.));
#13259 = DIRECTION('',(0.,0.,-1.));
#13260 = DIRECTION('',(9.32902817983E-08,-1.,0.));
#13261 = ORIENTED_EDGE('',*,*,#13262,.F.);
#13262 = EDGE_CURVE('',#13263,#13254,#13265,.T.);
#13263 = VERTEX_POINT('',#13264);
#13264 = CARTESIAN_POINT('',(184.626598,-114.406598,0.));
#13265 = LINE('',#13266,#13267);
#13266 = CARTESIAN_POINT('',(184.626598,-114.406598,0.));
#13267 = VECTOR('',#13268,1.);
#13268 = DIRECTION('',(-1.,0.,0.));
#13269 = ORIENTED_EDGE('',*,*,#13270,.F.);
#13270 = EDGE_CURVE('',#13213,#13263,#13271,.T.);
#13271 = CIRCLE('',#13272,4.699999561536);
#13272 = AXIS2_PLACEMENT_3D('',#13273,#13274,#13275);
#13273 = CARTESIAN_POINT('',(184.62659843846,-109.7065984384,0.));
#13274 = DIRECTION('',(0.,0.,-1.));
#13275 = DIRECTION('',(1.,9.32902817983E-08,0.));
#13276 = ORIENTED_EDGE('',*,*,#13220,.F.);
#13277 = FACE_BOUND('',#13278,.F.);
#13278 = EDGE_LOOP('',(#13279,#13290,#13298,#13307));
#13279 = ORIENTED_EDGE('',*,*,#13280,.T.);
#13280 = EDGE_CURVE('',#13281,#13283,#13285,.T.);
#13281 = VERTEX_POINT('',#13282);
#13282 = CARTESIAN_POINT('',(104.31,-112.23,0.));
#13283 = VERTEX_POINT('',#13284);
#13284 = CARTESIAN_POINT('',(103.71,-112.23,0.));
#13285 = CIRCLE('',#13286,0.3);
#13286 = AXIS2_PLACEMENT_3D('',#13287,#13288,#13289);
#13287 = CARTESIAN_POINT('',(104.01,-112.23,0.));
#13288 = DIRECTION('',(-0.,0.,-1.));
#13289 = DIRECTION('',(-1.,-4.736951571734E-14,0.));
#13290 = ORIENTED_EDGE('',*,*,#13291,.T.);
#13291 = EDGE_CURVE('',#13283,#13292,#13294,.T.);
#13292 = VERTEX_POINT('',#13293);
#13293 = CARTESIAN_POINT('',(103.71,-111.43,0.));
#13294 = LINE('',#13295,#13296);
#13295 = CARTESIAN_POINT('',(103.71,-55.715,0.));
#13296 = VECTOR('',#13297,1.);
#13297 = DIRECTION('',(-0.,1.,0.));
#13298 = ORIENTED_EDGE('',*,*,#13299,.T.);
#13299 = EDGE_CURVE('',#13292,#13300,#13302,.T.);
#13300 = VERTEX_POINT('',#13301);
#13301 = CARTESIAN_POINT('',(104.31,-111.43,0.));
#13302 = CIRCLE('',#13303,0.3);
#13303 = AXIS2_PLACEMENT_3D('',#13304,#13305,#13306);
#13304 = CARTESIAN_POINT('',(104.01,-111.43,0.));
#13305 = DIRECTION('',(0.,-0.,-1.));
#13306 = DIRECTION('',(1.,-4.736951571734E-14,0.));
#13307 = ORIENTED_EDGE('',*,*,#13308,.T.);
#13308 = EDGE_CURVE('',#13300,#13281,#13309,.T.);
#13309 = LINE('',#13310,#13311);
#13310 = CARTESIAN_POINT('',(104.31,-56.115,0.));
#13311 = VECTOR('',#13312,1.);
#13312 = DIRECTION('',(0.,-1.,0.));
#13313 = FACE_BOUND('',#13314,.F.);
#13314 = EDGE_LOOP('',(#13315,#13326,#13334,#13343));
#13315 = ORIENTED_EDGE('',*,*,#13316,.T.);
#13316 = EDGE_CURVE('',#13317,#13319,#13321,.T.);
#13317 = VERTEX_POINT('',#13318);
#13318 = CARTESIAN_POINT('',(104.31,-108.18,0.));
#13319 = VERTEX_POINT('',#13320);
#13320 = CARTESIAN_POINT('',(103.71,-108.18,0.));
#13321 = CIRCLE('',#13322,0.3);
#13322 = AXIS2_PLACEMENT_3D('',#13323,#13324,#13325);
#13323 = CARTESIAN_POINT('',(104.01,-108.18,0.));
#13324 = DIRECTION('',(-0.,0.,-1.));
#13325 = DIRECTION('',(-1.,0.,0.));
#13326 = ORIENTED_EDGE('',*,*,#13327,.T.);
#13327 = EDGE_CURVE('',#13319,#13328,#13330,.T.);
#13328 = VERTEX_POINT('',#13329);
#13329 = CARTESIAN_POINT('',(103.71,-107.08,0.));
#13330 = LINE('',#13331,#13332);
#13331 = CARTESIAN_POINT('',(103.71,-53.54,0.));
#13332 = VECTOR('',#13333,1.);
#13333 = DIRECTION('',(-0.,1.,0.));
#13334 = ORIENTED_EDGE('',*,*,#13335,.T.);
#13335 = EDGE_CURVE('',#13328,#13336,#13338,.T.);
#13336 = VERTEX_POINT('',#13337);
#13337 = CARTESIAN_POINT('',(104.31,-107.08,0.));
#13338 = CIRCLE('',#13339,0.3);
#13339 = AXIS2_PLACEMENT_3D('',#13340,#13341,#13342);
#13340 = CARTESIAN_POINT('',(104.01,-107.08,0.));
#13341 = DIRECTION('',(0.,-0.,-1.));
#13342 = DIRECTION('',(1.,4.736951571734E-14,-0.));
#13343 = ORIENTED_EDGE('',*,*,#13344,.T.);
#13344 = EDGE_CURVE('',#13336,#13317,#13345,.T.);
#13345 = LINE('',#13346,#13347);
#13346 = CARTESIAN_POINT('',(104.31,-54.09,0.));
#13347 = VECTOR('',#13348,1.);
#13348 = DIRECTION('',(0.,-1.,0.));
#13349 = FACE_BOUND('',#13350,.F.);
#13350 = EDGE_LOOP('',(#13351));
#13351 = ORIENTED_EDGE('',*,*,#13352,.T.);
#13352 = EDGE_CURVE('',#13353,#13353,#13355,.T.);
#13353 = VERTEX_POINT('',#13354);
#13354 = CARTESIAN_POINT('',(105.44,-108.475,0.));
#13355 = CIRCLE('',#13356,0.325);
#13356 = AXIS2_PLACEMENT_3D('',#13357,#13358,#13359);
#13357 = CARTESIAN_POINT('',(105.44,-108.15,0.));
#13358 = DIRECTION('',(-0.,0.,-1.));
#13359 = DIRECTION('',(-0.,-1.,0.));
#13360 = FACE_BOUND('',#13361,.F.);
#13361 = EDGE_LOOP('',(#13362,#13373,#13381,#13390));
#13362 = ORIENTED_EDGE('',*,*,#13363,.T.);
#13363 = EDGE_CURVE('',#13364,#13366,#13368,.T.);
#13364 = VERTEX_POINT('',#13365);
#13365 = CARTESIAN_POINT('',(112.95,-112.23,0.));
#13366 = VERTEX_POINT('',#13367);
#13367 = CARTESIAN_POINT('',(112.35,-112.23,0.));
#13368 = CIRCLE('',#13369,0.3);
#13369 = AXIS2_PLACEMENT_3D('',#13370,#13371,#13372);
#13370 = CARTESIAN_POINT('',(112.65,-112.23,0.));
#13371 = DIRECTION('',(-0.,0.,-1.));
#13372 = DIRECTION('',(-1.,-4.736951571734E-14,0.));
#13373 = ORIENTED_EDGE('',*,*,#13374,.T.);
#13374 = EDGE_CURVE('',#13366,#13375,#13377,.T.);
#13375 = VERTEX_POINT('',#13376);
#13376 = CARTESIAN_POINT('',(112.35,-111.43,0.));
#13377 = LINE('',#13378,#13379);
#13378 = CARTESIAN_POINT('',(112.35,-55.715,0.));
#13379 = VECTOR('',#13380,1.);
#13380 = DIRECTION('',(-0.,1.,0.));
#13381 = ORIENTED_EDGE('',*,*,#13382,.T.);
#13382 = EDGE_CURVE('',#13375,#13383,#13385,.T.);
#13383 = VERTEX_POINT('',#13384);
#13384 = CARTESIAN_POINT('',(112.95,-111.43,0.));
#13385 = CIRCLE('',#13386,0.3);
#13386 = AXIS2_PLACEMENT_3D('',#13387,#13388,#13389);
#13387 = CARTESIAN_POINT('',(112.65,-111.43,0.));
#13388 = DIRECTION('',(0.,-0.,-1.));
#13389 = DIRECTION('',(1.,0.,-0.));
#13390 = ORIENTED_EDGE('',*,*,#13391,.T.);
#13391 = EDGE_CURVE('',#13383,#13364,#13392,.T.);
#13392 = LINE('',#13393,#13394);
#13393 = CARTESIAN_POINT('',(112.95,-56.115,0.));
#13394 = VECTOR('',#13395,1.);
#13395 = DIRECTION('',(0.,-1.,0.));
#13396 = FACE_BOUND('',#13397,.F.);
#13397 = EDGE_LOOP('',(#13398));
#13398 = ORIENTED_EDGE('',*,*,#13399,.T.);
#13399 = EDGE_CURVE('',#13400,#13400,#13402,.T.);
#13400 = VERTEX_POINT('',#13401);
#13401 = CARTESIAN_POINT('',(111.22,-108.475,0.));
#13402 = CIRCLE('',#13403,0.325);
#13403 = AXIS2_PLACEMENT_3D('',#13404,#13405,#13406);
#13404 = CARTESIAN_POINT('',(111.22,-108.15,0.));
#13405 = DIRECTION('',(-0.,0.,-1.));
#13406 = DIRECTION('',(-0.,-1.,0.));
#13407 = FACE_BOUND('',#13408,.F.);
#13408 = EDGE_LOOP('',(#13409,#13420,#13428,#13437));
#13409 = ORIENTED_EDGE('',*,*,#13410,.T.);
#13410 = EDGE_CURVE('',#13411,#13413,#13415,.T.);
#13411 = VERTEX_POINT('',#13412);
#13412 = CARTESIAN_POINT('',(112.95,-108.18,0.));
#13413 = VERTEX_POINT('',#13414);
#13414 = CARTESIAN_POINT('',(112.35,-108.18,0.));
#13415 = CIRCLE('',#13416,0.3);
#13416 = AXIS2_PLACEMENT_3D('',#13417,#13418,#13419);
#13417 = CARTESIAN_POINT('',(112.65,-108.18,0.));
#13418 = DIRECTION('',(-0.,0.,-1.));
#13419 = DIRECTION('',(-1.,0.,0.));
#13420 = ORIENTED_EDGE('',*,*,#13421,.T.);
#13421 = EDGE_CURVE('',#13413,#13422,#13424,.T.);
#13422 = VERTEX_POINT('',#13423);
#13423 = CARTESIAN_POINT('',(112.35,-107.08,0.));
#13424 = LINE('',#13425,#13426);
#13425 = CARTESIAN_POINT('',(112.35,-53.54,0.));
#13426 = VECTOR('',#13427,1.);
#13427 = DIRECTION('',(-0.,1.,0.));
#13428 = ORIENTED_EDGE('',*,*,#13429,.T.);
#13429 = EDGE_CURVE('',#13422,#13430,#13432,.T.);
#13430 = VERTEX_POINT('',#13431);
#13431 = CARTESIAN_POINT('',(112.95,-107.08,0.));
#13432 = CIRCLE('',#13433,0.3);
#13433 = AXIS2_PLACEMENT_3D('',#13434,#13435,#13436);
#13434 = CARTESIAN_POINT('',(112.65,-107.08,0.));
#13435 = DIRECTION('',(0.,-0.,-1.));
#13436 = DIRECTION('',(1.,4.736951571734E-14,-0.));
#13437 = ORIENTED_EDGE('',*,*,#13438,.T.);
#13438 = EDGE_CURVE('',#13430,#13411,#13439,.T.);
#13439 = LINE('',#13440,#13441);
#13440 = CARTESIAN_POINT('',(112.95,-54.09,0.));
#13441 = VECTOR('',#13442,1.);
#13442 = DIRECTION('',(0.,-1.,0.));
#13443 = FACE_BOUND('',#13444,.F.);
#13444 = EDGE_LOOP('',(#13445));
#13445 = ORIENTED_EDGE('',*,*,#13446,.T.);
#13446 = EDGE_CURVE('',#13447,#13447,#13449,.T.);
#13447 = VERTEX_POINT('',#13448);
#13448 = CARTESIAN_POINT('',(136.8,-107.04,0.));
#13449 = CIRCLE('',#13450,0.1);
#13450 = AXIS2_PLACEMENT_3D('',#13451,#13452,#13453);
#13451 = CARTESIAN_POINT('',(136.8,-106.94,0.));
#13452 = DIRECTION('',(-0.,0.,-1.));
#13453 = DIRECTION('',(-0.,-1.,0.));
#13454 = FACE_BOUND('',#13455,.F.);
#13455 = EDGE_LOOP('',(#13456));
#13456 = ORIENTED_EDGE('',*,*,#13457,.T.);
#13457 = EDGE_CURVE('',#13458,#13458,#13460,.T.);
#13458 = VERTEX_POINT('',#13459);
#13459 = CARTESIAN_POINT('',(136.1,-106.34,0.));
#13460 = CIRCLE('',#13461,9.999999999999E-02);
#13461 = AXIS2_PLACEMENT_3D('',#13462,#13463,#13464);
#13462 = CARTESIAN_POINT('',(136.1,-106.24,0.));
#13463 = DIRECTION('',(-0.,0.,-1.));
#13464 = DIRECTION('',(-0.,-1.,0.));
#13465 = FACE_BOUND('',#13466,.F.);
#13466 = EDGE_LOOP('',(#13467));
#13467 = ORIENTED_EDGE('',*,*,#13468,.T.);
#13468 = EDGE_CURVE('',#13469,#13469,#13471,.T.);
#13469 = VERTEX_POINT('',#13470);
#13470 = CARTESIAN_POINT('',(137.475,-106.34,0.));
#13471 = CIRCLE('',#13472,9.999999999999E-02);
#13472 = AXIS2_PLACEMENT_3D('',#13473,#13474,#13475);
#13473 = CARTESIAN_POINT('',(137.475,-106.24,0.));
#13474 = DIRECTION('',(-0.,0.,-1.));
#13475 = DIRECTION('',(-0.,-1.,0.));
#13476 = FACE_BOUND('',#13477,.F.);
#13477 = EDGE_LOOP('',(#13478));
#13478 = ORIENTED_EDGE('',*,*,#13479,.T.);
#13479 = EDGE_CURVE('',#13480,#13480,#13482,.T.);
#13480 = VERTEX_POINT('',#13481);
#13481 = CARTESIAN_POINT('',(138.2,-107.04,0.));
#13482 = CIRCLE('',#13483,0.1);
#13483 = AXIS2_PLACEMENT_3D('',#13484,#13485,#13486);
#13484 = CARTESIAN_POINT('',(138.2,-106.94,0.));
#13485 = DIRECTION('',(-0.,0.,-1.));
#13486 = DIRECTION('',(-0.,-1.,0.));
#13487 = FACE_BOUND('',#13488,.F.);
#13488 = EDGE_LOOP('',(#13489));
#13489 = ORIENTED_EDGE('',*,*,#13490,.T.);
#13490 = EDGE_CURVE('',#13491,#13491,#13493,.T.);
#13491 = VERTEX_POINT('',#13492);
#13492 = CARTESIAN_POINT('',(138.9,-106.34,0.));
#13493 = CIRCLE('',#13494,9.999999999999E-02);
#13494 = AXIS2_PLACEMENT_3D('',#13495,#13496,#13497);
#13495 = CARTESIAN_POINT('',(138.9,-106.24,0.));
#13496 = DIRECTION('',(-0.,0.,-1.));
#13497 = DIRECTION('',(-0.,-1.,0.));
#13498 = FACE_BOUND('',#13499,.F.);
#13499 = EDGE_LOOP('',(#13500));
#13500 = ORIENTED_EDGE('',*,*,#13501,.T.);
#13501 = EDGE_CURVE('',#13502,#13502,#13504,.T.);
#13502 = VERTEX_POINT('',#13503);
#13503 = CARTESIAN_POINT('',(136.8,-105.64,0.));
#13504 = CIRCLE('',#13505,0.1);
#13505 = AXIS2_PLACEMENT_3D('',#13506,#13507,#13508);
#13506 = CARTESIAN_POINT('',(136.8,-105.54,0.));
#13507 = DIRECTION('',(-0.,0.,-1.));
#13508 = DIRECTION('',(-0.,-1.,0.));
#13509 = FACE_BOUND('',#13510,.F.);
#13510 = EDGE_LOOP('',(#13511));
#13511 = ORIENTED_EDGE('',*,*,#13512,.T.);
#13512 = EDGE_CURVE('',#13513,#13513,#13515,.T.);
#13513 = VERTEX_POINT('',#13514);
#13514 = CARTESIAN_POINT('',(136.1,-104.94,0.));
#13515 = CIRCLE('',#13516,9.999999999999E-02);
#13516 = AXIS2_PLACEMENT_3D('',#13517,#13518,#13519);
#13517 = CARTESIAN_POINT('',(136.1,-104.84,0.));
#13518 = DIRECTION('',(-0.,0.,-1.));
#13519 = DIRECTION('',(-0.,-1.,0.));
#13520 = FACE_BOUND('',#13521,.F.);
#13521 = EDGE_LOOP('',(#13522));
#13522 = ORIENTED_EDGE('',*,*,#13523,.T.);
#13523 = EDGE_CURVE('',#13524,#13524,#13526,.T.);
#13524 = VERTEX_POINT('',#13525);
#13525 = CARTESIAN_POINT('',(137.475,-104.94,0.));
#13526 = CIRCLE('',#13527,9.999999999999E-02);
#13527 = AXIS2_PLACEMENT_3D('',#13528,#13529,#13530);
#13528 = CARTESIAN_POINT('',(137.475,-104.84,0.));
#13529 = DIRECTION('',(-0.,0.,-1.));
#13530 = DIRECTION('',(-0.,-1.,0.));
#13531 = FACE_BOUND('',#13532,.F.);
#13532 = EDGE_LOOP('',(#13533));
#13533 = ORIENTED_EDGE('',*,*,#13534,.T.);
#13534 = EDGE_CURVE('',#13535,#13535,#13537,.T.);
#13535 = VERTEX_POINT('',#13536);
#13536 = CARTESIAN_POINT('',(138.2,-105.64,0.));
#13537 = CIRCLE('',#13538,0.1);
#13538 = AXIS2_PLACEMENT_3D('',#13539,#13540,#13541);
#13539 = CARTESIAN_POINT('',(138.2,-105.54,0.));
#13540 = DIRECTION('',(-0.,0.,-1.));
#13541 = DIRECTION('',(-0.,-1.,0.));
#13542 = FACE_BOUND('',#13543,.F.);
#13543 = EDGE_LOOP('',(#13544));
#13544 = ORIENTED_EDGE('',*,*,#13545,.T.);
#13545 = EDGE_CURVE('',#13546,#13546,#13548,.T.);
#13546 = VERTEX_POINT('',#13547);
#13547 = CARTESIAN_POINT('',(138.9,-104.94,0.));
#13548 = CIRCLE('',#13549,9.999999999999E-02);
#13549 = AXIS2_PLACEMENT_3D('',#13550,#13551,#13552);
#13550 = CARTESIAN_POINT('',(138.9,-104.84,0.));
#13551 = DIRECTION('',(-0.,0.,-1.));
#13552 = DIRECTION('',(-0.,-1.,0.));
#13553 = FACE_BOUND('',#13554,.F.);
#13554 = EDGE_LOOP('',(#13555));
#13555 = ORIENTED_EDGE('',*,*,#13556,.T.);
#13556 = EDGE_CURVE('',#13557,#13557,#13559,.T.);
#13557 = VERTEX_POINT('',#13558);
#13558 = CARTESIAN_POINT('',(136.8,-104.24,0.));
#13559 = CIRCLE('',#13560,0.1);
#13560 = AXIS2_PLACEMENT_3D('',#13561,#13562,#13563);
#13561 = CARTESIAN_POINT('',(136.8,-104.14,0.));
#13562 = DIRECTION('',(-0.,0.,-1.));
#13563 = DIRECTION('',(-0.,-1.,0.));
#13564 = FACE_BOUND('',#13565,.F.);
#13565 = EDGE_LOOP('',(#13566));
#13566 = ORIENTED_EDGE('',*,*,#13567,.T.);
#13567 = EDGE_CURVE('',#13568,#13568,#13570,.T.);
#13568 = VERTEX_POINT('',#13569);
#13569 = CARTESIAN_POINT('',(138.2,-104.24,0.));
#13570 = CIRCLE('',#13571,0.1);
#13571 = AXIS2_PLACEMENT_3D('',#13572,#13573,#13574);
#13572 = CARTESIAN_POINT('',(138.2,-104.14,0.));
#13573 = DIRECTION('',(-0.,0.,-1.));
#13574 = DIRECTION('',(-0.,-1.,0.));
#13575 = FACE_BOUND('',#13576,.F.);
#13576 = EDGE_LOOP('',(#13577));
#13577 = ORIENTED_EDGE('',*,*,#13578,.T.);
#13578 = EDGE_CURVE('',#13579,#13579,#13581,.T.);
#13579 = VERTEX_POINT('',#13580);
#13580 = CARTESIAN_POINT('',(106.35,-71.58,0.));
#13581 = CIRCLE('',#13582,0.65);
#13582 = AXIS2_PLACEMENT_3D('',#13583,#13584,#13585);
#13583 = CARTESIAN_POINT('',(106.35,-70.93,0.));
#13584 = DIRECTION('',(-0.,0.,-1.));
#13585 = DIRECTION('',(-0.,-1.,0.));
#13586 = FACE_BOUND('',#13587,.F.);
#13587 = EDGE_LOOP('',(#13588));
#13588 = ORIENTED_EDGE('',*,*,#13589,.T.);
#13589 = EDGE_CURVE('',#13590,#13590,#13592,.T.);
#13590 = VERTEX_POINT('',#13591);
#13591 = CARTESIAN_POINT('',(111.35,-71.58,0.));
#13592 = CIRCLE('',#13593,0.65);
#13593 = AXIS2_PLACEMENT_3D('',#13594,#13595,#13596);
#13594 = CARTESIAN_POINT('',(111.35,-70.93,0.));
#13595 = DIRECTION('',(-0.,0.,-1.));
#13596 = DIRECTION('',(-0.,-1.,0.));
#13597 = FACE_BOUND('',#13598,.F.);
#13598 = EDGE_LOOP('',(#13599));
#13599 = ORIENTED_EDGE('',*,*,#13600,.T.);
#13600 = EDGE_CURVE('',#13601,#13601,#13603,.T.);
#13601 = VERTEX_POINT('',#13602);
#13602 = CARTESIAN_POINT('',(116.35,-71.58,0.));
#13603 = CIRCLE('',#13604,0.65);
#13604 = AXIS2_PLACEMENT_3D('',#13605,#13606,#13607);
#13605 = CARTESIAN_POINT('',(116.35,-70.93,0.));
#13606 = DIRECTION('',(-0.,0.,-1.));
#13607 = DIRECTION('',(-0.,-1.,0.));
#13608 = FACE_BOUND('',#13609,.F.);
#13609 = EDGE_LOOP('',(#13610));
#13610 = ORIENTED_EDGE('',*,*,#13611,.T.);
#13611 = EDGE_CURVE('',#13612,#13612,#13614,.T.);
#13612 = VERTEX_POINT('',#13613);
#13613 = CARTESIAN_POINT('',(121.35,-71.58,0.));
#13614 = CIRCLE('',#13615,0.65);
#13615 = AXIS2_PLACEMENT_3D('',#13616,#13617,#13618);
#13616 = CARTESIAN_POINT('',(121.35,-70.93,0.));
#13617 = DIRECTION('',(-0.,0.,-1.));
#13618 = DIRECTION('',(-0.,-1.,0.));
#13619 = FACE_BOUND('',#13620,.F.);
#13620 = EDGE_LOOP('',(#13621));
#13621 = ORIENTED_EDGE('',*,*,#13622,.T.);
#13622 = EDGE_CURVE('',#13623,#13623,#13625,.T.);
#13623 = VERTEX_POINT('',#13624);
#13624 = CARTESIAN_POINT('',(135.15,-71.88,0.));
#13625 = CIRCLE('',#13626,0.65);
#13626 = AXIS2_PLACEMENT_3D('',#13627,#13628,#13629);
#13627 = CARTESIAN_POINT('',(135.15,-71.23,0.));
#13628 = DIRECTION('',(-0.,0.,-1.));
#13629 = DIRECTION('',(-0.,-1.,0.));
#13630 = FACE_BOUND('',#13631,.F.);
#13631 = EDGE_LOOP('',(#13632));
#13632 = ORIENTED_EDGE('',*,*,#13633,.T.);
#13633 = EDGE_CURVE('',#13634,#13634,#13636,.T.);
#13634 = VERTEX_POINT('',#13635);
#13635 = CARTESIAN_POINT('',(140.15,-71.88,0.));
#13636 = CIRCLE('',#13637,0.65);
#13637 = AXIS2_PLACEMENT_3D('',#13638,#13639,#13640);
#13638 = CARTESIAN_POINT('',(140.15,-71.23,0.));
#13639 = DIRECTION('',(-0.,0.,-1.));
#13640 = DIRECTION('',(-0.,-1.,0.));
#13641 = FACE_BOUND('',#13642,.F.);
#13642 = EDGE_LOOP('',(#13643));
#13643 = ORIENTED_EDGE('',*,*,#13644,.T.);
#13644 = EDGE_CURVE('',#13645,#13645,#13647,.T.);
#13645 = VERTEX_POINT('',#13646);
#13646 = CARTESIAN_POINT('',(145.15,-71.88,0.));
#13647 = CIRCLE('',#13648,0.65);
#13648 = AXIS2_PLACEMENT_3D('',#13649,#13650,#13651);
#13649 = CARTESIAN_POINT('',(145.15,-71.23,0.));
#13650 = DIRECTION('',(-0.,0.,-1.));
#13651 = DIRECTION('',(-0.,-1.,0.));
#13652 = FACE_BOUND('',#13653,.F.);
#13653 = EDGE_LOOP('',(#13654));
#13654 = ORIENTED_EDGE('',*,*,#13655,.T.);
#13655 = EDGE_CURVE('',#13656,#13656,#13658,.T.);
#13656 = VERTEX_POINT('',#13657);
#13657 = CARTESIAN_POINT('',(150.15,-71.88,0.));
#13658 = CIRCLE('',#13659,0.65);
#13659 = AXIS2_PLACEMENT_3D('',#13660,#13661,#13662);
#13660 = CARTESIAN_POINT('',(150.15,-71.23,0.));
#13661 = DIRECTION('',(-0.,0.,-1.));
#13662 = DIRECTION('',(-0.,-1.,0.));
#13663 = PLANE('',#13664);
#13664 = AXIS2_PLACEMENT_3D('',#13665,#13666,#13667);
#13665 = CARTESIAN_POINT('',(0.,0.,0.));
#13666 = DIRECTION('',(0.,0.,1.));
#13667 = DIRECTION('',(1.,0.,-0.));
#13668 = ADVANCED_FACE('',(#13669,#13715,#13751,#13787,#13798,#13834,
    #13845,#13881,#13892,#13903,#13914,#13925,#13936,#13947,#13958,
    #13969,#13980,#13991,#14002,#14013,#14024,#14035,#14046,#14057,
    #14068,#14079,#14090),#14101,.T.);
#13669 = FACE_BOUND('',#13670,.T.);
#13670 = EDGE_LOOP('',(#13671,#13672,#13673,#13682,#13690,#13699,#13707,
    #13714));
#13671 = ORIENTED_EDGE('',*,*,#13140,.F.);
#13672 = ORIENTED_EDGE('',*,*,#13182,.F.);
#13673 = ORIENTED_EDGE('',*,*,#13674,.F.);
#13674 = EDGE_CURVE('',#13675,#13175,#13677,.T.);
#13675 = VERTEX_POINT('',#13676);
#13676 = CARTESIAN_POINT('',(94.373402,-69.153402,1.51));
#13677 = CIRCLE('',#13678,4.699999561536);
#13678 = AXIS2_PLACEMENT_3D('',#13679,#13680,#13681);
#13679 = CARTESIAN_POINT('',(99.073401561536,-69.15340156153,1.51));
#13680 = DIRECTION('',(0.,0.,-1.));
#13681 = DIRECTION('',(-1.,-9.329027877471E-08,-0.));
#13682 = ORIENTED_EDGE('',*,*,#13683,.F.);
#13683 = EDGE_CURVE('',#13684,#13675,#13686,.T.);
#13684 = VERTEX_POINT('',#13685);
#13685 = CARTESIAN_POINT('',(94.373402,-109.706598,1.51));
#13686 = LINE('',#13687,#13688);
#13687 = CARTESIAN_POINT('',(94.373402,-109.706598,1.51));
#13688 = VECTOR('',#13689,1.);
#13689 = DIRECTION('',(0.,1.,0.));
#13690 = ORIENTED_EDGE('',*,*,#13691,.F.);
#13691 = EDGE_CURVE('',#13692,#13684,#13694,.T.);
#13692 = VERTEX_POINT('',#13693);
#13693 = CARTESIAN_POINT('',(99.073402,-114.406598,1.51));
#13694 = CIRCLE('',#13695,4.699999561536);
#13695 = AXIS2_PLACEMENT_3D('',#13696,#13697,#13698);
#13696 = CARTESIAN_POINT('',(99.073401561536,-109.7065984384,1.51));
#13697 = DIRECTION('',(0.,0.,-1.));
#13698 = DIRECTION('',(9.32902817983E-08,-1.,0.));
#13699 = ORIENTED_EDGE('',*,*,#13700,.F.);
#13700 = EDGE_CURVE('',#13701,#13692,#13703,.T.);
#13701 = VERTEX_POINT('',#13702);
#13702 = CARTESIAN_POINT('',(184.626598,-114.406598,1.51));
#13703 = LINE('',#13704,#13705);
#13704 = CARTESIAN_POINT('',(184.626598,-114.406598,1.51));
#13705 = VECTOR('',#13706,1.);
#13706 = DIRECTION('',(-1.,0.,0.));
#13707 = ORIENTED_EDGE('',*,*,#13708,.F.);
#13708 = EDGE_CURVE('',#13205,#13701,#13709,.T.);
#13709 = CIRCLE('',#13710,4.699999561536);
#13710 = AXIS2_PLACEMENT_3D('',#13711,#13712,#13713);
#13711 = CARTESIAN_POINT('',(184.62659843846,-109.7065984384,1.51));
#13712 = DIRECTION('',(0.,0.,-1.));
#13713 = DIRECTION('',(1.,9.32902817983E-08,0.));
#13714 = ORIENTED_EDGE('',*,*,#13204,.F.);
#13715 = FACE_BOUND('',#13716,.T.);
#13716 = EDGE_LOOP('',(#13717,#13728,#13736,#13745));
#13717 = ORIENTED_EDGE('',*,*,#13718,.T.);
#13718 = EDGE_CURVE('',#13719,#13721,#13723,.T.);
#13719 = VERTEX_POINT('',#13720);
#13720 = CARTESIAN_POINT('',(104.31,-112.23,1.51));
#13721 = VERTEX_POINT('',#13722);
#13722 = CARTESIAN_POINT('',(103.71,-112.23,1.51));
#13723 = CIRCLE('',#13724,0.3);
#13724 = AXIS2_PLACEMENT_3D('',#13725,#13726,#13727);
#13725 = CARTESIAN_POINT('',(104.01,-112.23,1.51));
#13726 = DIRECTION('',(-0.,0.,-1.));
#13727 = DIRECTION('',(-1.,-4.736951571734E-14,0.));
#13728 = ORIENTED_EDGE('',*,*,#13729,.T.);
#13729 = EDGE_CURVE('',#13721,#13730,#13732,.T.);
#13730 = VERTEX_POINT('',#13731);
#13731 = CARTESIAN_POINT('',(103.71,-111.43,1.51));
#13732 = LINE('',#13733,#13734);
#13733 = CARTESIAN_POINT('',(103.71,-55.715,1.51));
#13734 = VECTOR('',#13735,1.);
#13735 = DIRECTION('',(-0.,1.,0.));
#13736 = ORIENTED_EDGE('',*,*,#13737,.T.);
#13737 = EDGE_CURVE('',#13730,#13738,#13740,.T.);
#13738 = VERTEX_POINT('',#13739);
#13739 = CARTESIAN_POINT('',(104.31,-111.43,1.51));
#13740 = CIRCLE('',#13741,0.3);
#13741 = AXIS2_PLACEMENT_3D('',#13742,#13743,#13744);
#13742 = CARTESIAN_POINT('',(104.01,-111.43,1.51));
#13743 = DIRECTION('',(0.,-0.,-1.));
#13744 = DIRECTION('',(1.,-4.736951571734E-14,0.));
#13745 = ORIENTED_EDGE('',*,*,#13746,.T.);
#13746 = EDGE_CURVE('',#13738,#13719,#13747,.T.);
#13747 = LINE('',#13748,#13749);
#13748 = CARTESIAN_POINT('',(104.31,-56.115,1.51));
#13749 = VECTOR('',#13750,1.);
#13750 = DIRECTION('',(0.,-1.,0.));
#13751 = FACE_BOUND('',#13752,.T.);
#13752 = EDGE_LOOP('',(#13753,#13764,#13772,#13781));
#13753 = ORIENTED_EDGE('',*,*,#13754,.T.);
#13754 = EDGE_CURVE('',#13755,#13757,#13759,.T.);
#13755 = VERTEX_POINT('',#13756);
#13756 = CARTESIAN_POINT('',(104.31,-108.18,1.51));
#13757 = VERTEX_POINT('',#13758);
#13758 = CARTESIAN_POINT('',(103.71,-108.18,1.51));
#13759 = CIRCLE('',#13760,0.3);
#13760 = AXIS2_PLACEMENT_3D('',#13761,#13762,#13763);
#13761 = CARTESIAN_POINT('',(104.01,-108.18,1.51));
#13762 = DIRECTION('',(-0.,0.,-1.));
#13763 = DIRECTION('',(-1.,0.,0.));
#13764 = ORIENTED_EDGE('',*,*,#13765,.T.);
#13765 = EDGE_CURVE('',#13757,#13766,#13768,.T.);
#13766 = VERTEX_POINT('',#13767);
#13767 = CARTESIAN_POINT('',(103.71,-107.08,1.51));
#13768 = LINE('',#13769,#13770);
#13769 = CARTESIAN_POINT('',(103.71,-53.54,1.51));
#13770 = VECTOR('',#13771,1.);
#13771 = DIRECTION('',(-0.,1.,0.));
#13772 = ORIENTED_EDGE('',*,*,#13773,.T.);
#13773 = EDGE_CURVE('',#13766,#13774,#13776,.T.);
#13774 = VERTEX_POINT('',#13775);
#13775 = CARTESIAN_POINT('',(104.31,-107.08,1.51));
#13776 = CIRCLE('',#13777,0.3);
#13777 = AXIS2_PLACEMENT_3D('',#13778,#13779,#13780);
#13778 = CARTESIAN_POINT('',(104.01,-107.08,1.51));
#13779 = DIRECTION('',(0.,-0.,-1.));
#13780 = DIRECTION('',(1.,4.736951571734E-14,-0.));
#13781 = ORIENTED_EDGE('',*,*,#13782,.T.);
#13782 = EDGE_CURVE('',#13774,#13755,#13783,.T.);
#13783 = LINE('',#13784,#13785);
#13784 = CARTESIAN_POINT('',(104.31,-54.09,1.51));
#13785 = VECTOR('',#13786,1.);
#13786 = DIRECTION('',(0.,-1.,0.));
#13787 = FACE_BOUND('',#13788,.T.);
#13788 = EDGE_LOOP('',(#13789));
#13789 = ORIENTED_EDGE('',*,*,#13790,.T.);
#13790 = EDGE_CURVE('',#13791,#13791,#13793,.T.);
#13791 = VERTEX_POINT('',#13792);
#13792 = CARTESIAN_POINT('',(105.44,-108.475,1.51));
#13793 = CIRCLE('',#13794,0.325);
#13794 = AXIS2_PLACEMENT_3D('',#13795,#13796,#13797);
#13795 = CARTESIAN_POINT('',(105.44,-108.15,1.51));
#13796 = DIRECTION('',(-0.,0.,-1.));
#13797 = DIRECTION('',(-0.,-1.,0.));
#13798 = FACE_BOUND('',#13799,.T.);
#13799 = EDGE_LOOP('',(#13800,#13811,#13819,#13828));
#13800 = ORIENTED_EDGE('',*,*,#13801,.T.);
#13801 = EDGE_CURVE('',#13802,#13804,#13806,.T.);
#13802 = VERTEX_POINT('',#13803);
#13803 = CARTESIAN_POINT('',(112.95,-112.23,1.51));
#13804 = VERTEX_POINT('',#13805);
#13805 = CARTESIAN_POINT('',(112.35,-112.23,1.51));
#13806 = CIRCLE('',#13807,0.3);
#13807 = AXIS2_PLACEMENT_3D('',#13808,#13809,#13810);
#13808 = CARTESIAN_POINT('',(112.65,-112.23,1.51));
#13809 = DIRECTION('',(-0.,0.,-1.));
#13810 = DIRECTION('',(-1.,-4.736951571734E-14,0.));
#13811 = ORIENTED_EDGE('',*,*,#13812,.T.);
#13812 = EDGE_CURVE('',#13804,#13813,#13815,.T.);
#13813 = VERTEX_POINT('',#13814);
#13814 = CARTESIAN_POINT('',(112.35,-111.43,1.51));
#13815 = LINE('',#13816,#13817);
#13816 = CARTESIAN_POINT('',(112.35,-55.715,1.51));
#13817 = VECTOR('',#13818,1.);
#13818 = DIRECTION('',(-0.,1.,0.));
#13819 = ORIENTED_EDGE('',*,*,#13820,.T.);
#13820 = EDGE_CURVE('',#13813,#13821,#13823,.T.);
#13821 = VERTEX_POINT('',#13822);
#13822 = CARTESIAN_POINT('',(112.95,-111.43,1.51));
#13823 = CIRCLE('',#13824,0.3);
#13824 = AXIS2_PLACEMENT_3D('',#13825,#13826,#13827);
#13825 = CARTESIAN_POINT('',(112.65,-111.43,1.51));
#13826 = DIRECTION('',(0.,-0.,-1.));
#13827 = DIRECTION('',(1.,0.,-0.));
#13828 = ORIENTED_EDGE('',*,*,#13829,.T.);
#13829 = EDGE_CURVE('',#13821,#13802,#13830,.T.);
#13830 = LINE('',#13831,#13832);
#13831 = CARTESIAN_POINT('',(112.95,-56.115,1.51));
#13832 = VECTOR('',#13833,1.);
#13833 = DIRECTION('',(0.,-1.,0.));
#13834 = FACE_BOUND('',#13835,.T.);
#13835 = EDGE_LOOP('',(#13836));
#13836 = ORIENTED_EDGE('',*,*,#13837,.T.);
#13837 = EDGE_CURVE('',#13838,#13838,#13840,.T.);
#13838 = VERTEX_POINT('',#13839);
#13839 = CARTESIAN_POINT('',(111.22,-108.475,1.51));
#13840 = CIRCLE('',#13841,0.325);
#13841 = AXIS2_PLACEMENT_3D('',#13842,#13843,#13844);
#13842 = CARTESIAN_POINT('',(111.22,-108.15,1.51));
#13843 = DIRECTION('',(-0.,0.,-1.));
#13844 = DIRECTION('',(-0.,-1.,0.));
#13845 = FACE_BOUND('',#13846,.T.);
#13846 = EDGE_LOOP('',(#13847,#13858,#13866,#13875));
#13847 = ORIENTED_EDGE('',*,*,#13848,.T.);
#13848 = EDGE_CURVE('',#13849,#13851,#13853,.T.);
#13849 = VERTEX_POINT('',#13850);
#13850 = CARTESIAN_POINT('',(112.95,-108.18,1.51));
#13851 = VERTEX_POINT('',#13852);
#13852 = CARTESIAN_POINT('',(112.35,-108.18,1.51));
#13853 = CIRCLE('',#13854,0.3);
#13854 = AXIS2_PLACEMENT_3D('',#13855,#13856,#13857);
#13855 = CARTESIAN_POINT('',(112.65,-108.18,1.51));
#13856 = DIRECTION('',(-0.,0.,-1.));
#13857 = DIRECTION('',(-1.,0.,0.));
#13858 = ORIENTED_EDGE('',*,*,#13859,.T.);
#13859 = EDGE_CURVE('',#13851,#13860,#13862,.T.);
#13860 = VERTEX_POINT('',#13861);
#13861 = CARTESIAN_POINT('',(112.35,-107.08,1.51));
#13862 = LINE('',#13863,#13864);
#13863 = CARTESIAN_POINT('',(112.35,-53.54,1.51));
#13864 = VECTOR('',#13865,1.);
#13865 = DIRECTION('',(-0.,1.,0.));
#13866 = ORIENTED_EDGE('',*,*,#13867,.T.);
#13867 = EDGE_CURVE('',#13860,#13868,#13870,.T.);
#13868 = VERTEX_POINT('',#13869);
#13869 = CARTESIAN_POINT('',(112.95,-107.08,1.51));
#13870 = CIRCLE('',#13871,0.3);
#13871 = AXIS2_PLACEMENT_3D('',#13872,#13873,#13874);
#13872 = CARTESIAN_POINT('',(112.65,-107.08,1.51));
#13873 = DIRECTION('',(0.,-0.,-1.));
#13874 = DIRECTION('',(1.,4.736951571734E-14,-0.));
#13875 = ORIENTED_EDGE('',*,*,#13876,.T.);
#13876 = EDGE_CURVE('',#13868,#13849,#13877,.T.);
#13877 = LINE('',#13878,#13879);
#13878 = CARTESIAN_POINT('',(112.95,-54.09,1.51));
#13879 = VECTOR('',#13880,1.);
#13880 = DIRECTION('',(0.,-1.,0.));
#13881 = FACE_BOUND('',#13882,.T.);
#13882 = EDGE_LOOP('',(#13883));
#13883 = ORIENTED_EDGE('',*,*,#13884,.T.);
#13884 = EDGE_CURVE('',#13885,#13885,#13887,.T.);
#13885 = VERTEX_POINT('',#13886);
#13886 = CARTESIAN_POINT('',(136.8,-107.04,1.51));
#13887 = CIRCLE('',#13888,0.1);
#13888 = AXIS2_PLACEMENT_3D('',#13889,#13890,#13891);
#13889 = CARTESIAN_POINT('',(136.8,-106.94,1.51));
#13890 = DIRECTION('',(-0.,0.,-1.));
#13891 = DIRECTION('',(-0.,-1.,0.));
#13892 = FACE_BOUND('',#13893,.T.);
#13893 = EDGE_LOOP('',(#13894));
#13894 = ORIENTED_EDGE('',*,*,#13895,.T.);
#13895 = EDGE_CURVE('',#13896,#13896,#13898,.T.);
#13896 = VERTEX_POINT('',#13897);
#13897 = CARTESIAN_POINT('',(136.1,-106.34,1.51));
#13898 = CIRCLE('',#13899,9.999999999999E-02);
#13899 = AXIS2_PLACEMENT_3D('',#13900,#13901,#13902);
#13900 = CARTESIAN_POINT('',(136.1,-106.24,1.51));
#13901 = DIRECTION('',(-0.,0.,-1.));
#13902 = DIRECTION('',(-0.,-1.,0.));
#13903 = FACE_BOUND('',#13904,.T.);
#13904 = EDGE_LOOP('',(#13905));
#13905 = ORIENTED_EDGE('',*,*,#13906,.T.);
#13906 = EDGE_CURVE('',#13907,#13907,#13909,.T.);
#13907 = VERTEX_POINT('',#13908);
#13908 = CARTESIAN_POINT('',(137.475,-106.34,1.51));
#13909 = CIRCLE('',#13910,9.999999999999E-02);
#13910 = AXIS2_PLACEMENT_3D('',#13911,#13912,#13913);
#13911 = CARTESIAN_POINT('',(137.475,-106.24,1.51));
#13912 = DIRECTION('',(-0.,0.,-1.));
#13913 = DIRECTION('',(-0.,-1.,0.));
#13914 = FACE_BOUND('',#13915,.T.);
#13915 = EDGE_LOOP('',(#13916));
#13916 = ORIENTED_EDGE('',*,*,#13917,.T.);
#13917 = EDGE_CURVE('',#13918,#13918,#13920,.T.);
#13918 = VERTEX_POINT('',#13919);
#13919 = CARTESIAN_POINT('',(138.2,-107.04,1.51));
#13920 = CIRCLE('',#13921,0.1);
#13921 = AXIS2_PLACEMENT_3D('',#13922,#13923,#13924);
#13922 = CARTESIAN_POINT('',(138.2,-106.94,1.51));
#13923 = DIRECTION('',(-0.,0.,-1.));
#13924 = DIRECTION('',(-0.,-1.,0.));
#13925 = FACE_BOUND('',#13926,.T.);
#13926 = EDGE_LOOP('',(#13927));
#13927 = ORIENTED_EDGE('',*,*,#13928,.T.);
#13928 = EDGE_CURVE('',#13929,#13929,#13931,.T.);
#13929 = VERTEX_POINT('',#13930);
#13930 = CARTESIAN_POINT('',(138.9,-106.34,1.51));
#13931 = CIRCLE('',#13932,9.999999999999E-02);
#13932 = AXIS2_PLACEMENT_3D('',#13933,#13934,#13935);
#13933 = CARTESIAN_POINT('',(138.9,-106.24,1.51));
#13934 = DIRECTION('',(-0.,0.,-1.));
#13935 = DIRECTION('',(-0.,-1.,0.));
#13936 = FACE_BOUND('',#13937,.T.);
#13937 = EDGE_LOOP('',(#13938));
#13938 = ORIENTED_EDGE('',*,*,#13939,.T.);
#13939 = EDGE_CURVE('',#13940,#13940,#13942,.T.);
#13940 = VERTEX_POINT('',#13941);
#13941 = CARTESIAN_POINT('',(136.8,-105.64,1.51));
#13942 = CIRCLE('',#13943,0.1);
#13943 = AXIS2_PLACEMENT_3D('',#13944,#13945,#13946);
#13944 = CARTESIAN_POINT('',(136.8,-105.54,1.51));
#13945 = DIRECTION('',(-0.,0.,-1.));
#13946 = DIRECTION('',(-0.,-1.,0.));
#13947 = FACE_BOUND('',#13948,.T.);
#13948 = EDGE_LOOP('',(#13949));
#13949 = ORIENTED_EDGE('',*,*,#13950,.T.);
#13950 = EDGE_CURVE('',#13951,#13951,#13953,.T.);
#13951 = VERTEX_POINT('',#13952);
#13952 = CARTESIAN_POINT('',(136.1,-104.94,1.51));
#13953 = CIRCLE('',#13954,9.999999999999E-02);
#13954 = AXIS2_PLACEMENT_3D('',#13955,#13956,#13957);
#13955 = CARTESIAN_POINT('',(136.1,-104.84,1.51));
#13956 = DIRECTION('',(-0.,0.,-1.));
#13957 = DIRECTION('',(-0.,-1.,0.));
#13958 = FACE_BOUND('',#13959,.T.);
#13959 = EDGE_LOOP('',(#13960));
#13960 = ORIENTED_EDGE('',*,*,#13961,.T.);
#13961 = EDGE_CURVE('',#13962,#13962,#13964,.T.);
#13962 = VERTEX_POINT('',#13963);
#13963 = CARTESIAN_POINT('',(137.475,-104.94,1.51));
#13964 = CIRCLE('',#13965,9.999999999999E-02);
#13965 = AXIS2_PLACEMENT_3D('',#13966,#13967,#13968);
#13966 = CARTESIAN_POINT('',(137.475,-104.84,1.51));
#13967 = DIRECTION('',(-0.,0.,-1.));
#13968 = DIRECTION('',(-0.,-1.,0.));
#13969 = FACE_BOUND('',#13970,.T.);
#13970 = EDGE_LOOP('',(#13971));
#13971 = ORIENTED_EDGE('',*,*,#13972,.T.);
#13972 = EDGE_CURVE('',#13973,#13973,#13975,.T.);
#13973 = VERTEX_POINT('',#13974);
#13974 = CARTESIAN_POINT('',(138.2,-105.64,1.51));
#13975 = CIRCLE('',#13976,0.1);
#13976 = AXIS2_PLACEMENT_3D('',#13977,#13978,#13979);
#13977 = CARTESIAN_POINT('',(138.2,-105.54,1.51));
#13978 = DIRECTION('',(-0.,0.,-1.));
#13979 = DIRECTION('',(-0.,-1.,0.));
#13980 = FACE_BOUND('',#13981,.T.);
#13981 = EDGE_LOOP('',(#13982));
#13982 = ORIENTED_EDGE('',*,*,#13983,.T.);
#13983 = EDGE_CURVE('',#13984,#13984,#13986,.T.);
#13984 = VERTEX_POINT('',#13985);
#13985 = CARTESIAN_POINT('',(138.9,-104.94,1.51));
#13986 = CIRCLE('',#13987,9.999999999999E-02);
#13987 = AXIS2_PLACEMENT_3D('',#13988,#13989,#13990);
#13988 = CARTESIAN_POINT('',(138.9,-104.84,1.51));
#13989 = DIRECTION('',(-0.,0.,-1.));
#13990 = DIRECTION('',(-0.,-1.,0.));
#13991 = FACE_BOUND('',#13992,.T.);
#13992 = EDGE_LOOP('',(#13993));
#13993 = ORIENTED_EDGE('',*,*,#13994,.T.);
#13994 = EDGE_CURVE('',#13995,#13995,#13997,.T.);
#13995 = VERTEX_POINT('',#13996);
#13996 = CARTESIAN_POINT('',(136.8,-104.24,1.51));
#13997 = CIRCLE('',#13998,0.1);
#13998 = AXIS2_PLACEMENT_3D('',#13999,#14000,#14001);
#13999 = CARTESIAN_POINT('',(136.8,-104.14,1.51));
#14000 = DIRECTION('',(-0.,0.,-1.));
#14001 = DIRECTION('',(-0.,-1.,0.));
#14002 = FACE_BOUND('',#14003,.T.);
#14003 = EDGE_LOOP('',(#14004));
#14004 = ORIENTED_EDGE('',*,*,#14005,.T.);
#14005 = EDGE_CURVE('',#14006,#14006,#14008,.T.);
#14006 = VERTEX_POINT('',#14007);
#14007 = CARTESIAN_POINT('',(138.2,-104.24,1.51));
#14008 = CIRCLE('',#14009,0.1);
#14009 = AXIS2_PLACEMENT_3D('',#14010,#14011,#14012);
#14010 = CARTESIAN_POINT('',(138.2,-104.14,1.51));
#14011 = DIRECTION('',(-0.,0.,-1.));
#14012 = DIRECTION('',(-0.,-1.,0.));
#14013 = FACE_BOUND('',#14014,.T.);
#14014 = EDGE_LOOP('',(#14015));
#14015 = ORIENTED_EDGE('',*,*,#14016,.T.);
#14016 = EDGE_CURVE('',#14017,#14017,#14019,.T.);
#14017 = VERTEX_POINT('',#14018);
#14018 = CARTESIAN_POINT('',(106.35,-71.58,1.51));
#14019 = CIRCLE('',#14020,0.65);
#14020 = AXIS2_PLACEMENT_3D('',#14021,#14022,#14023);
#14021 = CARTESIAN_POINT('',(106.35,-70.93,1.51));
#14022 = DIRECTION('',(-0.,0.,-1.));
#14023 = DIRECTION('',(-0.,-1.,0.));
#14024 = FACE_BOUND('',#14025,.T.);
#14025 = EDGE_LOOP('',(#14026));
#14026 = ORIENTED_EDGE('',*,*,#14027,.T.);
#14027 = EDGE_CURVE('',#14028,#14028,#14030,.T.);
#14028 = VERTEX_POINT('',#14029);
#14029 = CARTESIAN_POINT('',(111.35,-71.58,1.51));
#14030 = CIRCLE('',#14031,0.65);
#14031 = AXIS2_PLACEMENT_3D('',#14032,#14033,#14034);
#14032 = CARTESIAN_POINT('',(111.35,-70.93,1.51));
#14033 = DIRECTION('',(-0.,0.,-1.));
#14034 = DIRECTION('',(-0.,-1.,0.));
#14035 = FACE_BOUND('',#14036,.T.);
#14036 = EDGE_LOOP('',(#14037));
#14037 = ORIENTED_EDGE('',*,*,#14038,.T.);
#14038 = EDGE_CURVE('',#14039,#14039,#14041,.T.);
#14039 = VERTEX_POINT('',#14040);
#14040 = CARTESIAN_POINT('',(116.35,-71.58,1.51));
#14041 = CIRCLE('',#14042,0.65);
#14042 = AXIS2_PLACEMENT_3D('',#14043,#14044,#14045);
#14043 = CARTESIAN_POINT('',(116.35,-70.93,1.51));
#14044 = DIRECTION('',(-0.,0.,-1.));
#14045 = DIRECTION('',(-0.,-1.,0.));
#14046 = FACE_BOUND('',#14047,.T.);
#14047 = EDGE_LOOP('',(#14048));
#14048 = ORIENTED_EDGE('',*,*,#14049,.T.);
#14049 = EDGE_CURVE('',#14050,#14050,#14052,.T.);
#14050 = VERTEX_POINT('',#14051);
#14051 = CARTESIAN_POINT('',(121.35,-71.58,1.51));
#14052 = CIRCLE('',#14053,0.65);
#14053 = AXIS2_PLACEMENT_3D('',#14054,#14055,#14056);
#14054 = CARTESIAN_POINT('',(121.35,-70.93,1.51));
#14055 = DIRECTION('',(-0.,0.,-1.));
#14056 = DIRECTION('',(-0.,-1.,0.));
#14057 = FACE_BOUND('',#14058,.T.);
#14058 = EDGE_LOOP('',(#14059));
#14059 = ORIENTED_EDGE('',*,*,#14060,.T.);
#14060 = EDGE_CURVE('',#14061,#14061,#14063,.T.);
#14061 = VERTEX_POINT('',#14062);
#14062 = CARTESIAN_POINT('',(135.15,-71.88,1.51));
#14063 = CIRCLE('',#14064,0.65);
#14064 = AXIS2_PLACEMENT_3D('',#14065,#14066,#14067);
#14065 = CARTESIAN_POINT('',(135.15,-71.23,1.51));
#14066 = DIRECTION('',(-0.,0.,-1.));
#14067 = DIRECTION('',(-0.,-1.,0.));
#14068 = FACE_BOUND('',#14069,.T.);
#14069 = EDGE_LOOP('',(#14070));
#14070 = ORIENTED_EDGE('',*,*,#14071,.T.);
#14071 = EDGE_CURVE('',#14072,#14072,#14074,.T.);
#14072 = VERTEX_POINT('',#14073);
#14073 = CARTESIAN_POINT('',(140.15,-71.88,1.51));
#14074 = CIRCLE('',#14075,0.65);
#14075 = AXIS2_PLACEMENT_3D('',#14076,#14077,#14078);
#14076 = CARTESIAN_POINT('',(140.15,-71.23,1.51));
#14077 = DIRECTION('',(-0.,0.,-1.));
#14078 = DIRECTION('',(-0.,-1.,0.));
#14079 = FACE_BOUND('',#14080,.T.);
#14080 = EDGE_LOOP('',(#14081));
#14081 = ORIENTED_EDGE('',*,*,#14082,.T.);
#14082 = EDGE_CURVE('',#14083,#14083,#14085,.T.);
#14083 = VERTEX_POINT('',#14084);
#14084 = CARTESIAN_POINT('',(145.15,-71.88,1.51));
#14085 = CIRCLE('',#14086,0.65);
#14086 = AXIS2_PLACEMENT_3D('',#14087,#14088,#14089);
#14087 = CARTESIAN_POINT('',(145.15,-71.23,1.51));
#14088 = DIRECTION('',(-0.,0.,-1.));
#14089 = DIRECTION('',(-0.,-1.,0.));
#14090 = FACE_BOUND('',#14091,.T.);
#14091 = EDGE_LOOP('',(#14092));
#14092 = ORIENTED_EDGE('',*,*,#14093,.T.);
#14093 = EDGE_CURVE('',#14094,#14094,#14096,.T.);
#14094 = VERTEX_POINT('',#14095);
#14095 = CARTESIAN_POINT('',(150.15,-71.88,1.51));
#14096 = CIRCLE('',#14097,0.65);
#14097 = AXIS2_PLACEMENT_3D('',#14098,#14099,#14100);
#14098 = CARTESIAN_POINT('',(150.15,-71.23,1.51));
#14099 = DIRECTION('',(-0.,0.,-1.));
#14100 = DIRECTION('',(-0.,-1.,0.));
#14101 = PLANE('',#14102);
#14102 = AXIS2_PLACEMENT_3D('',#14103,#14104,#14105);
#14103 = CARTESIAN_POINT('',(0.,0.,1.51));
#14104 = DIRECTION('',(0.,0.,1.));
#14105 = DIRECTION('',(1.,0.,-0.));
#14106 = ADVANCED_FACE('',(#14107),#14118,.T.);
#14107 = FACE_BOUND('',#14108,.T.);
#14108 = EDGE_LOOP('',(#14109,#14115,#14116,#14117));
#14109 = ORIENTED_EDGE('',*,*,#14110,.T.);
#14110 = EDGE_CURVE('',#13237,#13675,#14111,.T.);
#14111 = LINE('',#14112,#14113);
#14112 = CARTESIAN_POINT('',(94.373402,-69.153402,0.));
#14113 = VECTOR('',#14114,1.);
#14114 = DIRECTION('',(0.,0.,1.));
#14115 = ORIENTED_EDGE('',*,*,#13674,.T.);
#14116 = ORIENTED_EDGE('',*,*,#13172,.F.);
#14117 = ORIENTED_EDGE('',*,*,#13236,.F.);
#14118 = CYLINDRICAL_SURFACE('',#14119,4.699999561536);
#14119 = AXIS2_PLACEMENT_3D('',#14120,#14121,#14122);
#14120 = CARTESIAN_POINT('',(99.073401561536,-69.15340156153,0.));
#14121 = DIRECTION('',(0.,0.,-1.));
#14122 = DIRECTION('',(-1.,-9.329027877471E-08,-0.));
#14123 = ADVANCED_FACE('',(#14124),#14135,.T.);
#14124 = FACE_BOUND('',#14125,.T.);
#14125 = EDGE_LOOP('',(#14126,#14127,#14128,#14134));
#14126 = ORIENTED_EDGE('',*,*,#13212,.T.);
#14127 = ORIENTED_EDGE('',*,*,#13708,.T.);
#14128 = ORIENTED_EDGE('',*,*,#14129,.F.);
#14129 = EDGE_CURVE('',#13263,#13701,#14130,.T.);
#14130 = LINE('',#14131,#14132);
#14131 = CARTESIAN_POINT('',(184.626598,-114.406598,0.));
#14132 = VECTOR('',#14133,1.);
#14133 = DIRECTION('',(0.,0.,1.));
#14134 = ORIENTED_EDGE('',*,*,#13270,.F.);
#14135 = CYLINDRICAL_SURFACE('',#14136,4.699999561536);
#14136 = AXIS2_PLACEMENT_3D('',#14137,#14138,#14139);
#14137 = CARTESIAN_POINT('',(184.62659843846,-109.7065984384,0.));
#14138 = DIRECTION('',(0.,0.,-1.));
#14139 = DIRECTION('',(1.,9.32902817983E-08,0.));
#14140 = ADVANCED_FACE('',(#14141),#14152,.T.);
#14141 = FACE_BOUND('',#14142,.T.);
#14142 = EDGE_LOOP('',(#14143,#14149,#14150,#14151));
#14143 = ORIENTED_EDGE('',*,*,#14144,.T.);
#14144 = EDGE_CURVE('',#13246,#13684,#14145,.T.);
#14145 = LINE('',#14146,#14147);
#14146 = CARTESIAN_POINT('',(94.373402,-109.706598,0.));
#14147 = VECTOR('',#14148,1.);
#14148 = DIRECTION('',(0.,0.,1.));
#14149 = ORIENTED_EDGE('',*,*,#13683,.T.);
#14150 = ORIENTED_EDGE('',*,*,#14110,.F.);
#14151 = ORIENTED_EDGE('',*,*,#13245,.F.);
#14152 = PLANE('',#14153);
#14153 = AXIS2_PLACEMENT_3D('',#14154,#14155,#14156);
#14154 = CARTESIAN_POINT('',(94.373402,-109.706598,0.));
#14155 = DIRECTION('',(-1.,0.,0.));
#14156 = DIRECTION('',(0.,1.,0.));
#14157 = ADVANCED_FACE('',(#14158),#14169,.T.);
#14158 = FACE_BOUND('',#14159,.T.);
#14159 = EDGE_LOOP('',(#14160,#14161,#14162,#14168));
#14160 = ORIENTED_EDGE('',*,*,#14129,.T.);
#14161 = ORIENTED_EDGE('',*,*,#13700,.T.);
#14162 = ORIENTED_EDGE('',*,*,#14163,.F.);
#14163 = EDGE_CURVE('',#13254,#13692,#14164,.T.);
#14164 = LINE('',#14165,#14166);
#14165 = CARTESIAN_POINT('',(99.073402,-114.406598,0.));
#14166 = VECTOR('',#14167,1.);
#14167 = DIRECTION('',(0.,0.,1.));
#14168 = ORIENTED_EDGE('',*,*,#13262,.F.);
#14169 = PLANE('',#14170);
#14170 = AXIS2_PLACEMENT_3D('',#14171,#14172,#14173);
#14171 = CARTESIAN_POINT('',(184.626598,-114.406598,0.));
#14172 = DIRECTION('',(0.,-1.,0.));
#14173 = DIRECTION('',(-1.,0.,0.));
#14174 = ADVANCED_FACE('',(#14175),#14181,.T.);
#14175 = FACE_BOUND('',#14176,.T.);
#14176 = EDGE_LOOP('',(#14177,#14178,#14179,#14180));
#14177 = ORIENTED_EDGE('',*,*,#14163,.T.);
#14178 = ORIENTED_EDGE('',*,*,#13691,.T.);
#14179 = ORIENTED_EDGE('',*,*,#14144,.F.);
#14180 = ORIENTED_EDGE('',*,*,#13253,.F.);
#14181 = CYLINDRICAL_SURFACE('',#14182,4.699999561536);
#14182 = AXIS2_PLACEMENT_3D('',#14183,#14184,#14185);
#14183 = CARTESIAN_POINT('',(99.073401561536,-109.7065984384,0.));
#14184 = DIRECTION('',(0.,0.,-1.));
#14185 = DIRECTION('',(9.32902817983E-08,-1.,0.));
#14186 = ADVANCED_FACE('',(#14187),#14203,.F.);
#14187 = FACE_BOUND('',#14188,.T.);
#14188 = EDGE_LOOP('',(#14189,#14190,#14196,#14197));
#14189 = ORIENTED_EDGE('',*,*,#13280,.T.);
#14190 = ORIENTED_EDGE('',*,*,#14191,.T.);
#14191 = EDGE_CURVE('',#13283,#13721,#14192,.T.);
#14192 = LINE('',#14193,#14194);
#14193 = CARTESIAN_POINT('',(103.71,-112.23,-4.6E-02));
#14194 = VECTOR('',#14195,1.);
#14195 = DIRECTION('',(0.,0.,1.));
#14196 = ORIENTED_EDGE('',*,*,#13718,.F.);
#14197 = ORIENTED_EDGE('',*,*,#14198,.F.);
#14198 = EDGE_CURVE('',#13281,#13719,#14199,.T.);
#14199 = LINE('',#14200,#14201);
#14200 = CARTESIAN_POINT('',(104.31,-112.23,-4.6E-02));
#14201 = VECTOR('',#14202,1.);
#14202 = DIRECTION('',(0.,0.,1.));
#14203 = CYLINDRICAL_SURFACE('',#14204,0.3);
#14204 = AXIS2_PLACEMENT_3D('',#14205,#14206,#14207);
#14205 = CARTESIAN_POINT('',(104.01,-112.23,-4.6E-02));
#14206 = DIRECTION('',(-0.,-0.,-1.));
#14207 = DIRECTION('',(-1.,-4.736951571734E-14,0.));
#14208 = ADVANCED_FACE('',(#14209),#14220,.T.);
#14209 = FACE_BOUND('',#14210,.T.);
#14210 = EDGE_LOOP('',(#14211,#14212,#14213,#14214));
#14211 = ORIENTED_EDGE('',*,*,#13308,.T.);
#14212 = ORIENTED_EDGE('',*,*,#14198,.T.);
#14213 = ORIENTED_EDGE('',*,*,#13746,.F.);
#14214 = ORIENTED_EDGE('',*,*,#14215,.F.);
#14215 = EDGE_CURVE('',#13300,#13738,#14216,.T.);
#14216 = LINE('',#14217,#14218);
#14217 = CARTESIAN_POINT('',(104.31,-111.43,-4.6E-02));
#14218 = VECTOR('',#14219,1.);
#14219 = DIRECTION('',(0.,0.,1.));
#14220 = PLANE('',#14221);
#14221 = AXIS2_PLACEMENT_3D('',#14222,#14223,#14224);
#14222 = CARTESIAN_POINT('',(104.31,-112.23,-4.6E-02));
#14223 = DIRECTION('',(-1.,0.,0.));
#14224 = DIRECTION('',(0.,1.,0.));
#14225 = ADVANCED_FACE('',(#14226),#14237,.F.);
#14226 = FACE_BOUND('',#14227,.T.);
#14227 = EDGE_LOOP('',(#14228,#14229,#14230,#14231));
#14228 = ORIENTED_EDGE('',*,*,#13299,.T.);
#14229 = ORIENTED_EDGE('',*,*,#14215,.T.);
#14230 = ORIENTED_EDGE('',*,*,#13737,.F.);
#14231 = ORIENTED_EDGE('',*,*,#14232,.F.);
#14232 = EDGE_CURVE('',#13292,#13730,#14233,.T.);
#14233 = LINE('',#14234,#14235);
#14234 = CARTESIAN_POINT('',(103.71,-111.43,-4.6E-02));
#14235 = VECTOR('',#14236,1.);
#14236 = DIRECTION('',(0.,0.,1.));
#14237 = CYLINDRICAL_SURFACE('',#14238,0.3);
#14238 = AXIS2_PLACEMENT_3D('',#14239,#14240,#14241);
#14239 = CARTESIAN_POINT('',(104.01,-111.43,-4.6E-02));
#14240 = DIRECTION('',(-0.,-0.,-1.));
#14241 = DIRECTION('',(1.,-4.736951571734E-14,0.));
#14242 = ADVANCED_FACE('',(#14243),#14249,.T.);
#14243 = FACE_BOUND('',#14244,.T.);
#14244 = EDGE_LOOP('',(#14245,#14246,#14247,#14248));
#14245 = ORIENTED_EDGE('',*,*,#13291,.T.);
#14246 = ORIENTED_EDGE('',*,*,#14232,.T.);
#14247 = ORIENTED_EDGE('',*,*,#13729,.F.);
#14248 = ORIENTED_EDGE('',*,*,#14191,.F.);
#14249 = PLANE('',#14250);
#14250 = AXIS2_PLACEMENT_3D('',#14251,#14252,#14253);
#14251 = CARTESIAN_POINT('',(103.71,-111.43,-4.6E-02));
#14252 = DIRECTION('',(1.,0.,-0.));
#14253 = DIRECTION('',(0.,-1.,0.));
#14254 = ADVANCED_FACE('',(#14255),#14271,.F.);
#14255 = FACE_BOUND('',#14256,.T.);
#14256 = EDGE_LOOP('',(#14257,#14258,#14264,#14265));
#14257 = ORIENTED_EDGE('',*,*,#13316,.T.);
#14258 = ORIENTED_EDGE('',*,*,#14259,.T.);
#14259 = EDGE_CURVE('',#13319,#13757,#14260,.T.);
#14260 = LINE('',#14261,#14262);
#14261 = CARTESIAN_POINT('',(103.71,-108.18,-4.6E-02));
#14262 = VECTOR('',#14263,1.);
#14263 = DIRECTION('',(0.,0.,1.));
#14264 = ORIENTED_EDGE('',*,*,#13754,.F.);
#14265 = ORIENTED_EDGE('',*,*,#14266,.F.);
#14266 = EDGE_CURVE('',#13317,#13755,#14267,.T.);
#14267 = LINE('',#14268,#14269);
#14268 = CARTESIAN_POINT('',(104.31,-108.18,-4.6E-02));
#14269 = VECTOR('',#14270,1.);
#14270 = DIRECTION('',(0.,0.,1.));
#14271 = CYLINDRICAL_SURFACE('',#14272,0.3);
#14272 = AXIS2_PLACEMENT_3D('',#14273,#14274,#14275);
#14273 = CARTESIAN_POINT('',(104.01,-108.18,-4.6E-02));
#14274 = DIRECTION('',(-0.,-0.,-1.));
#14275 = DIRECTION('',(-1.,0.,-0.));
#14276 = ADVANCED_FACE('',(#14277),#14288,.T.);
#14277 = FACE_BOUND('',#14278,.T.);
#14278 = EDGE_LOOP('',(#14279,#14280,#14281,#14282));
#14279 = ORIENTED_EDGE('',*,*,#13344,.T.);
#14280 = ORIENTED_EDGE('',*,*,#14266,.T.);
#14281 = ORIENTED_EDGE('',*,*,#13782,.F.);
#14282 = ORIENTED_EDGE('',*,*,#14283,.F.);
#14283 = EDGE_CURVE('',#13336,#13774,#14284,.T.);
#14284 = LINE('',#14285,#14286);
#14285 = CARTESIAN_POINT('',(104.31,-107.08,-4.6E-02));
#14286 = VECTOR('',#14287,1.);
#14287 = DIRECTION('',(0.,0.,1.));
#14288 = PLANE('',#14289);
#14289 = AXIS2_PLACEMENT_3D('',#14290,#14291,#14292);
#14290 = CARTESIAN_POINT('',(104.31,-108.18,-4.6E-02));
#14291 = DIRECTION('',(-1.,0.,0.));
#14292 = DIRECTION('',(0.,1.,0.));
#14293 = ADVANCED_FACE('',(#14294),#14305,.F.);
#14294 = FACE_BOUND('',#14295,.T.);
#14295 = EDGE_LOOP('',(#14296,#14297,#14298,#14299));
#14296 = ORIENTED_EDGE('',*,*,#13335,.T.);
#14297 = ORIENTED_EDGE('',*,*,#14283,.T.);
#14298 = ORIENTED_EDGE('',*,*,#13773,.F.);
#14299 = ORIENTED_EDGE('',*,*,#14300,.F.);
#14300 = EDGE_CURVE('',#13328,#13766,#14301,.T.);
#14301 = LINE('',#14302,#14303);
#14302 = CARTESIAN_POINT('',(103.71,-107.08,-4.6E-02));
#14303 = VECTOR('',#14304,1.);
#14304 = DIRECTION('',(0.,0.,1.));
#14305 = CYLINDRICAL_SURFACE('',#14306,0.3);
#14306 = AXIS2_PLACEMENT_3D('',#14307,#14308,#14309);
#14307 = CARTESIAN_POINT('',(104.01,-107.08,-4.6E-02));
#14308 = DIRECTION('',(-0.,-0.,-1.));
#14309 = DIRECTION('',(1.,4.736951571734E-14,-0.));
#14310 = ADVANCED_FACE('',(#14311),#14317,.T.);
#14311 = FACE_BOUND('',#14312,.T.);
#14312 = EDGE_LOOP('',(#14313,#14314,#14315,#14316));
#14313 = ORIENTED_EDGE('',*,*,#13327,.T.);
#14314 = ORIENTED_EDGE('',*,*,#14300,.T.);
#14315 = ORIENTED_EDGE('',*,*,#13765,.F.);
#14316 = ORIENTED_EDGE('',*,*,#14259,.F.);
#14317 = PLANE('',#14318);
#14318 = AXIS2_PLACEMENT_3D('',#14319,#14320,#14321);
#14319 = CARTESIAN_POINT('',(103.71,-107.08,-4.6E-02));
#14320 = DIRECTION('',(1.,0.,-0.));
#14321 = DIRECTION('',(0.,-1.,0.));
#14322 = ADVANCED_FACE('',(#14323),#14334,.F.);
#14323 = FACE_BOUND('',#14324,.T.);
#14324 = EDGE_LOOP('',(#14325,#14326,#14332,#14333));
#14325 = ORIENTED_EDGE('',*,*,#13352,.T.);
#14326 = ORIENTED_EDGE('',*,*,#14327,.T.);
#14327 = EDGE_CURVE('',#13353,#13791,#14328,.T.);
#14328 = LINE('',#14329,#14330);
#14329 = CARTESIAN_POINT('',(105.44,-108.475,-4.6E-02));
#14330 = VECTOR('',#14331,1.);
#14331 = DIRECTION('',(0.,0.,1.));
#14332 = ORIENTED_EDGE('',*,*,#13790,.F.);
#14333 = ORIENTED_EDGE('',*,*,#14327,.F.);
#14334 = CYLINDRICAL_SURFACE('',#14335,0.325);
#14335 = AXIS2_PLACEMENT_3D('',#14336,#14337,#14338);
#14336 = CARTESIAN_POINT('',(105.44,-108.15,-4.6E-02));
#14337 = DIRECTION('',(-0.,-0.,-1.));
#14338 = DIRECTION('',(-0.,-1.,0.));
#14339 = ADVANCED_FACE('',(#14340),#14356,.F.);
#14340 = FACE_BOUND('',#14341,.T.);
#14341 = EDGE_LOOP('',(#14342,#14343,#14349,#14350));
#14342 = ORIENTED_EDGE('',*,*,#13363,.T.);
#14343 = ORIENTED_EDGE('',*,*,#14344,.T.);
#14344 = EDGE_CURVE('',#13366,#13804,#14345,.T.);
#14345 = LINE('',#14346,#14347);
#14346 = CARTESIAN_POINT('',(112.35,-112.23,-4.6E-02));
#14347 = VECTOR('',#14348,1.);
#14348 = DIRECTION('',(0.,0.,1.));
#14349 = ORIENTED_EDGE('',*,*,#13801,.F.);
#14350 = ORIENTED_EDGE('',*,*,#14351,.F.);
#14351 = EDGE_CURVE('',#13364,#13802,#14352,.T.);
#14352 = LINE('',#14353,#14354);
#14353 = CARTESIAN_POINT('',(112.95,-112.23,-4.6E-02));
#14354 = VECTOR('',#14355,1.);
#14355 = DIRECTION('',(0.,0.,1.));
#14356 = CYLINDRICAL_SURFACE('',#14357,0.3);
#14357 = AXIS2_PLACEMENT_3D('',#14358,#14359,#14360);
#14358 = CARTESIAN_POINT('',(112.65,-112.23,-4.6E-02));
#14359 = DIRECTION('',(-0.,-0.,-1.));
#14360 = DIRECTION('',(-1.,-4.736951571734E-14,0.));
#14361 = ADVANCED_FACE('',(#14362),#14373,.T.);
#14362 = FACE_BOUND('',#14363,.T.);
#14363 = EDGE_LOOP('',(#14364,#14365,#14366,#14367));
#14364 = ORIENTED_EDGE('',*,*,#13391,.T.);
#14365 = ORIENTED_EDGE('',*,*,#14351,.T.);
#14366 = ORIENTED_EDGE('',*,*,#13829,.F.);
#14367 = ORIENTED_EDGE('',*,*,#14368,.F.);
#14368 = EDGE_CURVE('',#13383,#13821,#14369,.T.);
#14369 = LINE('',#14370,#14371);
#14370 = CARTESIAN_POINT('',(112.95,-111.43,-4.6E-02));
#14371 = VECTOR('',#14372,1.);
#14372 = DIRECTION('',(0.,0.,1.));
#14373 = PLANE('',#14374);
#14374 = AXIS2_PLACEMENT_3D('',#14375,#14376,#14377);
#14375 = CARTESIAN_POINT('',(112.95,-112.23,-4.6E-02));
#14376 = DIRECTION('',(-1.,0.,0.));
#14377 = DIRECTION('',(0.,1.,0.));
#14378 = ADVANCED_FACE('',(#14379),#14390,.F.);
#14379 = FACE_BOUND('',#14380,.T.);
#14380 = EDGE_LOOP('',(#14381,#14382,#14383,#14384));
#14381 = ORIENTED_EDGE('',*,*,#13382,.T.);
#14382 = ORIENTED_EDGE('',*,*,#14368,.T.);
#14383 = ORIENTED_EDGE('',*,*,#13820,.F.);
#14384 = ORIENTED_EDGE('',*,*,#14385,.F.);
#14385 = EDGE_CURVE('',#13375,#13813,#14386,.T.);
#14386 = LINE('',#14387,#14388);
#14387 = CARTESIAN_POINT('',(112.35,-111.43,-4.6E-02));
#14388 = VECTOR('',#14389,1.);
#14389 = DIRECTION('',(0.,0.,1.));
#14390 = CYLINDRICAL_SURFACE('',#14391,0.3);
#14391 = AXIS2_PLACEMENT_3D('',#14392,#14393,#14394);
#14392 = CARTESIAN_POINT('',(112.65,-111.43,-4.6E-02));
#14393 = DIRECTION('',(-0.,-0.,-1.));
#14394 = DIRECTION('',(1.,0.,-0.));
#14395 = ADVANCED_FACE('',(#14396),#14402,.T.);
#14396 = FACE_BOUND('',#14397,.T.);
#14397 = EDGE_LOOP('',(#14398,#14399,#14400,#14401));
#14398 = ORIENTED_EDGE('',*,*,#13374,.T.);
#14399 = ORIENTED_EDGE('',*,*,#14385,.T.);
#14400 = ORIENTED_EDGE('',*,*,#13812,.F.);
#14401 = ORIENTED_EDGE('',*,*,#14344,.F.);
#14402 = PLANE('',#14403);
#14403 = AXIS2_PLACEMENT_3D('',#14404,#14405,#14406);
#14404 = CARTESIAN_POINT('',(112.35,-111.43,-4.6E-02));
#14405 = DIRECTION('',(1.,0.,-0.));
#14406 = DIRECTION('',(0.,-1.,0.));
#14407 = ADVANCED_FACE('',(#14408),#14419,.F.);
#14408 = FACE_BOUND('',#14409,.T.);
#14409 = EDGE_LOOP('',(#14410,#14411,#14417,#14418));
#14410 = ORIENTED_EDGE('',*,*,#13399,.T.);
#14411 = ORIENTED_EDGE('',*,*,#14412,.T.);
#14412 = EDGE_CURVE('',#13400,#13838,#14413,.T.);
#14413 = LINE('',#14414,#14415);
#14414 = CARTESIAN_POINT('',(111.22,-108.475,-4.6E-02));
#14415 = VECTOR('',#14416,1.);
#14416 = DIRECTION('',(0.,0.,1.));
#14417 = ORIENTED_EDGE('',*,*,#13837,.F.);
#14418 = ORIENTED_EDGE('',*,*,#14412,.F.);
#14419 = CYLINDRICAL_SURFACE('',#14420,0.325);
#14420 = AXIS2_PLACEMENT_3D('',#14421,#14422,#14423);
#14421 = CARTESIAN_POINT('',(111.22,-108.15,-4.6E-02));
#14422 = DIRECTION('',(-0.,-0.,-1.));
#14423 = DIRECTION('',(-0.,-1.,0.));
#14424 = ADVANCED_FACE('',(#14425),#14441,.F.);
#14425 = FACE_BOUND('',#14426,.T.);
#14426 = EDGE_LOOP('',(#14427,#14428,#14434,#14435));
#14427 = ORIENTED_EDGE('',*,*,#13410,.T.);
#14428 = ORIENTED_EDGE('',*,*,#14429,.T.);
#14429 = EDGE_CURVE('',#13413,#13851,#14430,.T.);
#14430 = LINE('',#14431,#14432);
#14431 = CARTESIAN_POINT('',(112.35,-108.18,-4.6E-02));
#14432 = VECTOR('',#14433,1.);
#14433 = DIRECTION('',(0.,0.,1.));
#14434 = ORIENTED_EDGE('',*,*,#13848,.F.);
#14435 = ORIENTED_EDGE('',*,*,#14436,.F.);
#14436 = EDGE_CURVE('',#13411,#13849,#14437,.T.);
#14437 = LINE('',#14438,#14439);
#14438 = CARTESIAN_POINT('',(112.95,-108.18,-4.6E-02));
#14439 = VECTOR('',#14440,1.);
#14440 = DIRECTION('',(0.,0.,1.));
#14441 = CYLINDRICAL_SURFACE('',#14442,0.3);
#14442 = AXIS2_PLACEMENT_3D('',#14443,#14444,#14445);
#14443 = CARTESIAN_POINT('',(112.65,-108.18,-4.6E-02));
#14444 = DIRECTION('',(-0.,-0.,-1.));
#14445 = DIRECTION('',(-1.,0.,-0.));
#14446 = ADVANCED_FACE('',(#14447),#14458,.T.);
#14447 = FACE_BOUND('',#14448,.T.);
#14448 = EDGE_LOOP('',(#14449,#14450,#14451,#14452));
#14449 = ORIENTED_EDGE('',*,*,#13438,.T.);
#14450 = ORIENTED_EDGE('',*,*,#14436,.T.);
#14451 = ORIENTED_EDGE('',*,*,#13876,.F.);
#14452 = ORIENTED_EDGE('',*,*,#14453,.F.);
#14453 = EDGE_CURVE('',#13430,#13868,#14454,.T.);
#14454 = LINE('',#14455,#14456);
#14455 = CARTESIAN_POINT('',(112.95,-107.08,-4.6E-02));
#14456 = VECTOR('',#14457,1.);
#14457 = DIRECTION('',(0.,0.,1.));
#14458 = PLANE('',#14459);
#14459 = AXIS2_PLACEMENT_3D('',#14460,#14461,#14462);
#14460 = CARTESIAN_POINT('',(112.95,-108.18,-4.6E-02));
#14461 = DIRECTION('',(-1.,0.,0.));
#14462 = DIRECTION('',(0.,1.,0.));
#14463 = ADVANCED_FACE('',(#14464),#14475,.F.);
#14464 = FACE_BOUND('',#14465,.T.);
#14465 = EDGE_LOOP('',(#14466,#14467,#14468,#14469));
#14466 = ORIENTED_EDGE('',*,*,#13429,.T.);
#14467 = ORIENTED_EDGE('',*,*,#14453,.T.);
#14468 = ORIENTED_EDGE('',*,*,#13867,.F.);
#14469 = ORIENTED_EDGE('',*,*,#14470,.F.);
#14470 = EDGE_CURVE('',#13422,#13860,#14471,.T.);
#14471 = LINE('',#14472,#14473);
#14472 = CARTESIAN_POINT('',(112.35,-107.08,-4.6E-02));
#14473 = VECTOR('',#14474,1.);
#14474 = DIRECTION('',(0.,0.,1.));
#14475 = CYLINDRICAL_SURFACE('',#14476,0.3);
#14476 = AXIS2_PLACEMENT_3D('',#14477,#14478,#14479);
#14477 = CARTESIAN_POINT('',(112.65,-107.08,-4.6E-02));
#14478 = DIRECTION('',(-0.,-0.,-1.));
#14479 = DIRECTION('',(1.,4.736951571734E-14,-0.));
#14480 = ADVANCED_FACE('',(#14481),#14487,.T.);
#14481 = FACE_BOUND('',#14482,.T.);
#14482 = EDGE_LOOP('',(#14483,#14484,#14485,#14486));
#14483 = ORIENTED_EDGE('',*,*,#13421,.T.);
#14484 = ORIENTED_EDGE('',*,*,#14470,.T.);
#14485 = ORIENTED_EDGE('',*,*,#13859,.F.);
#14486 = ORIENTED_EDGE('',*,*,#14429,.F.);
#14487 = PLANE('',#14488);
#14488 = AXIS2_PLACEMENT_3D('',#14489,#14490,#14491);
#14489 = CARTESIAN_POINT('',(112.35,-107.08,-4.6E-02));
#14490 = DIRECTION('',(1.,0.,-0.));
#14491 = DIRECTION('',(0.,-1.,0.));
#14492 = ADVANCED_FACE('',(#14493),#14504,.F.);
#14493 = FACE_BOUND('',#14494,.T.);
#14494 = EDGE_LOOP('',(#14495,#14496,#14502,#14503));
#14495 = ORIENTED_EDGE('',*,*,#13446,.T.);
#14496 = ORIENTED_EDGE('',*,*,#14497,.T.);
#14497 = EDGE_CURVE('',#13447,#13885,#14498,.T.);
#14498 = LINE('',#14499,#14500);
#14499 = CARTESIAN_POINT('',(136.8,-107.04,-4.6E-02));
#14500 = VECTOR('',#14501,1.);
#14501 = DIRECTION('',(0.,0.,1.));
#14502 = ORIENTED_EDGE('',*,*,#13884,.F.);
#14503 = ORIENTED_EDGE('',*,*,#14497,.F.);
#14504 = CYLINDRICAL_SURFACE('',#14505,0.1);
#14505 = AXIS2_PLACEMENT_3D('',#14506,#14507,#14508);
#14506 = CARTESIAN_POINT('',(136.8,-106.94,-4.6E-02));
#14507 = DIRECTION('',(-0.,-0.,-1.));
#14508 = DIRECTION('',(-0.,-1.,0.));
#14509 = ADVANCED_FACE('',(#14510),#14521,.F.);
#14510 = FACE_BOUND('',#14511,.T.);
#14511 = EDGE_LOOP('',(#14512,#14513,#14519,#14520));
#14512 = ORIENTED_EDGE('',*,*,#13457,.T.);
#14513 = ORIENTED_EDGE('',*,*,#14514,.T.);
#14514 = EDGE_CURVE('',#13458,#13896,#14515,.T.);
#14515 = LINE('',#14516,#14517);
#14516 = CARTESIAN_POINT('',(136.1,-106.34,-4.6E-02));
#14517 = VECTOR('',#14518,1.);
#14518 = DIRECTION('',(0.,0.,1.));
#14519 = ORIENTED_EDGE('',*,*,#13895,.F.);
#14520 = ORIENTED_EDGE('',*,*,#14514,.F.);
#14521 = CYLINDRICAL_SURFACE('',#14522,9.999999999999E-02);
#14522 = AXIS2_PLACEMENT_3D('',#14523,#14524,#14525);
#14523 = CARTESIAN_POINT('',(136.1,-106.24,-4.6E-02));
#14524 = DIRECTION('',(-0.,-0.,-1.));
#14525 = DIRECTION('',(-0.,-1.,0.));
#14526 = ADVANCED_FACE('',(#14527),#14538,.F.);
#14527 = FACE_BOUND('',#14528,.T.);
#14528 = EDGE_LOOP('',(#14529,#14530,#14536,#14537));
#14529 = ORIENTED_EDGE('',*,*,#13468,.T.);
#14530 = ORIENTED_EDGE('',*,*,#14531,.T.);
#14531 = EDGE_CURVE('',#13469,#13907,#14532,.T.);
#14532 = LINE('',#14533,#14534);
#14533 = CARTESIAN_POINT('',(137.475,-106.34,-4.6E-02));
#14534 = VECTOR('',#14535,1.);
#14535 = DIRECTION('',(0.,0.,1.));
#14536 = ORIENTED_EDGE('',*,*,#13906,.F.);
#14537 = ORIENTED_EDGE('',*,*,#14531,.F.);
#14538 = CYLINDRICAL_SURFACE('',#14539,9.999999999999E-02);
#14539 = AXIS2_PLACEMENT_3D('',#14540,#14541,#14542);
#14540 = CARTESIAN_POINT('',(137.475,-106.24,-4.6E-02));
#14541 = DIRECTION('',(-0.,-0.,-1.));
#14542 = DIRECTION('',(-0.,-1.,0.));
#14543 = ADVANCED_FACE('',(#14544),#14555,.F.);
#14544 = FACE_BOUND('',#14545,.T.);
#14545 = EDGE_LOOP('',(#14546,#14547,#14553,#14554));
#14546 = ORIENTED_EDGE('',*,*,#13479,.T.);
#14547 = ORIENTED_EDGE('',*,*,#14548,.T.);
#14548 = EDGE_CURVE('',#13480,#13918,#14549,.T.);
#14549 = LINE('',#14550,#14551);
#14550 = CARTESIAN_POINT('',(138.2,-107.04,-4.6E-02));
#14551 = VECTOR('',#14552,1.);
#14552 = DIRECTION('',(0.,0.,1.));
#14553 = ORIENTED_EDGE('',*,*,#13917,.F.);
#14554 = ORIENTED_EDGE('',*,*,#14548,.F.);
#14555 = CYLINDRICAL_SURFACE('',#14556,0.1);
#14556 = AXIS2_PLACEMENT_3D('',#14557,#14558,#14559);
#14557 = CARTESIAN_POINT('',(138.2,-106.94,-4.6E-02));
#14558 = DIRECTION('',(-0.,-0.,-1.));
#14559 = DIRECTION('',(-0.,-1.,0.));
#14560 = ADVANCED_FACE('',(#14561),#14572,.F.);
#14561 = FACE_BOUND('',#14562,.T.);
#14562 = EDGE_LOOP('',(#14563,#14564,#14570,#14571));
#14563 = ORIENTED_EDGE('',*,*,#13490,.T.);
#14564 = ORIENTED_EDGE('',*,*,#14565,.T.);
#14565 = EDGE_CURVE('',#13491,#13929,#14566,.T.);
#14566 = LINE('',#14567,#14568);
#14567 = CARTESIAN_POINT('',(138.9,-106.34,-4.6E-02));
#14568 = VECTOR('',#14569,1.);
#14569 = DIRECTION('',(0.,0.,1.));
#14570 = ORIENTED_EDGE('',*,*,#13928,.F.);
#14571 = ORIENTED_EDGE('',*,*,#14565,.F.);
#14572 = CYLINDRICAL_SURFACE('',#14573,9.999999999999E-02);
#14573 = AXIS2_PLACEMENT_3D('',#14574,#14575,#14576);
#14574 = CARTESIAN_POINT('',(138.9,-106.24,-4.6E-02));
#14575 = DIRECTION('',(-0.,-0.,-1.));
#14576 = DIRECTION('',(-0.,-1.,0.));
#14577 = ADVANCED_FACE('',(#14578),#14589,.F.);
#14578 = FACE_BOUND('',#14579,.T.);
#14579 = EDGE_LOOP('',(#14580,#14581,#14587,#14588));
#14580 = ORIENTED_EDGE('',*,*,#13501,.T.);
#14581 = ORIENTED_EDGE('',*,*,#14582,.T.);
#14582 = EDGE_CURVE('',#13502,#13940,#14583,.T.);
#14583 = LINE('',#14584,#14585);
#14584 = CARTESIAN_POINT('',(136.8,-105.64,-4.6E-02));
#14585 = VECTOR('',#14586,1.);
#14586 = DIRECTION('',(0.,0.,1.));
#14587 = ORIENTED_EDGE('',*,*,#13939,.F.);
#14588 = ORIENTED_EDGE('',*,*,#14582,.F.);
#14589 = CYLINDRICAL_SURFACE('',#14590,0.1);
#14590 = AXIS2_PLACEMENT_3D('',#14591,#14592,#14593);
#14591 = CARTESIAN_POINT('',(136.8,-105.54,-4.6E-02));
#14592 = DIRECTION('',(-0.,-0.,-1.));
#14593 = DIRECTION('',(-0.,-1.,0.));
#14594 = ADVANCED_FACE('',(#14595),#14606,.F.);
#14595 = FACE_BOUND('',#14596,.T.);
#14596 = EDGE_LOOP('',(#14597,#14598,#14604,#14605));
#14597 = ORIENTED_EDGE('',*,*,#13512,.T.);
#14598 = ORIENTED_EDGE('',*,*,#14599,.T.);
#14599 = EDGE_CURVE('',#13513,#13951,#14600,.T.);
#14600 = LINE('',#14601,#14602);
#14601 = CARTESIAN_POINT('',(136.1,-104.94,-4.6E-02));
#14602 = VECTOR('',#14603,1.);
#14603 = DIRECTION('',(0.,0.,1.));
#14604 = ORIENTED_EDGE('',*,*,#13950,.F.);
#14605 = ORIENTED_EDGE('',*,*,#14599,.F.);
#14606 = CYLINDRICAL_SURFACE('',#14607,9.999999999999E-02);
#14607 = AXIS2_PLACEMENT_3D('',#14608,#14609,#14610);
#14608 = CARTESIAN_POINT('',(136.1,-104.84,-4.6E-02));
#14609 = DIRECTION('',(-0.,-0.,-1.));
#14610 = DIRECTION('',(-0.,-1.,0.));
#14611 = ADVANCED_FACE('',(#14612),#14623,.F.);
#14612 = FACE_BOUND('',#14613,.T.);
#14613 = EDGE_LOOP('',(#14614,#14615,#14621,#14622));
#14614 = ORIENTED_EDGE('',*,*,#13523,.T.);
#14615 = ORIENTED_EDGE('',*,*,#14616,.T.);
#14616 = EDGE_CURVE('',#13524,#13962,#14617,.T.);
#14617 = LINE('',#14618,#14619);
#14618 = CARTESIAN_POINT('',(137.475,-104.94,-4.6E-02));
#14619 = VECTOR('',#14620,1.);
#14620 = DIRECTION('',(0.,0.,1.));
#14621 = ORIENTED_EDGE('',*,*,#13961,.F.);
#14622 = ORIENTED_EDGE('',*,*,#14616,.F.);
#14623 = CYLINDRICAL_SURFACE('',#14624,9.999999999999E-02);
#14624 = AXIS2_PLACEMENT_3D('',#14625,#14626,#14627);
#14625 = CARTESIAN_POINT('',(137.475,-104.84,-4.6E-02));
#14626 = DIRECTION('',(-0.,-0.,-1.));
#14627 = DIRECTION('',(-0.,-1.,0.));
#14628 = ADVANCED_FACE('',(#14629),#14640,.F.);
#14629 = FACE_BOUND('',#14630,.T.);
#14630 = EDGE_LOOP('',(#14631,#14632,#14638,#14639));
#14631 = ORIENTED_EDGE('',*,*,#13534,.T.);
#14632 = ORIENTED_EDGE('',*,*,#14633,.T.);
#14633 = EDGE_CURVE('',#13535,#13973,#14634,.T.);
#14634 = LINE('',#14635,#14636);
#14635 = CARTESIAN_POINT('',(138.2,-105.64,-4.6E-02));
#14636 = VECTOR('',#14637,1.);
#14637 = DIRECTION('',(0.,0.,1.));
#14638 = ORIENTED_EDGE('',*,*,#13972,.F.);
#14639 = ORIENTED_EDGE('',*,*,#14633,.F.);
#14640 = CYLINDRICAL_SURFACE('',#14641,0.1);
#14641 = AXIS2_PLACEMENT_3D('',#14642,#14643,#14644);
#14642 = CARTESIAN_POINT('',(138.2,-105.54,-4.6E-02));
#14643 = DIRECTION('',(-0.,-0.,-1.));
#14644 = DIRECTION('',(-0.,-1.,0.));
#14645 = ADVANCED_FACE('',(#14646),#14657,.F.);
#14646 = FACE_BOUND('',#14647,.T.);
#14647 = EDGE_LOOP('',(#14648,#14649,#14655,#14656));
#14648 = ORIENTED_EDGE('',*,*,#13545,.T.);
#14649 = ORIENTED_EDGE('',*,*,#14650,.T.);
#14650 = EDGE_CURVE('',#13546,#13984,#14651,.T.);
#14651 = LINE('',#14652,#14653);
#14652 = CARTESIAN_POINT('',(138.9,-104.94,-4.6E-02));
#14653 = VECTOR('',#14654,1.);
#14654 = DIRECTION('',(0.,0.,1.));
#14655 = ORIENTED_EDGE('',*,*,#13983,.F.);
#14656 = ORIENTED_EDGE('',*,*,#14650,.F.);
#14657 = CYLINDRICAL_SURFACE('',#14658,9.999999999999E-02);
#14658 = AXIS2_PLACEMENT_3D('',#14659,#14660,#14661);
#14659 = CARTESIAN_POINT('',(138.9,-104.84,-4.6E-02));
#14660 = DIRECTION('',(-0.,-0.,-1.));
#14661 = DIRECTION('',(-0.,-1.,0.));
#14662 = ADVANCED_FACE('',(#14663),#14674,.F.);
#14663 = FACE_BOUND('',#14664,.T.);
#14664 = EDGE_LOOP('',(#14665,#14666,#14672,#14673));
#14665 = ORIENTED_EDGE('',*,*,#13556,.T.);
#14666 = ORIENTED_EDGE('',*,*,#14667,.T.);
#14667 = EDGE_CURVE('',#13557,#13995,#14668,.T.);
#14668 = LINE('',#14669,#14670);
#14669 = CARTESIAN_POINT('',(136.8,-104.24,-4.6E-02));
#14670 = VECTOR('',#14671,1.);
#14671 = DIRECTION('',(0.,0.,1.));
#14672 = ORIENTED_EDGE('',*,*,#13994,.F.);
#14673 = ORIENTED_EDGE('',*,*,#14667,.F.);
#14674 = CYLINDRICAL_SURFACE('',#14675,0.1);
#14675 = AXIS2_PLACEMENT_3D('',#14676,#14677,#14678);
#14676 = CARTESIAN_POINT('',(136.8,-104.14,-4.6E-02));
#14677 = DIRECTION('',(-0.,-0.,-1.));
#14678 = DIRECTION('',(-0.,-1.,0.));
#14679 = ADVANCED_FACE('',(#14680),#14691,.F.);
#14680 = FACE_BOUND('',#14681,.T.);
#14681 = EDGE_LOOP('',(#14682,#14683,#14689,#14690));
#14682 = ORIENTED_EDGE('',*,*,#13567,.T.);
#14683 = ORIENTED_EDGE('',*,*,#14684,.T.);
#14684 = EDGE_CURVE('',#13568,#14006,#14685,.T.);
#14685 = LINE('',#14686,#14687);
#14686 = CARTESIAN_POINT('',(138.2,-104.24,-4.6E-02));
#14687 = VECTOR('',#14688,1.);
#14688 = DIRECTION('',(0.,0.,1.));
#14689 = ORIENTED_EDGE('',*,*,#14005,.F.);
#14690 = ORIENTED_EDGE('',*,*,#14684,.F.);
#14691 = CYLINDRICAL_SURFACE('',#14692,0.1);
#14692 = AXIS2_PLACEMENT_3D('',#14693,#14694,#14695);
#14693 = CARTESIAN_POINT('',(138.2,-104.14,-4.6E-02));
#14694 = DIRECTION('',(-0.,-0.,-1.));
#14695 = DIRECTION('',(-0.,-1.,0.));
#14696 = ADVANCED_FACE('',(#14697),#14708,.F.);
#14697 = FACE_BOUND('',#14698,.T.);
#14698 = EDGE_LOOP('',(#14699,#14700,#14706,#14707));
#14699 = ORIENTED_EDGE('',*,*,#13578,.T.);
#14700 = ORIENTED_EDGE('',*,*,#14701,.T.);
#14701 = EDGE_CURVE('',#13579,#14017,#14702,.T.);
#14702 = LINE('',#14703,#14704);
#14703 = CARTESIAN_POINT('',(106.35,-71.58,-4.6E-02));
#14704 = VECTOR('',#14705,1.);
#14705 = DIRECTION('',(0.,0.,1.));
#14706 = ORIENTED_EDGE('',*,*,#14016,.F.);
#14707 = ORIENTED_EDGE('',*,*,#14701,.F.);
#14708 = CYLINDRICAL_SURFACE('',#14709,0.65);
#14709 = AXIS2_PLACEMENT_3D('',#14710,#14711,#14712);
#14710 = CARTESIAN_POINT('',(106.35,-70.93,-4.6E-02));
#14711 = DIRECTION('',(-0.,-0.,-1.));
#14712 = DIRECTION('',(-0.,-1.,0.));
#14713 = ADVANCED_FACE('',(#14714),#14725,.F.);
#14714 = FACE_BOUND('',#14715,.T.);
#14715 = EDGE_LOOP('',(#14716,#14717,#14723,#14724));
#14716 = ORIENTED_EDGE('',*,*,#13589,.T.);
#14717 = ORIENTED_EDGE('',*,*,#14718,.T.);
#14718 = EDGE_CURVE('',#13590,#14028,#14719,.T.);
#14719 = LINE('',#14720,#14721);
#14720 = CARTESIAN_POINT('',(111.35,-71.58,-4.6E-02));
#14721 = VECTOR('',#14722,1.);
#14722 = DIRECTION('',(0.,0.,1.));
#14723 = ORIENTED_EDGE('',*,*,#14027,.F.);
#14724 = ORIENTED_EDGE('',*,*,#14718,.F.);
#14725 = CYLINDRICAL_SURFACE('',#14726,0.65);
#14726 = AXIS2_PLACEMENT_3D('',#14727,#14728,#14729);
#14727 = CARTESIAN_POINT('',(111.35,-70.93,-4.6E-02));
#14728 = DIRECTION('',(-0.,-0.,-1.));
#14729 = DIRECTION('',(-0.,-1.,0.));
#14730 = ADVANCED_FACE('',(#14731),#14742,.F.);
#14731 = FACE_BOUND('',#14732,.T.);
#14732 = EDGE_LOOP('',(#14733,#14734,#14740,#14741));
#14733 = ORIENTED_EDGE('',*,*,#13600,.T.);
#14734 = ORIENTED_EDGE('',*,*,#14735,.T.);
#14735 = EDGE_CURVE('',#13601,#14039,#14736,.T.);
#14736 = LINE('',#14737,#14738);
#14737 = CARTESIAN_POINT('',(116.35,-71.58,-4.6E-02));
#14738 = VECTOR('',#14739,1.);
#14739 = DIRECTION('',(0.,0.,1.));
#14740 = ORIENTED_EDGE('',*,*,#14038,.F.);
#14741 = ORIENTED_EDGE('',*,*,#14735,.F.);
#14742 = CYLINDRICAL_SURFACE('',#14743,0.65);
#14743 = AXIS2_PLACEMENT_3D('',#14744,#14745,#14746);
#14744 = CARTESIAN_POINT('',(116.35,-70.93,-4.6E-02));
#14745 = DIRECTION('',(-0.,-0.,-1.));
#14746 = DIRECTION('',(-0.,-1.,0.));
#14747 = ADVANCED_FACE('',(#14748),#14759,.F.);
#14748 = FACE_BOUND('',#14749,.T.);
#14749 = EDGE_LOOP('',(#14750,#14751,#14757,#14758));
#14750 = ORIENTED_EDGE('',*,*,#13611,.T.);
#14751 = ORIENTED_EDGE('',*,*,#14752,.T.);
#14752 = EDGE_CURVE('',#13612,#14050,#14753,.T.);
#14753 = LINE('',#14754,#14755);
#14754 = CARTESIAN_POINT('',(121.35,-71.58,-4.6E-02));
#14755 = VECTOR('',#14756,1.);
#14756 = DIRECTION('',(0.,0.,1.));
#14757 = ORIENTED_EDGE('',*,*,#14049,.F.);
#14758 = ORIENTED_EDGE('',*,*,#14752,.F.);
#14759 = CYLINDRICAL_SURFACE('',#14760,0.65);
#14760 = AXIS2_PLACEMENT_3D('',#14761,#14762,#14763);
#14761 = CARTESIAN_POINT('',(121.35,-70.93,-4.6E-02));
#14762 = DIRECTION('',(-0.,-0.,-1.));
#14763 = DIRECTION('',(-0.,-1.,0.));
#14764 = ADVANCED_FACE('',(#14765),#14776,.F.);
#14765 = FACE_BOUND('',#14766,.T.);
#14766 = EDGE_LOOP('',(#14767,#14768,#14774,#14775));
#14767 = ORIENTED_EDGE('',*,*,#13622,.T.);
#14768 = ORIENTED_EDGE('',*,*,#14769,.T.);
#14769 = EDGE_CURVE('',#13623,#14061,#14770,.T.);
#14770 = LINE('',#14771,#14772);
#14771 = CARTESIAN_POINT('',(135.15,-71.88,-4.6E-02));
#14772 = VECTOR('',#14773,1.);
#14773 = DIRECTION('',(0.,0.,1.));
#14774 = ORIENTED_EDGE('',*,*,#14060,.F.);
#14775 = ORIENTED_EDGE('',*,*,#14769,.F.);
#14776 = CYLINDRICAL_SURFACE('',#14777,0.65);
#14777 = AXIS2_PLACEMENT_3D('',#14778,#14779,#14780);
#14778 = CARTESIAN_POINT('',(135.15,-71.23,-4.6E-02));
#14779 = DIRECTION('',(-0.,-0.,-1.));
#14780 = DIRECTION('',(-0.,-1.,0.));
#14781 = ADVANCED_FACE('',(#14782),#14793,.F.);
#14782 = FACE_BOUND('',#14783,.T.);
#14783 = EDGE_LOOP('',(#14784,#14785,#14791,#14792));
#14784 = ORIENTED_EDGE('',*,*,#13633,.T.);
#14785 = ORIENTED_EDGE('',*,*,#14786,.T.);
#14786 = EDGE_CURVE('',#13634,#14072,#14787,.T.);
#14787 = LINE('',#14788,#14789);
#14788 = CARTESIAN_POINT('',(140.15,-71.88,-4.6E-02));
#14789 = VECTOR('',#14790,1.);
#14790 = DIRECTION('',(0.,0.,1.));
#14791 = ORIENTED_EDGE('',*,*,#14071,.F.);
#14792 = ORIENTED_EDGE('',*,*,#14786,.F.);
#14793 = CYLINDRICAL_SURFACE('',#14794,0.65);
#14794 = AXIS2_PLACEMENT_3D('',#14795,#14796,#14797);
#14795 = CARTESIAN_POINT('',(140.15,-71.23,-4.6E-02));
#14796 = DIRECTION('',(-0.,-0.,-1.));
#14797 = DIRECTION('',(-0.,-1.,0.));
#14798 = ADVANCED_FACE('',(#14799),#14810,.F.);
#14799 = FACE_BOUND('',#14800,.T.);
#14800 = EDGE_LOOP('',(#14801,#14802,#14808,#14809));
#14801 = ORIENTED_EDGE('',*,*,#13644,.T.);
#14802 = ORIENTED_EDGE('',*,*,#14803,.T.);
#14803 = EDGE_CURVE('',#13645,#14083,#14804,.T.);
#14804 = LINE('',#14805,#14806);
#14805 = CARTESIAN_POINT('',(145.15,-71.88,-4.6E-02));
#14806 = VECTOR('',#14807,1.);
#14807 = DIRECTION('',(0.,0.,1.));
#14808 = ORIENTED_EDGE('',*,*,#14082,.F.);
#14809 = ORIENTED_EDGE('',*,*,#14803,.F.);
#14810 = CYLINDRICAL_SURFACE('',#14811,0.65);
#14811 = AXIS2_PLACEMENT_3D('',#14812,#14813,#14814);
#14812 = CARTESIAN_POINT('',(145.15,-71.23,-4.6E-02));
#14813 = DIRECTION('',(-0.,-0.,-1.));
#14814 = DIRECTION('',(-0.,-1.,0.));
#14815 = ADVANCED_FACE('',(#14816),#14827,.F.);
#14816 = FACE_BOUND('',#14817,.T.);
#14817 = EDGE_LOOP('',(#14818,#14819,#14825,#14826));
#14818 = ORIENTED_EDGE('',*,*,#13655,.T.);
#14819 = ORIENTED_EDGE('',*,*,#14820,.T.);
#14820 = EDGE_CURVE('',#13656,#14094,#14821,.T.);
#14821 = LINE('',#14822,#14823);
#14822 = CARTESIAN_POINT('',(150.15,-71.88,-4.6E-02));
#14823 = VECTOR('',#14824,1.);
#14824 = DIRECTION('',(0.,0.,1.));
#14825 = ORIENTED_EDGE('',*,*,#14093,.F.);
#14826 = ORIENTED_EDGE('',*,*,#14820,.F.);
#14827 = CYLINDRICAL_SURFACE('',#14828,0.65);
#14828 = AXIS2_PLACEMENT_3D('',#14829,#14830,#14831);
#14829 = CARTESIAN_POINT('',(150.15,-71.23,-4.6E-02));
#14830 = DIRECTION('',(-0.,-0.,-1.));
#14831 = DIRECTION('',(-0.,-1.,0.));
#14832 = ( GEOMETRIC_REPRESENTATION_CONTEXT(3) 
GLOBAL_UNCERTAINTY_ASSIGNED_CONTEXT((#14836)) 
GLOBAL_UNIT_ASSIGNED_CONTEXT((#14833,#14834,#14835)) 
REPRESENTATION_CONTEXT('Context #1',
  '3D Context with UNIT and UNCERTAINTY') );
#14833 = ( LENGTH_UNIT() NAMED_UNIT(*) SI_UNIT(.MILLI.,.METRE.) );
#14834 = ( NAMED_UNIT(*) PLANE_ANGLE_UNIT() SI_UNIT($,.RADIAN.) );
#14835 = ( NAMED_UNIT(*) SI_UNIT($,.STERADIAN.) SOLID_ANGLE_UNIT() );
#14836 = UNCERTAINTY_MEASURE_WITH_UNIT(LENGTH_MEASURE(1.E-07),#14833,
  'distance_accuracy_value','confusion accuracy');
#14837 = CONTEXT_DEPENDENT_SHAPE_REPRESENTATION(#14838,#14840);
#14838 = ( REPRESENTATION_RELATIONSHIP('','',#13123,#10) 
REPRESENTATION_RELATIONSHIP_WITH_TRANSFORMATION(#14839) 
SHAPE_REPRESENTATION_RELATIONSHIP() );
#14839 = ITEM_DEFINED_TRANSFORMATION('','',#11,#103);
#14840 = PRODUCT_DEFINITION_SHAPE('Placement','Placement of an item',
  #14841);
#14841 = NEXT_ASSEMBLY_USAGE_OCCURRENCE('23','=>[0:1:1:8]','',#5,#13118,
  $);
#14842 = PRODUCT_RELATED_PRODUCT_CATEGORY('part',$,(#13120));
#14843 = MECHANICAL_DESIGN_GEOMETRIC_PRESENTATION_REPRESENTATION('',(
    #14844,#14852,#14859,#14866,#14873,#14880,#14888,#14895,#14902,
    #14909,#14916,#14923,#14930,#14937,#14944,#14951,#14958,#14965,
    #14972,#14979,#14986,#14993,#15000,#15007,#15014,#15021,#15028,
    #15035,#15042,#15049,#15056,#15063,#15070,#15077,#15084,#15091,
    #15098,#15105,#15112,#15119,#15126,#15133,#15140,#15147,#15154,
    #15161),#3090);
#14844 = STYLED_ITEM('color',(#14845),#1850);
#14845 = PRESENTATION_STYLE_ASSIGNMENT((#14846));
#14846 = SURFACE_STYLE_USAGE(.BOTH.,#14847);
#14847 = SURFACE_SIDE_STYLE('',(#14848));
#14848 = SURFACE_STYLE_FILL_AREA(#14849);
#14849 = FILL_AREA_STYLE('',(#14850));
#14850 = FILL_AREA_STYLE_COLOUR('',#14851);
#14851 = COLOUR_RGB('',0.147999998088,0.144999993226,0.144999993226);
#14852 = STYLED_ITEM('color',(#14853),#1888);
#14853 = PRESENTATION_STYLE_ASSIGNMENT((#14854));
#14854 = SURFACE_STYLE_USAGE(.BOTH.,#14855);
#14855 = SURFACE_SIDE_STYLE('',(#14856));
#14856 = SURFACE_STYLE_FILL_AREA(#14857);
#14857 = FILL_AREA_STYLE('',(#14858));
#14858 = FILL_AREA_STYLE_COLOUR('',#14851);
#14859 = STYLED_ITEM('color',(#14860),#2015);
#14860 = PRESENTATION_STYLE_ASSIGNMENT((#14861));
#14861 = SURFACE_STYLE_USAGE(.BOTH.,#14862);
#14862 = SURFACE_SIDE_STYLE('',(#14863));
#14863 = SURFACE_STYLE_FILL_AREA(#14864);
#14864 = FILL_AREA_STYLE('',(#14865));
#14865 = FILL_AREA_STYLE_COLOUR('',#14851);
#14866 = STYLED_ITEM('color',(#14867),#2042);
#14867 = PRESENTATION_STYLE_ASSIGNMENT((#14868));
#14868 = SURFACE_STYLE_USAGE(.BOTH.,#14869);
#14869 = SURFACE_SIDE_STYLE('',(#14870));
#14870 = SURFACE_STYLE_FILL_AREA(#14871);
#14871 = FILL_AREA_STYLE('',(#14872));
#14872 = FILL_AREA_STYLE_COLOUR('',#14851);
#14873 = STYLED_ITEM('color',(#14874),#2071);
#14874 = PRESENTATION_STYLE_ASSIGNMENT((#14875));
#14875 = SURFACE_STYLE_USAGE(.BOTH.,#14876);
#14876 = SURFACE_SIDE_STYLE('',(#14877));
#14877 = SURFACE_STYLE_FILL_AREA(#14878);
#14878 = FILL_AREA_STYLE('',(#14879));
#14879 = FILL_AREA_STYLE_COLOUR('',#14851);
#14880 = STYLED_ITEM('color',(#14881),#2098);
#14881 = PRESENTATION_STYLE_ASSIGNMENT((#14882));
#14882 = SURFACE_STYLE_USAGE(.BOTH.,#14883);
#14883 = SURFACE_SIDE_STYLE('',(#14884));
#14884 = SURFACE_STYLE_FILL_AREA(#14885);
#14885 = FILL_AREA_STYLE('',(#14886));
#14886 = FILL_AREA_STYLE_COLOUR('',#14887);
#14887 = COLOUR_RGB('',0.823999987314,0.819999987296,0.781000009244);
#14888 = STYLED_ITEM('color',(#14889),#2129);
#14889 = PRESENTATION_STYLE_ASSIGNMENT((#14890));
#14890 = SURFACE_STYLE_USAGE(.BOTH.,#14891);
#14891 = SURFACE_SIDE_STYLE('',(#14892));
#14892 = SURFACE_STYLE_FILL_AREA(#14893);
#14893 = FILL_AREA_STYLE('',(#14894));
#14894 = FILL_AREA_STYLE_COLOUR('',#14851);
#14895 = STYLED_ITEM('color',(#14896),#2165);
#14896 = PRESENTATION_STYLE_ASSIGNMENT((#14897));
#14897 = SURFACE_STYLE_USAGE(.BOTH.,#14898);
#14898 = SURFACE_SIDE_STYLE('',(#14899));
#14899 = SURFACE_STYLE_FILL_AREA(#14900);
#14900 = FILL_AREA_STYLE('',(#14901));
#14901 = FILL_AREA_STYLE_COLOUR('',#14887);
#14902 = STYLED_ITEM('color',(#14903),#2196);
#14903 = PRESENTATION_STYLE_ASSIGNMENT((#14904));
#14904 = SURFACE_STYLE_USAGE(.BOTH.,#14905);
#14905 = SURFACE_SIDE_STYLE('',(#14906));
#14906 = SURFACE_STYLE_FILL_AREA(#14907);
#14907 = FILL_AREA_STYLE('',(#14908));
#14908 = FILL_AREA_STYLE_COLOUR('',#14887);
#14909 = STYLED_ITEM('color',(#14910),#2227);
#14910 = PRESENTATION_STYLE_ASSIGNMENT((#14911));
#14911 = SURFACE_STYLE_USAGE(.BOTH.,#14912);
#14912 = SURFACE_SIDE_STYLE('',(#14913));
#14913 = SURFACE_STYLE_FILL_AREA(#14914);
#14914 = FILL_AREA_STYLE('',(#14915));
#14915 = FILL_AREA_STYLE_COLOUR('',#14851);
#14916 = STYLED_ITEM('color',(#14917),#2263);
#14917 = PRESENTATION_STYLE_ASSIGNMENT((#14918));
#14918 = SURFACE_STYLE_USAGE(.BOTH.,#14919);
#14919 = SURFACE_SIDE_STYLE('',(#14920));
#14920 = SURFACE_STYLE_FILL_AREA(#14921);
#14921 = FILL_AREA_STYLE('',(#14922));
#14922 = FILL_AREA_STYLE_COLOUR('',#14851);
#14923 = STYLED_ITEM('color',(#14924),#2299);
#14924 = PRESENTATION_STYLE_ASSIGNMENT((#14925));
#14925 = SURFACE_STYLE_USAGE(.BOTH.,#14926);
#14926 = SURFACE_SIDE_STYLE('',(#14927));
#14927 = SURFACE_STYLE_FILL_AREA(#14928);
#14928 = FILL_AREA_STYLE('',(#14929));
#14929 = FILL_AREA_STYLE_COLOUR('',#14887);
#14930 = STYLED_ITEM('color',(#14931),#2330);
#14931 = PRESENTATION_STYLE_ASSIGNMENT((#14932));
#14932 = SURFACE_STYLE_USAGE(.BOTH.,#14933);
#14933 = SURFACE_SIDE_STYLE('',(#14934));
#14934 = SURFACE_STYLE_FILL_AREA(#14935);
#14935 = FILL_AREA_STYLE('',(#14936));
#14936 = FILL_AREA_STYLE_COLOUR('',#14887);
#14937 = STYLED_ITEM('color',(#14938),#2361);
#14938 = PRESENTATION_STYLE_ASSIGNMENT((#14939));
#14939 = SURFACE_STYLE_USAGE(.BOTH.,#14940);
#14940 = SURFACE_SIDE_STYLE('',(#14941));
#14941 = SURFACE_STYLE_FILL_AREA(#14942);
#14942 = FILL_AREA_STYLE('',(#14943));
#14943 = FILL_AREA_STYLE_COLOUR('',#14851);
#14944 = STYLED_ITEM('color',(#14945),#2397);
#14945 = PRESENTATION_STYLE_ASSIGNMENT((#14946));
#14946 = SURFACE_STYLE_USAGE(.BOTH.,#14947);
#14947 = SURFACE_SIDE_STYLE('',(#14948));
#14948 = SURFACE_STYLE_FILL_AREA(#14949);
#14949 = FILL_AREA_STYLE('',(#14950));
#14950 = FILL_AREA_STYLE_COLOUR('',#14851);
#14951 = STYLED_ITEM('color',(#14952),#2430);
#14952 = PRESENTATION_STYLE_ASSIGNMENT((#14953));
#14953 = SURFACE_STYLE_USAGE(.BOTH.,#14954);
#14954 = SURFACE_SIDE_STYLE('',(#14955));
#14955 = SURFACE_STYLE_FILL_AREA(#14956);
#14956 = FILL_AREA_STYLE('',(#14957));
#14957 = FILL_AREA_STYLE_COLOUR('',#14887);
#14958 = STYLED_ITEM('color',(#14959),#2461);
#14959 = PRESENTATION_STYLE_ASSIGNMENT((#14960));
#14960 = SURFACE_STYLE_USAGE(.BOTH.,#14961);
#14961 = SURFACE_SIDE_STYLE('',(#14962));
#14962 = SURFACE_STYLE_FILL_AREA(#14963);
#14963 = FILL_AREA_STYLE('',(#14964));
#14964 = FILL_AREA_STYLE_COLOUR('',#14851);
#14965 = STYLED_ITEM('color',(#14966),#2484);
#14966 = PRESENTATION_STYLE_ASSIGNMENT((#14967));
#14967 = SURFACE_STYLE_USAGE(.BOTH.,#14968);
#14968 = SURFACE_SIDE_STYLE('',(#14969));
#14969 = SURFACE_STYLE_FILL_AREA(#14970);
#14970 = FILL_AREA_STYLE('',(#14971));
#14971 = FILL_AREA_STYLE_COLOUR('',#14851);
#14972 = STYLED_ITEM('color',(#14973),#2511);
#14973 = PRESENTATION_STYLE_ASSIGNMENT((#14974));
#14974 = SURFACE_STYLE_USAGE(.BOTH.,#14975);
#14975 = SURFACE_SIDE_STYLE('',(#14976));
#14976 = SURFACE_STYLE_FILL_AREA(#14977);
#14977 = FILL_AREA_STYLE('',(#14978));
#14978 = FILL_AREA_STYLE_COLOUR('',#14851);
#14979 = STYLED_ITEM('color',(#14980),#2555);
#14980 = PRESENTATION_STYLE_ASSIGNMENT((#14981));
#14981 = SURFACE_STYLE_USAGE(.BOTH.,#14982);
#14982 = SURFACE_SIDE_STYLE('',(#14983));
#14983 = SURFACE_STYLE_FILL_AREA(#14984);
#14984 = FILL_AREA_STYLE('',(#14985));
#14985 = FILL_AREA_STYLE_COLOUR('',#14887);
#14986 = STYLED_ITEM('color',(#14987),#2579);
#14987 = PRESENTATION_STYLE_ASSIGNMENT((#14988));
#14988 = SURFACE_STYLE_USAGE(.BOTH.,#14989);
#14989 = SURFACE_SIDE_STYLE('',(#14990));
#14990 = SURFACE_STYLE_FILL_AREA(#14991);
#14991 = FILL_AREA_STYLE('',(#14992));
#14992 = FILL_AREA_STYLE_COLOUR('',#14851);
#14993 = STYLED_ITEM('color',(#14994),#2603);
#14994 = PRESENTATION_STYLE_ASSIGNMENT((#14995));
#14995 = SURFACE_STYLE_USAGE(.BOTH.,#14996);
#14996 = SURFACE_SIDE_STYLE('',(#14997));
#14997 = SURFACE_STYLE_FILL_AREA(#14998);
#14998 = FILL_AREA_STYLE('',(#14999));
#14999 = FILL_AREA_STYLE_COLOUR('',#14851);
#15000 = STYLED_ITEM('color',(#15001),#2640);
#15001 = PRESENTATION_STYLE_ASSIGNMENT((#15002));
#15002 = SURFACE_STYLE_USAGE(.BOTH.,#15003);
#15003 = SURFACE_SIDE_STYLE('',(#15004));
#15004 = SURFACE_STYLE_FILL_AREA(#15005);
#15005 = FILL_AREA_STYLE('',(#15006));
#15006 = FILL_AREA_STYLE_COLOUR('',#14887);
#15007 = STYLED_ITEM('color',(#15008),#2664);
#15008 = PRESENTATION_STYLE_ASSIGNMENT((#15009));
#15009 = SURFACE_STYLE_USAGE(.BOTH.,#15010);
#15010 = SURFACE_SIDE_STYLE('',(#15011));
#15011 = SURFACE_STYLE_FILL_AREA(#15012);
#15012 = FILL_AREA_STYLE('',(#15013));
#15013 = FILL_AREA_STYLE_COLOUR('',#14887);
#15014 = STYLED_ITEM('color',(#15015),#2688);
#15015 = PRESENTATION_STYLE_ASSIGNMENT((#15016));
#15016 = SURFACE_STYLE_USAGE(.BOTH.,#15017);
#15017 = SURFACE_SIDE_STYLE('',(#15018));
#15018 = SURFACE_STYLE_FILL_AREA(#15019);
#15019 = FILL_AREA_STYLE('',(#15020));
#15020 = FILL_AREA_STYLE_COLOUR('',#14887);
#15021 = STYLED_ITEM('color',(#15022),#2705);
#15022 = PRESENTATION_STYLE_ASSIGNMENT((#15023));
#15023 = SURFACE_STYLE_USAGE(.BOTH.,#15024);
#15024 = SURFACE_SIDE_STYLE('',(#15025));
#15025 = SURFACE_STYLE_FILL_AREA(#15026);
#15026 = FILL_AREA_STYLE('',(#15027));
#15027 = FILL_AREA_STYLE_COLOUR('',#14887);
#15028 = STYLED_ITEM('color',(#15029),#2729);
#15029 = PRESENTATION_STYLE_ASSIGNMENT((#15030));
#15030 = SURFACE_STYLE_USAGE(.BOTH.,#15031);
#15031 = SURFACE_SIDE_STYLE('',(#15032));
#15032 = SURFACE_STYLE_FILL_AREA(#15033);
#15033 = FILL_AREA_STYLE('',(#15034));
#15034 = FILL_AREA_STYLE_COLOUR('',#14887);
#15035 = STYLED_ITEM('color',(#15036),#2753);
#15036 = PRESENTATION_STYLE_ASSIGNMENT((#15037));
#15037 = SURFACE_STYLE_USAGE(.BOTH.,#15038);
#15038 = SURFACE_SIDE_STYLE('',(#15039));
#15039 = SURFACE_STYLE_FILL_AREA(#15040);
#15040 = FILL_AREA_STYLE('',(#15041));
#15041 = FILL_AREA_STYLE_COLOUR('',#14887);
#15042 = STYLED_ITEM('color',(#15043),#2770);
#15043 = PRESENTATION_STYLE_ASSIGNMENT((#15044));
#15044 = SURFACE_STYLE_USAGE(.BOTH.,#15045);
#15045 = SURFACE_SIDE_STYLE('',(#15046));
#15046 = SURFACE_STYLE_FILL_AREA(#15047);
#15047 = FILL_AREA_STYLE('',(#15048));
#15048 = FILL_AREA_STYLE_COLOUR('',#14887);
#15049 = STYLED_ITEM('color',(#15050),#2794);
#15050 = PRESENTATION_STYLE_ASSIGNMENT((#15051));
#15051 = SURFACE_STYLE_USAGE(.BOTH.,#15052);
#15052 = SURFACE_SIDE_STYLE('',(#15053));
#15053 = SURFACE_STYLE_FILL_AREA(#15054);
#15054 = FILL_AREA_STYLE('',(#15055));
#15055 = FILL_AREA_STYLE_COLOUR('',#14887);
#15056 = STYLED_ITEM('color',(#15057),#2811);
#15057 = PRESENTATION_STYLE_ASSIGNMENT((#15058));
#15058 = SURFACE_STYLE_USAGE(.BOTH.,#15059);
#15059 = SURFACE_SIDE_STYLE('',(#15060));
#15060 = SURFACE_STYLE_FILL_AREA(#15061);
#15061 = FILL_AREA_STYLE('',(#15062));
#15062 = FILL_AREA_STYLE_COLOUR('',#14887);
#15063 = STYLED_ITEM('color',(#15064),#2835);
#15064 = PRESENTATION_STYLE_ASSIGNMENT((#15065));
#15065 = SURFACE_STYLE_USAGE(.BOTH.,#15066);
#15066 = SURFACE_SIDE_STYLE('',(#15067));
#15067 = SURFACE_STYLE_FILL_AREA(#15068);
#15068 = FILL_AREA_STYLE('',(#15069));
#15069 = FILL_AREA_STYLE_COLOUR('',#14887);
#15070 = STYLED_ITEM('color',(#15071),#2859);
#15071 = PRESENTATION_STYLE_ASSIGNMENT((#15072));
#15072 = SURFACE_STYLE_USAGE(.BOTH.,#15073);
#15073 = SURFACE_SIDE_STYLE('',(#15074));
#15074 = SURFACE_STYLE_FILL_AREA(#15075);
#15075 = FILL_AREA_STYLE('',(#15076));
#15076 = FILL_AREA_STYLE_COLOUR('',#14887);
#15077 = STYLED_ITEM('color',(#15078),#2883);
#15078 = PRESENTATION_STYLE_ASSIGNMENT((#15079));
#15079 = SURFACE_STYLE_USAGE(.BOTH.,#15080);
#15080 = SURFACE_SIDE_STYLE('',(#15081));
#15081 = SURFACE_STYLE_FILL_AREA(#15082);
#15082 = FILL_AREA_STYLE('',(#15083));
#15083 = FILL_AREA_STYLE_COLOUR('',#14887);
#15084 = STYLED_ITEM('color',(#15085),#2900);
#15085 = PRESENTATION_STYLE_ASSIGNMENT((#15086));
#15086 = SURFACE_STYLE_USAGE(.BOTH.,#15087);
#15087 = SURFACE_SIDE_STYLE('',(#15088));
#15088 = SURFACE_STYLE_FILL_AREA(#15089);
#15089 = FILL_AREA_STYLE('',(#15090));
#15090 = FILL_AREA_STYLE_COLOUR('',#14887);
#15091 = STYLED_ITEM('color',(#15092),#2924);
#15092 = PRESENTATION_STYLE_ASSIGNMENT((#15093));
#15093 = SURFACE_STYLE_USAGE(.BOTH.,#15094);
#15094 = SURFACE_SIDE_STYLE('',(#15095));
#15095 = SURFACE_STYLE_FILL_AREA(#15096);
#15096 = FILL_AREA_STYLE('',(#15097));
#15097 = FILL_AREA_STYLE_COLOUR('',#14887);
#15098 = STYLED_ITEM('color',(#15099),#2941);
#15099 = PRESENTATION_STYLE_ASSIGNMENT((#15100));
#15100 = SURFACE_STYLE_USAGE(.BOTH.,#15101);
#15101 = SURFACE_SIDE_STYLE('',(#15102));
#15102 = SURFACE_STYLE_FILL_AREA(#15103);
#15103 = FILL_AREA_STYLE('',(#15104));
#15104 = FILL_AREA_STYLE_COLOUR('',#14887);
#15105 = STYLED_ITEM('color',(#15106),#2965);
#15106 = PRESENTATION_STYLE_ASSIGNMENT((#15107));
#15107 = SURFACE_STYLE_USAGE(.BOTH.,#15108);
#15108 = SURFACE_SIDE_STYLE('',(#15109));
#15109 = SURFACE_STYLE_FILL_AREA(#15110);
#15110 = FILL_AREA_STYLE('',(#15111));
#15111 = FILL_AREA_STYLE_COLOUR('',#14887);
#15112 = STYLED_ITEM('color',(#15113),#2989);
#15113 = PRESENTATION_STYLE_ASSIGNMENT((#15114));
#15114 = SURFACE_STYLE_USAGE(.BOTH.,#15115);
#15115 = SURFACE_SIDE_STYLE('',(#15116));
#15116 = SURFACE_STYLE_FILL_AREA(#15117);
#15117 = FILL_AREA_STYLE('',(#15118));
#15118 = FILL_AREA_STYLE_COLOUR('',#14887);
#15119 = STYLED_ITEM('color',(#15120),#3006);
#15120 = PRESENTATION_STYLE_ASSIGNMENT((#15121));
#15121 = SURFACE_STYLE_USAGE(.BOTH.,#15122);
#15122 = SURFACE_SIDE_STYLE('',(#15123));
#15123 = SURFACE_STYLE_FILL_AREA(#15124);
#15124 = FILL_AREA_STYLE('',(#15125));
#15125 = FILL_AREA_STYLE_COLOUR('',#14851);
#15126 = STYLED_ITEM('color',(#15127),#3018);
#15127 = PRESENTATION_STYLE_ASSIGNMENT((#15128));
#15128 = SURFACE_STYLE_USAGE(.BOTH.,#15129);
#15129 = SURFACE_SIDE_STYLE('',(#15130));
#15130 = SURFACE_STYLE_FILL_AREA(#15131);
#15131 = FILL_AREA_STYLE('',(#15132));
#15132 = FILL_AREA_STYLE_COLOUR('',#14887);
#15133 = STYLED_ITEM('color',(#15134),#3030);
#15134 = PRESENTATION_STYLE_ASSIGNMENT((#15135));
#15135 = SURFACE_STYLE_USAGE(.BOTH.,#15136);
#15136 = SURFACE_SIDE_STYLE('',(#15137));
#15137 = SURFACE_STYLE_FILL_AREA(#15138);
#15138 = FILL_AREA_STYLE('',(#15139));
#15139 = FILL_AREA_STYLE_COLOUR('',#14887);
#15140 = STYLED_ITEM('color',(#15141),#3042);
#15141 = PRESENTATION_STYLE_ASSIGNMENT((#15142));
#15142 = SURFACE_STYLE_USAGE(.BOTH.,#15143);
#15143 = SURFACE_SIDE_STYLE('',(#15144));
#15144 = SURFACE_STYLE_FILL_AREA(#15145);
#15145 = FILL_AREA_STYLE('',(#15146));
#15146 = FILL_AREA_STYLE_COLOUR('',#14887);
#15147 = STYLED_ITEM('color',(#15148),#3054);
#15148 = PRESENTATION_STYLE_ASSIGNMENT((#15149));
#15149 = SURFACE_STYLE_USAGE(.BOTH.,#15150);
#15150 = SURFACE_SIDE_STYLE('',(#15151));
#15151 = SURFACE_STYLE_FILL_AREA(#15152);
#15152 = FILL_AREA_STYLE('',(#15153));
#15153 = FILL_AREA_STYLE_COLOUR('',#14887);
#15154 = STYLED_ITEM('color',(#15155),#3066);
#15155 = PRESENTATION_STYLE_ASSIGNMENT((#15156));
#15156 = SURFACE_STYLE_USAGE(.BOTH.,#15157);
#15157 = SURFACE_SIDE_STYLE('',(#15158));
#15158 = SURFACE_STYLE_FILL_AREA(#15159);
#15159 = FILL_AREA_STYLE('',(#15160));
#15160 = FILL_AREA_STYLE_COLOUR('',#14887);
#15161 = STYLED_ITEM('color',(#15162),#3078);
#15162 = PRESENTATION_STYLE_ASSIGNMENT((#15163));
#15163 = SURFACE_STYLE_USAGE(.BOTH.,#15164);
#15164 = SURFACE_SIDE_STYLE('',(#15165));
#15165 = SURFACE_STYLE_FILL_AREA(#15166);
#15166 = FILL_AREA_STYLE('',(#15167));
#15167 = FILL_AREA_STYLE_COLOUR('',#14887);
#15168 = MECHANICAL_DESIGN_GEOMETRIC_PRESENTATION_REPRESENTATION('',(
    #15169,#15176,#15183,#15190,#15197,#15204,#15211,#15218,#15225,
    #15232,#15239,#15247,#15254,#15261,#15268,#15275,#15282,#15289,
    #15296,#15303,#15310,#15317,#15324,#15331,#15338,#15345,#15352,
    #15359),#975);
#15169 = STYLED_ITEM('color',(#15170),#123);
#15170 = PRESENTATION_STYLE_ASSIGNMENT((#15171));
#15171 = SURFACE_STYLE_USAGE(.BOTH.,#15172);
#15172 = SURFACE_SIDE_STYLE('',(#15173));
#15173 = SURFACE_STYLE_FILL_AREA(#15174);
#15174 = FILL_AREA_STYLE('',(#15175));
#15175 = FILL_AREA_STYLE_COLOUR('',#14887);
#15176 = STYLED_ITEM('color',(#15177),#199);
#15177 = PRESENTATION_STYLE_ASSIGNMENT((#15178));
#15178 = SURFACE_STYLE_USAGE(.BOTH.,#15179);
#15179 = SURFACE_SIDE_STYLE('',(#15180));
#15180 = SURFACE_STYLE_FILL_AREA(#15181);
#15181 = FILL_AREA_STYLE('',(#15182));
#15182 = FILL_AREA_STYLE_COLOUR('',#14887);
#15183 = STYLED_ITEM('color',(#15184),#230);
#15184 = PRESENTATION_STYLE_ASSIGNMENT((#15185));
#15185 = SURFACE_STYLE_USAGE(.BOTH.,#15186);
#15186 = SURFACE_SIDE_STYLE('',(#15187));
#15187 = SURFACE_STYLE_FILL_AREA(#15188);
#15188 = FILL_AREA_STYLE('',(#15189));
#15189 = FILL_AREA_STYLE_COLOUR('',#14887);
#15190 = STYLED_ITEM('color',(#15191),#255);
#15191 = PRESENTATION_STYLE_ASSIGNMENT((#15192));
#15192 = SURFACE_STYLE_USAGE(.BOTH.,#15193);
#15193 = SURFACE_SIDE_STYLE('',(#15194));
#15194 = SURFACE_STYLE_FILL_AREA(#15195);
#15195 = FILL_AREA_STYLE('',(#15196));
#15196 = FILL_AREA_STYLE_COLOUR('',#14887);
#15197 = STYLED_ITEM('color',(#15198),#280);
#15198 = PRESENTATION_STYLE_ASSIGNMENT((#15199));
#15199 = SURFACE_STYLE_USAGE(.BOTH.,#15200);
#15200 = SURFACE_SIDE_STYLE('',(#15201));
#15201 = SURFACE_STYLE_FILL_AREA(#15202);
#15202 = FILL_AREA_STYLE('',(#15203));
#15203 = FILL_AREA_STYLE_COLOUR('',#14887);
#15204 = STYLED_ITEM('color',(#15205),#304);
#15205 = PRESENTATION_STYLE_ASSIGNMENT((#15206));
#15206 = SURFACE_STYLE_USAGE(.BOTH.,#15207);
#15207 = SURFACE_SIDE_STYLE('',(#15208));
#15208 = SURFACE_STYLE_FILL_AREA(#15209);
#15209 = FILL_AREA_STYLE('',(#15210));
#15210 = FILL_AREA_STYLE_COLOUR('',#14887);
#15211 = STYLED_ITEM('color',(#15212),#328);
#15212 = PRESENTATION_STYLE_ASSIGNMENT((#15213));
#15213 = SURFACE_STYLE_USAGE(.BOTH.,#15214);
#15214 = SURFACE_SIDE_STYLE('',(#15215));
#15215 = SURFACE_STYLE_FILL_AREA(#15216);
#15216 = FILL_AREA_STYLE('',(#15217));
#15217 = FILL_AREA_STYLE_COLOUR('',#14887);
#15218 = STYLED_ITEM('color',(#15219),#353);
#15219 = PRESENTATION_STYLE_ASSIGNMENT((#15220));
#15220 = SURFACE_STYLE_USAGE(.BOTH.,#15221);
#15221 = SURFACE_SIDE_STYLE('',(#15222));
#15222 = SURFACE_STYLE_FILL_AREA(#15223);
#15223 = FILL_AREA_STYLE('',(#15224));
#15224 = FILL_AREA_STYLE_COLOUR('',#14887);
#15225 = STYLED_ITEM('color',(#15226),#378);
#15226 = PRESENTATION_STYLE_ASSIGNMENT((#15227));
#15227 = SURFACE_STYLE_USAGE(.BOTH.,#15228);
#15228 = SURFACE_SIDE_STYLE('',(#15229));
#15229 = SURFACE_STYLE_FILL_AREA(#15230);
#15230 = FILL_AREA_STYLE('',(#15231));
#15231 = FILL_AREA_STYLE_COLOUR('',#14887);
#15232 = STYLED_ITEM('color',(#15233),#395);
#15233 = PRESENTATION_STYLE_ASSIGNMENT((#15234));
#15234 = SURFACE_STYLE_USAGE(.BOTH.,#15235);
#15235 = SURFACE_SIDE_STYLE('',(#15236));
#15236 = SURFACE_STYLE_FILL_AREA(#15237);
#15237 = FILL_AREA_STYLE('',(#15238));
#15238 = FILL_AREA_STYLE_COLOUR('',#14887);
#15239 = STYLED_ITEM('color',(#15240),#481);
#15240 = PRESENTATION_STYLE_ASSIGNMENT((#15241));
#15241 = SURFACE_STYLE_USAGE(.BOTH.,#15242);
#15242 = SURFACE_SIDE_STYLE('',(#15243));
#15243 = SURFACE_STYLE_FILL_AREA(#15244);
#15244 = FILL_AREA_STYLE('',(#15245));
#15245 = FILL_AREA_STYLE_COLOUR('',#15246);
#15246 = COLOUR_RGB('',0.379000005575,0.270000008848,0.214999999939);
#15247 = STYLED_ITEM('color',(#15248),#513);
#15248 = PRESENTATION_STYLE_ASSIGNMENT((#15249));
#15249 = SURFACE_STYLE_USAGE(.BOTH.,#15250);
#15250 = SURFACE_SIDE_STYLE('',(#15251));
#15251 = SURFACE_STYLE_FILL_AREA(#15252);
#15252 = FILL_AREA_STYLE('',(#15253));
#15253 = FILL_AREA_STYLE_COLOUR('',#15246);
#15254 = STYLED_ITEM('color',(#15255),#537);
#15255 = PRESENTATION_STYLE_ASSIGNMENT((#15256));
#15256 = SURFACE_STYLE_USAGE(.BOTH.,#15257);
#15257 = SURFACE_SIDE_STYLE('',(#15258));
#15258 = SURFACE_STYLE_FILL_AREA(#15259);
#15259 = FILL_AREA_STYLE('',(#15260));
#15260 = FILL_AREA_STYLE_COLOUR('',#15246);
#15261 = STYLED_ITEM('color',(#15262),#562);
#15262 = PRESENTATION_STYLE_ASSIGNMENT((#15263));
#15263 = SURFACE_STYLE_USAGE(.BOTH.,#15264);
#15264 = SURFACE_SIDE_STYLE('',(#15265));
#15265 = SURFACE_STYLE_FILL_AREA(#15266);
#15266 = FILL_AREA_STYLE('',(#15267));
#15267 = FILL_AREA_STYLE_COLOUR('',#15246);
#15268 = STYLED_ITEM('color',(#15269),#586);
#15269 = PRESENTATION_STYLE_ASSIGNMENT((#15270));
#15270 = SURFACE_STYLE_USAGE(.BOTH.,#15271);
#15271 = SURFACE_SIDE_STYLE('',(#15272));
#15272 = SURFACE_STYLE_FILL_AREA(#15273);
#15273 = FILL_AREA_STYLE('',(#15274));
#15274 = FILL_AREA_STYLE_COLOUR('',#15246);
#15275 = STYLED_ITEM('color',(#15276),#611);
#15276 = PRESENTATION_STYLE_ASSIGNMENT((#15277));
#15277 = SURFACE_STYLE_USAGE(.BOTH.,#15278);
#15278 = SURFACE_SIDE_STYLE('',(#15279));
#15279 = SURFACE_STYLE_FILL_AREA(#15280);
#15280 = FILL_AREA_STYLE('',(#15281));
#15281 = FILL_AREA_STYLE_COLOUR('',#15246);
#15282 = STYLED_ITEM('color',(#15283),#635);
#15283 = PRESENTATION_STYLE_ASSIGNMENT((#15284));
#15284 = SURFACE_STYLE_USAGE(.BOTH.,#15285);
#15285 = SURFACE_SIDE_STYLE('',(#15286));
#15286 = SURFACE_STYLE_FILL_AREA(#15287);
#15287 = FILL_AREA_STYLE('',(#15288));
#15288 = FILL_AREA_STYLE_COLOUR('',#15246);
#15289 = STYLED_ITEM('color',(#15290),#660);
#15290 = PRESENTATION_STYLE_ASSIGNMENT((#15291));
#15291 = SURFACE_STYLE_USAGE(.BOTH.,#15292);
#15292 = SURFACE_SIDE_STYLE('',(#15293));
#15293 = SURFACE_STYLE_FILL_AREA(#15294);
#15294 = FILL_AREA_STYLE('',(#15295));
#15295 = FILL_AREA_STYLE_COLOUR('',#15246);
#15296 = STYLED_ITEM('color',(#15297),#677);
#15297 = PRESENTATION_STYLE_ASSIGNMENT((#15298));
#15298 = SURFACE_STYLE_USAGE(.BOTH.,#15299);
#15299 = SURFACE_SIDE_STYLE('',(#15300));
#15300 = SURFACE_STYLE_FILL_AREA(#15301);
#15301 = FILL_AREA_STYLE('',(#15302));
#15302 = FILL_AREA_STYLE_COLOUR('',#14887);
#15303 = STYLED_ITEM('color',(#15304),#763);
#15304 = PRESENTATION_STYLE_ASSIGNMENT((#15305));
#15305 = SURFACE_STYLE_USAGE(.BOTH.,#15306);
#15306 = SURFACE_SIDE_STYLE('',(#15307));
#15307 = SURFACE_STYLE_FILL_AREA(#15308);
#15308 = FILL_AREA_STYLE('',(#15309));
#15309 = FILL_AREA_STYLE_COLOUR('',#14887);
#15310 = STYLED_ITEM('color',(#15311),#794);
#15311 = PRESENTATION_STYLE_ASSIGNMENT((#15312));
#15312 = SURFACE_STYLE_USAGE(.BOTH.,#15313);
#15313 = SURFACE_SIDE_STYLE('',(#15314));
#15314 = SURFACE_STYLE_FILL_AREA(#15315);
#15315 = FILL_AREA_STYLE('',(#15316));
#15316 = FILL_AREA_STYLE_COLOUR('',#14887);
#15317 = STYLED_ITEM('color',(#15318),#819);
#15318 = PRESENTATION_STYLE_ASSIGNMENT((#15319));
#15319 = SURFACE_STYLE_USAGE(.BOTH.,#15320);
#15320 = SURFACE_SIDE_STYLE('',(#15321));
#15321 = SURFACE_STYLE_FILL_AREA(#15322);
#15322 = FILL_AREA_STYLE('',(#15323));
#15323 = FILL_AREA_STYLE_COLOUR('',#14887);
#15324 = STYLED_ITEM('color',(#15325),#844);
#15325 = PRESENTATION_STYLE_ASSIGNMENT((#15326));
#15326 = SURFACE_STYLE_USAGE(.BOTH.,#15327);
#15327 = SURFACE_SIDE_STYLE('',(#15328));
#15328 = SURFACE_STYLE_FILL_AREA(#15329);
#15329 = FILL_AREA_STYLE('',(#15330));
#15330 = FILL_AREA_STYLE_COLOUR('',#14887);
#15331 = STYLED_ITEM('color',(#15332),#868);
#15332 = PRESENTATION_STYLE_ASSIGNMENT((#15333));
#15333 = SURFACE_STYLE_USAGE(.BOTH.,#15334);
#15334 = SURFACE_SIDE_STYLE('',(#15335));
#15335 = SURFACE_STYLE_FILL_AREA(#15336);
#15336 = FILL_AREA_STYLE('',(#15337));
#15337 = FILL_AREA_STYLE_COLOUR('',#14887);
#15338 = STYLED_ITEM('color',(#15339),#892);
#15339 = PRESENTATION_STYLE_ASSIGNMENT((#15340));
#15340 = SURFACE_STYLE_USAGE(.BOTH.,#15341);
#15341 = SURFACE_SIDE_STYLE('',(#15342));
#15342 = SURFACE_STYLE_FILL_AREA(#15343);
#15343 = FILL_AREA_STYLE('',(#15344));
#15344 = FILL_AREA_STYLE_COLOUR('',#14887);
#15345 = STYLED_ITEM('color',(#15346),#917);
#15346 = PRESENTATION_STYLE_ASSIGNMENT((#15347));
#15347 = SURFACE_STYLE_USAGE(.BOTH.,#15348);
#15348 = SURFACE_SIDE_STYLE('',(#15349));
#15349 = SURFACE_STYLE_FILL_AREA(#15350);
#15350 = FILL_AREA_STYLE('',(#15351));
#15351 = FILL_AREA_STYLE_COLOUR('',#14887);
#15352 = STYLED_ITEM('color',(#15353),#942);
#15353 = PRESENTATION_STYLE_ASSIGNMENT((#15354));
#15354 = SURFACE_STYLE_USAGE(.BOTH.,#15355);
#15355 = SURFACE_SIDE_STYLE('',(#15356));
#15356 = SURFACE_STYLE_FILL_AREA(#15357);
#15357 = FILL_AREA_STYLE('',(#15358));
#15358 = FILL_AREA_STYLE_COLOUR('',#14887);
#15359 = STYLED_ITEM('color',(#15360),#959);
#15360 = PRESENTATION_STYLE_ASSIGNMENT((#15361));
#15361 = SURFACE_STYLE_USAGE(.BOTH.,#15362);
#15362 = SURFACE_SIDE_STYLE('',(#15363));
#15363 = SURFACE_STYLE_FILL_AREA(#15364);
#15364 = FILL_AREA_STYLE('',(#15365));
#15365 = FILL_AREA_STYLE_COLOUR('',#14887);
#15366 = MECHANICAL_DESIGN_GEOMETRIC_PRESENTATION_REPRESENTATION('',(
    #15367,#15374,#15381,#15388,#15395,#15402,#15409,#15416,#15423,
    #15430,#15437,#15444,#15451,#15458,#15465,#15472,#15479,#15486,
    #15493,#15500,#15507,#15514,#15521,#15528,#15535,#15542,#15549,
    #15556,#15563,#15570,#15577,#15584,#15591,#15598,#15605,#15612,
    #15619,#15626,#15633,#15640,#15647,#15654,#15661,#15668,#15675,
    #15682,#15689,#15696,#15703,#15710,#15717,#15724,#15731,#15738,
    #15745,#15752,#15759,#15766,#15773,#15780,#15787,#15794,#15801,
    #15808,#15815,#15822,#15829,#15836,#15843,#15850,#15857,#15864,
    #15871,#15878,#15885,#15892,#15899,#15906,#15913,#15920,#15927,
    #15934,#15941,#15948,#15955,#15962,#15969,#15976,#15983,#15990,
    #15997,#16004,#16011,#16018,#16025,#16032,#16039,#16046,#16053,
    #16060,#16067,#16074,#16081,#16088,#16095,#16102,#16109,#16116,
    #16123,#16130,#16137,#16144,#16151,#16158,#16165,#16172,#16179,
    #16186,#16193,#16200,#16207,#16214,#16221,#16228,#16235,#16242,
    #16249,#16256,#16263,#16270,#16277,#16284,#16291,#16298,#16305,
    #16312,#16319,#16326,#16333,#16340,#16347,#16354,#16361,#16368,
    #16375,#16382,#16389,#16396,#16403,#16410,#16417,#16424,#16431,
    #16438,#16445,#16452,#16459,#16467),#13085);
#15367 = STYLED_ITEM('color',(#15368),#7917);
#15368 = PRESENTATION_STYLE_ASSIGNMENT((#15369));
#15369 = SURFACE_STYLE_USAGE(.BOTH.,#15370);
#15370 = SURFACE_SIDE_STYLE('',(#15371));
#15371 = SURFACE_STYLE_FILL_AREA(#15372);
#15372 = FILL_AREA_STYLE('',(#15373));
#15373 = FILL_AREA_STYLE_COLOUR('',#14887);
#15374 = STYLED_ITEM('color',(#15375),#7958);
#15375 = PRESENTATION_STYLE_ASSIGNMENT((#15376));
#15376 = SURFACE_STYLE_USAGE(.BOTH.,#15377);
#15377 = SURFACE_SIDE_STYLE('',(#15378));
#15378 = SURFACE_STYLE_FILL_AREA(#15379);
#15379 = FILL_AREA_STYLE('',(#15380));
#15380 = FILL_AREA_STYLE_COLOUR('',#14887);
#15381 = STYLED_ITEM('color',(#15382),#8005);
#15382 = PRESENTATION_STYLE_ASSIGNMENT((#15383));
#15383 = SURFACE_STYLE_USAGE(.BOTH.,#15384);
#15384 = SURFACE_SIDE_STYLE('',(#15385));
#15385 = SURFACE_STYLE_FILL_AREA(#15386);
#15386 = FILL_AREA_STYLE('',(#15387));
#15387 = FILL_AREA_STYLE_COLOUR('',#14887);
#15388 = STYLED_ITEM('color',(#15389),#8030);
#15389 = PRESENTATION_STYLE_ASSIGNMENT((#15390));
#15390 = SURFACE_STYLE_USAGE(.BOTH.,#15391);
#15391 = SURFACE_SIDE_STYLE('',(#15392));
#15392 = SURFACE_STYLE_FILL_AREA(#15393);
#15393 = FILL_AREA_STYLE('',(#15394));
#15394 = FILL_AREA_STYLE_COLOUR('',#14887);
#15395 = STYLED_ITEM('color',(#15396),#8070);
#15396 = PRESENTATION_STYLE_ASSIGNMENT((#15397));
#15397 = SURFACE_STYLE_USAGE(.BOTH.,#15398);
#15398 = SURFACE_SIDE_STYLE('',(#15399));
#15399 = SURFACE_STYLE_FILL_AREA(#15400);
#15400 = FILL_AREA_STYLE('',(#15401));
#15401 = FILL_AREA_STYLE_COLOUR('',#14887);
#15402 = STYLED_ITEM('color',(#15403),#8087);
#15403 = PRESENTATION_STYLE_ASSIGNMENT((#15404));
#15404 = SURFACE_STYLE_USAGE(.BOTH.,#15405);
#15405 = SURFACE_SIDE_STYLE('',(#15406));
#15406 = SURFACE_STYLE_FILL_AREA(#15407);
#15407 = FILL_AREA_STYLE('',(#15408));
#15408 = FILL_AREA_STYLE_COLOUR('',#14851);
#15409 = STYLED_ITEM('color',(#15410),#8937);
#15410 = PRESENTATION_STYLE_ASSIGNMENT((#15411));
#15411 = SURFACE_STYLE_USAGE(.BOTH.,#15412);
#15412 = SURFACE_SIDE_STYLE('',(#15413));
#15413 = SURFACE_STYLE_FILL_AREA(#15414);
#15414 = FILL_AREA_STYLE('',(#15415));
#15415 = FILL_AREA_STYLE_COLOUR('',#14851);
#15416 = STYLED_ITEM('color',(#15417),#9092);
#15417 = PRESENTATION_STYLE_ASSIGNMENT((#15418));
#15418 = SURFACE_STYLE_USAGE(.BOTH.,#15419);
#15419 = SURFACE_SIDE_STYLE('',(#15420));
#15420 = SURFACE_STYLE_FILL_AREA(#15421);
#15421 = FILL_AREA_STYLE('',(#15422));
#15422 = FILL_AREA_STYLE_COLOUR('',#14887);
#15423 = STYLED_ITEM('color',(#15424),#9104);
#15424 = PRESENTATION_STYLE_ASSIGNMENT((#15425));
#15425 = SURFACE_STYLE_USAGE(.BOTH.,#15426);
#15426 = SURFACE_SIDE_STYLE('',(#15427));
#15427 = SURFACE_STYLE_FILL_AREA(#15428);
#15428 = FILL_AREA_STYLE('',(#15429));
#15429 = FILL_AREA_STYLE_COLOUR('',#14851);
#15430 = STYLED_ITEM('color',(#15431),#9266);
#15431 = PRESENTATION_STYLE_ASSIGNMENT((#15432));
#15432 = SURFACE_STYLE_USAGE(.BOTH.,#15433);
#15433 = SURFACE_SIDE_STYLE('',(#15434));
#15434 = SURFACE_STYLE_FILL_AREA(#15435);
#15435 = FILL_AREA_STYLE('',(#15436));
#15436 = FILL_AREA_STYLE_COLOUR('',#14887);
#15437 = STYLED_ITEM('color',(#15438),#9306);
#15438 = PRESENTATION_STYLE_ASSIGNMENT((#15439));
#15439 = SURFACE_STYLE_USAGE(.BOTH.,#15440);
#15440 = SURFACE_SIDE_STYLE('',(#15441));
#15441 = SURFACE_STYLE_FILL_AREA(#15442);
#15442 = FILL_AREA_STYLE('',(#15443));
#15443 = FILL_AREA_STYLE_COLOUR('',#14887);
#15444 = STYLED_ITEM('color',(#15445),#9346);
#15445 = PRESENTATION_STYLE_ASSIGNMENT((#15446));
#15446 = SURFACE_STYLE_USAGE(.BOTH.,#15447);
#15447 = SURFACE_SIDE_STYLE('',(#15448));
#15448 = SURFACE_STYLE_FILL_AREA(#15449);
#15449 = FILL_AREA_STYLE('',(#15450));
#15450 = FILL_AREA_STYLE_COLOUR('',#14887);
#15451 = STYLED_ITEM('color',(#15452),#9371);
#15452 = PRESENTATION_STYLE_ASSIGNMENT((#15453));
#15453 = SURFACE_STYLE_USAGE(.BOTH.,#15454);
#15454 = SURFACE_SIDE_STYLE('',(#15455));
#15455 = SURFACE_STYLE_FILL_AREA(#15456);
#15456 = FILL_AREA_STYLE('',(#15457));
#15457 = FILL_AREA_STYLE_COLOUR('',#14887);
#15458 = STYLED_ITEM('color',(#15459),#9396);
#15459 = PRESENTATION_STYLE_ASSIGNMENT((#15460));
#15460 = SURFACE_STYLE_USAGE(.BOTH.,#15461);
#15461 = SURFACE_SIDE_STYLE('',(#15462));
#15462 = SURFACE_STYLE_FILL_AREA(#15463);
#15463 = FILL_AREA_STYLE('',(#15464));
#15464 = FILL_AREA_STYLE_COLOUR('',#14887);
#15465 = STYLED_ITEM('color',(#15466),#9429);
#15466 = PRESENTATION_STYLE_ASSIGNMENT((#15467));
#15467 = SURFACE_STYLE_USAGE(.BOTH.,#15468);
#15468 = SURFACE_SIDE_STYLE('',(#15469));
#15469 = SURFACE_STYLE_FILL_AREA(#15470);
#15470 = FILL_AREA_STYLE('',(#15471));
#15471 = FILL_AREA_STYLE_COLOUR('',#14887);
#15472 = STYLED_ITEM('color',(#15473),#9462);
#15473 = PRESENTATION_STYLE_ASSIGNMENT((#15474));
#15474 = SURFACE_STYLE_USAGE(.BOTH.,#15475);
#15475 = SURFACE_SIDE_STYLE('',(#15476));
#15476 = SURFACE_STYLE_FILL_AREA(#15477);
#15477 = FILL_AREA_STYLE('',(#15478));
#15478 = FILL_AREA_STYLE_COLOUR('',#14887);
#15479 = STYLED_ITEM('color',(#15480),#9502);
#15480 = PRESENTATION_STYLE_ASSIGNMENT((#15481));
#15481 = SURFACE_STYLE_USAGE(.BOTH.,#15482);
#15482 = SURFACE_SIDE_STYLE('',(#15483));
#15483 = SURFACE_STYLE_FILL_AREA(#15484);
#15484 = FILL_AREA_STYLE('',(#15485));
#15485 = FILL_AREA_STYLE_COLOUR('',#14887);
#15486 = STYLED_ITEM('color',(#15487),#9527);
#15487 = PRESENTATION_STYLE_ASSIGNMENT((#15488));
#15488 = SURFACE_STYLE_USAGE(.BOTH.,#15489);
#15489 = SURFACE_SIDE_STYLE('',(#15490));
#15490 = SURFACE_STYLE_FILL_AREA(#15491);
#15491 = FILL_AREA_STYLE('',(#15492));
#15492 = FILL_AREA_STYLE_COLOUR('',#14887);
#15493 = STYLED_ITEM('color',(#15494),#9560);
#15494 = PRESENTATION_STYLE_ASSIGNMENT((#15495));
#15495 = SURFACE_STYLE_USAGE(.BOTH.,#15496);
#15496 = SURFACE_SIDE_STYLE('',(#15497));
#15497 = SURFACE_STYLE_FILL_AREA(#15498);
#15498 = FILL_AREA_STYLE('',(#15499));
#15499 = FILL_AREA_STYLE_COLOUR('',#14887);
#15500 = STYLED_ITEM('color',(#15501),#9600);
#15501 = PRESENTATION_STYLE_ASSIGNMENT((#15502));
#15502 = SURFACE_STYLE_USAGE(.BOTH.,#15503);
#15503 = SURFACE_SIDE_STYLE('',(#15504));
#15504 = SURFACE_STYLE_FILL_AREA(#15505);
#15505 = FILL_AREA_STYLE('',(#15506));
#15506 = FILL_AREA_STYLE_COLOUR('',#14887);
#15507 = STYLED_ITEM('color',(#15508),#9640);
#15508 = PRESENTATION_STYLE_ASSIGNMENT((#15509));
#15509 = SURFACE_STYLE_USAGE(.BOTH.,#15510);
#15510 = SURFACE_SIDE_STYLE('',(#15511));
#15511 = SURFACE_STYLE_FILL_AREA(#15512);
#15512 = FILL_AREA_STYLE('',(#15513));
#15513 = FILL_AREA_STYLE_COLOUR('',#14887);
#15514 = STYLED_ITEM('color',(#15515),#9665);
#15515 = PRESENTATION_STYLE_ASSIGNMENT((#15516));
#15516 = SURFACE_STYLE_USAGE(.BOTH.,#15517);
#15517 = SURFACE_SIDE_STYLE('',(#15518));
#15518 = SURFACE_STYLE_FILL_AREA(#15519);
#15519 = FILL_AREA_STYLE('',(#15520));
#15520 = FILL_AREA_STYLE_COLOUR('',#14887);
#15521 = STYLED_ITEM('color',(#15522),#9690);
#15522 = PRESENTATION_STYLE_ASSIGNMENT((#15523));
#15523 = SURFACE_STYLE_USAGE(.BOTH.,#15524);
#15524 = SURFACE_SIDE_STYLE('',(#15525));
#15525 = SURFACE_STYLE_FILL_AREA(#15526);
#15526 = FILL_AREA_STYLE('',(#15527));
#15527 = FILL_AREA_STYLE_COLOUR('',#14887);
#15528 = STYLED_ITEM('color',(#15529),#9723);
#15529 = PRESENTATION_STYLE_ASSIGNMENT((#15530));
#15530 = SURFACE_STYLE_USAGE(.BOTH.,#15531);
#15531 = SURFACE_SIDE_STYLE('',(#15532));
#15532 = SURFACE_STYLE_FILL_AREA(#15533);
#15533 = FILL_AREA_STYLE('',(#15534));
#15534 = FILL_AREA_STYLE_COLOUR('',#14887);
#15535 = STYLED_ITEM('color',(#15536),#9756);
#15536 = PRESENTATION_STYLE_ASSIGNMENT((#15537));
#15537 = SURFACE_STYLE_USAGE(.BOTH.,#15538);
#15538 = SURFACE_SIDE_STYLE('',(#15539));
#15539 = SURFACE_STYLE_FILL_AREA(#15540);
#15540 = FILL_AREA_STYLE('',(#15541));
#15541 = FILL_AREA_STYLE_COLOUR('',#14887);
#15542 = STYLED_ITEM('color',(#15543),#9796);
#15543 = PRESENTATION_STYLE_ASSIGNMENT((#15544));
#15544 = SURFACE_STYLE_USAGE(.BOTH.,#15545);
#15545 = SURFACE_SIDE_STYLE('',(#15546));
#15546 = SURFACE_STYLE_FILL_AREA(#15547);
#15547 = FILL_AREA_STYLE('',(#15548));
#15548 = FILL_AREA_STYLE_COLOUR('',#14887);
#15549 = STYLED_ITEM('color',(#15550),#9836);
#15550 = PRESENTATION_STYLE_ASSIGNMENT((#15551));
#15551 = SURFACE_STYLE_USAGE(.BOTH.,#15552);
#15552 = SURFACE_SIDE_STYLE('',(#15553));
#15553 = SURFACE_STYLE_FILL_AREA(#15554);
#15554 = FILL_AREA_STYLE('',(#15555));
#15555 = FILL_AREA_STYLE_COLOUR('',#14887);
#15556 = STYLED_ITEM('color',(#15557),#9861);
#15557 = PRESENTATION_STYLE_ASSIGNMENT((#15558));
#15558 = SURFACE_STYLE_USAGE(.BOTH.,#15559);
#15559 = SURFACE_SIDE_STYLE('',(#15560));
#15560 = SURFACE_STYLE_FILL_AREA(#15561);
#15561 = FILL_AREA_STYLE('',(#15562));
#15562 = FILL_AREA_STYLE_COLOUR('',#14887);
#15563 = STYLED_ITEM('color',(#15564),#9886);
#15564 = PRESENTATION_STYLE_ASSIGNMENT((#15565));
#15565 = SURFACE_STYLE_USAGE(.BOTH.,#15566);
#15566 = SURFACE_SIDE_STYLE('',(#15567));
#15567 = SURFACE_STYLE_FILL_AREA(#15568);
#15568 = FILL_AREA_STYLE('',(#15569));
#15569 = FILL_AREA_STYLE_COLOUR('',#14887);
#15570 = STYLED_ITEM('color',(#15571),#9919);
#15571 = PRESENTATION_STYLE_ASSIGNMENT((#15572));
#15572 = SURFACE_STYLE_USAGE(.BOTH.,#15573);
#15573 = SURFACE_SIDE_STYLE('',(#15574));
#15574 = SURFACE_STYLE_FILL_AREA(#15575);
#15575 = FILL_AREA_STYLE('',(#15576));
#15576 = FILL_AREA_STYLE_COLOUR('',#14887);
#15577 = STYLED_ITEM('color',(#15578),#9952);
#15578 = PRESENTATION_STYLE_ASSIGNMENT((#15579));
#15579 = SURFACE_STYLE_USAGE(.BOTH.,#15580);
#15580 = SURFACE_SIDE_STYLE('',(#15581));
#15581 = SURFACE_STYLE_FILL_AREA(#15582);
#15582 = FILL_AREA_STYLE('',(#15583));
#15583 = FILL_AREA_STYLE_COLOUR('',#14887);
#15584 = STYLED_ITEM('color',(#15585),#9992);
#15585 = PRESENTATION_STYLE_ASSIGNMENT((#15586));
#15586 = SURFACE_STYLE_USAGE(.BOTH.,#15587);
#15587 = SURFACE_SIDE_STYLE('',(#15588));
#15588 = SURFACE_STYLE_FILL_AREA(#15589);
#15589 = FILL_AREA_STYLE('',(#15590));
#15590 = FILL_AREA_STYLE_COLOUR('',#14887);
#15591 = STYLED_ITEM('color',(#15592),#10032);
#15592 = PRESENTATION_STYLE_ASSIGNMENT((#15593));
#15593 = SURFACE_STYLE_USAGE(.BOTH.,#15594);
#15594 = SURFACE_SIDE_STYLE('',(#15595));
#15595 = SURFACE_STYLE_FILL_AREA(#15596);
#15596 = FILL_AREA_STYLE('',(#15597));
#15597 = FILL_AREA_STYLE_COLOUR('',#14887);
#15598 = STYLED_ITEM('color',(#15599),#10057);
#15599 = PRESENTATION_STYLE_ASSIGNMENT((#15600));
#15600 = SURFACE_STYLE_USAGE(.BOTH.,#15601);
#15601 = SURFACE_SIDE_STYLE('',(#15602));
#15602 = SURFACE_STYLE_FILL_AREA(#15603);
#15603 = FILL_AREA_STYLE('',(#15604));
#15604 = FILL_AREA_STYLE_COLOUR('',#14887);
#15605 = STYLED_ITEM('color',(#15606),#10082);
#15606 = PRESENTATION_STYLE_ASSIGNMENT((#15607));
#15607 = SURFACE_STYLE_USAGE(.BOTH.,#15608);
#15608 = SURFACE_SIDE_STYLE('',(#15609));
#15609 = SURFACE_STYLE_FILL_AREA(#15610);
#15610 = FILL_AREA_STYLE('',(#15611));
#15611 = FILL_AREA_STYLE_COLOUR('',#14887);
#15612 = STYLED_ITEM('color',(#15613),#10115);
#15613 = PRESENTATION_STYLE_ASSIGNMENT((#15614));
#15614 = SURFACE_STYLE_USAGE(.BOTH.,#15615);
#15615 = SURFACE_SIDE_STYLE('',(#15616));
#15616 = SURFACE_STYLE_FILL_AREA(#15617);
#15617 = FILL_AREA_STYLE('',(#15618));
#15618 = FILL_AREA_STYLE_COLOUR('',#14887);
#15619 = STYLED_ITEM('color',(#15620),#10148);
#15620 = PRESENTATION_STYLE_ASSIGNMENT((#15621));
#15621 = SURFACE_STYLE_USAGE(.BOTH.,#15622);
#15622 = SURFACE_SIDE_STYLE('',(#15623));
#15623 = SURFACE_STYLE_FILL_AREA(#15624);
#15624 = FILL_AREA_STYLE('',(#15625));
#15625 = FILL_AREA_STYLE_COLOUR('',#14887);
#15626 = STYLED_ITEM('color',(#15627),#10188);
#15627 = PRESENTATION_STYLE_ASSIGNMENT((#15628));
#15628 = SURFACE_STYLE_USAGE(.BOTH.,#15629);
#15629 = SURFACE_SIDE_STYLE('',(#15630));
#15630 = SURFACE_STYLE_FILL_AREA(#15631);
#15631 = FILL_AREA_STYLE('',(#15632));
#15632 = FILL_AREA_STYLE_COLOUR('',#14887);
#15633 = STYLED_ITEM('color',(#15634),#10228);
#15634 = PRESENTATION_STYLE_ASSIGNMENT((#15635));
#15635 = SURFACE_STYLE_USAGE(.BOTH.,#15636);
#15636 = SURFACE_SIDE_STYLE('',(#15637));
#15637 = SURFACE_STYLE_FILL_AREA(#15638);
#15638 = FILL_AREA_STYLE('',(#15639));
#15639 = FILL_AREA_STYLE_COLOUR('',#14887);
#15640 = STYLED_ITEM('color',(#15641),#10253);
#15641 = PRESENTATION_STYLE_ASSIGNMENT((#15642));
#15642 = SURFACE_STYLE_USAGE(.BOTH.,#15643);
#15643 = SURFACE_SIDE_STYLE('',(#15644));
#15644 = SURFACE_STYLE_FILL_AREA(#15645);
#15645 = FILL_AREA_STYLE('',(#15646));
#15646 = FILL_AREA_STYLE_COLOUR('',#14887);
#15647 = STYLED_ITEM('color',(#15648),#10278);
#15648 = PRESENTATION_STYLE_ASSIGNMENT((#15649));
#15649 = SURFACE_STYLE_USAGE(.BOTH.,#15650);
#15650 = SURFACE_SIDE_STYLE('',(#15651));
#15651 = SURFACE_STYLE_FILL_AREA(#15652);
#15652 = FILL_AREA_STYLE('',(#15653));
#15653 = FILL_AREA_STYLE_COLOUR('',#14887);
#15654 = STYLED_ITEM('color',(#15655),#10311);
#15655 = PRESENTATION_STYLE_ASSIGNMENT((#15656));
#15656 = SURFACE_STYLE_USAGE(.BOTH.,#15657);
#15657 = SURFACE_SIDE_STYLE('',(#15658));
#15658 = SURFACE_STYLE_FILL_AREA(#15659);
#15659 = FILL_AREA_STYLE('',(#15660));
#15660 = FILL_AREA_STYLE_COLOUR('',#14887);
#15661 = STYLED_ITEM('color',(#15662),#10344);
#15662 = PRESENTATION_STYLE_ASSIGNMENT((#15663));
#15663 = SURFACE_STYLE_USAGE(.BOTH.,#15664);
#15664 = SURFACE_SIDE_STYLE('',(#15665));
#15665 = SURFACE_STYLE_FILL_AREA(#15666);
#15666 = FILL_AREA_STYLE('',(#15667));
#15667 = FILL_AREA_STYLE_COLOUR('',#14851);
#15668 = STYLED_ITEM('color',(#15669),#10506);
#15669 = PRESENTATION_STYLE_ASSIGNMENT((#15670));
#15670 = SURFACE_STYLE_USAGE(.BOTH.,#15671);
#15671 = SURFACE_SIDE_STYLE('',(#15672));
#15672 = SURFACE_STYLE_FILL_AREA(#15673);
#15673 = FILL_AREA_STYLE('',(#15674));
#15674 = FILL_AREA_STYLE_COLOUR('',#14851);
#15675 = STYLED_ITEM('color',(#15676),#10661);
#15676 = PRESENTATION_STYLE_ASSIGNMENT((#15677));
#15677 = SURFACE_STYLE_USAGE(.BOTH.,#15678);
#15678 = SURFACE_SIDE_STYLE('',(#15679));
#15679 = SURFACE_STYLE_FILL_AREA(#15680);
#15680 = FILL_AREA_STYLE('',(#15681));
#15681 = FILL_AREA_STYLE_COLOUR('',#14887);
#15682 = STYLED_ITEM('color',(#15683),#10701);
#15683 = PRESENTATION_STYLE_ASSIGNMENT((#15684));
#15684 = SURFACE_STYLE_USAGE(.BOTH.,#15685);
#15685 = SURFACE_SIDE_STYLE('',(#15686));
#15686 = SURFACE_STYLE_FILL_AREA(#15687);
#15687 = FILL_AREA_STYLE('',(#15688));
#15688 = FILL_AREA_STYLE_COLOUR('',#14887);
#15689 = STYLED_ITEM('color',(#15690),#10741);
#15690 = PRESENTATION_STYLE_ASSIGNMENT((#15691));
#15691 = SURFACE_STYLE_USAGE(.BOTH.,#15692);
#15692 = SURFACE_SIDE_STYLE('',(#15693));
#15693 = SURFACE_STYLE_FILL_AREA(#15694);
#15694 = FILL_AREA_STYLE('',(#15695));
#15695 = FILL_AREA_STYLE_COLOUR('',#14887);
#15696 = STYLED_ITEM('color',(#15697),#10766);
#15697 = PRESENTATION_STYLE_ASSIGNMENT((#15698));
#15698 = SURFACE_STYLE_USAGE(.BOTH.,#15699);
#15699 = SURFACE_SIDE_STYLE('',(#15700));
#15700 = SURFACE_STYLE_FILL_AREA(#15701);
#15701 = FILL_AREA_STYLE('',(#15702));
#15702 = FILL_AREA_STYLE_COLOUR('',#14887);
#15703 = STYLED_ITEM('color',(#15704),#10791);
#15704 = PRESENTATION_STYLE_ASSIGNMENT((#15705));
#15705 = SURFACE_STYLE_USAGE(.BOTH.,#15706);
#15706 = SURFACE_SIDE_STYLE('',(#15707));
#15707 = SURFACE_STYLE_FILL_AREA(#15708);
#15708 = FILL_AREA_STYLE('',(#15709));
#15709 = FILL_AREA_STYLE_COLOUR('',#14887);
#15710 = STYLED_ITEM('color',(#15711),#10824);
#15711 = PRESENTATION_STYLE_ASSIGNMENT((#15712));
#15712 = SURFACE_STYLE_USAGE(.BOTH.,#15713);
#15713 = SURFACE_SIDE_STYLE('',(#15714));
#15714 = SURFACE_STYLE_FILL_AREA(#15715);
#15715 = FILL_AREA_STYLE('',(#15716));
#15716 = FILL_AREA_STYLE_COLOUR('',#14887);
#15717 = STYLED_ITEM('color',(#15718),#10857);
#15718 = PRESENTATION_STYLE_ASSIGNMENT((#15719));
#15719 = SURFACE_STYLE_USAGE(.BOTH.,#15720);
#15720 = SURFACE_SIDE_STYLE('',(#15721));
#15721 = SURFACE_STYLE_FILL_AREA(#15722);
#15722 = FILL_AREA_STYLE('',(#15723));
#15723 = FILL_AREA_STYLE_COLOUR('',#14887);
#15724 = STYLED_ITEM('color',(#15725),#10897);
#15725 = PRESENTATION_STYLE_ASSIGNMENT((#15726));
#15726 = SURFACE_STYLE_USAGE(.BOTH.,#15727);
#15727 = SURFACE_SIDE_STYLE('',(#15728));
#15728 = SURFACE_STYLE_FILL_AREA(#15729);
#15729 = FILL_AREA_STYLE('',(#15730));
#15730 = FILL_AREA_STYLE_COLOUR('',#14887);
#15731 = STYLED_ITEM('color',(#15732),#10937);
#15732 = PRESENTATION_STYLE_ASSIGNMENT((#15733));
#15733 = SURFACE_STYLE_USAGE(.BOTH.,#15734);
#15734 = SURFACE_SIDE_STYLE('',(#15735));
#15735 = SURFACE_STYLE_FILL_AREA(#15736);
#15736 = FILL_AREA_STYLE('',(#15737));
#15737 = FILL_AREA_STYLE_COLOUR('',#14887);
#15738 = STYLED_ITEM('color',(#15739),#10962);
#15739 = PRESENTATION_STYLE_ASSIGNMENT((#15740));
#15740 = SURFACE_STYLE_USAGE(.BOTH.,#15741);
#15741 = SURFACE_SIDE_STYLE('',(#15742));
#15742 = SURFACE_STYLE_FILL_AREA(#15743);
#15743 = FILL_AREA_STYLE('',(#15744));
#15744 = FILL_AREA_STYLE_COLOUR('',#14887);
#15745 = STYLED_ITEM('color',(#15746),#10987);
#15746 = PRESENTATION_STYLE_ASSIGNMENT((#15747));
#15747 = SURFACE_STYLE_USAGE(.BOTH.,#15748);
#15748 = SURFACE_SIDE_STYLE('',(#15749));
#15749 = SURFACE_STYLE_FILL_AREA(#15750);
#15750 = FILL_AREA_STYLE('',(#15751));
#15751 = FILL_AREA_STYLE_COLOUR('',#14887);
#15752 = STYLED_ITEM('color',(#15753),#11020);
#15753 = PRESENTATION_STYLE_ASSIGNMENT((#15754));
#15754 = SURFACE_STYLE_USAGE(.BOTH.,#15755);
#15755 = SURFACE_SIDE_STYLE('',(#15756));
#15756 = SURFACE_STYLE_FILL_AREA(#15757);
#15757 = FILL_AREA_STYLE('',(#15758));
#15758 = FILL_AREA_STYLE_COLOUR('',#14887);
#15759 = STYLED_ITEM('color',(#15760),#11053);
#15760 = PRESENTATION_STYLE_ASSIGNMENT((#15761));
#15761 = SURFACE_STYLE_USAGE(.BOTH.,#15762);
#15762 = SURFACE_SIDE_STYLE('',(#15763));
#15763 = SURFACE_STYLE_FILL_AREA(#15764);
#15764 = FILL_AREA_STYLE('',(#15765));
#15765 = FILL_AREA_STYLE_COLOUR('',#14887);
#15766 = STYLED_ITEM('color',(#15767),#11093);
#15767 = PRESENTATION_STYLE_ASSIGNMENT((#15768));
#15768 = SURFACE_STYLE_USAGE(.BOTH.,#15769);
#15769 = SURFACE_SIDE_STYLE('',(#15770));
#15770 = SURFACE_STYLE_FILL_AREA(#15771);
#15771 = FILL_AREA_STYLE('',(#15772));
#15772 = FILL_AREA_STYLE_COLOUR('',#14887);
#15773 = STYLED_ITEM('color',(#15774),#11133);
#15774 = PRESENTATION_STYLE_ASSIGNMENT((#15775));
#15775 = SURFACE_STYLE_USAGE(.BOTH.,#15776);
#15776 = SURFACE_SIDE_STYLE('',(#15777));
#15777 = SURFACE_STYLE_FILL_AREA(#15778);
#15778 = FILL_AREA_STYLE('',(#15779));
#15779 = FILL_AREA_STYLE_COLOUR('',#14887);
#15780 = STYLED_ITEM('color',(#15781),#11158);
#15781 = PRESENTATION_STYLE_ASSIGNMENT((#15782));
#15782 = SURFACE_STYLE_USAGE(.BOTH.,#15783);
#15783 = SURFACE_SIDE_STYLE('',(#15784));
#15784 = SURFACE_STYLE_FILL_AREA(#15785);
#15785 = FILL_AREA_STYLE('',(#15786));
#15786 = FILL_AREA_STYLE_COLOUR('',#14887);
#15787 = STYLED_ITEM('color',(#15788),#11183);
#15788 = PRESENTATION_STYLE_ASSIGNMENT((#15789));
#15789 = SURFACE_STYLE_USAGE(.BOTH.,#15790);
#15790 = SURFACE_SIDE_STYLE('',(#15791));
#15791 = SURFACE_STYLE_FILL_AREA(#15792);
#15792 = FILL_AREA_STYLE('',(#15793));
#15793 = FILL_AREA_STYLE_COLOUR('',#14887);
#15794 = STYLED_ITEM('color',(#15795),#11216);
#15795 = PRESENTATION_STYLE_ASSIGNMENT((#15796));
#15796 = SURFACE_STYLE_USAGE(.BOTH.,#15797);
#15797 = SURFACE_SIDE_STYLE('',(#15798));
#15798 = SURFACE_STYLE_FILL_AREA(#15799);
#15799 = FILL_AREA_STYLE('',(#15800));
#15800 = FILL_AREA_STYLE_COLOUR('',#14887);
#15801 = STYLED_ITEM('color',(#15802),#11249);
#15802 = PRESENTATION_STYLE_ASSIGNMENT((#15803));
#15803 = SURFACE_STYLE_USAGE(.BOTH.,#15804);
#15804 = SURFACE_SIDE_STYLE('',(#15805));
#15805 = SURFACE_STYLE_FILL_AREA(#15806);
#15806 = FILL_AREA_STYLE('',(#15807));
#15807 = FILL_AREA_STYLE_COLOUR('',#14887);
#15808 = STYLED_ITEM('color',(#15809),#11289);
#15809 = PRESENTATION_STYLE_ASSIGNMENT((#15810));
#15810 = SURFACE_STYLE_USAGE(.BOTH.,#15811);
#15811 = SURFACE_SIDE_STYLE('',(#15812));
#15812 = SURFACE_STYLE_FILL_AREA(#15813);
#15813 = FILL_AREA_STYLE('',(#15814));
#15814 = FILL_AREA_STYLE_COLOUR('',#14887);
#15815 = STYLED_ITEM('color',(#15816),#11329);
#15816 = PRESENTATION_STYLE_ASSIGNMENT((#15817));
#15817 = SURFACE_STYLE_USAGE(.BOTH.,#15818);
#15818 = SURFACE_SIDE_STYLE('',(#15819));
#15819 = SURFACE_STYLE_FILL_AREA(#15820);
#15820 = FILL_AREA_STYLE('',(#15821));
#15821 = FILL_AREA_STYLE_COLOUR('',#14887);
#15822 = STYLED_ITEM('color',(#15823),#11354);
#15823 = PRESENTATION_STYLE_ASSIGNMENT((#15824));
#15824 = SURFACE_STYLE_USAGE(.BOTH.,#15825);
#15825 = SURFACE_SIDE_STYLE('',(#15826));
#15826 = SURFACE_STYLE_FILL_AREA(#15827);
#15827 = FILL_AREA_STYLE('',(#15828));
#15828 = FILL_AREA_STYLE_COLOUR('',#14887);
#15829 = STYLED_ITEM('color',(#15830),#11379);
#15830 = PRESENTATION_STYLE_ASSIGNMENT((#15831));
#15831 = SURFACE_STYLE_USAGE(.BOTH.,#15832);
#15832 = SURFACE_SIDE_STYLE('',(#15833));
#15833 = SURFACE_STYLE_FILL_AREA(#15834);
#15834 = FILL_AREA_STYLE('',(#15835));
#15835 = FILL_AREA_STYLE_COLOUR('',#14887);
#15836 = STYLED_ITEM('color',(#15837),#11412);
#15837 = PRESENTATION_STYLE_ASSIGNMENT((#15838));
#15838 = SURFACE_STYLE_USAGE(.BOTH.,#15839);
#15839 = SURFACE_SIDE_STYLE('',(#15840));
#15840 = SURFACE_STYLE_FILL_AREA(#15841);
#15841 = FILL_AREA_STYLE('',(#15842));
#15842 = FILL_AREA_STYLE_COLOUR('',#14887);
#15843 = STYLED_ITEM('color',(#15844),#11445);
#15844 = PRESENTATION_STYLE_ASSIGNMENT((#15845));
#15845 = SURFACE_STYLE_USAGE(.BOTH.,#15846);
#15846 = SURFACE_SIDE_STYLE('',(#15847));
#15847 = SURFACE_STYLE_FILL_AREA(#15848);
#15848 = FILL_AREA_STYLE('',(#15849));
#15849 = FILL_AREA_STYLE_COLOUR('',#14887);
#15850 = STYLED_ITEM('color',(#15851),#11485);
#15851 = PRESENTATION_STYLE_ASSIGNMENT((#15852));
#15852 = SURFACE_STYLE_USAGE(.BOTH.,#15853);
#15853 = SURFACE_SIDE_STYLE('',(#15854));
#15854 = SURFACE_STYLE_FILL_AREA(#15855);
#15855 = FILL_AREA_STYLE('',(#15856));
#15856 = FILL_AREA_STYLE_COLOUR('',#14887);
#15857 = STYLED_ITEM('color',(#15858),#11525);
#15858 = PRESENTATION_STYLE_ASSIGNMENT((#15859));
#15859 = SURFACE_STYLE_USAGE(.BOTH.,#15860);
#15860 = SURFACE_SIDE_STYLE('',(#15861));
#15861 = SURFACE_STYLE_FILL_AREA(#15862);
#15862 = FILL_AREA_STYLE('',(#15863));
#15863 = FILL_AREA_STYLE_COLOUR('',#14887);
#15864 = STYLED_ITEM('color',(#15865),#11550);
#15865 = PRESENTATION_STYLE_ASSIGNMENT((#15866));
#15866 = SURFACE_STYLE_USAGE(.BOTH.,#15867);
#15867 = SURFACE_SIDE_STYLE('',(#15868));
#15868 = SURFACE_STYLE_FILL_AREA(#15869);
#15869 = FILL_AREA_STYLE('',(#15870));
#15870 = FILL_AREA_STYLE_COLOUR('',#14887);
#15871 = STYLED_ITEM('color',(#15872),#11575);
#15872 = PRESENTATION_STYLE_ASSIGNMENT((#15873));
#15873 = SURFACE_STYLE_USAGE(.BOTH.,#15874);
#15874 = SURFACE_SIDE_STYLE('',(#15875));
#15875 = SURFACE_STYLE_FILL_AREA(#15876);
#15876 = FILL_AREA_STYLE('',(#15877));
#15877 = FILL_AREA_STYLE_COLOUR('',#14887);
#15878 = STYLED_ITEM('color',(#15879),#11608);
#15879 = PRESENTATION_STYLE_ASSIGNMENT((#15880));
#15880 = SURFACE_STYLE_USAGE(.BOTH.,#15881);
#15881 = SURFACE_SIDE_STYLE('',(#15882));
#15882 = SURFACE_STYLE_FILL_AREA(#15883);
#15883 = FILL_AREA_STYLE('',(#15884));
#15884 = FILL_AREA_STYLE_COLOUR('',#14887);
#15885 = STYLED_ITEM('color',(#15886),#11641);
#15886 = PRESENTATION_STYLE_ASSIGNMENT((#15887));
#15887 = SURFACE_STYLE_USAGE(.BOTH.,#15888);
#15888 = SURFACE_SIDE_STYLE('',(#15889));
#15889 = SURFACE_STYLE_FILL_AREA(#15890);
#15890 = FILL_AREA_STYLE('',(#15891));
#15891 = FILL_AREA_STYLE_COLOUR('',#14887);
#15892 = STYLED_ITEM('color',(#15893),#11681);
#15893 = PRESENTATION_STYLE_ASSIGNMENT((#15894));
#15894 = SURFACE_STYLE_USAGE(.BOTH.,#15895);
#15895 = SURFACE_SIDE_STYLE('',(#15896));
#15896 = SURFACE_STYLE_FILL_AREA(#15897);
#15897 = FILL_AREA_STYLE('',(#15898));
#15898 = FILL_AREA_STYLE_COLOUR('',#14887);
#15899 = STYLED_ITEM('color',(#15900),#11721);
#15900 = PRESENTATION_STYLE_ASSIGNMENT((#15901));
#15901 = SURFACE_STYLE_USAGE(.BOTH.,#15902);
#15902 = SURFACE_SIDE_STYLE('',(#15903));
#15903 = SURFACE_STYLE_FILL_AREA(#15904);
#15904 = FILL_AREA_STYLE('',(#15905));
#15905 = FILL_AREA_STYLE_COLOUR('',#14887);
#15906 = STYLED_ITEM('color',(#15907),#11746);
#15907 = PRESENTATION_STYLE_ASSIGNMENT((#15908));
#15908 = SURFACE_STYLE_USAGE(.BOTH.,#15909);
#15909 = SURFACE_SIDE_STYLE('',(#15910));
#15910 = SURFACE_STYLE_FILL_AREA(#15911);
#15911 = FILL_AREA_STYLE('',(#15912));
#15912 = FILL_AREA_STYLE_COLOUR('',#14887);
#15913 = STYLED_ITEM('color',(#15914),#11771);
#15914 = PRESENTATION_STYLE_ASSIGNMENT((#15915));
#15915 = SURFACE_STYLE_USAGE(.BOTH.,#15916);
#15916 = SURFACE_SIDE_STYLE('',(#15917));
#15917 = SURFACE_STYLE_FILL_AREA(#15918);
#15918 = FILL_AREA_STYLE('',(#15919));
#15919 = FILL_AREA_STYLE_COLOUR('',#14887);
#15920 = STYLED_ITEM('color',(#15921),#11804);
#15921 = PRESENTATION_STYLE_ASSIGNMENT((#15922));
#15922 = SURFACE_STYLE_USAGE(.BOTH.,#15923);
#15923 = SURFACE_SIDE_STYLE('',(#15924));
#15924 = SURFACE_STYLE_FILL_AREA(#15925);
#15925 = FILL_AREA_STYLE('',(#15926));
#15926 = FILL_AREA_STYLE_COLOUR('',#14887);
#15927 = STYLED_ITEM('color',(#15928),#11837);
#15928 = PRESENTATION_STYLE_ASSIGNMENT((#15929));
#15929 = SURFACE_STYLE_USAGE(.BOTH.,#15930);
#15930 = SURFACE_SIDE_STYLE('',(#15931));
#15931 = SURFACE_STYLE_FILL_AREA(#15932);
#15932 = FILL_AREA_STYLE('',(#15933));
#15933 = FILL_AREA_STYLE_COLOUR('',#14887);
#15934 = STYLED_ITEM('color',(#15935),#11868);
#15935 = PRESENTATION_STYLE_ASSIGNMENT((#15936));
#15936 = SURFACE_STYLE_USAGE(.BOTH.,#15937);
#15937 = SURFACE_SIDE_STYLE('',(#15938));
#15938 = SURFACE_STYLE_FILL_AREA(#15939);
#15939 = FILL_AREA_STYLE('',(#15940));
#15940 = FILL_AREA_STYLE_COLOUR('',#14887);
#15941 = STYLED_ITEM('color',(#15942),#11892);
#15942 = PRESENTATION_STYLE_ASSIGNMENT((#15943));
#15943 = SURFACE_STYLE_USAGE(.BOTH.,#15944);
#15944 = SURFACE_SIDE_STYLE('',(#15945));
#15945 = SURFACE_STYLE_FILL_AREA(#15946);
#15946 = FILL_AREA_STYLE('',(#15947));
#15947 = FILL_AREA_STYLE_COLOUR('',#14887);
#15948 = STYLED_ITEM('color',(#15949),#11916);
#15949 = PRESENTATION_STYLE_ASSIGNMENT((#15950));
#15950 = SURFACE_STYLE_USAGE(.BOTH.,#15951);
#15951 = SURFACE_SIDE_STYLE('',(#15952));
#15952 = SURFACE_STYLE_FILL_AREA(#15953);
#15953 = FILL_AREA_STYLE('',(#15954));
#15954 = FILL_AREA_STYLE_COLOUR('',#14887);
#15955 = STYLED_ITEM('color',(#15956),#11940);
#15956 = PRESENTATION_STYLE_ASSIGNMENT((#15957));
#15957 = SURFACE_STYLE_USAGE(.BOTH.,#15958);
#15958 = SURFACE_SIDE_STYLE('',(#15959));
#15959 = SURFACE_STYLE_FILL_AREA(#15960);
#15960 = FILL_AREA_STYLE('',(#15961));
#15961 = FILL_AREA_STYLE_COLOUR('',#14887);
#15962 = STYLED_ITEM('color',(#15963),#11957);
#15963 = PRESENTATION_STYLE_ASSIGNMENT((#15964));
#15964 = SURFACE_STYLE_USAGE(.BOTH.,#15965);
#15965 = SURFACE_SIDE_STYLE('',(#15966));
#15966 = SURFACE_STYLE_FILL_AREA(#15967);
#15967 = FILL_AREA_STYLE('',(#15968));
#15968 = FILL_AREA_STYLE_COLOUR('',#14851);
#15969 = STYLED_ITEM('color',(#15970),#11980);
#15970 = PRESENTATION_STYLE_ASSIGNMENT((#15971));
#15971 = SURFACE_STYLE_USAGE(.BOTH.,#15972);
#15972 = SURFACE_SIDE_STYLE('',(#15973));
#15973 = SURFACE_STYLE_FILL_AREA(#15974);
#15974 = FILL_AREA_STYLE('',(#15975));
#15975 = FILL_AREA_STYLE_COLOUR('',#14887);
#15976 = STYLED_ITEM('color',(#15977),#11997);
#15977 = PRESENTATION_STYLE_ASSIGNMENT((#15978));
#15978 = SURFACE_STYLE_USAGE(.BOTH.,#15979);
#15979 = SURFACE_SIDE_STYLE('',(#15980));
#15980 = SURFACE_STYLE_FILL_AREA(#15981);
#15981 = FILL_AREA_STYLE('',(#15982));
#15982 = FILL_AREA_STYLE_COLOUR('',#14887);
#15983 = STYLED_ITEM('color',(#15984),#12014);
#15984 = PRESENTATION_STYLE_ASSIGNMENT((#15985));
#15985 = SURFACE_STYLE_USAGE(.BOTH.,#15986);
#15986 = SURFACE_SIDE_STYLE('',(#15987));
#15987 = SURFACE_STYLE_FILL_AREA(#15988);
#15988 = FILL_AREA_STYLE('',(#15989));
#15989 = FILL_AREA_STYLE_COLOUR('',#14887);
#15990 = STYLED_ITEM('color',(#15991),#12031);
#15991 = PRESENTATION_STYLE_ASSIGNMENT((#15992));
#15992 = SURFACE_STYLE_USAGE(.BOTH.,#15993);
#15993 = SURFACE_SIDE_STYLE('',(#15994));
#15994 = SURFACE_STYLE_FILL_AREA(#15995);
#15995 = FILL_AREA_STYLE('',(#15996));
#15996 = FILL_AREA_STYLE_COLOUR('',#14887);
#15997 = STYLED_ITEM('color',(#15998),#12048);
#15998 = PRESENTATION_STYLE_ASSIGNMENT((#15999));
#15999 = SURFACE_STYLE_USAGE(.BOTH.,#16000);
#16000 = SURFACE_SIDE_STYLE('',(#16001));
#16001 = SURFACE_STYLE_FILL_AREA(#16002);
#16002 = FILL_AREA_STYLE('',(#16003));
#16003 = FILL_AREA_STYLE_COLOUR('',#14887);
#16004 = STYLED_ITEM('color',(#16005),#12065);
#16005 = PRESENTATION_STYLE_ASSIGNMENT((#16006));
#16006 = SURFACE_STYLE_USAGE(.BOTH.,#16007);
#16007 = SURFACE_SIDE_STYLE('',(#16008));
#16008 = SURFACE_STYLE_FILL_AREA(#16009);
#16009 = FILL_AREA_STYLE('',(#16010));
#16010 = FILL_AREA_STYLE_COLOUR('',#14887);
#16011 = STYLED_ITEM('color',(#16012),#12082);
#16012 = PRESENTATION_STYLE_ASSIGNMENT((#16013));
#16013 = SURFACE_STYLE_USAGE(.BOTH.,#16014);
#16014 = SURFACE_SIDE_STYLE('',(#16015));
#16015 = SURFACE_STYLE_FILL_AREA(#16016);
#16016 = FILL_AREA_STYLE('',(#16017));
#16017 = FILL_AREA_STYLE_COLOUR('',#14887);
#16018 = STYLED_ITEM('color',(#16019),#12099);
#16019 = PRESENTATION_STYLE_ASSIGNMENT((#16020));
#16020 = SURFACE_STYLE_USAGE(.BOTH.,#16021);
#16021 = SURFACE_SIDE_STYLE('',(#16022));
#16022 = SURFACE_STYLE_FILL_AREA(#16023);
#16023 = FILL_AREA_STYLE('',(#16024));
#16024 = FILL_AREA_STYLE_COLOUR('',#14887);
#16025 = STYLED_ITEM('color',(#16026),#12116);
#16026 = PRESENTATION_STYLE_ASSIGNMENT((#16027));
#16027 = SURFACE_STYLE_USAGE(.BOTH.,#16028);
#16028 = SURFACE_SIDE_STYLE('',(#16029));
#16029 = SURFACE_STYLE_FILL_AREA(#16030);
#16030 = FILL_AREA_STYLE('',(#16031));
#16031 = FILL_AREA_STYLE_COLOUR('',#14887);
#16032 = STYLED_ITEM('color',(#16033),#12133);
#16033 = PRESENTATION_STYLE_ASSIGNMENT((#16034));
#16034 = SURFACE_STYLE_USAGE(.BOTH.,#16035);
#16035 = SURFACE_SIDE_STYLE('',(#16036));
#16036 = SURFACE_STYLE_FILL_AREA(#16037);
#16037 = FILL_AREA_STYLE('',(#16038));
#16038 = FILL_AREA_STYLE_COLOUR('',#14887);
#16039 = STYLED_ITEM('color',(#16040),#12150);
#16040 = PRESENTATION_STYLE_ASSIGNMENT((#16041));
#16041 = SURFACE_STYLE_USAGE(.BOTH.,#16042);
#16042 = SURFACE_SIDE_STYLE('',(#16043));
#16043 = SURFACE_STYLE_FILL_AREA(#16044);
#16044 = FILL_AREA_STYLE('',(#16045));
#16045 = FILL_AREA_STYLE_COLOUR('',#14887);
#16046 = STYLED_ITEM('color',(#16047),#12167);
#16047 = PRESENTATION_STYLE_ASSIGNMENT((#16048));
#16048 = SURFACE_STYLE_USAGE(.BOTH.,#16049);
#16049 = SURFACE_SIDE_STYLE('',(#16050));
#16050 = SURFACE_STYLE_FILL_AREA(#16051);
#16051 = FILL_AREA_STYLE('',(#16052));
#16052 = FILL_AREA_STYLE_COLOUR('',#14887);
#16053 = STYLED_ITEM('color',(#16054),#12184);
#16054 = PRESENTATION_STYLE_ASSIGNMENT((#16055));
#16055 = SURFACE_STYLE_USAGE(.BOTH.,#16056);
#16056 = SURFACE_SIDE_STYLE('',(#16057));
#16057 = SURFACE_STYLE_FILL_AREA(#16058);
#16058 = FILL_AREA_STYLE('',(#16059));
#16059 = FILL_AREA_STYLE_COLOUR('',#14887);
#16060 = STYLED_ITEM('color',(#16061),#12196);
#16061 = PRESENTATION_STYLE_ASSIGNMENT((#16062));
#16062 = SURFACE_STYLE_USAGE(.BOTH.,#16063);
#16063 = SURFACE_SIDE_STYLE('',(#16064));
#16064 = SURFACE_STYLE_FILL_AREA(#16065);
#16065 = FILL_AREA_STYLE('',(#16066));
#16066 = FILL_AREA_STYLE_COLOUR('',#14887);
#16067 = STYLED_ITEM('color',(#16068),#12213);
#16068 = PRESENTATION_STYLE_ASSIGNMENT((#16069));
#16069 = SURFACE_STYLE_USAGE(.BOTH.,#16070);
#16070 = SURFACE_SIDE_STYLE('',(#16071));
#16071 = SURFACE_STYLE_FILL_AREA(#16072);
#16072 = FILL_AREA_STYLE('',(#16073));
#16073 = FILL_AREA_STYLE_COLOUR('',#14887);
#16074 = STYLED_ITEM('color',(#16075),#12225);
#16075 = PRESENTATION_STYLE_ASSIGNMENT((#16076));
#16076 = SURFACE_STYLE_USAGE(.BOTH.,#16077);
#16077 = SURFACE_SIDE_STYLE('',(#16078));
#16078 = SURFACE_STYLE_FILL_AREA(#16079);
#16079 = FILL_AREA_STYLE('',(#16080));
#16080 = FILL_AREA_STYLE_COLOUR('',#14887);
#16081 = STYLED_ITEM('color',(#16082),#12242);
#16082 = PRESENTATION_STYLE_ASSIGNMENT((#16083));
#16083 = SURFACE_STYLE_USAGE(.BOTH.,#16084);
#16084 = SURFACE_SIDE_STYLE('',(#16085));
#16085 = SURFACE_STYLE_FILL_AREA(#16086);
#16086 = FILL_AREA_STYLE('',(#16087));
#16087 = FILL_AREA_STYLE_COLOUR('',#14887);
#16088 = STYLED_ITEM('color',(#16089),#12254);
#16089 = PRESENTATION_STYLE_ASSIGNMENT((#16090));
#16090 = SURFACE_STYLE_USAGE(.BOTH.,#16091);
#16091 = SURFACE_SIDE_STYLE('',(#16092));
#16092 = SURFACE_STYLE_FILL_AREA(#16093);
#16093 = FILL_AREA_STYLE('',(#16094));
#16094 = FILL_AREA_STYLE_COLOUR('',#14887);
#16095 = STYLED_ITEM('color',(#16096),#12271);
#16096 = PRESENTATION_STYLE_ASSIGNMENT((#16097));
#16097 = SURFACE_STYLE_USAGE(.BOTH.,#16098);
#16098 = SURFACE_SIDE_STYLE('',(#16099));
#16099 = SURFACE_STYLE_FILL_AREA(#16100);
#16100 = FILL_AREA_STYLE('',(#16101));
#16101 = FILL_AREA_STYLE_COLOUR('',#14887);
#16102 = STYLED_ITEM('color',(#16103),#12283);
#16103 = PRESENTATION_STYLE_ASSIGNMENT((#16104));
#16104 = SURFACE_STYLE_USAGE(.BOTH.,#16105);
#16105 = SURFACE_SIDE_STYLE('',(#16106));
#16106 = SURFACE_STYLE_FILL_AREA(#16107);
#16107 = FILL_AREA_STYLE('',(#16108));
#16108 = FILL_AREA_STYLE_COLOUR('',#14887);
#16109 = STYLED_ITEM('color',(#16110),#12300);
#16110 = PRESENTATION_STYLE_ASSIGNMENT((#16111));
#16111 = SURFACE_STYLE_USAGE(.BOTH.,#16112);
#16112 = SURFACE_SIDE_STYLE('',(#16113));
#16113 = SURFACE_STYLE_FILL_AREA(#16114);
#16114 = FILL_AREA_STYLE('',(#16115));
#16115 = FILL_AREA_STYLE_COLOUR('',#14887);
#16116 = STYLED_ITEM('color',(#16117),#12312);
#16117 = PRESENTATION_STYLE_ASSIGNMENT((#16118));
#16118 = SURFACE_STYLE_USAGE(.BOTH.,#16119);
#16119 = SURFACE_SIDE_STYLE('',(#16120));
#16120 = SURFACE_STYLE_FILL_AREA(#16121);
#16121 = FILL_AREA_STYLE('',(#16122));
#16122 = FILL_AREA_STYLE_COLOUR('',#14887);
#16123 = STYLED_ITEM('color',(#16124),#12329);
#16124 = PRESENTATION_STYLE_ASSIGNMENT((#16125));
#16125 = SURFACE_STYLE_USAGE(.BOTH.,#16126);
#16126 = SURFACE_SIDE_STYLE('',(#16127));
#16127 = SURFACE_STYLE_FILL_AREA(#16128);
#16128 = FILL_AREA_STYLE('',(#16129));
#16129 = FILL_AREA_STYLE_COLOUR('',#14887);
#16130 = STYLED_ITEM('color',(#16131),#12341);
#16131 = PRESENTATION_STYLE_ASSIGNMENT((#16132));
#16132 = SURFACE_STYLE_USAGE(.BOTH.,#16133);
#16133 = SURFACE_SIDE_STYLE('',(#16134));
#16134 = SURFACE_STYLE_FILL_AREA(#16135);
#16135 = FILL_AREA_STYLE('',(#16136));
#16136 = FILL_AREA_STYLE_COLOUR('',#14887);
#16137 = STYLED_ITEM('color',(#16138),#12358);
#16138 = PRESENTATION_STYLE_ASSIGNMENT((#16139));
#16139 = SURFACE_STYLE_USAGE(.BOTH.,#16140);
#16140 = SURFACE_SIDE_STYLE('',(#16141));
#16141 = SURFACE_STYLE_FILL_AREA(#16142);
#16142 = FILL_AREA_STYLE('',(#16143));
#16143 = FILL_AREA_STYLE_COLOUR('',#14887);
#16144 = STYLED_ITEM('color',(#16145),#12370);
#16145 = PRESENTATION_STYLE_ASSIGNMENT((#16146));
#16146 = SURFACE_STYLE_USAGE(.BOTH.,#16147);
#16147 = SURFACE_SIDE_STYLE('',(#16148));
#16148 = SURFACE_STYLE_FILL_AREA(#16149);
#16149 = FILL_AREA_STYLE('',(#16150));
#16150 = FILL_AREA_STYLE_COLOUR('',#14887);
#16151 = STYLED_ITEM('color',(#16152),#12387);
#16152 = PRESENTATION_STYLE_ASSIGNMENT((#16153));
#16153 = SURFACE_STYLE_USAGE(.BOTH.,#16154);
#16154 = SURFACE_SIDE_STYLE('',(#16155));
#16155 = SURFACE_STYLE_FILL_AREA(#16156);
#16156 = FILL_AREA_STYLE('',(#16157));
#16157 = FILL_AREA_STYLE_COLOUR('',#14887);
#16158 = STYLED_ITEM('color',(#16159),#12399);
#16159 = PRESENTATION_STYLE_ASSIGNMENT((#16160));
#16160 = SURFACE_STYLE_USAGE(.BOTH.,#16161);
#16161 = SURFACE_SIDE_STYLE('',(#16162));
#16162 = SURFACE_STYLE_FILL_AREA(#16163);
#16163 = FILL_AREA_STYLE('',(#16164));
#16164 = FILL_AREA_STYLE_COLOUR('',#14887);
#16165 = STYLED_ITEM('color',(#16166),#12416);
#16166 = PRESENTATION_STYLE_ASSIGNMENT((#16167));
#16167 = SURFACE_STYLE_USAGE(.BOTH.,#16168);
#16168 = SURFACE_SIDE_STYLE('',(#16169));
#16169 = SURFACE_STYLE_FILL_AREA(#16170);
#16170 = FILL_AREA_STYLE('',(#16171));
#16171 = FILL_AREA_STYLE_COLOUR('',#14887);
#16172 = STYLED_ITEM('color',(#16173),#12428);
#16173 = PRESENTATION_STYLE_ASSIGNMENT((#16174));
#16174 = SURFACE_STYLE_USAGE(.BOTH.,#16175);
#16175 = SURFACE_SIDE_STYLE('',(#16176));
#16176 = SURFACE_STYLE_FILL_AREA(#16177);
#16177 = FILL_AREA_STYLE('',(#16178));
#16178 = FILL_AREA_STYLE_COLOUR('',#14887);
#16179 = STYLED_ITEM('color',(#16180),#12445);
#16180 = PRESENTATION_STYLE_ASSIGNMENT((#16181));
#16181 = SURFACE_STYLE_USAGE(.BOTH.,#16182);
#16182 = SURFACE_SIDE_STYLE('',(#16183));
#16183 = SURFACE_STYLE_FILL_AREA(#16184);
#16184 = FILL_AREA_STYLE('',(#16185));
#16185 = FILL_AREA_STYLE_COLOUR('',#14887);
#16186 = STYLED_ITEM('color',(#16187),#12457);
#16187 = PRESENTATION_STYLE_ASSIGNMENT((#16188));
#16188 = SURFACE_STYLE_USAGE(.BOTH.,#16189);
#16189 = SURFACE_SIDE_STYLE('',(#16190));
#16190 = SURFACE_STYLE_FILL_AREA(#16191);
#16191 = FILL_AREA_STYLE('',(#16192));
#16192 = FILL_AREA_STYLE_COLOUR('',#14887);
#16193 = STYLED_ITEM('color',(#16194),#12474);
#16194 = PRESENTATION_STYLE_ASSIGNMENT((#16195));
#16195 = SURFACE_STYLE_USAGE(.BOTH.,#16196);
#16196 = SURFACE_SIDE_STYLE('',(#16197));
#16197 = SURFACE_STYLE_FILL_AREA(#16198);
#16198 = FILL_AREA_STYLE('',(#16199));
#16199 = FILL_AREA_STYLE_COLOUR('',#14887);
#16200 = STYLED_ITEM('color',(#16201),#12486);
#16201 = PRESENTATION_STYLE_ASSIGNMENT((#16202));
#16202 = SURFACE_STYLE_USAGE(.BOTH.,#16203);
#16203 = SURFACE_SIDE_STYLE('',(#16204));
#16204 = SURFACE_STYLE_FILL_AREA(#16205);
#16205 = FILL_AREA_STYLE('',(#16206));
#16206 = FILL_AREA_STYLE_COLOUR('',#14887);
#16207 = STYLED_ITEM('color',(#16208),#12503);
#16208 = PRESENTATION_STYLE_ASSIGNMENT((#16209));
#16209 = SURFACE_STYLE_USAGE(.BOTH.,#16210);
#16210 = SURFACE_SIDE_STYLE('',(#16211));
#16211 = SURFACE_STYLE_FILL_AREA(#16212);
#16212 = FILL_AREA_STYLE('',(#16213));
#16213 = FILL_AREA_STYLE_COLOUR('',#14887);
#16214 = STYLED_ITEM('color',(#16215),#12520);
#16215 = PRESENTATION_STYLE_ASSIGNMENT((#16216));
#16216 = SURFACE_STYLE_USAGE(.BOTH.,#16217);
#16217 = SURFACE_SIDE_STYLE('',(#16218));
#16218 = SURFACE_STYLE_FILL_AREA(#16219);
#16219 = FILL_AREA_STYLE('',(#16220));
#16220 = FILL_AREA_STYLE_COLOUR('',#14887);
#16221 = STYLED_ITEM('color',(#16222),#12537);
#16222 = PRESENTATION_STYLE_ASSIGNMENT((#16223));
#16223 = SURFACE_STYLE_USAGE(.BOTH.,#16224);
#16224 = SURFACE_SIDE_STYLE('',(#16225));
#16225 = SURFACE_STYLE_FILL_AREA(#16226);
#16226 = FILL_AREA_STYLE('',(#16227));
#16227 = FILL_AREA_STYLE_COLOUR('',#14887);
#16228 = STYLED_ITEM('color',(#16229),#12554);
#16229 = PRESENTATION_STYLE_ASSIGNMENT((#16230));
#16230 = SURFACE_STYLE_USAGE(.BOTH.,#16231);
#16231 = SURFACE_SIDE_STYLE('',(#16232));
#16232 = SURFACE_STYLE_FILL_AREA(#16233);
#16233 = FILL_AREA_STYLE('',(#16234));
#16234 = FILL_AREA_STYLE_COLOUR('',#14887);
#16235 = STYLED_ITEM('color',(#16236),#12571);
#16236 = PRESENTATION_STYLE_ASSIGNMENT((#16237));
#16237 = SURFACE_STYLE_USAGE(.BOTH.,#16238);
#16238 = SURFACE_SIDE_STYLE('',(#16239));
#16239 = SURFACE_STYLE_FILL_AREA(#16240);
#16240 = FILL_AREA_STYLE('',(#16241));
#16241 = FILL_AREA_STYLE_COLOUR('',#14887);
#16242 = STYLED_ITEM('color',(#16243),#12588);
#16243 = PRESENTATION_STYLE_ASSIGNMENT((#16244));
#16244 = SURFACE_STYLE_USAGE(.BOTH.,#16245);
#16245 = SURFACE_SIDE_STYLE('',(#16246));
#16246 = SURFACE_STYLE_FILL_AREA(#16247);
#16247 = FILL_AREA_STYLE('',(#16248));
#16248 = FILL_AREA_STYLE_COLOUR('',#14887);
#16249 = STYLED_ITEM('color',(#16250),#12605);
#16250 = PRESENTATION_STYLE_ASSIGNMENT((#16251));
#16251 = SURFACE_STYLE_USAGE(.BOTH.,#16252);
#16252 = SURFACE_SIDE_STYLE('',(#16253));
#16253 = SURFACE_STYLE_FILL_AREA(#16254);
#16254 = FILL_AREA_STYLE('',(#16255));
#16255 = FILL_AREA_STYLE_COLOUR('',#14887);
#16256 = STYLED_ITEM('color',(#16257),#12622);
#16257 = PRESENTATION_STYLE_ASSIGNMENT((#16258));
#16258 = SURFACE_STYLE_USAGE(.BOTH.,#16259);
#16259 = SURFACE_SIDE_STYLE('',(#16260));
#16260 = SURFACE_STYLE_FILL_AREA(#16261);
#16261 = FILL_AREA_STYLE('',(#16262));
#16262 = FILL_AREA_STYLE_COLOUR('',#14887);
#16263 = STYLED_ITEM('color',(#16264),#12639);
#16264 = PRESENTATION_STYLE_ASSIGNMENT((#16265));
#16265 = SURFACE_STYLE_USAGE(.BOTH.,#16266);
#16266 = SURFACE_SIDE_STYLE('',(#16267));
#16267 = SURFACE_STYLE_FILL_AREA(#16268);
#16268 = FILL_AREA_STYLE('',(#16269));
#16269 = FILL_AREA_STYLE_COLOUR('',#14887);
#16270 = STYLED_ITEM('color',(#16271),#12656);
#16271 = PRESENTATION_STYLE_ASSIGNMENT((#16272));
#16272 = SURFACE_STYLE_USAGE(.BOTH.,#16273);
#16273 = SURFACE_SIDE_STYLE('',(#16274));
#16274 = SURFACE_STYLE_FILL_AREA(#16275);
#16275 = FILL_AREA_STYLE('',(#16276));
#16276 = FILL_AREA_STYLE_COLOUR('',#14887);
#16277 = STYLED_ITEM('color',(#16278),#12673);
#16278 = PRESENTATION_STYLE_ASSIGNMENT((#16279));
#16279 = SURFACE_STYLE_USAGE(.BOTH.,#16280);
#16280 = SURFACE_SIDE_STYLE('',(#16281));
#16281 = SURFACE_STYLE_FILL_AREA(#16282);
#16282 = FILL_AREA_STYLE('',(#16283));
#16283 = FILL_AREA_STYLE_COLOUR('',#14887);
#16284 = STYLED_ITEM('color',(#16285),#12690);
#16285 = PRESENTATION_STYLE_ASSIGNMENT((#16286));
#16286 = SURFACE_STYLE_USAGE(.BOTH.,#16287);
#16287 = SURFACE_SIDE_STYLE('',(#16288));
#16288 = SURFACE_STYLE_FILL_AREA(#16289);
#16289 = FILL_AREA_STYLE('',(#16290));
#16290 = FILL_AREA_STYLE_COLOUR('',#14887);
#16291 = STYLED_ITEM('color',(#16292),#12707);
#16292 = PRESENTATION_STYLE_ASSIGNMENT((#16293));
#16293 = SURFACE_STYLE_USAGE(.BOTH.,#16294);
#16294 = SURFACE_SIDE_STYLE('',(#16295));
#16295 = SURFACE_STYLE_FILL_AREA(#16296);
#16296 = FILL_AREA_STYLE('',(#16297));
#16297 = FILL_AREA_STYLE_COLOUR('',#14887);
#16298 = STYLED_ITEM('color',(#16299),#12719);
#16299 = PRESENTATION_STYLE_ASSIGNMENT((#16300));
#16300 = SURFACE_STYLE_USAGE(.BOTH.,#16301);
#16301 = SURFACE_SIDE_STYLE('',(#16302));
#16302 = SURFACE_STYLE_FILL_AREA(#16303);
#16303 = FILL_AREA_STYLE('',(#16304));
#16304 = FILL_AREA_STYLE_COLOUR('',#14887);
#16305 = STYLED_ITEM('color',(#16306),#12736);
#16306 = PRESENTATION_STYLE_ASSIGNMENT((#16307));
#16307 = SURFACE_STYLE_USAGE(.BOTH.,#16308);
#16308 = SURFACE_SIDE_STYLE('',(#16309));
#16309 = SURFACE_STYLE_FILL_AREA(#16310);
#16310 = FILL_AREA_STYLE('',(#16311));
#16311 = FILL_AREA_STYLE_COLOUR('',#14887);
#16312 = STYLED_ITEM('color',(#16313),#12748);
#16313 = PRESENTATION_STYLE_ASSIGNMENT((#16314));
#16314 = SURFACE_STYLE_USAGE(.BOTH.,#16315);
#16315 = SURFACE_SIDE_STYLE('',(#16316));
#16316 = SURFACE_STYLE_FILL_AREA(#16317);
#16317 = FILL_AREA_STYLE('',(#16318));
#16318 = FILL_AREA_STYLE_COLOUR('',#14887);
#16319 = STYLED_ITEM('color',(#16320),#12765);
#16320 = PRESENTATION_STYLE_ASSIGNMENT((#16321));
#16321 = SURFACE_STYLE_USAGE(.BOTH.,#16322);
#16322 = SURFACE_SIDE_STYLE('',(#16323));
#16323 = SURFACE_STYLE_FILL_AREA(#16324);
#16324 = FILL_AREA_STYLE('',(#16325));
#16325 = FILL_AREA_STYLE_COLOUR('',#14887);
#16326 = STYLED_ITEM('color',(#16327),#12777);
#16327 = PRESENTATION_STYLE_ASSIGNMENT((#16328));
#16328 = SURFACE_STYLE_USAGE(.BOTH.,#16329);
#16329 = SURFACE_SIDE_STYLE('',(#16330));
#16330 = SURFACE_STYLE_FILL_AREA(#16331);
#16331 = FILL_AREA_STYLE('',(#16332));
#16332 = FILL_AREA_STYLE_COLOUR('',#14887);
#16333 = STYLED_ITEM('color',(#16334),#12794);
#16334 = PRESENTATION_STYLE_ASSIGNMENT((#16335));
#16335 = SURFACE_STYLE_USAGE(.BOTH.,#16336);
#16336 = SURFACE_SIDE_STYLE('',(#16337));
#16337 = SURFACE_STYLE_FILL_AREA(#16338);
#16338 = FILL_AREA_STYLE('',(#16339));
#16339 = FILL_AREA_STYLE_COLOUR('',#14887);
#16340 = STYLED_ITEM('color',(#16341),#12806);
#16341 = PRESENTATION_STYLE_ASSIGNMENT((#16342));
#16342 = SURFACE_STYLE_USAGE(.BOTH.,#16343);
#16343 = SURFACE_SIDE_STYLE('',(#16344));
#16344 = SURFACE_STYLE_FILL_AREA(#16345);
#16345 = FILL_AREA_STYLE('',(#16346));
#16346 = FILL_AREA_STYLE_COLOUR('',#14887);
#16347 = STYLED_ITEM('color',(#16348),#12823);
#16348 = PRESENTATION_STYLE_ASSIGNMENT((#16349));
#16349 = SURFACE_STYLE_USAGE(.BOTH.,#16350);
#16350 = SURFACE_SIDE_STYLE('',(#16351));
#16351 = SURFACE_STYLE_FILL_AREA(#16352);
#16352 = FILL_AREA_STYLE('',(#16353));
#16353 = FILL_AREA_STYLE_COLOUR('',#14887);
#16354 = STYLED_ITEM('color',(#16355),#12835);
#16355 = PRESENTATION_STYLE_ASSIGNMENT((#16356));
#16356 = SURFACE_STYLE_USAGE(.BOTH.,#16357);
#16357 = SURFACE_SIDE_STYLE('',(#16358));
#16358 = SURFACE_STYLE_FILL_AREA(#16359);
#16359 = FILL_AREA_STYLE('',(#16360));
#16360 = FILL_AREA_STYLE_COLOUR('',#14887);
#16361 = STYLED_ITEM('color',(#16362),#12852);
#16362 = PRESENTATION_STYLE_ASSIGNMENT((#16363));
#16363 = SURFACE_STYLE_USAGE(.BOTH.,#16364);
#16364 = SURFACE_SIDE_STYLE('',(#16365));
#16365 = SURFACE_STYLE_FILL_AREA(#16366);
#16366 = FILL_AREA_STYLE('',(#16367));
#16367 = FILL_AREA_STYLE_COLOUR('',#14887);
#16368 = STYLED_ITEM('color',(#16369),#12864);
#16369 = PRESENTATION_STYLE_ASSIGNMENT((#16370));
#16370 = SURFACE_STYLE_USAGE(.BOTH.,#16371);
#16371 = SURFACE_SIDE_STYLE('',(#16372));
#16372 = SURFACE_STYLE_FILL_AREA(#16373);
#16373 = FILL_AREA_STYLE('',(#16374));
#16374 = FILL_AREA_STYLE_COLOUR('',#14887);
#16375 = STYLED_ITEM('color',(#16376),#12881);
#16376 = PRESENTATION_STYLE_ASSIGNMENT((#16377));
#16377 = SURFACE_STYLE_USAGE(.BOTH.,#16378);
#16378 = SURFACE_SIDE_STYLE('',(#16379));
#16379 = SURFACE_STYLE_FILL_AREA(#16380);
#16380 = FILL_AREA_STYLE('',(#16381));
#16381 = FILL_AREA_STYLE_COLOUR('',#14887);
#16382 = STYLED_ITEM('color',(#16383),#12893);
#16383 = PRESENTATION_STYLE_ASSIGNMENT((#16384));
#16384 = SURFACE_STYLE_USAGE(.BOTH.,#16385);
#16385 = SURFACE_SIDE_STYLE('',(#16386));
#16386 = SURFACE_STYLE_FILL_AREA(#16387);
#16387 = FILL_AREA_STYLE('',(#16388));
#16388 = FILL_AREA_STYLE_COLOUR('',#14887);
#16389 = STYLED_ITEM('color',(#16390),#12910);
#16390 = PRESENTATION_STYLE_ASSIGNMENT((#16391));
#16391 = SURFACE_STYLE_USAGE(.BOTH.,#16392);
#16392 = SURFACE_SIDE_STYLE('',(#16393));
#16393 = SURFACE_STYLE_FILL_AREA(#16394);
#16394 = FILL_AREA_STYLE('',(#16395));
#16395 = FILL_AREA_STYLE_COLOUR('',#14887);
#16396 = STYLED_ITEM('color',(#16397),#12922);
#16397 = PRESENTATION_STYLE_ASSIGNMENT((#16398));
#16398 = SURFACE_STYLE_USAGE(.BOTH.,#16399);
#16399 = SURFACE_SIDE_STYLE('',(#16400));
#16400 = SURFACE_STYLE_FILL_AREA(#16401);
#16401 = FILL_AREA_STYLE('',(#16402));
#16402 = FILL_AREA_STYLE_COLOUR('',#14887);
#16403 = STYLED_ITEM('color',(#16404),#12939);
#16404 = PRESENTATION_STYLE_ASSIGNMENT((#16405));
#16405 = SURFACE_STYLE_USAGE(.BOTH.,#16406);
#16406 = SURFACE_SIDE_STYLE('',(#16407));
#16407 = SURFACE_STYLE_FILL_AREA(#16408);
#16408 = FILL_AREA_STYLE('',(#16409));
#16409 = FILL_AREA_STYLE_COLOUR('',#14887);
#16410 = STYLED_ITEM('color',(#16411),#12951);
#16411 = PRESENTATION_STYLE_ASSIGNMENT((#16412));
#16412 = SURFACE_STYLE_USAGE(.BOTH.,#16413);
#16413 = SURFACE_SIDE_STYLE('',(#16414));
#16414 = SURFACE_STYLE_FILL_AREA(#16415);
#16415 = FILL_AREA_STYLE('',(#16416));
#16416 = FILL_AREA_STYLE_COLOUR('',#14887);
#16417 = STYLED_ITEM('color',(#16418),#12968);
#16418 = PRESENTATION_STYLE_ASSIGNMENT((#16419));
#16419 = SURFACE_STYLE_USAGE(.BOTH.,#16420);
#16420 = SURFACE_SIDE_STYLE('',(#16421));
#16421 = SURFACE_STYLE_FILL_AREA(#16422);
#16422 = FILL_AREA_STYLE('',(#16423));
#16423 = FILL_AREA_STYLE_COLOUR('',#14887);
#16424 = STYLED_ITEM('color',(#16425),#12980);
#16425 = PRESENTATION_STYLE_ASSIGNMENT((#16426));
#16426 = SURFACE_STYLE_USAGE(.BOTH.,#16427);
#16427 = SURFACE_SIDE_STYLE('',(#16428));
#16428 = SURFACE_STYLE_FILL_AREA(#16429);
#16429 = FILL_AREA_STYLE('',(#16430));
#16430 = FILL_AREA_STYLE_COLOUR('',#14887);
#16431 = STYLED_ITEM('color',(#16432),#12997);
#16432 = PRESENTATION_STYLE_ASSIGNMENT((#16433));
#16433 = SURFACE_STYLE_USAGE(.BOTH.,#16434);
#16434 = SURFACE_SIDE_STYLE('',(#16435));
#16435 = SURFACE_STYLE_FILL_AREA(#16436);
#16436 = FILL_AREA_STYLE('',(#16437));
#16437 = FILL_AREA_STYLE_COLOUR('',#14887);
#16438 = STYLED_ITEM('color',(#16439),#13009);
#16439 = PRESENTATION_STYLE_ASSIGNMENT((#16440));
#16440 = SURFACE_STYLE_USAGE(.BOTH.,#16441);
#16441 = SURFACE_SIDE_STYLE('',(#16442));
#16442 = SURFACE_STYLE_FILL_AREA(#16443);
#16443 = FILL_AREA_STYLE('',(#16444));
#16444 = FILL_AREA_STYLE_COLOUR('',#14887);
#16445 = STYLED_ITEM('color',(#16446),#13026);
#16446 = PRESENTATION_STYLE_ASSIGNMENT((#16447));
#16447 = SURFACE_STYLE_USAGE(.BOTH.,#16448);
#16448 = SURFACE_SIDE_STYLE('',(#16449));
#16449 = SURFACE_STYLE_FILL_AREA(#16450);
#16450 = FILL_AREA_STYLE('',(#16451));
#16451 = FILL_AREA_STYLE_COLOUR('',#14887);
#16452 = STYLED_ITEM('color',(#16453),#13038);
#16453 = PRESENTATION_STYLE_ASSIGNMENT((#16454));
#16454 = SURFACE_STYLE_USAGE(.BOTH.,#16455);
#16455 = SURFACE_SIDE_STYLE('',(#16456));
#16456 = SURFACE_STYLE_FILL_AREA(#16457);
#16457 = FILL_AREA_STYLE('',(#16458));
#16458 = FILL_AREA_STYLE_COLOUR('',#14887);
#16459 = STYLED_ITEM('color',(#16460),#13051);
#16460 = PRESENTATION_STYLE_ASSIGNMENT((#16461));
#16461 = SURFACE_STYLE_USAGE(.BOTH.,#16462);
#16462 = SURFACE_SIDE_STYLE('',(#16463));
#16463 = SURFACE_STYLE_FILL_AREA(#16464);
#16464 = FILL_AREA_STYLE('',(#16465));
#16465 = FILL_AREA_STYLE_COLOUR('',#16466);
#16466 = COLOUR_RGB('',0.690999977303,0.663999984767,0.597999987832);
#16467 = STYLED_ITEM('color',(#16468),#13076);
#16468 = PRESENTATION_STYLE_ASSIGNMENT((#16469));
#16469 = SURFACE_STYLE_USAGE(.BOTH.,#16470);
#16470 = SURFACE_SIDE_STYLE('',(#16471));
#16471 = SURFACE_STYLE_FILL_AREA(#16472);
#16472 = FILL_AREA_STYLE('',(#16473));
#16473 = FILL_AREA_STYLE_COLOUR('',#16466);
#16474 = MECHANICAL_DESIGN_GEOMETRIC_PRESENTATION_REPRESENTATION('',(
    #16475,#16483,#16490,#16497,#16504,#16511,#16518,#16525,#16533,
    #16540,#16547,#16554,#16561,#16568,#16575,#16582,#16589,#16596,
    #16603,#16610,#16617,#16624,#16631,#16638,#16645,#16652,#16659,
    #16666,#16673,#16680,#16687,#16694,#16701,#16708,#16715,#16722,
    #16730,#16737,#16744,#16751,#16758,#16765,#16772,#16779,#16786,
    #16793,#16800,#16807,#16814,#16821),#7891);
#16475 = STYLED_ITEM('color',(#16476),#6370);
#16476 = PRESENTATION_STYLE_ASSIGNMENT((#16477));
#16477 = SURFACE_STYLE_USAGE(.BOTH.,#16478);
#16478 = SURFACE_SIDE_STYLE('',(#16479));
#16479 = SURFACE_STYLE_FILL_AREA(#16480);
#16480 = FILL_AREA_STYLE('',(#16481));
#16481 = FILL_AREA_STYLE_COLOUR('',#16482);
#16482 = COLOUR_RGB('',0.894999966383,0.890999961016,0.813000030345);
#16483 = STYLED_ITEM('color',(#16484),#6410);
#16484 = PRESENTATION_STYLE_ASSIGNMENT((#16485));
#16485 = SURFACE_STYLE_USAGE(.BOTH.,#16486);
#16486 = SURFACE_SIDE_STYLE('',(#16487));
#16487 = SURFACE_STYLE_FILL_AREA(#16488);
#16488 = FILL_AREA_STYLE('',(#16489));
#16489 = FILL_AREA_STYLE_COLOUR('',#16482);
#16490 = STYLED_ITEM('color',(#16491),#6457);
#16491 = PRESENTATION_STYLE_ASSIGNMENT((#16492));
#16492 = SURFACE_STYLE_USAGE(.BOTH.,#16493);
#16493 = SURFACE_SIDE_STYLE('',(#16494));
#16494 = SURFACE_STYLE_FILL_AREA(#16495);
#16495 = FILL_AREA_STYLE('',(#16496));
#16496 = FILL_AREA_STYLE_COLOUR('',#16482);
#16497 = STYLED_ITEM('color',(#16498),#6536);
#16498 = PRESENTATION_STYLE_ASSIGNMENT((#16499));
#16499 = SURFACE_STYLE_USAGE(.BOTH.,#16500);
#16500 = SURFACE_SIDE_STYLE('',(#16501));
#16501 = SURFACE_STYLE_FILL_AREA(#16502);
#16502 = FILL_AREA_STYLE('',(#16503));
#16503 = FILL_AREA_STYLE_COLOUR('',#16482);
#16504 = STYLED_ITEM('color',(#16505),#6560);
#16505 = PRESENTATION_STYLE_ASSIGNMENT((#16506));
#16506 = SURFACE_STYLE_USAGE(.BOTH.,#16507);
#16507 = SURFACE_SIDE_STYLE('',(#16508));
#16508 = SURFACE_STYLE_FILL_AREA(#16509);
#16509 = FILL_AREA_STYLE('',(#16510));
#16510 = FILL_AREA_STYLE_COLOUR('',#16482);
#16511 = STYLED_ITEM('color',(#16512),#6600);
#16512 = PRESENTATION_STYLE_ASSIGNMENT((#16513));
#16513 = SURFACE_STYLE_USAGE(.BOTH.,#16514);
#16514 = SURFACE_SIDE_STYLE('',(#16515));
#16515 = SURFACE_STYLE_FILL_AREA(#16516);
#16516 = FILL_AREA_STYLE('',(#16517));
#16517 = FILL_AREA_STYLE_COLOUR('',#16482);
#16518 = STYLED_ITEM('color',(#16519),#6631);
#16519 = PRESENTATION_STYLE_ASSIGNMENT((#16520));
#16520 = SURFACE_STYLE_USAGE(.BOTH.,#16521);
#16521 = SURFACE_SIDE_STYLE('',(#16522));
#16522 = SURFACE_STYLE_FILL_AREA(#16523);
#16523 = FILL_AREA_STYLE('',(#16524));
#16524 = FILL_AREA_STYLE_COLOUR('',#16482);
#16525 = STYLED_ITEM('color',(#16526),#6648);
#16526 = PRESENTATION_STYLE_ASSIGNMENT((#16527));
#16527 = SURFACE_STYLE_USAGE(.BOTH.,#16528);
#16528 = SURFACE_SIDE_STYLE('',(#16529));
#16529 = SURFACE_STYLE_FILL_AREA(#16530);
#16530 = FILL_AREA_STYLE('',(#16531));
#16531 = FILL_AREA_STYLE_COLOUR('',#16532);
#16532 = COLOUR_RGB('',0.859000020776,0.737999965183,0.495999988746);
#16533 = STYLED_ITEM('color',(#16534),#6681);
#16534 = PRESENTATION_STYLE_ASSIGNMENT((#16535));
#16535 = SURFACE_STYLE_USAGE(.BOTH.,#16536);
#16536 = SURFACE_SIDE_STYLE('',(#16537));
#16537 = SURFACE_STYLE_FILL_AREA(#16538);
#16538 = FILL_AREA_STYLE('',(#16539));
#16539 = FILL_AREA_STYLE_COLOUR('',#16482);
#16540 = STYLED_ITEM('color',(#16541),#6705);
#16541 = PRESENTATION_STYLE_ASSIGNMENT((#16542));
#16542 = SURFACE_STYLE_USAGE(.BOTH.,#16543);
#16543 = SURFACE_SIDE_STYLE('',(#16544));
#16544 = SURFACE_STYLE_FILL_AREA(#16545);
#16545 = FILL_AREA_STYLE('',(#16546));
#16546 = FILL_AREA_STYLE_COLOUR('',#16532);
#16547 = STYLED_ITEM('color',(#16548),#6772);
#16548 = PRESENTATION_STYLE_ASSIGNMENT((#16549));
#16549 = SURFACE_STYLE_USAGE(.BOTH.,#16550);
#16550 = SURFACE_SIDE_STYLE('',(#16551));
#16551 = SURFACE_STYLE_FILL_AREA(#16552);
#16552 = FILL_AREA_STYLE('',(#16553));
#16553 = FILL_AREA_STYLE_COLOUR('',#16482);
#16554 = STYLED_ITEM('color',(#16555),#6893);
#16555 = PRESENTATION_STYLE_ASSIGNMENT((#16556));
#16556 = SURFACE_STYLE_USAGE(.BOTH.,#16557);
#16557 = SURFACE_SIDE_STYLE('',(#16558));
#16558 = SURFACE_STYLE_FILL_AREA(#16559);
#16559 = FILL_AREA_STYLE('',(#16560));
#16560 = FILL_AREA_STYLE_COLOUR('',#16532);
#16561 = STYLED_ITEM('color',(#16562),#6960);
#16562 = PRESENTATION_STYLE_ASSIGNMENT((#16563));
#16563 = SURFACE_STYLE_USAGE(.BOTH.,#16564);
#16564 = SURFACE_SIDE_STYLE('',(#16565));
#16565 = SURFACE_STYLE_FILL_AREA(#16566);
#16566 = FILL_AREA_STYLE('',(#16567));
#16567 = FILL_AREA_STYLE_COLOUR('',#16482);
#16568 = STYLED_ITEM('color',(#16569),#6984);
#16569 = PRESENTATION_STYLE_ASSIGNMENT((#16570));
#16570 = SURFACE_STYLE_USAGE(.BOTH.,#16571);
#16571 = SURFACE_SIDE_STYLE('',(#16572));
#16572 = SURFACE_STYLE_FILL_AREA(#16573);
#16573 = FILL_AREA_STYLE('',(#16574));
#16574 = FILL_AREA_STYLE_COLOUR('',#16482);
#16575 = STYLED_ITEM('color',(#16576),#7015);
#16576 = PRESENTATION_STYLE_ASSIGNMENT((#16577));
#16577 = SURFACE_STYLE_USAGE(.BOTH.,#16578);
#16578 = SURFACE_SIDE_STYLE('',(#16579));
#16579 = SURFACE_STYLE_FILL_AREA(#16580);
#16580 = FILL_AREA_STYLE('',(#16581));
#16581 = FILL_AREA_STYLE_COLOUR('',#16532);
#16582 = STYLED_ITEM('color',(#16583),#7048);
#16583 = PRESENTATION_STYLE_ASSIGNMENT((#16584));
#16584 = SURFACE_STYLE_USAGE(.BOTH.,#16585);
#16585 = SURFACE_SIDE_STYLE('',(#16586));
#16586 = SURFACE_STYLE_FILL_AREA(#16587);
#16587 = FILL_AREA_STYLE('',(#16588));
#16588 = FILL_AREA_STYLE_COLOUR('',#16482);
#16589 = STYLED_ITEM('color',(#16590),#7104);
#16590 = PRESENTATION_STYLE_ASSIGNMENT((#16591));
#16591 = SURFACE_STYLE_USAGE(.BOTH.,#16592);
#16592 = SURFACE_SIDE_STYLE('',(#16593));
#16593 = SURFACE_STYLE_FILL_AREA(#16594);
#16594 = FILL_AREA_STYLE('',(#16595));
#16595 = FILL_AREA_STYLE_COLOUR('',#16532);
#16596 = STYLED_ITEM('color',(#16597),#7128);
#16597 = PRESENTATION_STYLE_ASSIGNMENT((#16598));
#16598 = SURFACE_STYLE_USAGE(.BOTH.,#16599);
#16599 = SURFACE_SIDE_STYLE('',(#16600));
#16600 = SURFACE_STYLE_FILL_AREA(#16601);
#16601 = FILL_AREA_STYLE('',(#16602));
#16602 = FILL_AREA_STYLE_COLOUR('',#16532);
#16603 = STYLED_ITEM('color',(#16604),#7152);
#16604 = PRESENTATION_STYLE_ASSIGNMENT((#16605));
#16605 = SURFACE_STYLE_USAGE(.BOTH.,#16606);
#16606 = SURFACE_SIDE_STYLE('',(#16607));
#16607 = SURFACE_STYLE_FILL_AREA(#16608);
#16608 = FILL_AREA_STYLE('',(#16609));
#16609 = FILL_AREA_STYLE_COLOUR('',#16532);
#16610 = STYLED_ITEM('color',(#16611),#7176);
#16611 = PRESENTATION_STYLE_ASSIGNMENT((#16612));
#16612 = SURFACE_STYLE_USAGE(.BOTH.,#16613);
#16613 = SURFACE_SIDE_STYLE('',(#16614));
#16614 = SURFACE_STYLE_FILL_AREA(#16615);
#16615 = FILL_AREA_STYLE('',(#16616));
#16616 = FILL_AREA_STYLE_COLOUR('',#16532);
#16617 = STYLED_ITEM('color',(#16618),#7209);
#16618 = PRESENTATION_STYLE_ASSIGNMENT((#16619));
#16619 = SURFACE_STYLE_USAGE(.BOTH.,#16620);
#16620 = SURFACE_SIDE_STYLE('',(#16621));
#16621 = SURFACE_STYLE_FILL_AREA(#16622);
#16622 = FILL_AREA_STYLE('',(#16623));
#16623 = FILL_AREA_STYLE_COLOUR('',#16532);
#16624 = STYLED_ITEM('color',(#16625),#7221);
#16625 = PRESENTATION_STYLE_ASSIGNMENT((#16626));
#16626 = SURFACE_STYLE_USAGE(.BOTH.,#16627);
#16627 = SURFACE_SIDE_STYLE('',(#16628));
#16628 = SURFACE_STYLE_FILL_AREA(#16629);
#16629 = FILL_AREA_STYLE('',(#16630));
#16630 = FILL_AREA_STYLE_COLOUR('',#16532);
#16631 = STYLED_ITEM('color',(#16632),#7284);
#16632 = PRESENTATION_STYLE_ASSIGNMENT((#16633));
#16633 = SURFACE_STYLE_USAGE(.BOTH.,#16634);
#16634 = SURFACE_SIDE_STYLE('',(#16635));
#16635 = SURFACE_STYLE_FILL_AREA(#16636);
#16636 = FILL_AREA_STYLE('',(#16637));
#16637 = FILL_AREA_STYLE_COLOUR('',#16532);
#16638 = STYLED_ITEM('color',(#16639),#7309);
#16639 = PRESENTATION_STYLE_ASSIGNMENT((#16640));
#16640 = SURFACE_STYLE_USAGE(.BOTH.,#16641);
#16641 = SURFACE_SIDE_STYLE('',(#16642));
#16642 = SURFACE_STYLE_FILL_AREA(#16643);
#16643 = FILL_AREA_STYLE('',(#16644));
#16644 = FILL_AREA_STYLE_COLOUR('',#16532);
#16645 = STYLED_ITEM('color',(#16646),#7326);
#16646 = PRESENTATION_STYLE_ASSIGNMENT((#16647));
#16647 = SURFACE_STYLE_USAGE(.BOTH.,#16648);
#16648 = SURFACE_SIDE_STYLE('',(#16649));
#16649 = SURFACE_STYLE_FILL_AREA(#16650);
#16650 = FILL_AREA_STYLE('',(#16651));
#16651 = FILL_AREA_STYLE_COLOUR('',#16532);
#16652 = STYLED_ITEM('color',(#16653),#7350);
#16653 = PRESENTATION_STYLE_ASSIGNMENT((#16654));
#16654 = SURFACE_STYLE_USAGE(.BOTH.,#16655);
#16655 = SURFACE_SIDE_STYLE('',(#16656));
#16656 = SURFACE_STYLE_FILL_AREA(#16657);
#16657 = FILL_AREA_STYLE('',(#16658));
#16658 = FILL_AREA_STYLE_COLOUR('',#16532);
#16659 = STYLED_ITEM('color',(#16660),#7368);
#16660 = PRESENTATION_STYLE_ASSIGNMENT((#16661));
#16661 = SURFACE_STYLE_USAGE(.BOTH.,#16662);
#16662 = SURFACE_SIDE_STYLE('',(#16663));
#16663 = SURFACE_STYLE_FILL_AREA(#16664);
#16664 = FILL_AREA_STYLE('',(#16665));
#16665 = FILL_AREA_STYLE_COLOUR('',#16532);
#16666 = STYLED_ITEM('color',(#16667),#7386);
#16667 = PRESENTATION_STYLE_ASSIGNMENT((#16668));
#16668 = SURFACE_STYLE_USAGE(.BOTH.,#16669);
#16669 = SURFACE_SIDE_STYLE('',(#16670));
#16670 = SURFACE_STYLE_FILL_AREA(#16671);
#16671 = FILL_AREA_STYLE('',(#16672));
#16672 = FILL_AREA_STYLE_COLOUR('',#16532);
#16673 = STYLED_ITEM('color',(#16674),#7404);
#16674 = PRESENTATION_STYLE_ASSIGNMENT((#16675));
#16675 = SURFACE_STYLE_USAGE(.BOTH.,#16676);
#16676 = SURFACE_SIDE_STYLE('',(#16677));
#16677 = SURFACE_STYLE_FILL_AREA(#16678);
#16678 = FILL_AREA_STYLE('',(#16679));
#16679 = FILL_AREA_STYLE_COLOUR('',#16532);
#16680 = STYLED_ITEM('color',(#16681),#7421);
#16681 = PRESENTATION_STYLE_ASSIGNMENT((#16682));
#16682 = SURFACE_STYLE_USAGE(.BOTH.,#16683);
#16683 = SURFACE_SIDE_STYLE('',(#16684));
#16684 = SURFACE_STYLE_FILL_AREA(#16685);
#16685 = FILL_AREA_STYLE('',(#16686));
#16686 = FILL_AREA_STYLE_COLOUR('',#16532);
#16687 = STYLED_ITEM('color',(#16688),#7438);
#16688 = PRESENTATION_STYLE_ASSIGNMENT((#16689));
#16689 = SURFACE_STYLE_USAGE(.BOTH.,#16690);
#16690 = SURFACE_SIDE_STYLE('',(#16691));
#16691 = SURFACE_STYLE_FILL_AREA(#16692);
#16692 = FILL_AREA_STYLE('',(#16693));
#16693 = FILL_AREA_STYLE_COLOUR('',#16532);
#16694 = STYLED_ITEM('color',(#16695),#7469);
#16695 = PRESENTATION_STYLE_ASSIGNMENT((#16696));
#16696 = SURFACE_STYLE_USAGE(.BOTH.,#16697);
#16697 = SURFACE_SIDE_STYLE('',(#16698));
#16698 = SURFACE_STYLE_FILL_AREA(#16699);
#16699 = FILL_AREA_STYLE('',(#16700));
#16700 = FILL_AREA_STYLE_COLOUR('',#16532);
#16701 = STYLED_ITEM('color',(#16702),#7494);
#16702 = PRESENTATION_STYLE_ASSIGNMENT((#16703));
#16703 = SURFACE_STYLE_USAGE(.BOTH.,#16704);
#16704 = SURFACE_SIDE_STYLE('',(#16705));
#16705 = SURFACE_STYLE_FILL_AREA(#16706);
#16706 = FILL_AREA_STYLE('',(#16707));
#16707 = FILL_AREA_STYLE_COLOUR('',#16532);
#16708 = STYLED_ITEM('color',(#16709),#7519);
#16709 = PRESENTATION_STYLE_ASSIGNMENT((#16710));
#16710 = SURFACE_STYLE_USAGE(.BOTH.,#16711);
#16711 = SURFACE_SIDE_STYLE('',(#16712));
#16712 = SURFACE_STYLE_FILL_AREA(#16713);
#16713 = FILL_AREA_STYLE('',(#16714));
#16714 = FILL_AREA_STYLE_COLOUR('',#16532);
#16715 = STYLED_ITEM('color',(#16716),#7543);
#16716 = PRESENTATION_STYLE_ASSIGNMENT((#16717));
#16717 = SURFACE_STYLE_USAGE(.BOTH.,#16718);
#16718 = SURFACE_SIDE_STYLE('',(#16719));
#16719 = SURFACE_STYLE_FILL_AREA(#16720);
#16720 = FILL_AREA_STYLE('',(#16721));
#16721 = FILL_AREA_STYLE_COLOUR('',#16532);
#16722 = STYLED_ITEM('color',(#16723),#7560);
#16723 = PRESENTATION_STYLE_ASSIGNMENT((#16724));
#16724 = SURFACE_STYLE_USAGE(.BOTH.,#16725);
#16725 = SURFACE_SIDE_STYLE('',(#16726));
#16726 = SURFACE_STYLE_FILL_AREA(#16727);
#16727 = FILL_AREA_STYLE('',(#16728));
#16728 = FILL_AREA_STYLE_COLOUR('',#16729);
#16729 = COLOUR_RGB('',0.340000006699,0.68000001254,0.444999988852);
#16730 = STYLED_ITEM('color',(#16731),#7591);
#16731 = PRESENTATION_STYLE_ASSIGNMENT((#16732));
#16732 = SURFACE_STYLE_USAGE(.BOTH.,#16733);
#16733 = SURFACE_SIDE_STYLE('',(#16734));
#16734 = SURFACE_STYLE_FILL_AREA(#16735);
#16735 = FILL_AREA_STYLE('',(#16736));
#16736 = FILL_AREA_STYLE_COLOUR('',#16729);
#16737 = STYLED_ITEM('color',(#16738),#7615);
#16738 = PRESENTATION_STYLE_ASSIGNMENT((#16739));
#16739 = SURFACE_STYLE_USAGE(.BOTH.,#16740);
#16740 = SURFACE_SIDE_STYLE('',(#16741));
#16741 = SURFACE_STYLE_FILL_AREA(#16742);
#16742 = FILL_AREA_STYLE('',(#16743));
#16743 = FILL_AREA_STYLE_COLOUR('',#16729);
#16744 = STYLED_ITEM('color',(#16745),#7632);
#16745 = PRESENTATION_STYLE_ASSIGNMENT((#16746));
#16746 = SURFACE_STYLE_USAGE(.BOTH.,#16747);
#16747 = SURFACE_SIDE_STYLE('',(#16748));
#16748 = SURFACE_STYLE_FILL_AREA(#16749);
#16749 = FILL_AREA_STYLE('',(#16750));
#16750 = FILL_AREA_STYLE_COLOUR('',#16532);
#16751 = STYLED_ITEM('color',(#16752),#7660);
#16752 = PRESENTATION_STYLE_ASSIGNMENT((#16753));
#16753 = SURFACE_STYLE_USAGE(.BOTH.,#16754);
#16754 = SURFACE_SIDE_STYLE('',(#16755));
#16755 = SURFACE_STYLE_FILL_AREA(#16756);
#16756 = FILL_AREA_STYLE('',(#16757));
#16757 = FILL_AREA_STYLE_COLOUR('',#16532);
#16758 = STYLED_ITEM('color',(#16759),#7685);
#16759 = PRESENTATION_STYLE_ASSIGNMENT((#16760));
#16760 = SURFACE_STYLE_USAGE(.BOTH.,#16761);
#16761 = SURFACE_SIDE_STYLE('',(#16762));
#16762 = SURFACE_STYLE_FILL_AREA(#16763);
#16763 = FILL_AREA_STYLE('',(#16764));
#16764 = FILL_AREA_STYLE_COLOUR('',#16532);
#16765 = STYLED_ITEM('color',(#16766),#7709);
#16766 = PRESENTATION_STYLE_ASSIGNMENT((#16767));
#16767 = SURFACE_STYLE_USAGE(.BOTH.,#16768);
#16768 = SURFACE_SIDE_STYLE('',(#16769));
#16769 = SURFACE_STYLE_FILL_AREA(#16770);
#16770 = FILL_AREA_STYLE('',(#16771));
#16771 = FILL_AREA_STYLE_COLOUR('',#16532);
#16772 = STYLED_ITEM('color',(#16773),#7734);
#16773 = PRESENTATION_STYLE_ASSIGNMENT((#16774));
#16774 = SURFACE_STYLE_USAGE(.BOTH.,#16775);
#16775 = SURFACE_SIDE_STYLE('',(#16776));
#16776 = SURFACE_STYLE_FILL_AREA(#16777);
#16777 = FILL_AREA_STYLE('',(#16778));
#16778 = FILL_AREA_STYLE_COLOUR('',#16532);
#16779 = STYLED_ITEM('color',(#16780),#7781);
#16780 = PRESENTATION_STYLE_ASSIGNMENT((#16781));
#16781 = SURFACE_STYLE_USAGE(.BOTH.,#16782);
#16782 = SURFACE_SIDE_STYLE('',(#16783));
#16783 = SURFACE_STYLE_FILL_AREA(#16784);
#16784 = FILL_AREA_STYLE('',(#16785));
#16785 = FILL_AREA_STYLE_COLOUR('',#16532);
#16786 = STYLED_ITEM('color',(#16787),#7798);
#16787 = PRESENTATION_STYLE_ASSIGNMENT((#16788));
#16788 = SURFACE_STYLE_USAGE(.BOTH.,#16789);
#16789 = SURFACE_SIDE_STYLE('',(#16790));
#16790 = SURFACE_STYLE_FILL_AREA(#16791);
#16791 = FILL_AREA_STYLE('',(#16792));
#16792 = FILL_AREA_STYLE_COLOUR('',#16532);
#16793 = STYLED_ITEM('color',(#16794),#7810);
#16794 = PRESENTATION_STYLE_ASSIGNMENT((#16795));
#16795 = SURFACE_STYLE_USAGE(.BOTH.,#16796);
#16796 = SURFACE_SIDE_STYLE('',(#16797));
#16797 = SURFACE_STYLE_FILL_AREA(#16798);
#16798 = FILL_AREA_STYLE('',(#16799));
#16799 = FILL_AREA_STYLE_COLOUR('',#16532);
#16800 = STYLED_ITEM('color',(#16801),#7832);
#16801 = PRESENTATION_STYLE_ASSIGNMENT((#16802));
#16802 = SURFACE_STYLE_USAGE(.BOTH.,#16803);
#16803 = SURFACE_SIDE_STYLE('',(#16804));
#16804 = SURFACE_STYLE_FILL_AREA(#16805);
#16805 = FILL_AREA_STYLE('',(#16806));
#16806 = FILL_AREA_STYLE_COLOUR('',#16532);
#16807 = STYLED_ITEM('color',(#16808),#7844);
#16808 = PRESENTATION_STYLE_ASSIGNMENT((#16809));
#16809 = SURFACE_STYLE_USAGE(.BOTH.,#16810);
#16810 = SURFACE_SIDE_STYLE('',(#16811));
#16811 = SURFACE_STYLE_FILL_AREA(#16812);
#16812 = FILL_AREA_STYLE('',(#16813));
#16813 = FILL_AREA_STYLE_COLOUR('',#16532);
#16814 = STYLED_ITEM('color',(#16815),#7862);
#16815 = PRESENTATION_STYLE_ASSIGNMENT((#16816));
#16816 = SURFACE_STYLE_USAGE(.BOTH.,#16817);
#16817 = SURFACE_SIDE_STYLE('',(#16818));
#16818 = SURFACE_STYLE_FILL_AREA(#16819);
#16819 = FILL_AREA_STYLE('',(#16820));
#16820 = FILL_AREA_STYLE_COLOUR('',#16532);
#16821 = STYLED_ITEM('color',(#16822),#7880);
#16822 = PRESENTATION_STYLE_ASSIGNMENT((#16823));
#16823 = SURFACE_STYLE_USAGE(.BOTH.,#16824);
#16824 = SURFACE_SIDE_STYLE('',(#16825));
#16825 = SURFACE_STYLE_FILL_AREA(#16826);
#16826 = FILL_AREA_STYLE('',(#16827));
#16827 = FILL_AREA_STYLE_COLOUR('',#16729);
#16828 = MECHANICAL_DESIGN_GEOMETRIC_PRESENTATION_REPRESENTATION('',(
    #16829,#16839,#16848,#16857,#16866,#16875,#16884,#16893,#16902,
    #16911,#16920,#16929,#16938,#16947,#16956,#16965,#16974,#16983,
    #16992,#17001,#17010,#17019,#17028,#17037,#17046,#17055,#17064,
    #17073,#17082,#17091,#17100,#17109,#17118,#17127,#17136,#17145,
    #17154,#17163,#17172,#17181,#17190,#17199,#17208,#17217,#17226,
    #17235,#17244,#17253,#17262,#17271,#17280,#17289,#17298,#17307,
    #17316,#17325,#17334,#17343,#17352,#17361,#17370,#17379,#17388,
    #17397,#17406,#17415,#17424,#17433,#17442,#17451,#17460,#17469,
    #17478,#17487,#17496,#17505,#17514,#17523,#17532,#17541,#17550,
    #17559,#17568,#17577,#17586,#17595,#17604,#17613,#17622,#17631,
    #17640,#17649,#17658,#17667,#17676,#17685,#17694,#17703,#17712,
    #17721,#17730,#17739,#17748,#17757,#17766,#17775,#17784,#17793,
    #17802,#17811,#17820),#6344);
#16829 = STYLED_ITEM('color',(#16830),#3116);
#16830 = PRESENTATION_STYLE_ASSIGNMENT((#16831,#16837));
#16831 = SURFACE_STYLE_USAGE(.BOTH.,#16832);
#16832 = SURFACE_SIDE_STYLE('',(#16833));
#16833 = SURFACE_STYLE_FILL_AREA(#16834);
#16834 = FILL_AREA_STYLE('',(#16835));
#16835 = FILL_AREA_STYLE_COLOUR('',#16836);
#16836 = COLOUR_RGB('',0.147999998088,0.145000001626,0.145000001626);
#16837 = CURVE_STYLE('',#16838,POSITIVE_LENGTH_MEASURE(0.1),#16836);
#16838 = DRAUGHTING_PRE_DEFINED_CURVE_FONT('continuous');
#16839 = STYLED_ITEM('color',(#16840),#3154);
#16840 = PRESENTATION_STYLE_ASSIGNMENT((#16841,#16846));
#16841 = SURFACE_STYLE_USAGE(.BOTH.,#16842);
#16842 = SURFACE_SIDE_STYLE('',(#16843));
#16843 = SURFACE_STYLE_FILL_AREA(#16844);
#16844 = FILL_AREA_STYLE('',(#16845));
#16845 = FILL_AREA_STYLE_COLOUR('',#16836);
#16846 = CURVE_STYLE('',#16847,POSITIVE_LENGTH_MEASURE(0.1),#16836);
#16847 = DRAUGHTING_PRE_DEFINED_CURVE_FONT('continuous');
#16848 = STYLED_ITEM('color',(#16849),#3217);
#16849 = PRESENTATION_STYLE_ASSIGNMENT((#16850,#16855));
#16850 = SURFACE_STYLE_USAGE(.BOTH.,#16851);
#16851 = SURFACE_SIDE_STYLE('',(#16852));
#16852 = SURFACE_STYLE_FILL_AREA(#16853);
#16853 = FILL_AREA_STYLE('',(#16854));
#16854 = FILL_AREA_STYLE_COLOUR('',#16836);
#16855 = CURVE_STYLE('',#16856,POSITIVE_LENGTH_MEASURE(0.1),#16836);
#16856 = DRAUGHTING_PRE_DEFINED_CURVE_FONT('continuous');
#16857 = STYLED_ITEM('color',(#16858),#3240);
#16858 = PRESENTATION_STYLE_ASSIGNMENT((#16859,#16864));
#16859 = SURFACE_STYLE_USAGE(.BOTH.,#16860);
#16860 = SURFACE_SIDE_STYLE('',(#16861));
#16861 = SURFACE_STYLE_FILL_AREA(#16862);
#16862 = FILL_AREA_STYLE('',(#16863));
#16863 = FILL_AREA_STYLE_COLOUR('',#16836);
#16864 = CURVE_STYLE('',#16865,POSITIVE_LENGTH_MEASURE(0.1),#16836);
#16865 = DRAUGHTING_PRE_DEFINED_CURVE_FONT('continuous');
#16866 = STYLED_ITEM('color',(#16867),#3269);
#16867 = PRESENTATION_STYLE_ASSIGNMENT((#16868,#16873));
#16868 = SURFACE_STYLE_USAGE(.BOTH.,#16869);
#16869 = SURFACE_SIDE_STYLE('',(#16870));
#16870 = SURFACE_STYLE_FILL_AREA(#16871);
#16871 = FILL_AREA_STYLE('',(#16872));
#16872 = FILL_AREA_STYLE_COLOUR('',#16836);
#16873 = CURVE_STYLE('',#16874,POSITIVE_LENGTH_MEASURE(0.1),#16836);
#16874 = DRAUGHTING_PRE_DEFINED_CURVE_FONT('continuous');
#16875 = STYLED_ITEM('color',(#16876),#3292);
#16876 = PRESENTATION_STYLE_ASSIGNMENT((#16877,#16882));
#16877 = SURFACE_STYLE_USAGE(.BOTH.,#16878);
#16878 = SURFACE_SIDE_STYLE('',(#16879));
#16879 = SURFACE_STYLE_FILL_AREA(#16880);
#16880 = FILL_AREA_STYLE('',(#16881));
#16881 = FILL_AREA_STYLE_COLOUR('',#16836);
#16882 = CURVE_STYLE('',#16883,POSITIVE_LENGTH_MEASURE(0.1),#16836);
#16883 = DRAUGHTING_PRE_DEFINED_CURVE_FONT('continuous');
#16884 = STYLED_ITEM('color',(#16885),#3363);
#16885 = PRESENTATION_STYLE_ASSIGNMENT((#16886,#16891));
#16886 = SURFACE_STYLE_USAGE(.BOTH.,#16887);
#16887 = SURFACE_SIDE_STYLE('',(#16888));
#16888 = SURFACE_STYLE_FILL_AREA(#16889);
#16889 = FILL_AREA_STYLE('',(#16890));
#16890 = FILL_AREA_STYLE_COLOUR('',#16836);
#16891 = CURVE_STYLE('',#16892,POSITIVE_LENGTH_MEASURE(0.1),#16836);
#16892 = DRAUGHTING_PRE_DEFINED_CURVE_FONT('continuous');
#16893 = STYLED_ITEM('color',(#16894),#3434);
#16894 = PRESENTATION_STYLE_ASSIGNMENT((#16895,#16900));
#16895 = SURFACE_STYLE_USAGE(.BOTH.,#16896);
#16896 = SURFACE_SIDE_STYLE('',(#16897));
#16897 = SURFACE_STYLE_FILL_AREA(#16898);
#16898 = FILL_AREA_STYLE('',(#16899));
#16899 = FILL_AREA_STYLE_COLOUR('',#16836);
#16900 = CURVE_STYLE('',#16901,POSITIVE_LENGTH_MEASURE(0.1),#16836);
#16901 = DRAUGHTING_PRE_DEFINED_CURVE_FONT('continuous');
#16902 = STYLED_ITEM('color',(#16903),#3457);
#16903 = PRESENTATION_STYLE_ASSIGNMENT((#16904,#16909));
#16904 = SURFACE_STYLE_USAGE(.BOTH.,#16905);
#16905 = SURFACE_SIDE_STYLE('',(#16906));
#16906 = SURFACE_STYLE_FILL_AREA(#16907);
#16907 = FILL_AREA_STYLE('',(#16908));
#16908 = FILL_AREA_STYLE_COLOUR('',#16836);
#16909 = CURVE_STYLE('',#16910,POSITIVE_LENGTH_MEASURE(0.1),#16836);
#16910 = DRAUGHTING_PRE_DEFINED_CURVE_FONT('continuous');
#16911 = STYLED_ITEM('color',(#16912),#3480);
#16912 = PRESENTATION_STYLE_ASSIGNMENT((#16913,#16918));
#16913 = SURFACE_STYLE_USAGE(.BOTH.,#16914);
#16914 = SURFACE_SIDE_STYLE('',(#16915));
#16915 = SURFACE_STYLE_FILL_AREA(#16916);
#16916 = FILL_AREA_STYLE('',(#16917));
#16917 = FILL_AREA_STYLE_COLOUR('',#16836);
#16918 = CURVE_STYLE('',#16919,POSITIVE_LENGTH_MEASURE(0.1),#16836);
#16919 = DRAUGHTING_PRE_DEFINED_CURVE_FONT('continuous');
#16920 = STYLED_ITEM('color',(#16921),#3497);
#16921 = PRESENTATION_STYLE_ASSIGNMENT((#16922,#16927));
#16922 = SURFACE_STYLE_USAGE(.BOTH.,#16923);
#16923 = SURFACE_SIDE_STYLE('',(#16924));
#16924 = SURFACE_STYLE_FILL_AREA(#16925);
#16925 = FILL_AREA_STYLE('',(#16926));
#16926 = FILL_AREA_STYLE_COLOUR('',#16836);
#16927 = CURVE_STYLE('',#16928,POSITIVE_LENGTH_MEASURE(0.1),#16836);
#16928 = DRAUGHTING_PRE_DEFINED_CURVE_FONT('continuous');
#16929 = STYLED_ITEM('color',(#16930),#3520);
#16930 = PRESENTATION_STYLE_ASSIGNMENT((#16931,#16936));
#16931 = SURFACE_STYLE_USAGE(.BOTH.,#16932);
#16932 = SURFACE_SIDE_STYLE('',(#16933));
#16933 = SURFACE_STYLE_FILL_AREA(#16934);
#16934 = FILL_AREA_STYLE('',(#16935));
#16935 = FILL_AREA_STYLE_COLOUR('',#16836);
#16936 = CURVE_STYLE('',#16937,POSITIVE_LENGTH_MEASURE(0.1),#16836);
#16937 = DRAUGHTING_PRE_DEFINED_CURVE_FONT('continuous');
#16938 = STYLED_ITEM('color',(#16939),#3608);
#16939 = PRESENTATION_STYLE_ASSIGNMENT((#16940,#16945));
#16940 = SURFACE_STYLE_USAGE(.BOTH.,#16941);
#16941 = SURFACE_SIDE_STYLE('',(#16942));
#16942 = SURFACE_STYLE_FILL_AREA(#16943);
#16943 = FILL_AREA_STYLE('',(#16944));
#16944 = FILL_AREA_STYLE_COLOUR('',#16836);
#16945 = CURVE_STYLE('',#16946,POSITIVE_LENGTH_MEASURE(0.1),#16836);
#16946 = DRAUGHTING_PRE_DEFINED_CURVE_FONT('continuous');
#16947 = STYLED_ITEM('color',(#16948),#3624);
#16948 = PRESENTATION_STYLE_ASSIGNMENT((#16949,#16954));
#16949 = SURFACE_STYLE_USAGE(.BOTH.,#16950);
#16950 = SURFACE_SIDE_STYLE('',(#16951));
#16951 = SURFACE_STYLE_FILL_AREA(#16952);
#16952 = FILL_AREA_STYLE('',(#16953));
#16953 = FILL_AREA_STYLE_COLOUR('',#16836);
#16954 = CURVE_STYLE('',#16955,POSITIVE_LENGTH_MEASURE(0.1),#16836);
#16955 = DRAUGHTING_PRE_DEFINED_CURVE_FONT('continuous');
#16956 = STYLED_ITEM('color',(#16957),#3654);
#16957 = PRESENTATION_STYLE_ASSIGNMENT((#16958,#16963));
#16958 = SURFACE_STYLE_USAGE(.BOTH.,#16959);
#16959 = SURFACE_SIDE_STYLE('',(#16960));
#16960 = SURFACE_STYLE_FILL_AREA(#16961);
#16961 = FILL_AREA_STYLE('',(#16962));
#16962 = FILL_AREA_STYLE_COLOUR('',#14887);
#16963 = CURVE_STYLE('',#16964,POSITIVE_LENGTH_MEASURE(0.1),#14887);
#16964 = DRAUGHTING_PRE_DEFINED_CURVE_FONT('continuous');
#16965 = STYLED_ITEM('color',(#16966),#3687);
#16966 = PRESENTATION_STYLE_ASSIGNMENT((#16967,#16972));
#16967 = SURFACE_STYLE_USAGE(.BOTH.,#16968);
#16968 = SURFACE_SIDE_STYLE('',(#16969));
#16969 = SURFACE_STYLE_FILL_AREA(#16970);
#16970 = FILL_AREA_STYLE('',(#16971));
#16971 = FILL_AREA_STYLE_COLOUR('',#16836);
#16972 = CURVE_STYLE('',#16973,POSITIVE_LENGTH_MEASURE(0.1),#16836);
#16973 = DRAUGHTING_PRE_DEFINED_CURVE_FONT('continuous');
#16974 = STYLED_ITEM('color',(#16975),#3718);
#16975 = PRESENTATION_STYLE_ASSIGNMENT((#16976,#16981));
#16976 = SURFACE_STYLE_USAGE(.BOTH.,#16977);
#16977 = SURFACE_SIDE_STYLE('',(#16978));
#16978 = SURFACE_STYLE_FILL_AREA(#16979);
#16979 = FILL_AREA_STYLE('',(#16980));
#16980 = FILL_AREA_STYLE_COLOUR('',#14887);
#16981 = CURVE_STYLE('',#16982,POSITIVE_LENGTH_MEASURE(0.1),#14887);
#16982 = DRAUGHTING_PRE_DEFINED_CURVE_FONT('continuous');
#16983 = STYLED_ITEM('color',(#16984),#3751);
#16984 = PRESENTATION_STYLE_ASSIGNMENT((#16985,#16990));
#16985 = SURFACE_STYLE_USAGE(.BOTH.,#16986);
#16986 = SURFACE_SIDE_STYLE('',(#16987));
#16987 = SURFACE_STYLE_FILL_AREA(#16988);
#16988 = FILL_AREA_STYLE('',(#16989));
#16989 = FILL_AREA_STYLE_COLOUR('',#16836);
#16990 = CURVE_STYLE('',#16991,POSITIVE_LENGTH_MEASURE(0.1),#16836);
#16991 = DRAUGHTING_PRE_DEFINED_CURVE_FONT('continuous');
#16992 = STYLED_ITEM('color',(#16993),#3782);
#16993 = PRESENTATION_STYLE_ASSIGNMENT((#16994,#16999));
#16994 = SURFACE_STYLE_USAGE(.BOTH.,#16995);
#16995 = SURFACE_SIDE_STYLE('',(#16996));
#16996 = SURFACE_STYLE_FILL_AREA(#16997);
#16997 = FILL_AREA_STYLE('',(#16998));
#16998 = FILL_AREA_STYLE_COLOUR('',#14887);
#16999 = CURVE_STYLE('',#17000,POSITIVE_LENGTH_MEASURE(0.1),#14887);
#17000 = DRAUGHTING_PRE_DEFINED_CURVE_FONT('continuous');
#17001 = STYLED_ITEM('color',(#17002),#3815);
#17002 = PRESENTATION_STYLE_ASSIGNMENT((#17003,#17008));
#17003 = SURFACE_STYLE_USAGE(.BOTH.,#17004);
#17004 = SURFACE_SIDE_STYLE('',(#17005));
#17005 = SURFACE_STYLE_FILL_AREA(#17006);
#17006 = FILL_AREA_STYLE('',(#17007));
#17007 = FILL_AREA_STYLE_COLOUR('',#16836);
#17008 = CURVE_STYLE('',#17009,POSITIVE_LENGTH_MEASURE(0.1),#16836);
#17009 = DRAUGHTING_PRE_DEFINED_CURVE_FONT('continuous');
#17010 = STYLED_ITEM('color',(#17011),#3832);
#17011 = PRESENTATION_STYLE_ASSIGNMENT((#17012,#17017));
#17012 = SURFACE_STYLE_USAGE(.BOTH.,#17013);
#17013 = SURFACE_SIDE_STYLE('',(#17014));
#17014 = SURFACE_STYLE_FILL_AREA(#17015);
#17015 = FILL_AREA_STYLE('',(#17016));
#17016 = FILL_AREA_STYLE_COLOUR('',#16836);
#17017 = CURVE_STYLE('',#17018,POSITIVE_LENGTH_MEASURE(0.1),#16836);
#17018 = DRAUGHTING_PRE_DEFINED_CURVE_FONT('continuous');
#17019 = STYLED_ITEM('color',(#17020),#3849);
#17020 = PRESENTATION_STYLE_ASSIGNMENT((#17021,#17026));
#17021 = SURFACE_STYLE_USAGE(.BOTH.,#17022);
#17022 = SURFACE_SIDE_STYLE('',(#17023));
#17023 = SURFACE_STYLE_FILL_AREA(#17024);
#17024 = FILL_AREA_STYLE('',(#17025));
#17025 = FILL_AREA_STYLE_COLOUR('',#14887);
#17026 = CURVE_STYLE('',#17027,POSITIVE_LENGTH_MEASURE(0.1),#14887);
#17027 = DRAUGHTING_PRE_DEFINED_CURVE_FONT('continuous');
#17028 = STYLED_ITEM('color',(#17029),#3882);
#17029 = PRESENTATION_STYLE_ASSIGNMENT((#17030,#17035));
#17030 = SURFACE_STYLE_USAGE(.BOTH.,#17031);
#17031 = SURFACE_SIDE_STYLE('',(#17032));
#17032 = SURFACE_STYLE_FILL_AREA(#17033);
#17033 = FILL_AREA_STYLE('',(#17034));
#17034 = FILL_AREA_STYLE_COLOUR('',#16836);
#17035 = CURVE_STYLE('',#17036,POSITIVE_LENGTH_MEASURE(0.1),#16836);
#17036 = DRAUGHTING_PRE_DEFINED_CURVE_FONT('continuous');
#17037 = STYLED_ITEM('color',(#17038),#3913);
#17038 = PRESENTATION_STYLE_ASSIGNMENT((#17039,#17044));
#17039 = SURFACE_STYLE_USAGE(.BOTH.,#17040);
#17040 = SURFACE_SIDE_STYLE('',(#17041));
#17041 = SURFACE_STYLE_FILL_AREA(#17042);
#17042 = FILL_AREA_STYLE('',(#17043));
#17043 = FILL_AREA_STYLE_COLOUR('',#14887);
#17044 = CURVE_STYLE('',#17045,POSITIVE_LENGTH_MEASURE(0.1),#14887);
#17045 = DRAUGHTING_PRE_DEFINED_CURVE_FONT('continuous');
#17046 = STYLED_ITEM('color',(#17047),#3946);
#17047 = PRESENTATION_STYLE_ASSIGNMENT((#17048,#17053));
#17048 = SURFACE_STYLE_USAGE(.BOTH.,#17049);
#17049 = SURFACE_SIDE_STYLE('',(#17050));
#17050 = SURFACE_STYLE_FILL_AREA(#17051);
#17051 = FILL_AREA_STYLE('',(#17052));
#17052 = FILL_AREA_STYLE_COLOUR('',#16836);
#17053 = CURVE_STYLE('',#17054,POSITIVE_LENGTH_MEASURE(0.1),#16836);
#17054 = DRAUGHTING_PRE_DEFINED_CURVE_FONT('continuous');
#17055 = STYLED_ITEM('color',(#17056),#3977);
#17056 = PRESENTATION_STYLE_ASSIGNMENT((#17057,#17062));
#17057 = SURFACE_STYLE_USAGE(.BOTH.,#17058);
#17058 = SURFACE_SIDE_STYLE('',(#17059));
#17059 = SURFACE_STYLE_FILL_AREA(#17060);
#17060 = FILL_AREA_STYLE('',(#17061));
#17061 = FILL_AREA_STYLE_COLOUR('',#14887);
#17062 = CURVE_STYLE('',#17063,POSITIVE_LENGTH_MEASURE(0.1),#14887);
#17063 = DRAUGHTING_PRE_DEFINED_CURVE_FONT('continuous');
#17064 = STYLED_ITEM('color',(#17065),#4010);
#17065 = PRESENTATION_STYLE_ASSIGNMENT((#17066,#17071));
#17066 = SURFACE_STYLE_USAGE(.BOTH.,#17067);
#17067 = SURFACE_SIDE_STYLE('',(#17068));
#17068 = SURFACE_STYLE_FILL_AREA(#17069);
#17069 = FILL_AREA_STYLE('',(#17070));
#17070 = FILL_AREA_STYLE_COLOUR('',#16836);
#17071 = CURVE_STYLE('',#17072,POSITIVE_LENGTH_MEASURE(0.1),#16836);
#17072 = DRAUGHTING_PRE_DEFINED_CURVE_FONT('continuous');
#17073 = STYLED_ITEM('color',(#17074),#4040);
#17074 = PRESENTATION_STYLE_ASSIGNMENT((#17075,#17080));
#17075 = SURFACE_STYLE_USAGE(.BOTH.,#17076);
#17076 = SURFACE_SIDE_STYLE('',(#17077));
#17077 = SURFACE_STYLE_FILL_AREA(#17078);
#17078 = FILL_AREA_STYLE('',(#17079));
#17079 = FILL_AREA_STYLE_COLOUR('',#16836);
#17080 = CURVE_STYLE('',#17081,POSITIVE_LENGTH_MEASURE(0.1),#16836);
#17081 = DRAUGHTING_PRE_DEFINED_CURVE_FONT('continuous');
#17082 = STYLED_ITEM('color',(#17083),#4063);
#17083 = PRESENTATION_STYLE_ASSIGNMENT((#17084,#17089));
#17084 = SURFACE_STYLE_USAGE(.BOTH.,#17085);
#17085 = SURFACE_SIDE_STYLE('',(#17086));
#17086 = SURFACE_STYLE_FILL_AREA(#17087);
#17087 = FILL_AREA_STYLE('',(#17088));
#17088 = FILL_AREA_STYLE_COLOUR('',#16836);
#17089 = CURVE_STYLE('',#17090,POSITIVE_LENGTH_MEASURE(0.1),#16836);
#17090 = DRAUGHTING_PRE_DEFINED_CURVE_FONT('continuous');
#17091 = STYLED_ITEM('color',(#17092),#4086);
#17092 = PRESENTATION_STYLE_ASSIGNMENT((#17093,#17098));
#17093 = SURFACE_STYLE_USAGE(.BOTH.,#17094);
#17094 = SURFACE_SIDE_STYLE('',(#17095));
#17095 = SURFACE_STYLE_FILL_AREA(#17096);
#17096 = FILL_AREA_STYLE('',(#17097));
#17097 = FILL_AREA_STYLE_COLOUR('',#16836);
#17098 = CURVE_STYLE('',#17099,POSITIVE_LENGTH_MEASURE(0.1),#16836);
#17099 = DRAUGHTING_PRE_DEFINED_CURVE_FONT('continuous');
#17100 = STYLED_ITEM('color',(#17101),#4103);
#17101 = PRESENTATION_STYLE_ASSIGNMENT((#17102,#17107));
#17102 = SURFACE_STYLE_USAGE(.BOTH.,#17103);
#17103 = SURFACE_SIDE_STYLE('',(#17104));
#17104 = SURFACE_STYLE_FILL_AREA(#17105);
#17105 = FILL_AREA_STYLE('',(#17106));
#17106 = FILL_AREA_STYLE_COLOUR('',#14887);
#17107 = CURVE_STYLE('',#17108,POSITIVE_LENGTH_MEASURE(0.1),#14887);
#17108 = DRAUGHTING_PRE_DEFINED_CURVE_FONT('continuous');
#17109 = STYLED_ITEM('color',(#17110),#4132);
#17110 = PRESENTATION_STYLE_ASSIGNMENT((#17111,#17116));
#17111 = SURFACE_STYLE_USAGE(.BOTH.,#17112);
#17112 = SURFACE_SIDE_STYLE('',(#17113));
#17113 = SURFACE_STYLE_FILL_AREA(#17114);
#17114 = FILL_AREA_STYLE('',(#17115));
#17115 = FILL_AREA_STYLE_COLOUR('',#16836);
#17116 = CURVE_STYLE('',#17117,POSITIVE_LENGTH_MEASURE(0.1),#16836);
#17117 = DRAUGHTING_PRE_DEFINED_CURVE_FONT('continuous');
#17118 = STYLED_ITEM('color',(#17119),#4202);
#17119 = PRESENTATION_STYLE_ASSIGNMENT((#17120,#17125));
#17120 = SURFACE_STYLE_USAGE(.BOTH.,#17121);
#17121 = SURFACE_SIDE_STYLE('',(#17122));
#17122 = SURFACE_STYLE_FILL_AREA(#17123);
#17123 = FILL_AREA_STYLE('',(#17124));
#17124 = FILL_AREA_STYLE_COLOUR('',#16836);
#17125 = CURVE_STYLE('',#17126,POSITIVE_LENGTH_MEASURE(0.1),#16836);
#17126 = DRAUGHTING_PRE_DEFINED_CURVE_FONT('continuous');
#17127 = STYLED_ITEM('color',(#17128),#4225);
#17128 = PRESENTATION_STYLE_ASSIGNMENT((#17129,#17134));
#17129 = SURFACE_STYLE_USAGE(.BOTH.,#17130);
#17130 = SURFACE_SIDE_STYLE('',(#17131));
#17131 = SURFACE_STYLE_FILL_AREA(#17132);
#17132 = FILL_AREA_STYLE('',(#17133));
#17133 = FILL_AREA_STYLE_COLOUR('',#16836);
#17134 = CURVE_STYLE('',#17135,POSITIVE_LENGTH_MEASURE(0.1),#16836);
#17135 = DRAUGHTING_PRE_DEFINED_CURVE_FONT('continuous');
#17136 = STYLED_ITEM('color',(#17137),#4248);
#17137 = PRESENTATION_STYLE_ASSIGNMENT((#17138,#17143));
#17138 = SURFACE_STYLE_USAGE(.BOTH.,#17139);
#17139 = SURFACE_SIDE_STYLE('',(#17140));
#17140 = SURFACE_STYLE_FILL_AREA(#17141);
#17141 = FILL_AREA_STYLE('',(#17142));
#17142 = FILL_AREA_STYLE_COLOUR('',#16836);
#17143 = CURVE_STYLE('',#17144,POSITIVE_LENGTH_MEASURE(0.1),#16836);
#17144 = DRAUGHTING_PRE_DEFINED_CURVE_FONT('continuous');
#17145 = STYLED_ITEM('color',(#17146),#4271);
#17146 = PRESENTATION_STYLE_ASSIGNMENT((#17147,#17152));
#17147 = SURFACE_STYLE_USAGE(.BOTH.,#17148);
#17148 = SURFACE_SIDE_STYLE('',(#17149));
#17149 = SURFACE_STYLE_FILL_AREA(#17150);
#17150 = FILL_AREA_STYLE('',(#17151));
#17151 = FILL_AREA_STYLE_COLOUR('',#16836);
#17152 = CURVE_STYLE('',#17153,POSITIVE_LENGTH_MEASURE(0.1),#16836);
#17153 = DRAUGHTING_PRE_DEFINED_CURVE_FONT('continuous');
#17154 = STYLED_ITEM('color',(#17155),#4342);
#17155 = PRESENTATION_STYLE_ASSIGNMENT((#17156,#17161));
#17156 = SURFACE_STYLE_USAGE(.BOTH.,#17157);
#17157 = SURFACE_SIDE_STYLE('',(#17158));
#17158 = SURFACE_STYLE_FILL_AREA(#17159);
#17159 = FILL_AREA_STYLE('',(#17160));
#17160 = FILL_AREA_STYLE_COLOUR('',#14887);
#17161 = CURVE_STYLE('',#17162,POSITIVE_LENGTH_MEASURE(0.1),#14887);
#17162 = DRAUGHTING_PRE_DEFINED_CURVE_FONT('continuous');
#17163 = STYLED_ITEM('color',(#17164),#4364);
#17164 = PRESENTATION_STYLE_ASSIGNMENT((#17165,#17170));
#17165 = SURFACE_STYLE_USAGE(.BOTH.,#17166);
#17166 = SURFACE_SIDE_STYLE('',(#17167));
#17167 = SURFACE_STYLE_FILL_AREA(#17168);
#17168 = FILL_AREA_STYLE('',(#17169));
#17169 = FILL_AREA_STYLE_COLOUR('',#16836);
#17170 = CURVE_STYLE('',#17171,POSITIVE_LENGTH_MEASURE(0.1),#16836);
#17171 = DRAUGHTING_PRE_DEFINED_CURVE_FONT('continuous');
#17172 = STYLED_ITEM('color',(#17173),#4413);
#17173 = PRESENTATION_STYLE_ASSIGNMENT((#17174,#17179));
#17174 = SURFACE_STYLE_USAGE(.BOTH.,#17175);
#17175 = SURFACE_SIDE_STYLE('',(#17176));
#17176 = SURFACE_STYLE_FILL_AREA(#17177);
#17177 = FILL_AREA_STYLE('',(#17178));
#17178 = FILL_AREA_STYLE_COLOUR('',#14887);
#17179 = CURVE_STYLE('',#17180,POSITIVE_LENGTH_MEASURE(0.1),#14887);
#17180 = DRAUGHTING_PRE_DEFINED_CURVE_FONT('continuous');
#17181 = STYLED_ITEM('color',(#17182),#4488);
#17182 = PRESENTATION_STYLE_ASSIGNMENT((#17183,#17188));
#17183 = SURFACE_STYLE_USAGE(.BOTH.,#17184);
#17184 = SURFACE_SIDE_STYLE('',(#17185));
#17185 = SURFACE_STYLE_FILL_AREA(#17186);
#17186 = FILL_AREA_STYLE('',(#17187));
#17187 = FILL_AREA_STYLE_COLOUR('',#14887);
#17188 = CURVE_STYLE('',#17189,POSITIVE_LENGTH_MEASURE(0.1),#14887);
#17189 = DRAUGHTING_PRE_DEFINED_CURVE_FONT('continuous');
#17190 = STYLED_ITEM('color',(#17191),#4512);
#17191 = PRESENTATION_STYLE_ASSIGNMENT((#17192,#17197));
#17192 = SURFACE_STYLE_USAGE(.BOTH.,#17193);
#17193 = SURFACE_SIDE_STYLE('',(#17194));
#17194 = SURFACE_STYLE_FILL_AREA(#17195);
#17195 = FILL_AREA_STYLE('',(#17196));
#17196 = FILL_AREA_STYLE_COLOUR('',#14887);
#17197 = CURVE_STYLE('',#17198,POSITIVE_LENGTH_MEASURE(0.1),#14887);
#17198 = DRAUGHTING_PRE_DEFINED_CURVE_FONT('continuous');
#17199 = STYLED_ITEM('color',(#17200),#4580);
#17200 = PRESENTATION_STYLE_ASSIGNMENT((#17201,#17206));
#17201 = SURFACE_STYLE_USAGE(.BOTH.,#17202);
#17202 = SURFACE_SIDE_STYLE('',(#17203));
#17203 = SURFACE_STYLE_FILL_AREA(#17204);
#17204 = FILL_AREA_STYLE('',(#17205));
#17205 = FILL_AREA_STYLE_COLOUR('',#16836);
#17206 = CURVE_STYLE('',#17207,POSITIVE_LENGTH_MEASURE(0.1),#16836);
#17207 = DRAUGHTING_PRE_DEFINED_CURVE_FONT('continuous');
#17208 = STYLED_ITEM('color',(#17209),#4602);
#17209 = PRESENTATION_STYLE_ASSIGNMENT((#17210,#17215));
#17210 = SURFACE_STYLE_USAGE(.BOTH.,#17211);
#17211 = SURFACE_SIDE_STYLE('',(#17212));
#17212 = SURFACE_STYLE_FILL_AREA(#17213);
#17213 = FILL_AREA_STYLE('',(#17214));
#17214 = FILL_AREA_STYLE_COLOUR('',#14887);
#17215 = CURVE_STYLE('',#17216,POSITIVE_LENGTH_MEASURE(0.1),#14887);
#17216 = DRAUGHTING_PRE_DEFINED_CURVE_FONT('continuous');
#17217 = STYLED_ITEM('color',(#17218),#4677);
#17218 = PRESENTATION_STYLE_ASSIGNMENT((#17219,#17224));
#17219 = SURFACE_STYLE_USAGE(.BOTH.,#17220);
#17220 = SURFACE_SIDE_STYLE('',(#17221));
#17221 = SURFACE_STYLE_FILL_AREA(#17222);
#17222 = FILL_AREA_STYLE('',(#17223));
#17223 = FILL_AREA_STYLE_COLOUR('',#14887);
#17224 = CURVE_STYLE('',#17225,POSITIVE_LENGTH_MEASURE(0.1),#14887);
#17225 = DRAUGHTING_PRE_DEFINED_CURVE_FONT('continuous');
#17226 = STYLED_ITEM('color',(#17227),#4701);
#17227 = PRESENTATION_STYLE_ASSIGNMENT((#17228,#17233));
#17228 = SURFACE_STYLE_USAGE(.BOTH.,#17229);
#17229 = SURFACE_SIDE_STYLE('',(#17230));
#17230 = SURFACE_STYLE_FILL_AREA(#17231);
#17231 = FILL_AREA_STYLE('',(#17232));
#17232 = FILL_AREA_STYLE_COLOUR('',#14887);
#17233 = CURVE_STYLE('',#17234,POSITIVE_LENGTH_MEASURE(0.1),#14887);
#17234 = DRAUGHTING_PRE_DEFINED_CURVE_FONT('continuous');
#17235 = STYLED_ITEM('color',(#17236),#4769);
#17236 = PRESENTATION_STYLE_ASSIGNMENT((#17237,#17242));
#17237 = SURFACE_STYLE_USAGE(.BOTH.,#17238);
#17238 = SURFACE_SIDE_STYLE('',(#17239));
#17239 = SURFACE_STYLE_FILL_AREA(#17240);
#17240 = FILL_AREA_STYLE('',(#17241));
#17241 = FILL_AREA_STYLE_COLOUR('',#16836);
#17242 = CURVE_STYLE('',#17243,POSITIVE_LENGTH_MEASURE(0.1),#16836);
#17243 = DRAUGHTING_PRE_DEFINED_CURVE_FONT('continuous');
#17244 = STYLED_ITEM('color',(#17245),#4786);
#17245 = PRESENTATION_STYLE_ASSIGNMENT((#17246,#17251));
#17246 = SURFACE_STYLE_USAGE(.BOTH.,#17247);
#17247 = SURFACE_SIDE_STYLE('',(#17248));
#17248 = SURFACE_STYLE_FILL_AREA(#17249);
#17249 = FILL_AREA_STYLE('',(#17250));
#17250 = FILL_AREA_STYLE_COLOUR('',#14887);
#17251 = CURVE_STYLE('',#17252,POSITIVE_LENGTH_MEASURE(0.1),#14887);
#17252 = DRAUGHTING_PRE_DEFINED_CURVE_FONT('continuous');
#17253 = STYLED_ITEM('color',(#17254),#4861);
#17254 = PRESENTATION_STYLE_ASSIGNMENT((#17255,#17260));
#17255 = SURFACE_STYLE_USAGE(.BOTH.,#17256);
#17256 = SURFACE_SIDE_STYLE('',(#17257));
#17257 = SURFACE_STYLE_FILL_AREA(#17258);
#17258 = FILL_AREA_STYLE('',(#17259));
#17259 = FILL_AREA_STYLE_COLOUR('',#14887);
#17260 = CURVE_STYLE('',#17261,POSITIVE_LENGTH_MEASURE(0.1),#14887);
#17261 = DRAUGHTING_PRE_DEFINED_CURVE_FONT('continuous');
#17262 = STYLED_ITEM('color',(#17263),#4885);
#17263 = PRESENTATION_STYLE_ASSIGNMENT((#17264,#17269));
#17264 = SURFACE_STYLE_USAGE(.BOTH.,#17265);
#17265 = SURFACE_SIDE_STYLE('',(#17266));
#17266 = SURFACE_STYLE_FILL_AREA(#17267);
#17267 = FILL_AREA_STYLE('',(#17268));
#17268 = FILL_AREA_STYLE_COLOUR('',#14887);
#17269 = CURVE_STYLE('',#17270,POSITIVE_LENGTH_MEASURE(0.1),#14887);
#17270 = DRAUGHTING_PRE_DEFINED_CURVE_FONT('continuous');
#17271 = STYLED_ITEM('color',(#17272),#4953);
#17272 = PRESENTATION_STYLE_ASSIGNMENT((#17273,#17278));
#17273 = SURFACE_STYLE_USAGE(.BOTH.,#17274);
#17274 = SURFACE_SIDE_STYLE('',(#17275));
#17275 = SURFACE_STYLE_FILL_AREA(#17276);
#17276 = FILL_AREA_STYLE('',(#17277));
#17277 = FILL_AREA_STYLE_COLOUR('',#14887);
#17278 = CURVE_STYLE('',#17279,POSITIVE_LENGTH_MEASURE(0.1),#14887);
#17279 = DRAUGHTING_PRE_DEFINED_CURVE_FONT('continuous');
#17280 = STYLED_ITEM('color',(#17281),#5028);
#17281 = PRESENTATION_STYLE_ASSIGNMENT((#17282,#17287));
#17282 = SURFACE_STYLE_USAGE(.BOTH.,#17283);
#17283 = SURFACE_SIDE_STYLE('',(#17284));
#17284 = SURFACE_STYLE_FILL_AREA(#17285);
#17285 = FILL_AREA_STYLE('',(#17286));
#17286 = FILL_AREA_STYLE_COLOUR('',#14887);
#17287 = CURVE_STYLE('',#17288,POSITIVE_LENGTH_MEASURE(0.1),#14887);
#17288 = DRAUGHTING_PRE_DEFINED_CURVE_FONT('continuous');
#17289 = STYLED_ITEM('color',(#17290),#5052);
#17290 = PRESENTATION_STYLE_ASSIGNMENT((#17291,#17296));
#17291 = SURFACE_STYLE_USAGE(.BOTH.,#17292);
#17292 = SURFACE_SIDE_STYLE('',(#17293));
#17293 = SURFACE_STYLE_FILL_AREA(#17294);
#17294 = FILL_AREA_STYLE('',(#17295));
#17295 = FILL_AREA_STYLE_COLOUR('',#14887);
#17296 = CURVE_STYLE('',#17297,POSITIVE_LENGTH_MEASURE(0.1),#14887);
#17297 = DRAUGHTING_PRE_DEFINED_CURVE_FONT('continuous');
#17298 = STYLED_ITEM('color',(#17299),#5120);
#17299 = PRESENTATION_STYLE_ASSIGNMENT((#17300,#17305));
#17300 = SURFACE_STYLE_USAGE(.BOTH.,#17301);
#17301 = SURFACE_SIDE_STYLE('',(#17302));
#17302 = SURFACE_STYLE_FILL_AREA(#17303);
#17303 = FILL_AREA_STYLE('',(#17304));
#17304 = FILL_AREA_STYLE_COLOUR('',#16836);
#17305 = CURVE_STYLE('',#17306,POSITIVE_LENGTH_MEASURE(0.1),#16836);
#17306 = DRAUGHTING_PRE_DEFINED_CURVE_FONT('continuous');
#17307 = STYLED_ITEM('color',(#17308),#5137);
#17308 = PRESENTATION_STYLE_ASSIGNMENT((#17309,#17314));
#17309 = SURFACE_STYLE_USAGE(.BOTH.,#17310);
#17310 = SURFACE_SIDE_STYLE('',(#17311));
#17311 = SURFACE_STYLE_FILL_AREA(#17312);
#17312 = FILL_AREA_STYLE('',(#17313));
#17313 = FILL_AREA_STYLE_COLOUR('',#14887);
#17314 = CURVE_STYLE('',#17315,POSITIVE_LENGTH_MEASURE(0.1),#14887);
#17315 = DRAUGHTING_PRE_DEFINED_CURVE_FONT('continuous');
#17316 = STYLED_ITEM('color',(#17317),#5212);
#17317 = PRESENTATION_STYLE_ASSIGNMENT((#17318,#17323));
#17318 = SURFACE_STYLE_USAGE(.BOTH.,#17319);
#17319 = SURFACE_SIDE_STYLE('',(#17320));
#17320 = SURFACE_STYLE_FILL_AREA(#17321);
#17321 = FILL_AREA_STYLE('',(#17322));
#17322 = FILL_AREA_STYLE_COLOUR('',#14887);
#17323 = CURVE_STYLE('',#17324,POSITIVE_LENGTH_MEASURE(0.1),#14887);
#17324 = DRAUGHTING_PRE_DEFINED_CURVE_FONT('continuous');
#17325 = STYLED_ITEM('color',(#17326),#5236);
#17326 = PRESENTATION_STYLE_ASSIGNMENT((#17327,#17332));
#17327 = SURFACE_STYLE_USAGE(.BOTH.,#17328);
#17328 = SURFACE_SIDE_STYLE('',(#17329));
#17329 = SURFACE_STYLE_FILL_AREA(#17330);
#17330 = FILL_AREA_STYLE('',(#17331));
#17331 = FILL_AREA_STYLE_COLOUR('',#14887);
#17332 = CURVE_STYLE('',#17333,POSITIVE_LENGTH_MEASURE(0.1),#14887);
#17333 = DRAUGHTING_PRE_DEFINED_CURVE_FONT('continuous');
#17334 = STYLED_ITEM('color',(#17335),#5304);
#17335 = PRESENTATION_STYLE_ASSIGNMENT((#17336,#17341));
#17336 = SURFACE_STYLE_USAGE(.BOTH.,#17337);
#17337 = SURFACE_SIDE_STYLE('',(#17338));
#17338 = SURFACE_STYLE_FILL_AREA(#17339);
#17339 = FILL_AREA_STYLE('',(#17340));
#17340 = FILL_AREA_STYLE_COLOUR('',#16836);
#17341 = CURVE_STYLE('',#17342,POSITIVE_LENGTH_MEASURE(0.1),#16836);
#17342 = DRAUGHTING_PRE_DEFINED_CURVE_FONT('continuous');
#17343 = STYLED_ITEM('color',(#17344),#5326);
#17344 = PRESENTATION_STYLE_ASSIGNMENT((#17345,#17350));
#17345 = SURFACE_STYLE_USAGE(.BOTH.,#17346);
#17346 = SURFACE_SIDE_STYLE('',(#17347));
#17347 = SURFACE_STYLE_FILL_AREA(#17348);
#17348 = FILL_AREA_STYLE('',(#17349));
#17349 = FILL_AREA_STYLE_COLOUR('',#14887);
#17350 = CURVE_STYLE('',#17351,POSITIVE_LENGTH_MEASURE(0.1),#14887);
#17351 = DRAUGHTING_PRE_DEFINED_CURVE_FONT('continuous');
#17352 = STYLED_ITEM('color',(#17353),#5401);
#17353 = PRESENTATION_STYLE_ASSIGNMENT((#17354,#17359));
#17354 = SURFACE_STYLE_USAGE(.BOTH.,#17355);
#17355 = SURFACE_SIDE_STYLE('',(#17356));
#17356 = SURFACE_STYLE_FILL_AREA(#17357);
#17357 = FILL_AREA_STYLE('',(#17358));
#17358 = FILL_AREA_STYLE_COLOUR('',#14887);
#17359 = CURVE_STYLE('',#17360,POSITIVE_LENGTH_MEASURE(0.1),#14887);
#17360 = DRAUGHTING_PRE_DEFINED_CURVE_FONT('continuous');
#17361 = STYLED_ITEM('color',(#17362),#5425);
#17362 = PRESENTATION_STYLE_ASSIGNMENT((#17363,#17368));
#17363 = SURFACE_STYLE_USAGE(.BOTH.,#17364);
#17364 = SURFACE_SIDE_STYLE('',(#17365));
#17365 = SURFACE_STYLE_FILL_AREA(#17366);
#17366 = FILL_AREA_STYLE('',(#17367));
#17367 = FILL_AREA_STYLE_COLOUR('',#14887);
#17368 = CURVE_STYLE('',#17369,POSITIVE_LENGTH_MEASURE(0.1),#14887);
#17369 = DRAUGHTING_PRE_DEFINED_CURVE_FONT('continuous');
#17370 = STYLED_ITEM('color',(#17371),#5493);
#17371 = PRESENTATION_STYLE_ASSIGNMENT((#17372,#17377));
#17372 = SURFACE_STYLE_USAGE(.BOTH.,#17373);
#17373 = SURFACE_SIDE_STYLE('',(#17374));
#17374 = SURFACE_STYLE_FILL_AREA(#17375);
#17375 = FILL_AREA_STYLE('',(#17376));
#17376 = FILL_AREA_STYLE_COLOUR('',#14887);
#17377 = CURVE_STYLE('',#17378,POSITIVE_LENGTH_MEASURE(0.1),#14887);
#17378 = DRAUGHTING_PRE_DEFINED_CURVE_FONT('continuous');
#17379 = STYLED_ITEM('color',(#17380),#5510);
#17380 = PRESENTATION_STYLE_ASSIGNMENT((#17381,#17386));
#17381 = SURFACE_STYLE_USAGE(.BOTH.,#17382);
#17382 = SURFACE_SIDE_STYLE('',(#17383));
#17383 = SURFACE_STYLE_FILL_AREA(#17384);
#17384 = FILL_AREA_STYLE('',(#17385));
#17385 = FILL_AREA_STYLE_COLOUR('',#14887);
#17386 = CURVE_STYLE('',#17387,POSITIVE_LENGTH_MEASURE(0.1),#14887);
#17387 = DRAUGHTING_PRE_DEFINED_CURVE_FONT('continuous');
#17388 = STYLED_ITEM('color',(#17389),#5527);
#17389 = PRESENTATION_STYLE_ASSIGNMENT((#17390,#17395));
#17390 = SURFACE_STYLE_USAGE(.BOTH.,#17391);
#17391 = SURFACE_SIDE_STYLE('',(#17392));
#17392 = SURFACE_STYLE_FILL_AREA(#17393);
#17393 = FILL_AREA_STYLE('',(#17394));
#17394 = FILL_AREA_STYLE_COLOUR('',#14887);
#17395 = CURVE_STYLE('',#17396,POSITIVE_LENGTH_MEASURE(0.1),#14887);
#17396 = DRAUGHTING_PRE_DEFINED_CURVE_FONT('continuous');
#17397 = STYLED_ITEM('color',(#17398),#5544);
#17398 = PRESENTATION_STYLE_ASSIGNMENT((#17399,#17404));
#17399 = SURFACE_STYLE_USAGE(.BOTH.,#17400);
#17400 = SURFACE_SIDE_STYLE('',(#17401));
#17401 = SURFACE_STYLE_FILL_AREA(#17402);
#17402 = FILL_AREA_STYLE('',(#17403));
#17403 = FILL_AREA_STYLE_COLOUR('',#16836);
#17404 = CURVE_STYLE('',#17405,POSITIVE_LENGTH_MEASURE(0.1),#16836);
#17405 = DRAUGHTING_PRE_DEFINED_CURVE_FONT('continuous');
#17406 = STYLED_ITEM('color',(#17407),#5590);
#17407 = PRESENTATION_STYLE_ASSIGNMENT((#17408,#17413));
#17408 = SURFACE_STYLE_USAGE(.BOTH.,#17409);
#17409 = SURFACE_SIDE_STYLE('',(#17410));
#17410 = SURFACE_STYLE_FILL_AREA(#17411);
#17411 = FILL_AREA_STYLE('',(#17412));
#17412 = FILL_AREA_STYLE_COLOUR('',#16836);
#17413 = CURVE_STYLE('',#17414,POSITIVE_LENGTH_MEASURE(0.1),#16836);
#17414 = DRAUGHTING_PRE_DEFINED_CURVE_FONT('continuous');
#17415 = STYLED_ITEM('color',(#17416),#5606);
#17416 = PRESENTATION_STYLE_ASSIGNMENT((#17417,#17422));
#17417 = SURFACE_STYLE_USAGE(.BOTH.,#17418);
#17418 = SURFACE_SIDE_STYLE('',(#17419));
#17419 = SURFACE_STYLE_FILL_AREA(#17420);
#17420 = FILL_AREA_STYLE('',(#17421));
#17421 = FILL_AREA_STYLE_COLOUR('',#14887);
#17422 = CURVE_STYLE('',#17423,POSITIVE_LENGTH_MEASURE(0.1),#14887);
#17423 = DRAUGHTING_PRE_DEFINED_CURVE_FONT('continuous');
#17424 = STYLED_ITEM('color',(#17425),#5623);
#17425 = PRESENTATION_STYLE_ASSIGNMENT((#17426,#17431));
#17426 = SURFACE_STYLE_USAGE(.BOTH.,#17427);
#17427 = SURFACE_SIDE_STYLE('',(#17428));
#17428 = SURFACE_STYLE_FILL_AREA(#17429);
#17429 = FILL_AREA_STYLE('',(#17430));
#17430 = FILL_AREA_STYLE_COLOUR('',#14887);
#17431 = CURVE_STYLE('',#17432,POSITIVE_LENGTH_MEASURE(0.1),#14887);
#17432 = DRAUGHTING_PRE_DEFINED_CURVE_FONT('continuous');
#17433 = STYLED_ITEM('color',(#17434),#5640);
#17434 = PRESENTATION_STYLE_ASSIGNMENT((#17435,#17440));
#17435 = SURFACE_STYLE_USAGE(.BOTH.,#17436);
#17436 = SURFACE_SIDE_STYLE('',(#17437));
#17437 = SURFACE_STYLE_FILL_AREA(#17438);
#17438 = FILL_AREA_STYLE('',(#17439));
#17439 = FILL_AREA_STYLE_COLOUR('',#16836);
#17440 = CURVE_STYLE('',#17441,POSITIVE_LENGTH_MEASURE(0.1),#16836);
#17441 = DRAUGHTING_PRE_DEFINED_CURVE_FONT('continuous');
#17442 = STYLED_ITEM('color',(#17443),#5656);
#17443 = PRESENTATION_STYLE_ASSIGNMENT((#17444,#17449));
#17444 = SURFACE_STYLE_USAGE(.BOTH.,#17445);
#17445 = SURFACE_SIDE_STYLE('',(#17446));
#17446 = SURFACE_STYLE_FILL_AREA(#17447);
#17447 = FILL_AREA_STYLE('',(#17448));
#17448 = FILL_AREA_STYLE_COLOUR('',#14887);
#17449 = CURVE_STYLE('',#17450,POSITIVE_LENGTH_MEASURE(0.1),#14887);
#17450 = DRAUGHTING_PRE_DEFINED_CURVE_FONT('continuous');
#17451 = STYLED_ITEM('color',(#17452),#5673);
#17452 = PRESENTATION_STYLE_ASSIGNMENT((#17453,#17458));
#17453 = SURFACE_STYLE_USAGE(.BOTH.,#17454);
#17454 = SURFACE_SIDE_STYLE('',(#17455));
#17455 = SURFACE_STYLE_FILL_AREA(#17456);
#17456 = FILL_AREA_STYLE('',(#17457));
#17457 = FILL_AREA_STYLE_COLOUR('',#16836);
#17458 = CURVE_STYLE('',#17459,POSITIVE_LENGTH_MEASURE(0.1),#16836);
#17459 = DRAUGHTING_PRE_DEFINED_CURVE_FONT('continuous');
#17460 = STYLED_ITEM('color',(#17461),#5685);
#17461 = PRESENTATION_STYLE_ASSIGNMENT((#17462,#17467));
#17462 = SURFACE_STYLE_USAGE(.BOTH.,#17463);
#17463 = SURFACE_SIDE_STYLE('',(#17464));
#17464 = SURFACE_STYLE_FILL_AREA(#17465);
#17465 = FILL_AREA_STYLE('',(#17466));
#17466 = FILL_AREA_STYLE_COLOUR('',#14887);
#17467 = CURVE_STYLE('',#17468,POSITIVE_LENGTH_MEASURE(0.1),#14887);
#17468 = DRAUGHTING_PRE_DEFINED_CURVE_FONT('continuous');
#17469 = STYLED_ITEM('color',(#17470),#5702);
#17470 = PRESENTATION_STYLE_ASSIGNMENT((#17471,#17476));
#17471 = SURFACE_STYLE_USAGE(.BOTH.,#17472);
#17472 = SURFACE_SIDE_STYLE('',(#17473));
#17473 = SURFACE_STYLE_FILL_AREA(#17474);
#17474 = FILL_AREA_STYLE('',(#17475));
#17475 = FILL_AREA_STYLE_COLOUR('',#14887);
#17476 = CURVE_STYLE('',#17477,POSITIVE_LENGTH_MEASURE(0.1),#14887);
#17477 = DRAUGHTING_PRE_DEFINED_CURVE_FONT('continuous');
#17478 = STYLED_ITEM('color',(#17479),#5719);
#17479 = PRESENTATION_STYLE_ASSIGNMENT((#17480,#17485));
#17480 = SURFACE_STYLE_USAGE(.BOTH.,#17481);
#17481 = SURFACE_SIDE_STYLE('',(#17482));
#17482 = SURFACE_STYLE_FILL_AREA(#17483);
#17483 = FILL_AREA_STYLE('',(#17484));
#17484 = FILL_AREA_STYLE_COLOUR('',#14887);
#17485 = CURVE_STYLE('',#17486,POSITIVE_LENGTH_MEASURE(0.1),#14887);
#17486 = DRAUGHTING_PRE_DEFINED_CURVE_FONT('continuous');
#17487 = STYLED_ITEM('color',(#17488),#5736);
#17488 = PRESENTATION_STYLE_ASSIGNMENT((#17489,#17494));
#17489 = SURFACE_STYLE_USAGE(.BOTH.,#17490);
#17490 = SURFACE_SIDE_STYLE('',(#17491));
#17491 = SURFACE_STYLE_FILL_AREA(#17492);
#17492 = FILL_AREA_STYLE('',(#17493));
#17493 = FILL_AREA_STYLE_COLOUR('',#14887);
#17494 = CURVE_STYLE('',#17495,POSITIVE_LENGTH_MEASURE(0.1),#14887);
#17495 = DRAUGHTING_PRE_DEFINED_CURVE_FONT('continuous');
#17496 = STYLED_ITEM('color',(#17497),#5753);
#17497 = PRESENTATION_STYLE_ASSIGNMENT((#17498,#17503));
#17498 = SURFACE_STYLE_USAGE(.BOTH.,#17499);
#17499 = SURFACE_SIDE_STYLE('',(#17500));
#17500 = SURFACE_STYLE_FILL_AREA(#17501);
#17501 = FILL_AREA_STYLE('',(#17502));
#17502 = FILL_AREA_STYLE_COLOUR('',#14887);
#17503 = CURVE_STYLE('',#17504,POSITIVE_LENGTH_MEASURE(0.1),#14887);
#17504 = DRAUGHTING_PRE_DEFINED_CURVE_FONT('continuous');
#17505 = STYLED_ITEM('color',(#17506),#5770);
#17506 = PRESENTATION_STYLE_ASSIGNMENT((#17507,#17512));
#17507 = SURFACE_STYLE_USAGE(.BOTH.,#17508);
#17508 = SURFACE_SIDE_STYLE('',(#17509));
#17509 = SURFACE_STYLE_FILL_AREA(#17510);
#17510 = FILL_AREA_STYLE('',(#17511));
#17511 = FILL_AREA_STYLE_COLOUR('',#14887);
#17512 = CURVE_STYLE('',#17513,POSITIVE_LENGTH_MEASURE(0.1),#14887);
#17513 = DRAUGHTING_PRE_DEFINED_CURVE_FONT('continuous');
#17514 = STYLED_ITEM('color',(#17515),#5787);
#17515 = PRESENTATION_STYLE_ASSIGNMENT((#17516,#17521));
#17516 = SURFACE_STYLE_USAGE(.BOTH.,#17517);
#17517 = SURFACE_SIDE_STYLE('',(#17518));
#17518 = SURFACE_STYLE_FILL_AREA(#17519);
#17519 = FILL_AREA_STYLE('',(#17520));
#17520 = FILL_AREA_STYLE_COLOUR('',#14887);
#17521 = CURVE_STYLE('',#17522,POSITIVE_LENGTH_MEASURE(0.1),#14887);
#17522 = DRAUGHTING_PRE_DEFINED_CURVE_FONT('continuous');
#17523 = STYLED_ITEM('color',(#17524),#5799);
#17524 = PRESENTATION_STYLE_ASSIGNMENT((#17525,#17530));
#17525 = SURFACE_STYLE_USAGE(.BOTH.,#17526);
#17526 = SURFACE_SIDE_STYLE('',(#17527));
#17527 = SURFACE_STYLE_FILL_AREA(#17528);
#17528 = FILL_AREA_STYLE('',(#17529));
#17529 = FILL_AREA_STYLE_COLOUR('',#14887);
#17530 = CURVE_STYLE('',#17531,POSITIVE_LENGTH_MEASURE(0.1),#14887);
#17531 = DRAUGHTING_PRE_DEFINED_CURVE_FONT('continuous');
#17532 = STYLED_ITEM('color',(#17533),#5816);
#17533 = PRESENTATION_STYLE_ASSIGNMENT((#17534,#17539));
#17534 = SURFACE_STYLE_USAGE(.BOTH.,#17535);
#17535 = SURFACE_SIDE_STYLE('',(#17536));
#17536 = SURFACE_STYLE_FILL_AREA(#17537);
#17537 = FILL_AREA_STYLE('',(#17538));
#17538 = FILL_AREA_STYLE_COLOUR('',#14887);
#17539 = CURVE_STYLE('',#17540,POSITIVE_LENGTH_MEASURE(0.1),#14887);
#17540 = DRAUGHTING_PRE_DEFINED_CURVE_FONT('continuous');
#17541 = STYLED_ITEM('color',(#17542),#5833);
#17542 = PRESENTATION_STYLE_ASSIGNMENT((#17543,#17548));
#17543 = SURFACE_STYLE_USAGE(.BOTH.,#17544);
#17544 = SURFACE_SIDE_STYLE('',(#17545));
#17545 = SURFACE_STYLE_FILL_AREA(#17546);
#17546 = FILL_AREA_STYLE('',(#17547));
#17547 = FILL_AREA_STYLE_COLOUR('',#14887);
#17548 = CURVE_STYLE('',#17549,POSITIVE_LENGTH_MEASURE(0.1),#14887);
#17549 = DRAUGHTING_PRE_DEFINED_CURVE_FONT('continuous');
#17550 = STYLED_ITEM('color',(#17551),#5850);
#17551 = PRESENTATION_STYLE_ASSIGNMENT((#17552,#17557));
#17552 = SURFACE_STYLE_USAGE(.BOTH.,#17553);
#17553 = SURFACE_SIDE_STYLE('',(#17554));
#17554 = SURFACE_STYLE_FILL_AREA(#17555);
#17555 = FILL_AREA_STYLE('',(#17556));
#17556 = FILL_AREA_STYLE_COLOUR('',#14887);
#17557 = CURVE_STYLE('',#17558,POSITIVE_LENGTH_MEASURE(0.1),#14887);
#17558 = DRAUGHTING_PRE_DEFINED_CURVE_FONT('continuous');
#17559 = STYLED_ITEM('color',(#17560),#5867);
#17560 = PRESENTATION_STYLE_ASSIGNMENT((#17561,#17566));
#17561 = SURFACE_STYLE_USAGE(.BOTH.,#17562);
#17562 = SURFACE_SIDE_STYLE('',(#17563));
#17563 = SURFACE_STYLE_FILL_AREA(#17564);
#17564 = FILL_AREA_STYLE('',(#17565));
#17565 = FILL_AREA_STYLE_COLOUR('',#14887);
#17566 = CURVE_STYLE('',#17567,POSITIVE_LENGTH_MEASURE(0.1),#14887);
#17567 = DRAUGHTING_PRE_DEFINED_CURVE_FONT('continuous');
#17568 = STYLED_ITEM('color',(#17569),#5884);
#17569 = PRESENTATION_STYLE_ASSIGNMENT((#17570,#17575));
#17570 = SURFACE_STYLE_USAGE(.BOTH.,#17571);
#17571 = SURFACE_SIDE_STYLE('',(#17572));
#17572 = SURFACE_STYLE_FILL_AREA(#17573);
#17573 = FILL_AREA_STYLE('',(#17574));
#17574 = FILL_AREA_STYLE_COLOUR('',#14887);
#17575 = CURVE_STYLE('',#17576,POSITIVE_LENGTH_MEASURE(0.1),#14887);
#17576 = DRAUGHTING_PRE_DEFINED_CURVE_FONT('continuous');
#17577 = STYLED_ITEM('color',(#17578),#5901);
#17578 = PRESENTATION_STYLE_ASSIGNMENT((#17579,#17584));
#17579 = SURFACE_STYLE_USAGE(.BOTH.,#17580);
#17580 = SURFACE_SIDE_STYLE('',(#17581));
#17581 = SURFACE_STYLE_FILL_AREA(#17582);
#17582 = FILL_AREA_STYLE('',(#17583));
#17583 = FILL_AREA_STYLE_COLOUR('',#14887);
#17584 = CURVE_STYLE('',#17585,POSITIVE_LENGTH_MEASURE(0.1),#14887);
#17585 = DRAUGHTING_PRE_DEFINED_CURVE_FONT('continuous');
#17586 = STYLED_ITEM('color',(#17587),#5913);
#17587 = PRESENTATION_STYLE_ASSIGNMENT((#17588,#17593));
#17588 = SURFACE_STYLE_USAGE(.BOTH.,#17589);
#17589 = SURFACE_SIDE_STYLE('',(#17590));
#17590 = SURFACE_STYLE_FILL_AREA(#17591);
#17591 = FILL_AREA_STYLE('',(#17592));
#17592 = FILL_AREA_STYLE_COLOUR('',#14887);
#17593 = CURVE_STYLE('',#17594,POSITIVE_LENGTH_MEASURE(0.1),#14887);
#17594 = DRAUGHTING_PRE_DEFINED_CURVE_FONT('continuous');
#17595 = STYLED_ITEM('color',(#17596),#5930);
#17596 = PRESENTATION_STYLE_ASSIGNMENT((#17597,#17602));
#17597 = SURFACE_STYLE_USAGE(.BOTH.,#17598);
#17598 = SURFACE_SIDE_STYLE('',(#17599));
#17599 = SURFACE_STYLE_FILL_AREA(#17600);
#17600 = FILL_AREA_STYLE('',(#17601));
#17601 = FILL_AREA_STYLE_COLOUR('',#14887);
#17602 = CURVE_STYLE('',#17603,POSITIVE_LENGTH_MEASURE(0.1),#14887);
#17603 = DRAUGHTING_PRE_DEFINED_CURVE_FONT('continuous');
#17604 = STYLED_ITEM('color',(#17605),#5947);
#17605 = PRESENTATION_STYLE_ASSIGNMENT((#17606,#17611));
#17606 = SURFACE_STYLE_USAGE(.BOTH.,#17607);
#17607 = SURFACE_SIDE_STYLE('',(#17608));
#17608 = SURFACE_STYLE_FILL_AREA(#17609);
#17609 = FILL_AREA_STYLE('',(#17610));
#17610 = FILL_AREA_STYLE_COLOUR('',#14887);
#17611 = CURVE_STYLE('',#17612,POSITIVE_LENGTH_MEASURE(0.1),#14887);
#17612 = DRAUGHTING_PRE_DEFINED_CURVE_FONT('continuous');
#17613 = STYLED_ITEM('color',(#17614),#5964);
#17614 = PRESENTATION_STYLE_ASSIGNMENT((#17615,#17620));
#17615 = SURFACE_STYLE_USAGE(.BOTH.,#17616);
#17616 = SURFACE_SIDE_STYLE('',(#17617));
#17617 = SURFACE_STYLE_FILL_AREA(#17618);
#17618 = FILL_AREA_STYLE('',(#17619));
#17619 = FILL_AREA_STYLE_COLOUR('',#14887);
#17620 = CURVE_STYLE('',#17621,POSITIVE_LENGTH_MEASURE(0.1),#14887);
#17621 = DRAUGHTING_PRE_DEFINED_CURVE_FONT('continuous');
#17622 = STYLED_ITEM('color',(#17623),#5981);
#17623 = PRESENTATION_STYLE_ASSIGNMENT((#17624,#17629));
#17624 = SURFACE_STYLE_USAGE(.BOTH.,#17625);
#17625 = SURFACE_SIDE_STYLE('',(#17626));
#17626 = SURFACE_STYLE_FILL_AREA(#17627);
#17627 = FILL_AREA_STYLE('',(#17628));
#17628 = FILL_AREA_STYLE_COLOUR('',#14887);
#17629 = CURVE_STYLE('',#17630,POSITIVE_LENGTH_MEASURE(0.1),#14887);
#17630 = DRAUGHTING_PRE_DEFINED_CURVE_FONT('continuous');
#17631 = STYLED_ITEM('color',(#17632),#5998);
#17632 = PRESENTATION_STYLE_ASSIGNMENT((#17633,#17638));
#17633 = SURFACE_STYLE_USAGE(.BOTH.,#17634);
#17634 = SURFACE_SIDE_STYLE('',(#17635));
#17635 = SURFACE_STYLE_FILL_AREA(#17636);
#17636 = FILL_AREA_STYLE('',(#17637));
#17637 = FILL_AREA_STYLE_COLOUR('',#14887);
#17638 = CURVE_STYLE('',#17639,POSITIVE_LENGTH_MEASURE(0.1),#14887);
#17639 = DRAUGHTING_PRE_DEFINED_CURVE_FONT('continuous');
#17640 = STYLED_ITEM('color',(#17641),#6010);
#17641 = PRESENTATION_STYLE_ASSIGNMENT((#17642,#17647));
#17642 = SURFACE_STYLE_USAGE(.BOTH.,#17643);
#17643 = SURFACE_SIDE_STYLE('',(#17644));
#17644 = SURFACE_STYLE_FILL_AREA(#17645);
#17645 = FILL_AREA_STYLE('',(#17646));
#17646 = FILL_AREA_STYLE_COLOUR('',#14887);
#17647 = CURVE_STYLE('',#17648,POSITIVE_LENGTH_MEASURE(0.1),#14887);
#17648 = DRAUGHTING_PRE_DEFINED_CURVE_FONT('continuous');
#17649 = STYLED_ITEM('color',(#17650),#6027);
#17650 = PRESENTATION_STYLE_ASSIGNMENT((#17651,#17656));
#17651 = SURFACE_STYLE_USAGE(.BOTH.,#17652);
#17652 = SURFACE_SIDE_STYLE('',(#17653));
#17653 = SURFACE_STYLE_FILL_AREA(#17654);
#17654 = FILL_AREA_STYLE('',(#17655));
#17655 = FILL_AREA_STYLE_COLOUR('',#14887);
#17656 = CURVE_STYLE('',#17657,POSITIVE_LENGTH_MEASURE(0.1),#14887);
#17657 = DRAUGHTING_PRE_DEFINED_CURVE_FONT('continuous');
#17658 = STYLED_ITEM('color',(#17659),#6044);
#17659 = PRESENTATION_STYLE_ASSIGNMENT((#17660,#17665));
#17660 = SURFACE_STYLE_USAGE(.BOTH.,#17661);
#17661 = SURFACE_SIDE_STYLE('',(#17662));
#17662 = SURFACE_STYLE_FILL_AREA(#17663);
#17663 = FILL_AREA_STYLE('',(#17664));
#17664 = FILL_AREA_STYLE_COLOUR('',#14887);
#17665 = CURVE_STYLE('',#17666,POSITIVE_LENGTH_MEASURE(0.1),#14887);
#17666 = DRAUGHTING_PRE_DEFINED_CURVE_FONT('continuous');
#17667 = STYLED_ITEM('color',(#17668),#6061);
#17668 = PRESENTATION_STYLE_ASSIGNMENT((#17669,#17674));
#17669 = SURFACE_STYLE_USAGE(.BOTH.,#17670);
#17670 = SURFACE_SIDE_STYLE('',(#17671));
#17671 = SURFACE_STYLE_FILL_AREA(#17672);
#17672 = FILL_AREA_STYLE('',(#17673));
#17673 = FILL_AREA_STYLE_COLOUR('',#14887);
#17674 = CURVE_STYLE('',#17675,POSITIVE_LENGTH_MEASURE(0.1),#14887);
#17675 = DRAUGHTING_PRE_DEFINED_CURVE_FONT('continuous');
#17676 = STYLED_ITEM('color',(#17677),#6078);
#17677 = PRESENTATION_STYLE_ASSIGNMENT((#17678,#17683));
#17678 = SURFACE_STYLE_USAGE(.BOTH.,#17679);
#17679 = SURFACE_SIDE_STYLE('',(#17680));
#17680 = SURFACE_STYLE_FILL_AREA(#17681);
#17681 = FILL_AREA_STYLE('',(#17682));
#17682 = FILL_AREA_STYLE_COLOUR('',#14887);
#17683 = CURVE_STYLE('',#17684,POSITIVE_LENGTH_MEASURE(0.1),#14887);
#17684 = DRAUGHTING_PRE_DEFINED_CURVE_FONT('continuous');
#17685 = STYLED_ITEM('color',(#17686),#6095);
#17686 = PRESENTATION_STYLE_ASSIGNMENT((#17687,#17692));
#17687 = SURFACE_STYLE_USAGE(.BOTH.,#17688);
#17688 = SURFACE_SIDE_STYLE('',(#17689));
#17689 = SURFACE_STYLE_FILL_AREA(#17690);
#17690 = FILL_AREA_STYLE('',(#17691));
#17691 = FILL_AREA_STYLE_COLOUR('',#14887);
#17692 = CURVE_STYLE('',#17693,POSITIVE_LENGTH_MEASURE(0.1),#14887);
#17693 = DRAUGHTING_PRE_DEFINED_CURVE_FONT('continuous');
#17694 = STYLED_ITEM('color',(#17695),#6107);
#17695 = PRESENTATION_STYLE_ASSIGNMENT((#17696,#17701));
#17696 = SURFACE_STYLE_USAGE(.BOTH.,#17697);
#17697 = SURFACE_SIDE_STYLE('',(#17698));
#17698 = SURFACE_STYLE_FILL_AREA(#17699);
#17699 = FILL_AREA_STYLE('',(#17700));
#17700 = FILL_AREA_STYLE_COLOUR('',#14887);
#17701 = CURVE_STYLE('',#17702,POSITIVE_LENGTH_MEASURE(0.1),#14887);
#17702 = DRAUGHTING_PRE_DEFINED_CURVE_FONT('continuous');
#17703 = STYLED_ITEM('color',(#17704),#6124);
#17704 = PRESENTATION_STYLE_ASSIGNMENT((#17705,#17710));
#17705 = SURFACE_STYLE_USAGE(.BOTH.,#17706);
#17706 = SURFACE_SIDE_STYLE('',(#17707));
#17707 = SURFACE_STYLE_FILL_AREA(#17708);
#17708 = FILL_AREA_STYLE('',(#17709));
#17709 = FILL_AREA_STYLE_COLOUR('',#14887);
#17710 = CURVE_STYLE('',#17711,POSITIVE_LENGTH_MEASURE(0.1),#14887);
#17711 = DRAUGHTING_PRE_DEFINED_CURVE_FONT('continuous');
#17712 = STYLED_ITEM('color',(#17713),#6141);
#17713 = PRESENTATION_STYLE_ASSIGNMENT((#17714,#17719));
#17714 = SURFACE_STYLE_USAGE(.BOTH.,#17715);
#17715 = SURFACE_SIDE_STYLE('',(#17716));
#17716 = SURFACE_STYLE_FILL_AREA(#17717);
#17717 = FILL_AREA_STYLE('',(#17718));
#17718 = FILL_AREA_STYLE_COLOUR('',#14887);
#17719 = CURVE_STYLE('',#17720,POSITIVE_LENGTH_MEASURE(0.1),#14887);
#17720 = DRAUGHTING_PRE_DEFINED_CURVE_FONT('continuous');
#17721 = STYLED_ITEM('color',(#17722),#6158);
#17722 = PRESENTATION_STYLE_ASSIGNMENT((#17723,#17728));
#17723 = SURFACE_STYLE_USAGE(.BOTH.,#17724);
#17724 = SURFACE_SIDE_STYLE('',(#17725));
#17725 = SURFACE_STYLE_FILL_AREA(#17726);
#17726 = FILL_AREA_STYLE('',(#17727));
#17727 = FILL_AREA_STYLE_COLOUR('',#14887);
#17728 = CURVE_STYLE('',#17729,POSITIVE_LENGTH_MEASURE(0.1),#14887);
#17729 = DRAUGHTING_PRE_DEFINED_CURVE_FONT('continuous');
#17730 = STYLED_ITEM('color',(#17731),#6175);
#17731 = PRESENTATION_STYLE_ASSIGNMENT((#17732,#17737));
#17732 = SURFACE_STYLE_USAGE(.BOTH.,#17733);
#17733 = SURFACE_SIDE_STYLE('',(#17734));
#17734 = SURFACE_STYLE_FILL_AREA(#17735);
#17735 = FILL_AREA_STYLE('',(#17736));
#17736 = FILL_AREA_STYLE_COLOUR('',#14887);
#17737 = CURVE_STYLE('',#17738,POSITIVE_LENGTH_MEASURE(0.1),#14887);
#17738 = DRAUGHTING_PRE_DEFINED_CURVE_FONT('continuous');
#17739 = STYLED_ITEM('color',(#17740),#6192);
#17740 = PRESENTATION_STYLE_ASSIGNMENT((#17741,#17746));
#17741 = SURFACE_STYLE_USAGE(.BOTH.,#17742);
#17742 = SURFACE_SIDE_STYLE('',(#17743));
#17743 = SURFACE_STYLE_FILL_AREA(#17744);
#17744 = FILL_AREA_STYLE('',(#17745));
#17745 = FILL_AREA_STYLE_COLOUR('',#14887);
#17746 = CURVE_STYLE('',#17747,POSITIVE_LENGTH_MEASURE(0.1),#14887);
#17747 = DRAUGHTING_PRE_DEFINED_CURVE_FONT('continuous');
#17748 = STYLED_ITEM('color',(#17749),#6209);
#17749 = PRESENTATION_STYLE_ASSIGNMENT((#17750,#17755));
#17750 = SURFACE_STYLE_USAGE(.BOTH.,#17751);
#17751 = SURFACE_SIDE_STYLE('',(#17752));
#17752 = SURFACE_STYLE_FILL_AREA(#17753);
#17753 = FILL_AREA_STYLE('',(#17754));
#17754 = FILL_AREA_STYLE_COLOUR('',#14887);
#17755 = CURVE_STYLE('',#17756,POSITIVE_LENGTH_MEASURE(0.1),#14887);
#17756 = DRAUGHTING_PRE_DEFINED_CURVE_FONT('continuous');
#17757 = STYLED_ITEM('color',(#17758),#6221);
#17758 = PRESENTATION_STYLE_ASSIGNMENT((#17759,#17764));
#17759 = SURFACE_STYLE_USAGE(.BOTH.,#17760);
#17760 = SURFACE_SIDE_STYLE('',(#17761));
#17761 = SURFACE_STYLE_FILL_AREA(#17762);
#17762 = FILL_AREA_STYLE('',(#17763));
#17763 = FILL_AREA_STYLE_COLOUR('',#14887);
#17764 = CURVE_STYLE('',#17765,POSITIVE_LENGTH_MEASURE(0.1),#14887);
#17765 = DRAUGHTING_PRE_DEFINED_CURVE_FONT('continuous');
#17766 = STYLED_ITEM('color',(#17767),#6238);
#17767 = PRESENTATION_STYLE_ASSIGNMENT((#17768,#17773));
#17768 = SURFACE_STYLE_USAGE(.BOTH.,#17769);
#17769 = SURFACE_SIDE_STYLE('',(#17770));
#17770 = SURFACE_STYLE_FILL_AREA(#17771);
#17771 = FILL_AREA_STYLE('',(#17772));
#17772 = FILL_AREA_STYLE_COLOUR('',#14887);
#17773 = CURVE_STYLE('',#17774,POSITIVE_LENGTH_MEASURE(0.1),#14887);
#17774 = DRAUGHTING_PRE_DEFINED_CURVE_FONT('continuous');
#17775 = STYLED_ITEM('color',(#17776),#6255);
#17776 = PRESENTATION_STYLE_ASSIGNMENT((#17777,#17782));
#17777 = SURFACE_STYLE_USAGE(.BOTH.,#17778);
#17778 = SURFACE_SIDE_STYLE('',(#17779));
#17779 = SURFACE_STYLE_FILL_AREA(#17780);
#17780 = FILL_AREA_STYLE('',(#17781));
#17781 = FILL_AREA_STYLE_COLOUR('',#14887);
#17782 = CURVE_STYLE('',#17783,POSITIVE_LENGTH_MEASURE(0.1),#14887);
#17783 = DRAUGHTING_PRE_DEFINED_CURVE_FONT('continuous');
#17784 = STYLED_ITEM('color',(#17785),#6272);
#17785 = PRESENTATION_STYLE_ASSIGNMENT((#17786,#17791));
#17786 = SURFACE_STYLE_USAGE(.BOTH.,#17787);
#17787 = SURFACE_SIDE_STYLE('',(#17788));
#17788 = SURFACE_STYLE_FILL_AREA(#17789);
#17789 = FILL_AREA_STYLE('',(#17790));
#17790 = FILL_AREA_STYLE_COLOUR('',#14887);
#17791 = CURVE_STYLE('',#17792,POSITIVE_LENGTH_MEASURE(0.1),#14887);
#17792 = DRAUGHTING_PRE_DEFINED_CURVE_FONT('continuous');
#17793 = STYLED_ITEM('color',(#17794),#6289);
#17794 = PRESENTATION_STYLE_ASSIGNMENT((#17795,#17800));
#17795 = SURFACE_STYLE_USAGE(.BOTH.,#17796);
#17796 = SURFACE_SIDE_STYLE('',(#17797));
#17797 = SURFACE_STYLE_FILL_AREA(#17798);
#17798 = FILL_AREA_STYLE('',(#17799));
#17799 = FILL_AREA_STYLE_COLOUR('',#14887);
#17800 = CURVE_STYLE('',#17801,POSITIVE_LENGTH_MEASURE(0.1),#14887);
#17801 = DRAUGHTING_PRE_DEFINED_CURVE_FONT('continuous');
#17802 = STYLED_ITEM('color',(#17803),#6306);
#17803 = PRESENTATION_STYLE_ASSIGNMENT((#17804,#17809));
#17804 = SURFACE_STYLE_USAGE(.BOTH.,#17805);
#17805 = SURFACE_SIDE_STYLE('',(#17806));
#17806 = SURFACE_STYLE_FILL_AREA(#17807);
#17807 = FILL_AREA_STYLE('',(#17808));
#17808 = FILL_AREA_STYLE_COLOUR('',#14887);
#17809 = CURVE_STYLE('',#17810,POSITIVE_LENGTH_MEASURE(0.1),#14887);
#17810 = DRAUGHTING_PRE_DEFINED_CURVE_FONT('continuous');
#17811 = STYLED_ITEM('color',(#17812),#6323);
#17812 = PRESENTATION_STYLE_ASSIGNMENT((#17813,#17818));
#17813 = SURFACE_STYLE_USAGE(.BOTH.,#17814);
#17814 = SURFACE_SIDE_STYLE('',(#17815));
#17815 = SURFACE_STYLE_FILL_AREA(#17816);
#17816 = FILL_AREA_STYLE('',(#17817));
#17817 = FILL_AREA_STYLE_COLOUR('',#14887);
#17818 = CURVE_STYLE('',#17819,POSITIVE_LENGTH_MEASURE(0.1),#14887);
#17819 = DRAUGHTING_PRE_DEFINED_CURVE_FONT('continuous');
#17820 = STYLED_ITEM('color',(#17821),#6335);
#17821 = PRESENTATION_STYLE_ASSIGNMENT((#17822,#17828));
#17822 = SURFACE_STYLE_USAGE(.BOTH.,#17823);
#17823 = SURFACE_SIDE_STYLE('',(#17824));
#17824 = SURFACE_STYLE_FILL_AREA(#17825);
#17825 = FILL_AREA_STYLE('',(#17826));
#17826 = FILL_AREA_STYLE_COLOUR('',#17827);
#17827 = COLOUR_RGB('',0.690999998585,0.664000007176,0.597999987832);
#17828 = CURVE_STYLE('',#17829,POSITIVE_LENGTH_MEASURE(0.1),#17827);
#17829 = DRAUGHTING_PRE_DEFINED_CURVE_FONT('continuous');
#17830 = MECHANICAL_DESIGN_GEOMETRIC_PRESENTATION_REPRESENTATION('',(
    #17831,#17838,#17845,#17852,#17859,#17866,#17873,#17880,#17887,
    #17894,#17901,#17908,#17915,#17922,#17930,#17937,#17944,#17951,
    #17958,#17965,#17972,#17979,#17986,#17993,#18000,#18007),#1789);
#17831 = STYLED_ITEM('color',(#17832),#1001);
#17832 = PRESENTATION_STYLE_ASSIGNMENT((#17833));
#17833 = SURFACE_STYLE_USAGE(.BOTH.,#17834);
#17834 = SURFACE_SIDE_STYLE('',(#17835));
#17835 = SURFACE_STYLE_FILL_AREA(#17836);
#17836 = FILL_AREA_STYLE('',(#17837));
#17837 = FILL_AREA_STYLE_COLOUR('',#14887);
#17838 = STYLED_ITEM('color',(#17839),#1041);
#17839 = PRESENTATION_STYLE_ASSIGNMENT((#17840));
#17840 = SURFACE_STYLE_USAGE(.BOTH.,#17841);
#17841 = SURFACE_SIDE_STYLE('',(#17842));
#17842 = SURFACE_STYLE_FILL_AREA(#17843);
#17843 = FILL_AREA_STYLE('',(#17844));
#17844 = FILL_AREA_STYLE_COLOUR('',#14887);
#17845 = STYLED_ITEM('color',(#17846),#1124);
#17846 = PRESENTATION_STYLE_ASSIGNMENT((#17847));
#17847 = SURFACE_STYLE_USAGE(.BOTH.,#17848);
#17848 = SURFACE_SIDE_STYLE('',(#17849));
#17849 = SURFACE_STYLE_FILL_AREA(#17850);
#17850 = FILL_AREA_STYLE('',(#17851));
#17851 = FILL_AREA_STYLE_COLOUR('',#14887);
#17852 = STYLED_ITEM('color',(#17853),#1149);
#17853 = PRESENTATION_STYLE_ASSIGNMENT((#17854));
#17854 = SURFACE_STYLE_USAGE(.BOTH.,#17855);
#17855 = SURFACE_SIDE_STYLE('',(#17856));
#17856 = SURFACE_STYLE_FILL_AREA(#17857);
#17857 = FILL_AREA_STYLE('',(#17858));
#17858 = FILL_AREA_STYLE_COLOUR('',#14887);
#17859 = STYLED_ITEM('color',(#17860),#1174);
#17860 = PRESENTATION_STYLE_ASSIGNMENT((#17861));
#17861 = SURFACE_STYLE_USAGE(.BOTH.,#17862);
#17862 = SURFACE_SIDE_STYLE('',(#17863));
#17863 = SURFACE_STYLE_FILL_AREA(#17864);
#17864 = FILL_AREA_STYLE('',(#17865));
#17865 = FILL_AREA_STYLE_COLOUR('',#14887);
#17866 = STYLED_ITEM('color',(#17867),#1241);
#17867 = PRESENTATION_STYLE_ASSIGNMENT((#17868));
#17868 = SURFACE_STYLE_USAGE(.BOTH.,#17869);
#17869 = SURFACE_SIDE_STYLE('',(#17870));
#17870 = SURFACE_STYLE_FILL_AREA(#17871);
#17871 = FILL_AREA_STYLE('',(#17872));
#17872 = FILL_AREA_STYLE_COLOUR('',#14887);
#17873 = STYLED_ITEM('color',(#17874),#1258);
#17874 = PRESENTATION_STYLE_ASSIGNMENT((#17875));
#17875 = SURFACE_STYLE_USAGE(.BOTH.,#17876);
#17876 = SURFACE_SIDE_STYLE('',(#17877));
#17877 = SURFACE_STYLE_FILL_AREA(#17878);
#17878 = FILL_AREA_STYLE('',(#17879));
#17879 = FILL_AREA_STYLE_COLOUR('',#14887);
#17880 = STYLED_ITEM('color',(#17881),#1275);
#17881 = PRESENTATION_STYLE_ASSIGNMENT((#17882));
#17882 = SURFACE_STYLE_USAGE(.BOTH.,#17883);
#17883 = SURFACE_SIDE_STYLE('',(#17884));
#17884 = SURFACE_STYLE_FILL_AREA(#17885);
#17885 = FILL_AREA_STYLE('',(#17886));
#17886 = FILL_AREA_STYLE_COLOUR('',#16482);
#17887 = STYLED_ITEM('color',(#17888),#1324);
#17888 = PRESENTATION_STYLE_ASSIGNMENT((#17889));
#17889 = SURFACE_STYLE_USAGE(.BOTH.,#17890);
#17890 = SURFACE_SIDE_STYLE('',(#17891));
#17891 = SURFACE_STYLE_FILL_AREA(#17892);
#17892 = FILL_AREA_STYLE('',(#17893));
#17893 = FILL_AREA_STYLE_COLOUR('',#14887);
#17894 = STYLED_ITEM('color',(#17895),#1341);
#17895 = PRESENTATION_STYLE_ASSIGNMENT((#17896));
#17896 = SURFACE_STYLE_USAGE(.BOTH.,#17897);
#17897 = SURFACE_SIDE_STYLE('',(#17898));
#17898 = SURFACE_STYLE_FILL_AREA(#17899);
#17899 = FILL_AREA_STYLE('',(#17900));
#17900 = FILL_AREA_STYLE_COLOUR('',#14887);
#17901 = STYLED_ITEM('color',(#17902),#1358);
#17902 = PRESENTATION_STYLE_ASSIGNMENT((#17903));
#17903 = SURFACE_STYLE_USAGE(.BOTH.,#17904);
#17904 = SURFACE_SIDE_STYLE('',(#17905));
#17905 = SURFACE_STYLE_FILL_AREA(#17906);
#17906 = FILL_AREA_STYLE('',(#17907));
#17907 = FILL_AREA_STYLE_COLOUR('',#16482);
#17908 = STYLED_ITEM('color',(#17909),#1407);
#17909 = PRESENTATION_STYLE_ASSIGNMENT((#17910));
#17910 = SURFACE_STYLE_USAGE(.BOTH.,#17911);
#17911 = SURFACE_SIDE_STYLE('',(#17912));
#17912 = SURFACE_STYLE_FILL_AREA(#17913);
#17913 = FILL_AREA_STYLE('',(#17914));
#17914 = FILL_AREA_STYLE_COLOUR('',#16482);
#17915 = STYLED_ITEM('color',(#17916),#1424);
#17916 = PRESENTATION_STYLE_ASSIGNMENT((#17917));
#17917 = SURFACE_STYLE_USAGE(.BOTH.,#17918);
#17918 = SURFACE_SIDE_STYLE('',(#17919));
#17919 = SURFACE_STYLE_FILL_AREA(#17920);
#17920 = FILL_AREA_STYLE('',(#17921));
#17921 = FILL_AREA_STYLE_COLOUR('',#14887);
#17922 = STYLED_ITEM('color',(#17923),#1493);
#17923 = PRESENTATION_STYLE_ASSIGNMENT((#17924));
#17924 = SURFACE_STYLE_USAGE(.BOTH.,#17925);
#17925 = SURFACE_SIDE_STYLE('',(#17926));
#17926 = SURFACE_STYLE_FILL_AREA(#17927);
#17927 = FILL_AREA_STYLE('',(#17928));
#17928 = FILL_AREA_STYLE_COLOUR('',#17929);
#17929 = COLOUR_RGB('',8.200000279077E-02,8.600000121357E-02,
  9.399999706163E-02);
#17930 = STYLED_ITEM('color',(#17931),#1524);
#17931 = PRESENTATION_STYLE_ASSIGNMENT((#17932));
#17932 = SURFACE_STYLE_USAGE(.BOTH.,#17933);
#17933 = SURFACE_SIDE_STYLE('',(#17934));
#17934 = SURFACE_STYLE_FILL_AREA(#17935);
#17935 = FILL_AREA_STYLE('',(#17936));
#17936 = FILL_AREA_STYLE_COLOUR('',#17929);
#17937 = STYLED_ITEM('color',(#17938),#1548);
#17938 = PRESENTATION_STYLE_ASSIGNMENT((#17939));
#17939 = SURFACE_STYLE_USAGE(.BOTH.,#17940);
#17940 = SURFACE_SIDE_STYLE('',(#17941));
#17941 = SURFACE_STYLE_FILL_AREA(#17942);
#17942 = FILL_AREA_STYLE('',(#17943));
#17943 = FILL_AREA_STYLE_COLOUR('',#14887);
#17944 = STYLED_ITEM('color',(#17945),#1617);
#17945 = PRESENTATION_STYLE_ASSIGNMENT((#17946));
#17946 = SURFACE_STYLE_USAGE(.BOTH.,#17947);
#17947 = SURFACE_SIDE_STYLE('',(#17948));
#17948 = SURFACE_STYLE_FILL_AREA(#17949);
#17949 = FILL_AREA_STYLE('',(#17950));
#17950 = FILL_AREA_STYLE_COLOUR('',#17929);
#17951 = STYLED_ITEM('color',(#17952),#1641);
#17952 = PRESENTATION_STYLE_ASSIGNMENT((#17953));
#17953 = SURFACE_STYLE_USAGE(.BOTH.,#17954);
#17954 = SURFACE_SIDE_STYLE('',(#17955));
#17955 = SURFACE_STYLE_FILL_AREA(#17956);
#17956 = FILL_AREA_STYLE('',(#17957));
#17957 = FILL_AREA_STYLE_COLOUR('',#14887);
#17958 = STYLED_ITEM('color',(#17959),#1658);
#17959 = PRESENTATION_STYLE_ASSIGNMENT((#17960));
#17960 = SURFACE_STYLE_USAGE(.BOTH.,#17961);
#17961 = SURFACE_SIDE_STYLE('',(#17962));
#17962 = SURFACE_STYLE_FILL_AREA(#17963);
#17963 = FILL_AREA_STYLE('',(#17964));
#17964 = FILL_AREA_STYLE_COLOUR('',#14887);
#17965 = STYLED_ITEM('color',(#17966),#1675);
#17966 = PRESENTATION_STYLE_ASSIGNMENT((#17967));
#17967 = SURFACE_STYLE_USAGE(.BOTH.,#17968);
#17968 = SURFACE_SIDE_STYLE('',(#17969));
#17969 = SURFACE_STYLE_FILL_AREA(#17970);
#17970 = FILL_AREA_STYLE('',(#17971));
#17971 = FILL_AREA_STYLE_COLOUR('',#14887);
#17972 = STYLED_ITEM('color',(#17973),#1692);
#17973 = PRESENTATION_STYLE_ASSIGNMENT((#17974));
#17974 = SURFACE_STYLE_USAGE(.BOTH.,#17975);
#17975 = SURFACE_SIDE_STYLE('',(#17976));
#17976 = SURFACE_STYLE_FILL_AREA(#17977);
#17977 = FILL_AREA_STYLE('',(#17978));
#17978 = FILL_AREA_STYLE_COLOUR('',#14887);
#17979 = STYLED_ITEM('color',(#17980),#1709);
#17980 = PRESENTATION_STYLE_ASSIGNMENT((#17981));
#17981 = SURFACE_STYLE_USAGE(.BOTH.,#17982);
#17982 = SURFACE_SIDE_STYLE('',(#17983));
#17983 = SURFACE_STYLE_FILL_AREA(#17984);
#17984 = FILL_AREA_STYLE('',(#17985));
#17985 = FILL_AREA_STYLE_COLOUR('',#14887);
#17986 = STYLED_ITEM('color',(#17987),#1726);
#17987 = PRESENTATION_STYLE_ASSIGNMENT((#17988));
#17988 = SURFACE_STYLE_USAGE(.BOTH.,#17989);
#17989 = SURFACE_SIDE_STYLE('',(#17990));
#17990 = SURFACE_STYLE_FILL_AREA(#17991);
#17991 = FILL_AREA_STYLE('',(#17992));
#17992 = FILL_AREA_STYLE_COLOUR('',#14887);
#17993 = STYLED_ITEM('color',(#17994),#1743);
#17994 = PRESENTATION_STYLE_ASSIGNMENT((#17995));
#17995 = SURFACE_STYLE_USAGE(.BOTH.,#17996);
#17996 = SURFACE_SIDE_STYLE('',(#17997));
#17997 = SURFACE_STYLE_FILL_AREA(#17998);
#17998 = FILL_AREA_STYLE('',(#17999));
#17999 = FILL_AREA_STYLE_COLOUR('',#14887);
#18000 = STYLED_ITEM('color',(#18001),#1760);
#18001 = PRESENTATION_STYLE_ASSIGNMENT((#18002));
#18002 = SURFACE_STYLE_USAGE(.BOTH.,#18003);
#18003 = SURFACE_SIDE_STYLE('',(#18004));
#18004 = SURFACE_STYLE_FILL_AREA(#18005);
#18005 = FILL_AREA_STYLE('',(#18006));
#18006 = FILL_AREA_STYLE_COLOUR('',#17929);
#18007 = STYLED_ITEM('color',(#18008),#1777);
#18008 = PRESENTATION_STYLE_ASSIGNMENT((#18009));
#18009 = SURFACE_STYLE_USAGE(.BOTH.,#18010);
#18010 = SURFACE_SIDE_STYLE('',(#18011));
#18011 = SURFACE_STYLE_FILL_AREA(#18012);
#18012 = FILL_AREA_STYLE('',(#18013));
#18013 = FILL_AREA_STYLE_COLOUR('',#17929);
#18014 = MECHANICAL_DESIGN_GEOMETRIC_PRESENTATION_REPRESENTATION('',(
    #18015),#14832);
#18015 = STYLED_ITEM('color',(#18016),#13124);
#18016 = PRESENTATION_STYLE_ASSIGNMENT((#18017));
#18017 = SURFACE_STYLE_USAGE(.BOTH.,#18018);
#18018 = SURFACE_SIDE_STYLE('',(#18019));
#18019 = SURFACE_STYLE_FILL_AREA(#18020);
#18020 = FILL_AREA_STYLE('',(#18021));
#18021 = FILL_AREA_STYLE_COLOUR('',#18022);
#18022 = COLOUR_RGB('',0.313304153717,0.484529207832,0.410020903123);
ENDSEC;
END-ISO-10303-21;
