ISO-10303-21;
HEADER;
FILE_DESCRIPTION (( 'STEP AP203' ),
    '1' );
FILE_NAME ('90258A214_Phillips Oval Head Screws.STEP',
    '2021-09-09T02:42:45',
    ( 'Administrator' ),
    ( 'Managed by Terraform' ),
    'SwSTEP 2.0',
    'SolidWorks 2017',
    '' );
FILE_SCHEMA (( 'CONFIG_CONTROL_DESIGN' ));
ENDSEC;

DATA;
#1 = ADVANCED_FACE ( 'NONE', ( #86 ), #3555, .F. ) ;
#2 = CYLINDRICAL_SURFACE ( 'NONE', #2146, 2.000000000000000400 ) ;
#3 = CARTESIAN_POINT ( 'NONE',  ( 1.338300807568874500, -0.7726683315065842100, -5.495833333333328200 ) ) ;
#4 = CARTESIAN_POINT ( 'NONE',  ( 1.732050807568878300, 0.9999999999999986700, -0.8291666666666650500 ) ) ;
#5 = CARTESIAN_POINT ( 'NONE',  ( -2.449293598294707400E-016, -2.000000000000000400, -1.062499999999998700 ) ) ;
#6 = CARTESIAN_POINT ( 'NONE',  ( 0.4032230514764826300, -2.166447380368659900, 2.093834416674297900 ) ) ;
#7 = CARTESIAN_POINT ( 'NONE',  ( -1.892491597964127200E-016, -1.545336663013167100, -0.7124999999999952500 ) ) ;
#8 = CARTESIAN_POINT ( 'NONE',  ( -2.449293598294707400E-016, -2.000000000000000400, -4.649999999999998600 ) ) ;
#9 = CARTESIAN_POINT ( 'NONE',  ( -2.353151076758504900, 1.642526603321196600E-016, -4.059375000000000200 ) ) ;
#10 = AXIS2_PLACEMENT_3D ( 'NONE', #2302, #2850, #2578 ) ;
#11 = CIRCLE ( 'NONE', #3716, 2.107807916659752300 ) ;
#12 = CARTESIAN_POINT ( 'NONE',  ( -1.732050807568877600, 1.000000000000000400, -0.5958333333333323300 ) ) ;
#13 = CARTESIAN_POINT ( 'NONE',  ( -1.732050807568877600, 1.000000000000000400, -4.095833333333332300 ) ) ;
#14 = CARTESIAN_POINT ( 'NONE',  ( 1.764863307568878200, -1.018944305707786300, -3.811458333333331600 ) ) ;
#15 = CARTESIAN_POINT ( 'NONE',  ( -1.650665194268495300, 0.3348718104150095700, 1.312576156383338200 ) ) ;
#16 = CARTESIAN_POINT ( 'NONE',  ( 0.8922005383792508400, 1.545336663013166600, -5.320833333333328400 ) ) ;
#17 = CARTESIAN_POINT ( 'NONE',  ( 1.831748601090726500, -0.1067916866872846700, -0.09713999045180211900 ) ) ;
#18 = DATE_AND_TIME ( #3707, #2466 ) ;
#19 = CARTESIAN_POINT ( 'NONE',  ( -2.309401076758503800, 1.615737454589847600E-016, -1.237499999999998500 ) ) ;
#20 =( BOUNDED_CURVE ( )  B_SPLINE_CURVE ( 2, ( #2879, #1491, #44, #22, #1154, #31, #1754 ),
 .UNSPECIFIED., .F., .T. ) 
 B_SPLINE_CURVE_WITH_KNOTS ( ( 3, 2, 2, 3 ),
 ( 0.4240648519000864700, 0.4344815185667531000, 0.4448981852334198400, 0.4553148519000864700 ),
 .UNSPECIFIED. ) 
 CURVE ( )  GEOMETRIC_REPRESENTATION_ITEM ( )  RATIONAL_B_SPLINE_CURVE ( ( 1.000000000000000000, 0.8660254037844387100, 1.000000000000000000, 0.8660254037844387100, 1.000000000000000000, 0.8660254037844387100, 1.000000000000000000 ) ) 
 REPRESENTATION_ITEM ( '' )  );
#21 = VECTOR ( 'NONE', #2243, 1000.000000000000100 ) ;
#22 = CARTESIAN_POINT ( 'NONE',  ( -2.309401076758503800, 1.615737454589847600E-016, -2.024999999999999000 ) ) ;
#23 = CARTESIAN_POINT ( 'NONE',  ( -1.338300807568874900, 0.7726683315065837600, 0.4541666666666721600 ) ) ;
#24 = DIRECTION ( 'NONE',  ( 0.0000000000000000000, -1.000000000000000000, 0.0000000000000000000 ) ) ;
#25 = CARTESIAN_POINT ( 'NONE',  ( -1.176575538379252000, 2.037888611415570800, -5.576041666666665900 ) ) ;
#26 = DIRECTION ( 'NONE',  ( -0.0000000000000000000, -0.0000000000000000000, -1.000000000000000000 ) ) ;
#27 = CARTESIAN_POINT ( 'NONE',  ( -1.764863307568878700, -1.018944305707784900, -4.744791666666665200 ) ) ;
#28 = CARTESIAN_POINT ( 'NONE',  ( 0.0000000000000000000, 2.000000000000000400, -3.512499999999998800 ) ) ;
#29 = CARTESIAN_POINT ( 'NONE',  ( -0.8922005383792498400, 1.545336663013167100, -5.904166666666661500 ) ) ;
#30 = CARTESIAN_POINT ( 'NONE',  ( 1.154700538379251200, -2.000000000000000900, -1.004166666666664900 ) ) ;
#31 = CARTESIAN_POINT ( 'NONE',  ( -1.154700538379251500, 2.000000000000000400, -2.141666666666665700 ) ) ;
#32 = CARTESIAN_POINT ( 'NONE',  ( 0.0000000000000000000, 1.545336663013166900, -6.049999999999996300 ) ) ;
#33 = CARTESIAN_POINT ( 'NONE',  ( 1.784401076758499900, -3.076254464281109500E-016, 1.562500000000004900 ) ) ;
#34 = CARTESIAN_POINT ( 'NONE',  ( -1.176575538379252000, 2.037888611415570800, -6.976041666666665400 ) ) ;
#35 = DIRECTION ( 'NONE',  ( 1.000000000000000000, 0.0000000000000000000, 0.0000000000000000000 ) ) ;
#36 = EDGE_LOOP ( 'NONE', ( #523, #3331, #522, #1564 ) ) ;
#37 = CARTESIAN_POINT ( 'NONE',  ( -1.176575538379252000, 2.037888611415570800, -4.219791666666664800 ) ) ;
#38 = CARTESIAN_POINT ( 'NONE',  ( -1.154700538379252600, -2.000000000000000000, -6.020833333333331300 ) ) ;
#39 = DIRECTION ( 'NONE',  ( 1.043458559472539600E-014, -0.9961946980917455500, -0.08715574274765836000 ) ) ;
#40 = EDGE_LOOP ( 'NONE', ( #2866, #931, #829, #3733, #1745, #3366, #2013, #1601, #2225, #163, #2670, #892, #1337 ) ) ;
#41 = CARTESIAN_POINT ( 'NONE',  ( -1.892491597964127200E-016, -1.545336663013167100, -6.312499999999995600 ) ) ;
#42 = VERTEX_POINT ( 'NONE', #245 ) ;
#43 = CARTESIAN_POINT ( 'NONE',  ( -0.08489937388466870000, -1.573148410888784300, -7.701851589111211800 ) ) ;
#44 = CARTESIAN_POINT ( 'NONE',  ( -1.732050807568877900, -0.9999999999999997800, -1.966666666666665200 ) ) ;
#45 = CARTESIAN_POINT ( 'NONE',  ( 1.784401076758499900, -3.076254464281109500E-016, -4.824999999999996600 ) ) ;
#46 = DIRECTION ( 'NONE',  ( 0.3812272063696536800, 0.9203638919632243200, -0.08715574274765836000 ) ) ;
#47 = VERTEX_POINT ( 'NONE', #3708 ) ;
#48 = CARTESIAN_POINT ( 'NONE',  ( 1.176575538379253500, 2.037888611415570300, -3.592708333333332100 ) ) ;
#49 = ORIENTED_EDGE ( 'NONE', *, *, #1334, .T. ) ;
#50 = EDGE_CURVE ( 'NONE', #2773, #85, #747, .T. ) ;
#51 = ORIENTED_EDGE ( 'NONE', *, *, #1494, .F. ) ;
#52 = CARTESIAN_POINT ( 'NONE',  ( -1.545336663013166600, 2.297071240417368500E-013, -0.2625000000000009000 ) ) ;
#53 = CARTESIAN_POINT ( 'NONE',  ( -1.764863307568878700, -1.018944305707784900, -6.144791666666664700 ) ) ;
#54 = CARTESIAN_POINT ( 'NONE',  ( -0.1395303491872657800, -0.3368560613705572900, -4.363149274280720700 ) ) ;
#55 = LINE ( 'NONE', #215, #2600 ) ;
#56 = CARTESIAN_POINT ( 'NONE',  ( -0.2506926357690401100, -1.524866749727282100, -7.729663336986830800 ) ) ;
#57 = CARTESIAN_POINT ( 'NONE',  ( -2.449293598294707400E-016, -2.000000000000000400, -6.049999999999998900 ) ) ;
#58 = CARTESIAN_POINT ( 'NONE',  ( -1.338300807568874700, 0.7726683315065836500, -1.733333333333329000 ) ) ;
#59 = CARTESIAN_POINT ( 'NONE',  ( 1.764863307568878200, -1.018944305707786300, -3.067708333333333000 ) ) ;
#60 = CARTESIAN_POINT ( 'NONE',  ( -0.2506926357690401100, -1.524866749727282100, -7.729663336986830800 ) ) ;
#61 = CARTESIAN_POINT ( 'NONE',  ( 1.764863307568878200, -1.018944305707786300, -3.111458333333332300 ) ) ;
#62 = CARTESIAN_POINT ( 'NONE',  ( -0.6034951918157710500, -0.6034951918157798200, 0.4819823870704101300 ) ) ;
#63 = APPROVAL_PERSON_ORGANIZATION ( #1127, #2751, #3356 ) ;
#64 = CARTESIAN_POINT ( 'NONE',  ( -2.449293598294707400E-016, -2.000000000000000400, -1.849999999999999200 ) ) ;
#65 = APPROVAL ( #167, 'UNSPECIFIED' ) ;
#66 = CARTESIAN_POINT ( 'NONE',  ( 0.8922005383792494000, -1.545336663013167300, -1.441666666666662200 ) ) ;
#67 = CARTESIAN_POINT ( 'NONE',  ( 1.732050807568878300, 0.9999999999999986700, -5.029166666666664100 ) ) ;
#68 = EDGE_CURVE ( 'NONE', #1752, #919, #1104, .T. ) ;
#69 = CARTESIAN_POINT ( 'NONE',  ( 1.764863307568878200, -1.018944305707786300, -0.9677083333333326200 ) ) ;
#70 = CARTESIAN_POINT ( 'NONE',  ( 0.8922005383792509500, 1.545336663013166600, -7.420833333333329000 ) ) ;
#71 = CARTESIAN_POINT ( 'NONE',  ( 1.176575538379253500, 2.037888611415570300, -2.236458333333331900 ) ) ;
#72 = CARTESIAN_POINT ( 'NONE',  ( 0.0000000000000000000, 2.000000000000000400, -6.312499999999998200 ) ) ;
#73 = CARTESIAN_POINT ( 'NONE',  ( -1.338300807568874700, 0.7726683315065836500, -8.033333333333329700 ) ) ;
#74 = EDGE_CURVE ( 'NONE', #2007, #654, #1522, .T. ) ;
#75 = CARTESIAN_POINT ( 'NONE',  ( 0.0000000000000000000, 2.000000000000000400, -4.212499999999998600 ) ) ;
#76 = CARTESIAN_POINT ( 'NONE',  ( -1.784401076758499900, 1.294267669813665100E-016, -3.074999999999996200 ) ) ;
#77 = CARTESIAN_POINT ( 'NONE',  ( -2.353151076758504900, 1.642526603321196800E-016, -3.359374999999999100 ) ) ;
#78 = ORIENTED_EDGE ( 'NONE', *, *, #1383, .T. ) ;
#79 = ORIENTED_EDGE ( 'NONE', *, *, #2551, .T. ) ;
#80 = DIRECTION ( 'NONE',  ( -0.0000000000000000000, -2.585091490897066400E-018, 1.000000000000000000 ) ) ;
#81 = ORIENTED_EDGE ( 'NONE', *, *, #1195, .F. ) ;
#82 = CARTESIAN_POINT ( 'NONE',  ( -1.764863307568878400, 1.018944305707785600, -0.6614583333333315900 ) ) ;
#83 = CARTESIAN_POINT ( 'NONE',  ( -1.892491597964127000E-016, -1.545336663013166900, -4.999999999999995600 ) ) ;
#84 =( BOUNDED_CURVE ( )  B_SPLINE_CURVE ( 2, ( #2891, #249, #1747, #3142, #1397, #2556, #2841 ),
 .UNSPECIFIED., .F., .T. ) 
 B_SPLINE_CURVE_WITH_KNOTS ( ( 3, 2, 2, 3 ),
 ( 0.3124999999999999400, 0.3229166666666666300, 0.3333333333333332600, 0.3437499999999999400 ),
 .UNSPECIFIED. ) 
 CURVE ( )  GEOMETRIC_REPRESENTATION_ITEM ( )  RATIONAL_B_SPLINE_CURVE ( ( 1.000000000000000700, 0.8660254037844380400, 1.000000000000000000, 0.8660254037844387100, 1.000000000000000000, 0.8660254037844393700, 0.9999999999999993300 ) ) 
 REPRESENTATION_ITEM ( '' )  );
#85 = VERTEX_POINT ( 'NONE', #2248 ) ;
#86 = FACE_OUTER_BOUND ( 'NONE', #40, .T. ) ;
#87 = ORIENTED_EDGE ( 'NONE', *, *, #708, .T. ) ;
#88 = ORIENTED_EDGE ( 'NONE', *, *, #3633, .F. ) ;
#89 = VECTOR ( 'NONE', #3498, 1000.000000000000100 ) ;
#90 = CARTESIAN_POINT ( 'NONE',  ( -0.8922005383792497300, 1.545336663013166900, -3.191666666666662000 ) ) ;
#91 = DIRECTION ( 'NONE',  ( 0.9961946980917455500, 1.021297346059892600E-014, -0.08715574274765836000 ) ) ;
#92 = CARTESIAN_POINT ( 'NONE',  ( 1.176575538379251800, -2.037888611415571200, -2.426041666666666000 ) ) ;
#93 = CIRCLE ( 'NONE', #2988, 3.750000000000000000 ) ;
#94 = EDGE_CURVE ( 'NONE', #3595, #2724, #1398, .T. ) ;
#95 = CARTESIAN_POINT ( 'NONE',  ( 0.7844737670695697300, 0.7844737670695697300, 3.184731455726980800 ) ) ;
#96 = CARTESIAN_POINT ( 'NONE',  ( -1.176575538379252000, 2.037888611415570800, 0.6802083333333347500 ) ) ;
#97 = CARTESIAN_POINT ( 'NONE',  ( 0.8922005383792494000, -1.545336663013167300, -4.941666666666662000 ) ) ;
#98 = CARTESIAN_POINT ( 'NONE',  ( 1.338300807568874500, -0.7726683315065840900, -4.883333333333329300 ) ) ;
#99 = LINE ( 'NONE', #2817, #486 ) ;
#100 = CALENDAR_DATE ( 2021, 8, 9 ) ;
#101 = CARTESIAN_POINT ( 'NONE',  ( 1.784401076758499900, -3.076254464281109500E-016, -0.6249999999999962300 ) ) ;
#102 = CARTESIAN_POINT ( 'NONE',  ( -2.495693764988923200E-016, -2.037888611415570800, 0.3156249999999999300 ) ) ;
#103 = DIRECTION ( 'NONE',  ( -0.0000000000000000000, -2.585091490897066400E-018, 1.000000000000000000 ) ) ;
#104 = VECTOR ( 'NONE', #358, 1000.000000000000200 ) ;
#105 = CARTESIAN_POINT ( 'NONE',  ( -1.338300807568875200, -0.7726683315065832100, -3.629166666666661500 ) ) ;
#106 = CARTESIAN_POINT ( 'NONE',  ( -1.176575538379252000, 2.037888611415570800, -0.7197916666666655000 ) ) ;
#107 = CARTESIAN_POINT ( 'NONE',  ( -1.338300807568874700, 0.7726683315065836500, -4.533333333333329700 ) ) ;
#108 = CARTESIAN_POINT ( 'NONE',  ( -0.8922005383792497300, 1.545336663013166900, -4.591666666666662300 ) ) ;
#109 = CARTESIAN_POINT ( 'NONE',  ( -3.507994618009354300E-017, -0.1576919807739840000, -4.317453739353333700 ) ) ;
#110 = CARTESIAN_POINT ( 'NONE',  ( 1.338300807568874500, -0.7726683315065840900, -0.6833333333333292400 ) ) ;
#111 = EDGE_CURVE ( 'NONE', #1374, #701, #1161, .T. ) ;
#112 = CARTESIAN_POINT ( 'NONE',  ( -2.212853199339738000, 0.4190865195806601800, 2.275154686808579900 ) ) ;
#113 = CARTESIAN_POINT ( 'NONE',  ( 0.8922005383792495100, -1.545336663013167700, -6.954166666666661300 ) ) ;
#114 = CARTESIAN_POINT ( 'NONE',  ( 1.764863307568878200, -1.018944305707786300, 0.3885416666666672300 ) ) ;
#115 = CARTESIAN_POINT ( 'NONE',  ( 0.8922005383792507300, 1.545336663013166400, -5.408333333333328800 ) ) ;
#116 = CARTESIAN_POINT ( 'NONE',  ( -1.338300807568874900, -0.7726683315065832100, -6.516666666666662200 ) ) ;
#117 = ORIENTED_EDGE ( 'NONE', *, *, #1118, .F. ) ;
#118 = VERTEX_POINT ( 'NONE', #2849 ) ;
#119 = CARTESIAN_POINT ( 'NONE',  ( 0.0000000000000000000, 2.000000000000000400, -5.612499999999998900 ) ) ;
#120 = VERTEX_POINT ( 'NONE', #852 ) ;
#121 = VERTEX_POINT ( 'NONE', #798 ) ;
#122 = CARTESIAN_POINT ( 'NONE',  ( -1.892491597964127200E-016, -1.545336663013167100, -4.912499999999995200 ) ) ;
#123 = CARTESIAN_POINT ( 'NONE',  ( 1.784401076758499900, -3.076254464281110000E-016, -6.837499999999994100 ) ) ;
#124 = CARTESIAN_POINT ( 'NONE',  ( -0.8922005383792502900, -1.545336663013166400, -5.758333333333328400 ) ) ;
#125 = ORIENTED_EDGE ( 'NONE', *, *, #2097, .T. ) ;
#126 = CARTESIAN_POINT ( 'NONE',  ( -1.892491597964127000E-016, -1.545336663013166900, -4.299999999999995400 ) ) ;
#127 = EDGE_LOOP ( 'NONE', ( #3095, #2443, #1567, #392 ) ) ;
#128 = CIRCLE ( 'NONE', #1228, 3.750000000000000000 ) ;
#129 = PRODUCT_DEFINITION_FORMATION_WITH_SPECIFIED_SOURCE ( 'ANY', '', #2294, .NOT_KNOWN. ) ;
#130 = EDGE_CURVE ( 'NONE', #971, #1875, #164, .T. ) ;
#131 = CIRCLE ( 'NONE', #1969, 2.395221894474074200 ) ;
#132 = APPLICATION_CONTEXT ( 'configuration controlled 3d designs of mechanical parts and assemblies' ) ;
#133 = DIRECTION ( 'NONE',  ( -0.0000000000000000000, -2.585091490897066400E-018, 1.000000000000000000 ) ) ;
#134 = CARTESIAN_POINT ( 'NONE',  ( 0.3719445246109468500, -2.074731665576409000, 1.736319218647909900 ) ) ;
#135 = EDGE_CURVE ( 'NONE', #421, #3739, #1272, .T. ) ;
#136 = CARTESIAN_POINT ( 'NONE',  ( 0.8922005383792495100, -1.545336663013167700, -6.254166666666662000 ) ) ;
#137 = CARTESIAN_POINT ( 'NONE',  ( -1.764863307568878700, -1.018944305707784900, 1.555208333333333700 ) ) ;
#138 = CARTESIAN_POINT ( 'NONE',  ( -0.8922005383792502900, -1.545336663013166400, -2.958333333333329500 ) ) ;
#139 = CARTESIAN_POINT ( 'NONE',  ( 0.8922005383792507300, 1.545336663013166400, -1.208333333333329500 ) ) ;
#140 = ADVANCED_FACE ( 'NONE', ( #254 ), #660, .F. ) ;
#141 = CARTESIAN_POINT ( 'NONE',  ( -0.3719445246109107700, -2.074731665576415200, 1.736319218647909900 ) ) ;
#142 = DIRECTION ( 'NONE',  ( 0.0000000000000000000, -1.000000000000000000, 0.0000000000000000000 ) ) ;
#143 = CARTESIAN_POINT ( 'NONE',  ( 1.784401076758500100, -3.076254464281110000E-016, -4.737499999999995400 ) ) ;
#144 = CARTESIAN_POINT ( 'NONE',  ( -1.784401076758499900, 1.294267669813664600E-016, -7.187499999999995600 ) ) ;
#145 = CARTESIAN_POINT ( 'NONE',  ( -1.338300807568874700, 0.7726683315065836500, 0.3666666666666713600 ) ) ;
#146 = CARTESIAN_POINT ( 'NONE',  ( 1.338300807568874500, -0.7726683315065840900, -2.783333333333329700 ) ) ;
#147 = CARTESIAN_POINT ( 'NONE',  ( -0.8922005383792498400, 1.545336663013167100, -1.004166666666662000 ) ) ;
#148 = CARTESIAN_POINT ( 'NONE',  ( 1.154700538379252800, 1.999999999999999600, -4.358333333333332500 ) ) ;
#149 = CARTESIAN_POINT ( 'NONE',  ( -1.732050807568877600, 1.000000000000000400, -0.6833333333333317900 ) ) ;
#150 = CARTESIAN_POINT ( 'NONE',  ( -0.3719445246096685400, 2.074731665572706200, 1.736319218633465100 ) ) ;
#151 = EDGE_CURVE ( 'NONE', #1968, #3330, #435, .T. ) ;
#152 = ORIENTED_EDGE ( 'NONE', *, *, #3003, .T. ) ;
#153 = CARTESIAN_POINT ( 'NONE',  ( 2.449293598294707900E-016, 2.000000000000001300, 0.4500000000000083400 ) ) ;
#154 = ORIENTED_EDGE ( 'NONE', *, *, #2954, .T. ) ;
#155 = CARTESIAN_POINT ( 'NONE',  ( 0.0000000000000000000, 1.545336663013167100, -1.762499999999995100 ) ) ;
#156 = CARTESIAN_POINT ( 'NONE',  ( 2.353151076758504900, -4.121031264803703700E-016, 1.846875000000001400 ) ) ;
#157 = CARTESIAN_POINT ( 'NONE',  ( -0.8922005383792497300, 1.545336663013166900, 0.3083333333333375100 ) ) ;
#158 = CARTESIAN_POINT ( 'NONE',  ( 1.784401076758499700, -3.076254464281109500E-016, -1.324999999999995300 ) ) ;
#159 = ORIENTED_EDGE ( 'NONE', *, *, #3233, .F. ) ;
#160 = AXIS2_PLACEMENT_3D ( 'NONE', #671, #133, #142 ) ;
#161 = VERTEX_POINT ( 'NONE', #1160 ) ;
#162 = CARTESIAN_POINT ( 'NONE',  ( 1.338300807568874500, -0.7726683315065842100, -0.5958333333333284400 ) ) ;
#163 = ORIENTED_EDGE ( 'NONE', *, *, #1556, .F. ) ;
#164 = CIRCLE ( 'NONE', #1028, 2.107807916655881600 ) ;
#165 = B_SPLINE_CURVE_WITH_KNOTS ( 'NONE', 3,
 ( #298, #580, #3196, #282, #2572, #873 ),
 .UNSPECIFIED., .F., .F.,
 ( 4, 2, 4 ),
 ( 0.0000000000000000000, 0.0005391441355368820400, 0.001078288271073764100 ),
 .UNSPECIFIED. ) ;
#166 = ORIENTED_EDGE ( 'NONE', *, *, #3414, .F. ) ;
#167 = APPROVAL_STATUS ( 'not_yet_approved' ) ;
#168 = CARTESIAN_POINT ( 'NONE',  ( -2.449293598294707400E-016, -2.000000000000000400, -6.662499999999998800 ) ) ;
#169 = CARTESIAN_POINT ( 'NONE',  ( 0.0000000000000000000, 0.0000000000000000000, 0.4500000000000083400 ) ) ;
#170 =( BOUNDED_CURVE ( )  B_SPLINE_CURVE ( 2, ( #3524, #2077, #882, #917, #1795, #2365, #1808 ),
 .UNSPECIFIED., .F., .T. ) 
 B_SPLINE_CURVE_WITH_KNOTS ( ( 3, 2, 2, 3 ),
 ( 0.5937500000000000000, 0.6041666666666666300, 0.6145833333333332600, 0.6249999999999998900 ),
 .UNSPECIFIED. ) 
 CURVE ( )  GEOMETRIC_REPRESENTATION_ITEM ( )  RATIONAL_B_SPLINE_CURVE ( ( 1.000000000000000000, 0.8660254037844387100, 1.000000000000000000, 0.8660254037844387100, 1.000000000000000000, 0.8660254037844401500, 0.9999999999999985600 ) ) 
 REPRESENTATION_ITEM ( '' )  );
#171 = ORIENTED_EDGE ( 'NONE', *, *, #1679, .T. ) ;
#172 = CYLINDRICAL_SURFACE ( 'NONE', #1249, 2.000000000000000400 ) ;
#173 = CARTESIAN_POINT ( 'NONE',  ( 0.8922005383792509500, 1.545336663013166600, -0.4208333333333286200 ) ) ;
#174 = CARTESIAN_POINT ( 'NONE',  ( 1.338300807568875600, 0.7726683315065825400, -6.779166666666661500 ) ) ;
#175 = CARTESIAN_POINT ( 'NONE',  ( 0.8922005383792494000, -1.545336663013167300, 1.358333333333338100 ) ) ;
#176 = CARTESIAN_POINT ( 'NONE',  ( 1.338300807568874500, -0.7726683315065840900, -3.483333333333329400 ) ) ;
#177 = CONICAL_SURFACE ( 'NONE', #471, 2.500000000000000000, 0.2617993877991500700 ) ;
#178 = CARTESIAN_POINT ( 'NONE',  ( -0.8922005383792506200, -1.545336663013166600, -0.7708333333333282600 ) ) ;
#179 = FACE_OUTER_BOUND ( 'NONE', #2534, .T. ) ;
#180 = CC_DESIGN_DATE_AND_TIME_ASSIGNMENT ( #2092, #3070, ( #1987 ) ) ;
#181 = EDGE_CURVE ( 'NONE', #3048, #1872, #609, .T. ) ;
#182 = ADVANCED_FACE ( 'NONE', ( #3148 ), #2888, .T. ) ;
#183 = DIRECTION ( 'NONE',  ( 1.000000000000000000, 0.0000000000000000000, 0.0000000000000000000 ) ) ;
#184 = DIRECTION ( 'NONE',  ( -0.0000000000000000000, -2.585091490897066400E-018, 1.000000000000000000 ) ) ;
#185 = CARTESIAN_POINT ( 'NONE',  ( -1.784401076758500100, 1.294267669813665100E-016, -1.587499999999995200 ) ) ;
#186 = CARTESIAN_POINT ( 'NONE',  ( -0.8922005383792498400, 1.545336663013167100, -5.904166666666661500 ) ) ;
#187 = CARTESIAN_POINT ( 'NONE',  ( -1.338300807568874900, -0.7726683315065832100, -0.9166666666666628500 ) ) ;
#188 = CARTESIAN_POINT ( 'NONE',  ( -1.338300807568874900, -0.7726683315065832100, -3.016666666666662200 ) ) ;
#189 = LINE ( 'NONE', #1170, #228 ) ;
#190 = AXIS2_PLACEMENT_3D ( 'NONE', #335, #1783, #3507 ) ;
#191 = CARTESIAN_POINT ( 'NONE',  ( -0.8922005383792506200, -1.545336663013166600, 0.6291666666666718700 ) ) ;
#192 = B_SPLINE_CURVE_WITH_KNOTS ( 'NONE', 3,
 ( #443, #706, #1040, #1581, #3624, #1864 ),
 .UNSPECIFIED., .F., .F.,
 ( 4, 2, 4 ),
 ( 0.0000000000000000000, 0.0005391441355368828000, 0.001078288271073765400 ),
 .UNSPECIFIED. ) ;
#193 = CARTESIAN_POINT ( 'NONE',  ( 6.999787613770387100E-014, 1.722636114155689800, -7.552363885844308700 ) ) ;
#194 = CARTESIAN_POINT ( 'NONE',  ( -1.780050600607911500, 0.3875735621196118600, -7.457175258960028000 ) ) ;
#195 = CARTESIAN_POINT ( 'NONE',  ( 1.338300807568875600, 0.7726683315065825400, -1.879166666666661800 ) ) ;
#196 = CARTESIAN_POINT ( 'NONE',  ( -1.338300807568875200, -0.7726683315065832100, -4.329166666666662200 ) ) ;
#197 = CARTESIAN_POINT ( 'NONE',  ( 0.0000000000000000000, 1.545336663013166900, 0.2500000000000036600 ) ) ;
#198 = ADVANCED_FACE ( 'NONE', ( #3053 ), #1611, .T. ) ;
#199 = CARTESIAN_POINT ( 'NONE',  ( -1.338300807568874900, 0.7726683315065837600, 0.4541666666666721600 ) ) ;
#200 = CARTESIAN_POINT ( 'NONE',  ( -1.154700538379252600, -2.000000000000000000, -6.808333333333331800 ) ) ;
#201 = DIRECTION ( 'NONE',  ( -0.0000000000000000000, -0.0000000000000000000, -1.000000000000000000 ) ) ;
#202 = ORIENTED_EDGE ( 'NONE', *, *, #1656, .F. ) ;
#203 = EDGE_CURVE ( 'NONE', #1879, #838, #2216, .T. ) ;
#204 = CARTESIAN_POINT ( 'NONE',  ( 0.3018523336017055500, 1.956796533911141300, -0.01423227986987690500 ) ) ;
#205 = ORIENTED_EDGE ( 'NONE', *, *, #2503, .T. ) ;
#206 = CARTESIAN_POINT ( 'NONE',  ( 1.338300807568875600, 0.7726683315065825400, -2.579166666666661700 ) ) ;
#207 = CARTESIAN_POINT ( 'NONE',  ( 1.338300807568874500, -0.7726683315065842100, -4.095833333333327900 ) ) ;
#208 = CARTESIAN_POINT ( 'NONE',  ( 1.338300807568874500, -0.7726683315065840900, 1.416666666666670300 ) ) ;
#209 = CARTESIAN_POINT ( 'NONE',  ( 0.8922005383792507300, 1.545336663013166400, 0.8916666666666707200 ) ) ;
#210 = ORIENTED_EDGE ( 'NONE', *, *, #801, .F. ) ;
#211 = ORIENTED_EDGE ( 'NONE', *, *, #3225, .F. ) ;
#212 = CARTESIAN_POINT ( 'NONE',  ( 1.176575538379253500, 2.037888611415570300, 1.307291666666666700 ) ) ;
#213 = VECTOR ( 'NONE', #1995, 1000.000000000000000 ) ;
#214 = SECURITY_CLASSIFICATION_LEVEL ( 'unclassified' ) ;
#215 = CARTESIAN_POINT ( 'NONE',  ( 0.4977723847099352900, 1.474301771160631400, 3.174538240724129200 ) ) ;
#216 = CARTESIAN_POINT ( 'NONE',  ( -0.6340117362005629500, -1.537175579103484200, -0.2025968431450598500 ) ) ;
#217 = CARTESIAN_POINT ( 'NONE',  ( 1.434647664320569000, 1.262559239307015700, -0.05410514877843340700 ) ) ;
#218 = LINE ( 'NONE', #3518, #1669 ) ;
#219 = DIRECTION ( 'NONE',  ( 0.0000000000000000000, -1.000000000000000000, -2.585091490897066400E-018 ) ) ;
#220 = CARTESIAN_POINT ( 'NONE',  ( 1.338300807568875600, 0.7726683315065825400, -3.279166666666661900 ) ) ;
#221 = CARTESIAN_POINT ( 'NONE',  ( -0.8922005383792497300, 1.545336663013166900, 1.008333333333336900 ) ) ;
#222 = CARTESIAN_POINT ( 'NONE',  ( -0.4957272733881961700, -0.9030146793692770400, 0.6540797863656164800 ) ) ;
#223 = CARTESIAN_POINT ( 'NONE',  ( 1.764863307568878200, -1.018944305707786300, -7.311458333333332500 ) ) ;
#224 = EDGE_CURVE ( 'NONE', #3596, #47, #990, .T. ) ;
#225 = ORIENTED_EDGE ( 'NONE', *, *, #820, .T. ) ;
#226 = CARTESIAN_POINT ( 'NONE',  ( 0.0000000000000000000, 2.000000000000000400, -2.812499999999998200 ) ) ;
#227 = CARTESIAN_POINT ( 'NONE',  ( 0.0000000000000000000, 0.0000000000000000000, 0.0000000000000000000 ) ) ;
#228 = VECTOR ( 'NONE', #600, 1000.000000000000000 ) ;
#229 = AXIS2_PLACEMENT_3D ( 'NONE', #682, #405, #1303 ) ;
#230 = CARTESIAN_POINT ( 'NONE',  ( 0.0000000000000000000, 9.213774415896661100E-017, -7.799999999999998000 ) ) ;
#231 = CARTESIAN_POINT ( 'NONE',  ( 1.338300807568874500, -0.7726683315065842100, -2.695833333333328900 ) ) ;
#232 = CARTESIAN_POINT ( 'NONE',  ( 0.0000000000000000000, -2.000000000000000400, 2.200000000000000600 ) ) ;
#233 = CARTESIAN_POINT ( 'NONE',  ( -1.892491597964127000E-016, -1.545336663013166900, 0.6000000000000033100 ) ) ;
#234 = CARTESIAN_POINT ( 'NONE',  ( 3.750000000000000000, 0.0000000000000000000, 2.200000000000001100 ) ) ;
#235 = CARTESIAN_POINT ( 'NONE',  ( -1.764863307568878400, 1.018944305707785600, -7.661458333333332100 ) ) ;
#236 = CARTESIAN_POINT ( 'NONE',  ( 1.338300807568874500, -0.7726683315065842100, -7.595833333333328800 ) ) ;
#237 = CARTESIAN_POINT ( 'NONE',  ( 0.0000000000000000000, 2.000000000000000400, -6.312499999999998200 ) ) ;
#238 = CARTESIAN_POINT ( 'NONE',  ( -1.821304641071108900, -0.3281719339718391900, -7.428262979060608700 ) ) ;
#239 = CARTESIAN_POINT ( 'NONE',  ( 1.338300807568874500, -0.7726683315065842100, -1.295833333333328500 ) ) ;
#240 = CARTESIAN_POINT ( 'NONE',  ( 1.784401076758499700, -3.076254464281109000E-016, 2.175000000000002900 ) ) ;
#241 = CARTESIAN_POINT ( 'NONE',  ( 1.338300807568875400, 0.7726683315065824300, 1.533333333333337900 ) ) ;
#242 = ORIENTED_EDGE ( 'NONE', *, *, #151, .F. ) ;
#243 = ORIENTED_EDGE ( 'NONE', *, *, #3157, .T. ) ;
#244 = EDGE_CURVE ( 'NONE', #430, #2627, #338, .T. ) ;
#245 = CARTESIAN_POINT ( 'NONE',  ( 0.4858932265637101500, 1.471938859691288300, 3.038758841800002700 ) ) ;
#246 = CARTESIAN_POINT ( 'NONE',  ( 2.000000000000000000, 4.508921541123992000E-014, -7.274999999999996800 ) ) ;
#247 = CARTESIAN_POINT ( 'NONE',  ( -1.338300807568874900, 0.7726683315065837600, 1.854166666666672300 ) ) ;
#248 = CARTESIAN_POINT ( 'NONE',  ( 1.764863307568879300, 1.018944305707783800, -7.194791666666665400 ) ) ;
#249 = CARTESIAN_POINT ( 'NONE',  ( -1.154700538379247900, 2.000000000000006200, -4.854166666666665200 ) ) ;
#250 = ORIENTED_EDGE ( 'NONE', *, *, #224, .F. ) ;
#251 = CARTESIAN_POINT ( 'NONE',  ( -1.154700538379257700, -1.999999999999990500, -6.720833333333330600 ) ) ;
#252 = EDGE_CURVE ( 'NONE', #1652, #3727, #2115, .T. ) ;
#253 = VERTEX_POINT ( 'NONE', #2710 ) ;
#254 = FACE_OUTER_BOUND ( 'NONE', #1339, .T. ) ;
#255 = ORIENTED_EDGE ( 'NONE', *, *, #3033, .F. ) ;
#256 = DIRECTION ( 'NONE',  ( -0.0000000000000000000, -0.0000000000000000000, -1.000000000000000000 ) ) ;
#257 = CARTESIAN_POINT ( 'NONE',  ( 0.8922005383792494000, -1.545336663013167300, -6.341666666666662300 ) ) ;
#258 = CARTESIAN_POINT ( 'NONE',  ( 0.0000000000000000000, 1.545336663013167100, -1.762499999999995100 ) ) ;
#259 = DIRECTION ( 'NONE',  ( -0.0000000000000000000, -0.0000000000000000000, -1.000000000000000000 ) ) ;
#260 = ORIENTED_EDGE ( 'NONE', *, *, #1862, .F. ) ;
#261 = CARTESIAN_POINT ( 'NONE',  ( -2.495693764988923200E-016, -2.037888611415570800, -5.984374999999999100 ) ) ;
#262 = CONICAL_SURFACE ( 'NONE', #1052, 2.000000000000001300, 1.047197551196599900 ) ;
#263 = CARTESIAN_POINT ( 'NONE',  ( 1.764863307568879300, 1.018944305707783800, -6.494791666666665200 ) ) ;
#264 = LINE ( 'NONE', #1951, #1530 ) ;
#265 = CARTESIAN_POINT ( 'NONE',  ( 0.8922005383792495100, -1.545336663013167700, -3.454166666666661300 ) ) ;
#266 = DIRECTION ( 'NONE',  ( 1.000000000000000000, 0.0000000000000000000, 0.0000000000000000000 ) ) ;
#267 = LINE ( 'NONE', #704, #3017 ) ;
#268 = CARTESIAN_POINT ( 'NONE',  ( -1.126804083408605900, 1.372461533980092700, -7.503277688527798100 ) ) ;
#269 = CARTESIAN_POINT ( 'NONE',  ( -2.449293598294707400E-016, -2.000000000000000400, -2.462499999999999000 ) ) ;
#270 = CARTESIAN_POINT ( 'NONE',  ( 0.8922005383792508400, 1.545336663013166400, -5.408333333333328800 ) ) ;
#271 = CARTESIAN_POINT ( 'NONE',  ( -1.338300807568874900, 0.7726683315065837600, 1.154166666666671400 ) ) ;
#272 = CARTESIAN_POINT ( 'NONE',  ( 1.732050807568878300, 0.9999999999999986700, -7.216666666666665900 ) ) ;
#273 = CARTESIAN_POINT ( 'NONE',  ( 1.764863307568879300, 1.018944305707783800, -4.351041666666666300 ) ) ;
#274 = ADVANCED_FACE ( 'NONE', ( #390 ), #932, .T. ) ;
#275 = COORDINATED_UNIVERSAL_TIME_OFFSET ( 6, 0, .BEHIND. ) ;
#276 = CARTESIAN_POINT ( 'NONE',  ( 1.732050807568878300, 0.9999999999999986700, -0.9166666666666654100 ) ) ;
#277 = CARTESIAN_POINT ( 'NONE',  ( -0.8922005383792502900, -1.545336663013166400, -7.858333333333328100 ) ) ;
#278 = CARTESIAN_POINT ( 'NONE',  ( 2.107807916659752300, 3.252606517456513300E-016, 1.736319218647910600 ) ) ;
#279 = CARTESIAN_POINT ( 'NONE',  ( -1.154700538379251500, 2.000000000000000400, -2.841666666666665500 ) ) ;
#280 = EDGE_CURVE ( 'NONE', #2196, #2452, #2771, .T. ) ;
#281 = CARTESIAN_POINT ( 'NONE',  ( 1.338300807568875600, 0.7726683315065825400, -3.979166666666662100 ) ) ;
#282 = CARTESIAN_POINT ( 'NONE',  ( 0.4029094431776403300, -1.175949278766127400, 0.8677652511022371200 ) ) ;
#283 = CARTESIAN_POINT ( 'NONE',  ( 1.471938859691293700, -0.4858932265636947700, 3.038758841800003100 ) ) ;
#284 = AXIS2_PLACEMENT_3D ( 'NONE', #1368, #549, #3116 ) ;
#285 =( BOUNDED_CURVE ( )  B_SPLINE_CURVE ( 2, ( #623, #2035, #2619, #2933, #1499, #1764, #3509 ),
 .UNSPECIFIED., .F., .T. ) 
 B_SPLINE_CURVE_WITH_KNOTS ( ( 3, 2, 2, 3 ),
 ( 0.6115648519000864700, 0.6219815185667532100, 0.6323981852334197300, 0.6428148519000864700 ),
 .UNSPECIFIED. ) 
 CURVE ( )  GEOMETRIC_REPRESENTATION_ITEM ( )  RATIONAL_B_SPLINE_CURVE ( ( 1.000000000000000000, 0.8660254037844387100, 1.000000000000000000, 0.8660254037844387100, 1.000000000000000000, 0.8660254037844387100, 1.000000000000000000 ) ) 
 REPRESENTATION_ITEM ( '' )  );
#286 = CARTESIAN_POINT ( 'NONE',  ( -2.449293598294707400E-016, -2.000000000000000400, -0.4499999999999990100 ) ) ;
#287 = DIRECTION ( 'NONE',  ( 0.0000000000000000000, 0.0000000000000000000, 1.000000000000000000 ) ) ;
#288 = CARTESIAN_POINT ( 'NONE',  ( 0.8922005383792508400, 1.545336663013166600, -0.4208333333333286200 ) ) ;
#289 = PLANE ( 'NONE',  #3211 ) ;
#290 = CARTESIAN_POINT ( 'NONE',  ( -2.495693764988923200E-016, -2.037888611415570800, -3.884374999999999000 ) ) ;
#291 = CARTESIAN_POINT ( 'NONE',  ( 1.154700538379251200, -2.000000000000000900, -3.891666666666665700 ) ) ;
#292 = CARTESIAN_POINT ( 'NONE',  ( -2.449293598294707400E-016, -2.000000000000000400, -1.149999999999999000 ) ) ;
#293 = CARTESIAN_POINT ( 'NONE',  ( 0.8922005383792507300, 1.545336663013166400, -7.508333333333329300 ) ) ;
#294 = CARTESIAN_POINT ( 'NONE',  ( -1.176575538379252000, 2.037888611415570800, -2.819791666666664900 ) ) ;
#295 = CARTESIAN_POINT ( 'NONE',  ( -1.862752265766001800, 0.3534035141731872200, 1.524394499598595400 ) ) ;
#296 = ADVANCED_FACE ( 'NONE', ( #2677 ), #3108, .T. ) ;
#297 = CARTESIAN_POINT ( 'NONE',  ( 1.338300807568874500, -0.7726683315065842100, -4.795833333333328100 ) ) ;
#298 = CARTESIAN_POINT ( 'NONE',  ( 0.6034951918157814800, -0.6034951918157694900, 0.4819823870704096300 ) ) ;
#299 = DIRECTION ( 'NONE',  ( -0.0000000000000000000, -0.0000000000000000000, -1.000000000000000000 ) ) ;
#300 = ORIENTED_EDGE ( 'NONE', *, *, #2477, .F. ) ;
#301 = DIRECTION ( 'NONE',  ( -0.0000000000000000000, -2.585091490897066400E-018, 1.000000000000000000 ) ) ;
#302 = CARTESIAN_POINT ( 'NONE',  ( -1.338300807568874700, 0.7726683315065836500, -6.633333333333329300 ) ) ;
#303 = CARTESIAN_POINT ( 'NONE',  ( -1.892491597964127200E-016, -1.545336663013167100, 0.6875000000000041100 ) ) ;
#304 = CARTESIAN_POINT ( 'NONE',  ( 2.353151076758504900, -4.121031264803704200E-016, -7.209374999999998800 ) ) ;
#305 = ORIENTED_EDGE ( 'NONE', *, *, #94, .T. ) ;
#306 = EDGE_CURVE ( 'NONE', #890, #384, #2449, .T. ) ;
#307 = CARTESIAN_POINT ( 'NONE',  ( 0.0000000000000000000, 2.000000000000000400, -2.812499999999998200 ) ) ;
#308 = CARTESIAN_POINT ( 'NONE',  ( 0.0000000000000000000, 6.628682924999594700E-017, 2.200000000000000600 ) ) ;
#309 = CARTESIAN_POINT ( 'NONE',  ( 1.764863307568878200, -1.018944305707786300, -5.911458333333332100 ) ) ;
#310 = DIRECTION ( 'NONE',  ( 0.0000000000000000000, 0.0000000000000000000, 1.000000000000000000 ) ) ;
#311 = CARTESIAN_POINT ( 'NONE',  ( -0.8922005383792502900, -1.545336663013166400, -7.858333333333328100 ) ) ;
#312 = ORIENTED_EDGE ( 'NONE', *, *, #1265, .F. ) ;
#313 = ORIENTED_EDGE ( 'NONE', *, *, #339, .T. ) ;
#314 = CARTESIAN_POINT ( 'NONE',  ( 1.784401076758499900, -3.076254464281110000E-016, -6.137499999999995700 ) ) ;
#315 = CARTESIAN_POINT ( 'NONE',  ( 1.732050807568877200, -1.000000000000001100, -0.9458333333333318600 ) ) ;
#316 = FACE_OUTER_BOUND ( 'NONE', #2814, .T. ) ;
#317 = CARTESIAN_POINT ( 'NONE',  ( 1.784401076758499900, -3.076254464281109500E-016, -3.424999999999995800 ) ) ;
#318 = CARTESIAN_POINT ( 'NONE',  ( -1.641539085773694200, 0.2474442268561302700, 2.593818961864971400 ) ) ;
#319 = CARTESIAN_POINT ( 'NONE',  ( 0.4190865195806692300, 2.212853199339740700, 2.275154686808595000 ) ) ;
#320 = CARTESIAN_POINT ( 'NONE',  ( -2.353151076758504900, 1.642526603321196600E-016, -6.859374999999999100 ) ) ;
#321 = AXIS2_PLACEMENT_3D ( 'NONE', #2948, #1525, #2629 ) ;
#322 = LINE ( 'NONE', #1937, #899 ) ;
#323 = CARTESIAN_POINT ( 'NONE',  ( -1.154700538379259500, -1.999999999999987800, -2.520833333333332100 ) ) ;
#324 = CARTESIAN_POINT ( 'NONE',  ( -2.353151076758504900, 1.642526603321196600E-016, -4.103124999999999500 ) ) ;
#325 = CARTESIAN_POINT ( 'NONE',  ( 0.0000000000000000000, 0.0000000000000000000, 2.200000000000001100 ) ) ;
#326 = CARTESIAN_POINT ( 'NONE',  ( -0.6034951918157710500, -0.6034951918157798200, 0.4819823870704101300 ) ) ;
#327 = CARTESIAN_POINT ( 'NONE',  ( -1.892491597964127200E-016, -1.545336663013167100, -4.912499999999995200 ) ) ;
#328 = CARTESIAN_POINT ( 'NONE',  ( 0.0000000000000000000, 2.000000000000000400, -4.912499999999998800 ) ) ;
#329 = FACE_OUTER_BOUND ( 'NONE', #1651, .T. ) ;
#330 = CARTESIAN_POINT ( 'NONE',  ( -1.338300807568874700, 0.7726683315065836500, -3.133333333333329300 ) ) ;
#331 = CARTESIAN_POINT ( 'NONE',  ( -2.258428448772844100, 0.4346532864896950900, 2.453083646763744700 ) ) ;
#332 = DIRECTION ( 'NONE',  ( 0.08715574274765836000, 0.0000000000000000000, 0.9961946980917456600 ) ) ;
#333 = EDGE_CURVE ( 'NONE', #3136, #118, #3400, .T. ) ;
#334 = CARTESIAN_POINT ( 'NONE',  ( -1.764863307568878700, -1.018944305707784900, -3.301041666666665500 ) ) ;
#335 = CARTESIAN_POINT ( 'NONE',  ( 0.0000000000000000000, 0.0000000000000000000, 2.200000000000001100 ) ) ;
#336 = CARTESIAN_POINT ( 'NONE',  ( -1.176575538379252000, 2.037888611415570800, -5.619791666666665200 ) ) ;
#337 = CARTESIAN_POINT ( 'NONE',  ( -1.732050807568877600, 1.000000000000000400, -6.195833333333331100 ) ) ;
#338 =( BOUNDED_CURVE ( )  B_SPLINE_CURVE ( 2, ( #3000, #703, #1238, #1276, #3272, #957, #119 ),
 .UNSPECIFIED., .F., .T. ) 
 B_SPLINE_CURVE_WITH_KNOTS ( ( 3, 2, 2, 3 ),
 ( 0.2187500000000000000, 0.2291666666666666600, 0.2395833333333333100, 0.2499999999999999700 ),
 .UNSPECIFIED. ) 
 CURVE ( )  GEOMETRIC_REPRESENTATION_ITEM ( )  RATIONAL_B_SPLINE_CURVE ( ( 1.000000000000000000, 0.8660254037844387100, 1.000000000000000000, 0.8660254037844387100, 1.000000000000000000, 0.8660254037844390400, 0.9999999999999996700 ) ) 
 REPRESENTATION_ITEM ( '' )  );
#339 = EDGE_CURVE ( 'NONE', #2436, #2761, #1174, .T. ) ;
#340 = CARTESIAN_POINT ( 'NONE',  ( -0.2506926357690401100, -1.524866749727282100, -7.729663336986830800 ) ) ;
#341 = CARTESIAN_POINT ( 'NONE',  ( 2.074731665576417000, -0.3719445246109035500, 1.736319218647910600 ) ) ;
#342 = CARTESIAN_POINT ( 'NONE',  ( -1.338300807568874900, -0.7726683315065832100, -3.716666666666662300 ) ) ;
#343 = DIRECTION ( 'NONE',  ( -0.0000000000000000000, -2.585091490897066400E-018, 1.000000000000000000 ) ) ;
#344 = CARTESIAN_POINT ( 'NONE',  ( -1.176575538379252000, 2.037888611415570800, -2.076041666666666300 ) ) ;
#345 = ORIENTED_EDGE ( 'NONE', *, *, #464, .T. ) ;
#346 = CARTESIAN_POINT ( 'NONE',  ( 1.764863307568879300, 1.018944305707783800, -2.994791666666665600 ) ) ;
#347 = VERTEX_POINT ( 'NONE', #670 ) ;
#348 = ORIENTED_EDGE ( 'NONE', *, *, #2045, .F. ) ;
#349 = CARTESIAN_POINT ( 'NONE',  ( -2.309401076758503800, 1.615737454589847600E-016, -3.337499999999998600 ) ) ;
#350 = CARTESIAN_POINT ( 'NONE',  ( 1.338300807568874500, -0.7726683315065840900, -2.083333333333329500 ) ) ;
#351 = CARTESIAN_POINT ( 'NONE',  ( 0.0000000000000000000, -2.000000000000000400, -7.274999999999996800 ) ) ;
#352 = ORIENTED_EDGE ( 'NONE', *, *, #2522, .T. ) ;
#353 = CARTESIAN_POINT ( 'NONE',  ( 1.176575538379253500, 2.037888611415570300, -0.7927083333333327900 ) ) ;
#354 = VERTEX_POINT ( 'NONE', #1057 ) ;
#355 = ORIENTED_EDGE ( 'NONE', *, *, #2080, .T. ) ;
#356 = EDGE_CURVE ( 'NONE', #3330, #1425, #2713, .T. ) ;
#357 = VERTEX_POINT ( 'NONE', #168 ) ;
#358 = DIRECTION ( 'NONE',  ( 0.06666269134683233700, 0.06666269134683233700, 0.9955461672694008200 ) ) ;
#359 = CARTESIAN_POINT ( 'NONE',  ( -1.764863307568878700, -1.018944305707784900, -1.944791666666664900 ) ) ;
#360 = CARTESIAN_POINT ( 'NONE',  ( -0.4822761145262486900, 1.690470187137218300, -7.533483295798156100 ) ) ;
#361 = LINE ( 'NONE', #918, #89 ) ;
#362 = CARTESIAN_POINT ( 'NONE',  ( -1.784401076758499700, 1.294267669813664600E-016, -7.974999999999996100 ) ) ;
#363 = CONICAL_SURFACE ( 'NONE', #3067, 2.000000000000000400, 0.7853981633974496100 ) ;
#364 = AXIS2_PLACEMENT_3D ( 'NONE', #538, #1401, #2559 ) ;
#365 = CIRCLE ( 'NONE', #2356, 2.000000000000001300 ) ;
#366 = CARTESIAN_POINT ( 'NONE',  ( 0.0000000000000000000, 1.545336663013166900, -1.149999999999995700 ) ) ;
#367 = CARTESIAN_POINT ( 'NONE',  ( 2.309401076758503800, -4.040663818609657100E-016, -0.1874999999999987500 ) ) ;
#368 = CARTESIAN_POINT ( 'NONE',  ( 2.353151076758504900, -4.121031264803704200E-016, -1.609374999999998900 ) ) ;
#369 = PLANE ( 'NONE',  #321 ) ;
#370 = CARTESIAN_POINT ( 'NONE',  ( 1.176575538379251800, -2.037888611415571200, -2.469791666666665700 ) ) ;
#371 = CARTESIAN_POINT ( 'NONE',  ( -1.892491597964127000E-016, -1.545336663013166900, -2.899999999999995500 ) ) ;
#372 = CARTESIAN_POINT ( 'NONE',  ( -1.338300807568874900, -0.7726683315065832100, -7.216666666666663200 ) ) ;
#373 = CC_DESIGN_PERSON_AND_ORGANIZATION_ASSIGNMENT ( #1630, #2138, ( #129 ) ) ;
#374 = DIRECTION ( 'NONE',  ( 0.0000000000000000000, -1.000000000000000000, 0.0000000000000000000 ) ) ;
#375 = EDGE_CURVE ( 'NONE', #701, #3596, #2708, .T. ) ;
#376 = CARTESIAN_POINT ( 'NONE',  ( -1.176575538379252000, 2.037888611415570800, -0.6760416666666658700 ) ) ;
#377 = CARTESIAN_POINT ( 'NONE',  ( -1.764863307568878700, -1.018944305707784900, 0.8552083333333345700 ) ) ;
#378 = CARTESIAN_POINT ( 'NONE',  ( -0.8922005383792497300, 1.545336663013166900, -5.991666666666663600 ) ) ;
#379 = CARTESIAN_POINT ( 'NONE',  ( -1.784401076758499700, 1.294267669813664600E-016, -6.574999999999995700 ) ) ;
#380 = AXIS2_PLACEMENT_3D ( 'NONE', #1024, #2207, #3043 ) ;
#381 = CARTESIAN_POINT ( 'NONE',  ( 0.3163714390882607100, -1.438218879622108500, 1.101115944497854900 ) ) ;
#382 = CARTESIAN_POINT ( 'NONE',  ( -1.764863307568878400, 1.018944305707785600, 0.7822916666666672700 ) ) ;
#383 = CARTESIAN_POINT ( 'NONE',  ( -1.338300807568874900, 0.7726683315065837600, 1.854166666666672300 ) ) ;
#384 = VERTEX_POINT ( 'NONE', #2979 ) ;
#385 = CARTESIAN_POINT ( 'NONE',  ( 0.8922005383792495100, -1.545336663013167700, -4.854166666666660700 ) ) ;
#386 = CARTESIAN_POINT ( 'NONE',  ( 0.0000000000000000000, 2.037888611415570800, -2.178124999999998800 ) ) ;
#387 = CARTESIAN_POINT ( 'NONE',  ( -1.338300807568874900, -0.7726683315065832100, -3.716666666666662300 ) ) ;
#388 = CARTESIAN_POINT ( 'NONE',  ( -0.8922005383792502900, -1.545336663013166400, -6.458333333333328600 ) ) ;
#389 = ORIENTED_EDGE ( 'NONE', *, *, #1440, .F. ) ;
#390 = FACE_OUTER_BOUND ( 'NONE', #127, .T. ) ;
#391 = ORIENTED_EDGE ( 'NONE', *, *, #333, .T. ) ;
#392 = ORIENTED_EDGE ( 'NONE', *, *, #3179, .F. ) ;
#393 = VERTEX_POINT ( 'NONE', #141 ) ;
#394 = APPROVAL_ROLE ( '' ) ;
#395 = CARTESIAN_POINT ( 'NONE',  ( -0.8922005383792497300, 1.545336663013166900, -1.091666666666662600 ) ) ;
#396 = LINE ( 'NONE', #730, #3248 ) ;
#397 = CARTESIAN_POINT ( 'NONE',  ( 0.8922005383792509500, 1.545336663013166600, -6.720833333333328800 ) ) ;
#398 = CARTESIAN_POINT ( 'NONE',  ( -2.353151076758504900, 1.642526603321196800E-016, -0.6031249999999986900 ) ) ;
#399 = CARTESIAN_POINT ( 'NONE',  ( 0.8922005383792507300, 1.545336663013166400, -3.308333333333329100 ) ) ;
#400 = CARTESIAN_POINT ( 'NONE',  ( 1.338300807568875400, 0.7726683315065824300, -6.866666666666662700 ) ) ;
#401 = LINE ( 'NONE', #232, #800 ) ;
#402 = AXIS2_PLACEMENT_3D ( 'NONE', #2824, #3417, #3444 ) ;
#403 = CARTESIAN_POINT ( 'NONE',  ( 1.732050807568877200, -1.000000000000001100, -4.533333333333331400 ) ) ;
#404 = DIRECTION ( 'NONE',  ( -0.0000000000000000000, -2.585091490897066400E-018, 1.000000000000000000 ) ) ;
#405 = DIRECTION ( 'NONE',  ( -1.043458559472539600E-014, 0.9961946980917455500, 0.08715574274765836000 ) ) ;
#406 = FACE_OUTER_BOUND ( 'NONE', #2016, .T. ) ;
#407 = CARTESIAN_POINT ( 'NONE',  ( 1.338300807568874500, -0.7726683315065842100, -5.495833333333328200 ) ) ;
#408 = CARTESIAN_POINT ( 'NONE',  ( -1.176575538379253100, -2.037888611415570300, 1.613541666666667500 ) ) ;
#409 = CARTESIAN_POINT ( 'NONE',  ( -0.8922005383792497300, 1.545336663013166900, -5.291666666666662500 ) ) ;
#410 = CARTESIAN_POINT ( 'NONE',  ( -1.338300807568874700, 0.7726683315065836500, -5.933333333333328200 ) ) ;
#411 = APPROVAL_STATUS ( 'not_yet_approved' ) ;
#412 = CARTESIAN_POINT ( 'NONE',  ( 1.732050807568878300, 0.9999999999999986700, -2.316666666666665500 ) ) ;
#413 = EDGE_CURVE ( 'NONE', #3367, #2276, #2067, .T. ) ;
#414 = DIRECTION ( 'NONE',  ( 0.0000000000000000000, -0.08715574274765836000, -0.9961946980917456600 ) ) ;
#415 = CARTESIAN_POINT ( 'NONE',  ( -1.784401076758500100, 1.294267669813664600E-016, -4.387499999999995700 ) ) ;
#416 = CARTESIAN_POINT ( 'NONE',  ( -1.764863307568878700, -1.018944305707784900, 2.255208333333334800 ) ) ;
#417 = CARTESIAN_POINT ( 'NONE',  ( -1.338300807568874900, -0.7726683315065832100, -0.2166666666666619000 ) ) ;
#418 = CARTESIAN_POINT ( 'NONE',  ( 1.784401076758499700, -3.076254464281109500E-016, -2.024999999999995500 ) ) ;
#419 = ADVANCED_FACE ( 'NONE', ( #2343 ), #1892, .T. ) ;
#420 = EDGE_LOOP ( 'NONE', ( #2874, #2796, #2271, #2039 ) ) ;
#421 = VERTEX_POINT ( 'NONE', #2468 ) ;
#422 = CARTESIAN_POINT ( 'NONE',  ( 0.1702495261475357700, 1.716305561271049200, -7.558694438728938500 ) ) ;
#423 = CARTESIAN_POINT ( 'NONE',  ( -0.4345047692483058300, 2.258020380848760700, 2.451386086926625300 ) ) ;
#424 = ORIENTED_EDGE ( 'NONE', *, *, #3233, .T. ) ;
#425 = CARTESIAN_POINT ( 'NONE',  ( 0.0000000000000000000, 3.252606517456513300E-016, 3.199999999999999700 ) ) ;
#426 = ORIENTED_EDGE ( 'NONE', *, *, #280, .T. ) ;
#427 = CARTESIAN_POINT ( 'NONE',  ( 1.338300807568875600, 0.7726683315065825400, -3.979166666666662100 ) ) ;
#428 = CARTESIAN_POINT ( 'NONE',  ( -2.495693764988923200E-016, -2.037888611415570800, 2.371875000000000600 ) ) ;
#429 = CARTESIAN_POINT ( 'NONE',  ( -1.784401076758499700, 1.294267669813665100E-016, -0.9749999999999957600 ) ) ;
#430 = VERTEX_POINT ( 'NONE', #3346 ) ;
#431 = CARTESIAN_POINT ( 'NONE',  ( 0.8922005383792494000, -1.545336663013167300, -0.7416666666666621400 ) ) ;
#432 = VERTEX_POINT ( 'NONE', #2430 ) ;
#433 = VERTEX_POINT ( 'NONE', #3357 ) ;
#434 = CIRCLE ( 'NONE', #2083, 2.107807916660025000 ) ;
#435 =( BOUNDED_CURVE ( )  B_SPLINE_CURVE ( 2, ( #307, #576, #2046, #1450, #1437, #323, #2326 ),
 .UNSPECIFIED., .F., .T. ) 
 B_SPLINE_CURVE_WITH_KNOTS ( ( 3, 2, 2, 3 ),
 ( 0.5000000000000000000, 0.5104166666666666300, 0.5208333333333332600, 0.5312499999999998900 ),
 .UNSPECIFIED. ) 
 CURVE ( )  GEOMETRIC_REPRESENTATION_ITEM ( )  RATIONAL_B_SPLINE_CURVE ( ( 1.000000000000000000, 0.8660254037844387100, 1.000000000000000000, 0.8660254037844387100, 1.000000000000000000, 0.8660254037844401500, 0.9999999999999985600 ) ) 
 REPRESENTATION_ITEM ( '' )  );
#436 = CARTESIAN_POINT ( 'NONE',  ( 0.0000000000000000000, 1.545336663013167100, -0.3624999999999947700 ) ) ;
#437 = AXIS2_PLACEMENT_3D ( 'NONE', #2648, #2639, #3271 ) ;
#438 = EDGE_CURVE ( 'NONE', #2864, #3059, #1574, .T. ) ;
#439 = LINE ( 'NONE', #552, #1931 ) ;
#440 =( LENGTH_UNIT ( ) NAMED_UNIT ( * ) SI_UNIT ( .MILLI., .METRE. ) );
#441 = DIRECTION ( 'NONE',  ( 0.0000000000000000000, 0.0000000000000000000, 1.000000000000000000 ) ) ;
#442 = CARTESIAN_POINT ( 'NONE',  ( 2.449293598294706900E-016, 2.000000000000000400, 2.200000000000000600 ) ) ;
#443 = CARTESIAN_POINT ( 'NONE',  ( 0.6034951918157754900, 0.6034951918157754900, 0.4819823870704101900 ) ) ;
#444 = EDGE_CURVE ( 'NONE', #1516, #1968, #1386, .T. ) ;
#445 = CARTESIAN_POINT ( 'NONE',  ( 1.338300807568874500, -0.7726683315065842100, -0.5958333333333284400 ) ) ;
#446 = CARTESIAN_POINT ( 'NONE',  ( -1.784401076758499900, 1.294267669813664600E-016, -7.887499999999994800 ) ) ;
#447 = CARTESIAN_POINT ( 'NONE',  ( -1.892491597964127000E-016, -1.545336663013166900, 1.300000000000004300 ) ) ;
#448 = CARTESIAN_POINT ( 'NONE',  ( -1.338300807568874900, -0.7726683315065832100, -3.716666666666662300 ) ) ;
#449 = AXIS2_PLACEMENT_3D ( 'NONE', #3477, #301, #3184 ) ;
#450 = CARTESIAN_POINT ( 'NONE',  ( 1.784401076758499900, -3.076254464281110000E-016, 0.1625000000000046400 ) ) ;
#451 = PERSON_AND_ORGANIZATION ( #871, #911 ) ;
#452 = DESIGN_CONTEXT ( 'detailed design', #132, 'design' ) ;
#453 = CARTESIAN_POINT ( 'NONE',  ( -2.449293598294707400E-016, -2.000000000000000400, -0.4499999999999990100 ) ) ;
#454 = CONICAL_SURFACE ( 'NONE', #1490, 3.750000000000000000, 0.7853981633974499400 ) ;
#455 = DIRECTION ( 'NONE',  ( -0.0000000000000000000, -2.585091490897066400E-018, 1.000000000000000000 ) ) ;
#456 = CARTESIAN_POINT ( 'NONE',  ( 1.176575538379251800, -2.037888611415571200, 1.730208333333335300 ) ) ;
#457 = CARTESIAN_POINT ( 'NONE',  ( -1.892491597964127000E-016, -1.545336663013166900, -2.199999999999996200 ) ) ;
#458 = CARTESIAN_POINT ( 'NONE',  ( 0.0000000000000000000, 1.545336663013166900, -3.249999999999996000 ) ) ;
#459 = ADVANCED_FACE ( 'NONE', ( #3163 ), #1443, .T. ) ;
#460 = ORIENTED_EDGE ( 'NONE', *, *, #2560, .T. ) ;
#461 = CARTESIAN_POINT ( 'NONE',  ( 0.8922005383792495100, -1.545336663013167700, -0.6541666666666613400 ) ) ;
#462 =( BOUNDED_CURVE ( )  B_SPLINE_CURVE ( 2, ( #3134, #3387, #1664, #2507, #1699, #1946, #3122 ),
 .UNSPECIFIED., .F., .T. ) 
 B_SPLINE_CURVE_WITH_KNOTS ( ( 3, 2, 2, 3 ),
 ( 0.7365648519000864700, 0.7469815185667531000, 0.7573981852334198400, 0.7678148519000864700 ),
 .UNSPECIFIED. ) 
 CURVE ( )  GEOMETRIC_REPRESENTATION_ITEM ( )  RATIONAL_B_SPLINE_CURVE ( ( 1.000000000000000000, 0.8660254037844387100, 1.000000000000000000, 0.8660254037844387100, 1.000000000000000000, 0.8660254037844387100, 1.000000000000000000 ) ) 
 REPRESENTATION_ITEM ( '' )  );
#463 = CARTESIAN_POINT ( 'NONE',  ( 2.349495442072250900, 0.4657886768156694900, 2.808962786656433500 ) ) ;
#464 = EDGE_CURVE ( 'NONE', #1614, #1296, #3475, .T. ) ;
#465 = CARTESIAN_POINT ( 'NONE',  ( -1.154700538379252600, -2.000000000000000000, -6.108333333333331600 ) ) ;
#466 = CARTESIAN_POINT ( 'NONE',  ( -0.7358438687518589200, 1.545336663013166900, -0.3143894869138150200 ) ) ;
#467 = CARTESIAN_POINT ( 'NONE',  ( 0.8922005383792495100, -1.545336663013167700, -4.854166666666661600 ) ) ;
#468 = CARTESIAN_POINT ( 'NONE',  ( 0.8922005383792494000, -1.545336663013167300, -1.441666666666662200 ) ) ;
#469 = CARTESIAN_POINT ( 'NONE',  ( -1.892491597964127000E-016, -1.545336663013166900, -2.899999999999995500 ) ) ;
#470 = ORIENTED_EDGE ( 'NONE', *, *, #1942, .F. ) ;
#471 = AXIS2_PLACEMENT_3D ( 'NONE', #3347, #1632, #3650 ) ;
#472 = EDGE_LOOP ( 'NONE', ( #1787, #3561, #3506, #2147 ) ) ;
#473 = CARTESIAN_POINT ( 'NONE',  ( 1.338300807568874500, -0.7726683315065842100, 0.8041666666666718000 ) ) ;
#474 = ORIENTED_EDGE ( 'NONE', *, *, #878, .T. ) ;
#475 = ORIENTED_EDGE ( 'NONE', *, *, #910, .T. ) ;
#476 = DIRECTION ( 'NONE',  ( -0.7071067811865487900, 8.659560562354948900E-017, 0.7071067811865463500 ) ) ;
#477 = ORIENTED_EDGE ( 'NONE', *, *, #1019, .T. ) ;
#478 = CARTESIAN_POINT ( 'NONE',  ( -1.610033639870258600, 0.8385293612052097100, -7.475842425014536600 ) ) ;
#479 = ORIENTED_EDGE ( 'NONE', *, *, #3254, .F. ) ;
#480 = CARTESIAN_POINT ( 'NONE',  ( -1.784401076758500100, 1.294267669813665100E-016, -0.8874999999999950700 ) ) ;
#481 = CARTESIAN_POINT ( 'NONE',  ( 0.8922005383792508400, 1.545336663013166600, -3.220833333333328300 ) ) ;
#482 = CARTESIAN_POINT ( 'NONE',  ( -1.784401076758499700, 1.294267669813665100E-016, 1.825000000000003700 ) ) ;
#483 = CARTESIAN_POINT ( 'NONE',  ( 0.8922005383792494000, -1.545336663013167300, 0.6583333333333371000 ) ) ;
#484 = FACE_OUTER_BOUND ( 'NONE', #3503, .T. ) ;
#485 = CARTESIAN_POINT ( 'NONE',  ( 0.6284844469536512400, -1.420854519681634700, -7.729663336986830800 ) ) ;
#486 = VECTOR ( 'NONE', #3410, 1000.000000000000000 ) ;
#487 = EDGE_CURVE ( 'NONE', #3557, #42, #55, .T. ) ;
#488 = CARTESIAN_POINT ( 'NONE',  ( -1.338300807568875200, -0.7726683315065832100, -6.429166666666660900 ) ) ;
#489 = CARTESIAN_POINT ( 'NONE',  ( 1.650665194268278200, 0.3348718104149965300, 1.312576156383123700 ) ) ;
#490 = CARTESIAN_POINT ( 'NONE',  ( 1.338300807568874500, -0.7726683315065842100, -2.695833333333328900 ) ) ;
#491 = CARTESIAN_POINT ( 'NONE',  ( -1.892491597964127200E-016, -1.545336663013167100, -5.612499999999995400 ) ) ;
#492 = CARTESIAN_POINT ( 'NONE',  ( 1.338300807568874500, -0.7726683315065840900, 2.116666666666671100 ) ) ;
#493 = CARTESIAN_POINT ( 'NONE',  ( -1.338300807568874900, -0.7726683315065832100, 1.883333333333337500 ) ) ;
#494 = FACE_OUTER_BOUND ( 'NONE', #1757, .T. ) ;
#495 = CARTESIAN_POINT ( 'NONE',  ( 1.176575538379251800, -2.037888611415571200, 1.773958333333334000 ) ) ;
#496 = CARTESIAN_POINT ( 'NONE',  ( 1.338300807568875600, 0.7726683315065825400, 1.620833333333338700 ) ) ;
#497 = CARTESIAN_POINT ( 'NONE',  ( -1.892491597964127200E-016, -1.545336663013167100, -7.712499999999995000 ) ) ;
#498 = DIRECTION ( 'NONE',  ( 0.9238795325112853000, 0.3826834323650931100, 0.0000000000000000000 ) ) ;
#499 = CARTESIAN_POINT ( 'NONE',  ( 1.347149247912897900, 1.365103955046452100, -0.05016312390655042900 ) ) ;
#500 = CARTESIAN_POINT ( 'NONE',  ( -0.8922005383792498400, 1.545336663013167100, -3.804166666666662300 ) ) ;
#501 = CARTESIAN_POINT ( 'NONE',  ( -1.176575538379253100, -2.037888611415570300, -8.142708333333331400 ) ) ;
#502 =( BOUNDED_CURVE ( )  B_SPLINE_CURVE ( 2, ( #72, #908, #337, #3208, #896, #38, #2100 ),
 .UNSPECIFIED., .F., .T. ) 
 B_SPLINE_CURVE_WITH_KNOTS ( ( 3, 2, 2, 3 ),
 ( 0.1874999999999999400, 0.1979166666666666300, 0.2083333333333333100, 0.2187500000000000000 ),
 .UNSPECIFIED. ) 
 CURVE ( )  GEOMETRIC_REPRESENTATION_ITEM ( )  RATIONAL_B_SPLINE_CURVE ( ( 1.000000000000000700, 0.8660254037844380400, 1.000000000000000000, 0.8660254037844387100, 1.000000000000000000, 0.8660254037844387100, 1.000000000000000000 ) ) 
 REPRESENTATION_ITEM ( '' )  );
#503 = EDGE_CURVE ( 'NONE', #432, #1832, #3526, .T. ) ;
#504 = CARTESIAN_POINT ( 'NONE',  ( 1.506665304538149500, -1.062893500474996400, -7.434894846320634800 ) ) ;
#505 = CARTESIAN_POINT ( 'NONE',  ( 1.764863307568878200, -1.018944305707786300, -6.611458333333332300 ) ) ;
#506 = VERTEX_POINT ( 'NONE', #775 ) ;
#507 = DIRECTION ( 'NONE',  ( -0.0000000000000000000, -2.585091490897066400E-018, 1.000000000000000000 ) ) ;
#508 = ORIENTED_EDGE ( 'NONE', *, *, #2163, .T. ) ;
#509 = AXIS2_PLACEMENT_3D ( 'NONE', #810, #3390, #3429 ) ;
#510 = CARTESIAN_POINT ( 'NONE',  ( -0.1195757982093140500, -1.940588290335670400, -7.334411709665642000 ) ) ;
#511 = ORIENTED_EDGE ( 'NONE', *, *, #3058, .T. ) ;
#512 = CARTESIAN_POINT ( 'NONE',  ( 0.0000000000000000000, 1.545336663013167100, -2.462499999999995000 ) ) ;
#513 = DIRECTION ( 'NONE',  ( -0.0000000000000000000, -2.585091490897066400E-018, 1.000000000000000000 ) ) ;
#514 = EDGE_LOOP ( 'NONE', ( #1523, #655, #260, #2235 ) ) ;
#515 = CARTESIAN_POINT ( 'NONE',  ( 0.0000000000000000000, 1.545336663013166900, 2.350000000000005000 ) ) ;
#516 = EDGE_LOOP ( 'NONE', ( #166, #1473, #3408, #3093 ) ) ;
#517 = CARTESIAN_POINT ( 'NONE',  ( 0.0000000000000000000, 0.0000000000000000000, 1.736319218633465100 ) ) ;
#518 = ORIENTED_EDGE ( 'NONE', *, *, #3499, .T. ) ;
#519 = CARTESIAN_POINT ( 'NONE',  ( 0.0000000000000000000, 0.0000000000000000000, 1.736319218648928900 ) ) ;
#520 = CARTESIAN_POINT ( 'NONE',  ( -1.154700538379252600, -2.000000000000000000, -1.208333333333331700 ) ) ;
#521 = CARTESIAN_POINT ( 'NONE',  ( 0.0000000000000000000, 2.000000000000000400, -2.899999999999999000 ) ) ;
#522 = ORIENTED_EDGE ( 'NONE', *, *, #878, .F. ) ;
#523 = ORIENTED_EDGE ( 'NONE', *, *, #2178, .F. ) ;
#524 = CARTESIAN_POINT ( 'NONE',  ( -2.449293598294707400E-016, -2.000000000000000400, -6.749999999999999100 ) ) ;
#525 = CARTESIAN_POINT ( 'NONE',  ( -1.154700538379253200, 1.999999999999997300, -6.954166666666664800 ) ) ;
#526 = CARTESIAN_POINT ( 'NONE',  ( -1.892491597964127000E-016, -1.545336663013166900, -7.729663336986828200 ) ) ;
#527 = VECTOR ( 'NONE', #2456, 1000.000000000000000 ) ;
#528 = CARTESIAN_POINT ( 'NONE',  ( -2.449293598294707400E-016, -2.000000000000000400, -6.662499999999998800 ) ) ;
#529 = CARTESIAN_POINT ( 'NONE',  ( 1.338300807568874500, -0.7726683315065840900, -5.583333333333328600 ) ) ;
#530 = CARTESIAN_POINT ( 'NONE',  ( 1.338300807568874500, -0.7726683315065842100, 0.1041666666666708100 ) ) ;
#531 = CARTESIAN_POINT ( 'NONE',  ( 0.8922005383792507300, 1.545336663013166400, 2.291666666666671000 ) ) ;
#532 = CARTESIAN_POINT ( 'NONE',  ( -2.495693764988923200E-016, -2.037888611415570800, -8.084374999999999600 ) ) ;
#533 = CARTESIAN_POINT ( 'NONE',  ( -0.5017690248028217100, 1.475096752303069100, 3.220220046021074400 ) ) ;
#534 = CARTESIAN_POINT ( 'NONE',  ( 0.8922005383792508400, 1.545336663013166600, 1.679166666666670700 ) ) ;
#535 = CARTESIAN_POINT ( 'NONE',  ( -1.176575538379253100, -2.037888611415570300, -6.786458333333332100 ) ) ;
#536 = EDGE_CURVE ( 'NONE', #85, #3276, #2549, .T. ) ;
#537 = CARTESIAN_POINT ( 'NONE',  ( -1.732050807568877900, -0.9999999999999997800, -6.866666666666666300 ) ) ;
#538 = CARTESIAN_POINT ( 'NONE',  ( 0.0000000000000000000, 0.0000000000000000000, 1.736319218647909900 ) ) ;
#539 = CONICAL_SURFACE ( 'NONE', #1085, 2.000000000000000400, 0.7853981633974496100 ) ;
#540 = DIRECTION ( 'NONE',  ( 0.0000000000000000000, -1.000000000000000000, 0.0000000000000000000 ) ) ;
#541 = AXIS2_PLACEMENT_3D ( 'NONE', #3126, #813, #3738 ) ;
#542 = FACE_OUTER_BOUND ( 'NONE', #2239, .T. ) ;
#543 = DIRECTION ( 'NONE',  ( 1.000000000000000000, 0.0000000000000000000, 0.0000000000000000000 ) ) ;
#544 = CARTESIAN_POINT ( 'NONE',  ( -0.8922005383792498400, 1.545336663013167100, -2.404166666666662300 ) ) ;
#545 = CARTESIAN_POINT ( 'NONE',  ( -1.745740669421566700E-015, 0.5000000000000000000, 3.199999999999999700 ) ) ;
#546 = CARTESIAN_POINT ( 'NONE',  ( 2.353151076758504900, -4.121031264803704200E-016, -5.109374999999999100 ) ) ;
#547 = CARTESIAN_POINT ( 'NONE',  ( -0.3590764091019575400, -1.308182966920133700, 0.9832910600397502000 ) ) ;
#548 = CARTESIAN_POINT ( 'NONE',  ( -1.338300807568874900, -0.7726683315065832100, -7.916666666666662500 ) ) ;
#549 = DIRECTION ( 'NONE',  ( -0.0000000000000000000, -2.585091490897066400E-018, 1.000000000000000000 ) ) ;
#550 = ADVANCED_FACE ( 'NONE', ( #1072 ), #2836, .T. ) ;
#551 = CARTESIAN_POINT ( 'NONE',  ( -1.338300807568875200, -0.7726683315065832100, -5.729166666666661600 ) ) ;
#552 = CARTESIAN_POINT ( 'NONE',  ( 2.449293598294706900E-016, 2.000000000000000400, 2.200000000000000600 ) ) ;
#553 = CARTESIAN_POINT ( 'NONE',  ( -1.732050807568877600, 1.000000000000000400, -1.295833333333331600 ) ) ;
#554 = UNCERTAINTY_MEASURE_WITH_UNIT (LENGTH_MEASURE( 1.000000000000000100E-005 ), #440, 'distance_accuracy_value', 'NONE');
#555 = CARTESIAN_POINT ( 'NONE',  ( -1.784401076758499900, 1.294267669813665100E-016, -2.287499999999995200 ) ) ;
#556 = CARTESIAN_POINT ( 'NONE',  ( 1.784401076758499900, -3.076254464281110000E-016, 0.8625000000000056000 ) ) ;
#557 = CARTESIAN_POINT ( 'NONE',  ( 0.4657886768156697100, 2.349495442072250900, 2.808962786656433500 ) ) ;
#558 = CARTESIAN_POINT ( 'NONE',  ( -1.764863307568878700, -1.018944305707784900, -6.101041666666666300 ) ) ;
#559 = AXIS2_PLACEMENT_3D ( 'NONE', #3528, #1216, #1810 ) ;
#560 = EDGE_CURVE ( 'NONE', #3549, #2962, #462, .T. ) ;
#561 = CARTESIAN_POINT ( 'NONE',  ( 0.3163714390882457800, 1.438218879622112500, 1.101115944497855800 ) ) ;
#562 = ORIENTED_EDGE ( 'NONE', *, *, #444, .T. ) ;
#563 = ORIENTED_EDGE ( 'NONE', *, *, #777, .F. ) ;
#564 = CARTESIAN_POINT ( 'NONE',  ( -0.8922005383792506200, -1.545336663013166600, -3.570833333333328900 ) ) ;
#565 = CARTESIAN_POINT ( 'NONE',  ( 1.607589927125668600, -0.8191520151166205000, -0.1203817126994009300 ) ) ;
#566 = ORIENTED_EDGE ( 'NONE', *, *, #1143, .T. ) ;
#567 = CARTESIAN_POINT ( 'NONE',  ( -1.438218879622112900, 0.3163714390882406100, 1.101115944497855300 ) ) ;
#568 = ORIENTED_EDGE ( 'NONE', *, *, #2428, .F. ) ;
#569 = CARTESIAN_POINT ( 'NONE',  ( 0.0000000000000000000, 0.0000000000000000000, 0.4500000000000083400 ) ) ;
#570 = CARTESIAN_POINT ( 'NONE',  ( 1.338300807568875600, 0.7726683315065825400, 0.9208333333333377200 ) ) ;
#571 = CARTESIAN_POINT ( 'NONE',  ( 0.0000000000000000000, 6.628682924999594700E-017, 2.200000000000000600 ) ) ;
#572 = ORIENTED_EDGE ( 'NONE', *, *, #2097, .F. ) ;
#573 = CARTESIAN_POINT ( 'NONE',  ( 1.176575538379253500, 2.037888611415570300, -4.292708333333332700 ) ) ;
#574 = VERTEX_POINT ( 'NONE', #3086 ) ;
#575 = AXIS2_PLACEMENT_3D ( 'NONE', #308, #1413, #880 ) ;
#576 = CARTESIAN_POINT ( 'NONE',  ( -1.154700538379251500, 2.000000000000000000, -2.754166666666665500 ) ) ;
#577 = CARTESIAN_POINT ( 'NONE',  ( 2.353151076758504900, -4.121031264803704200E-016, -5.853124999999999500 ) ) ;
#578 = LINE ( 'NONE', #766, #527 ) ;
#579 = CARTESIAN_POINT ( 'NONE',  ( -1.892491597964127200E-016, -1.545336663013167100, -3.512499999999994800 ) ) ;
#580 = CARTESIAN_POINT ( 'NONE',  ( 0.5447000509464149400, -0.7614728652963901300, 0.5521150284550815400 ) ) ;
#581 = FACE_OUTER_BOUND ( 'NONE', #612, .T. ) ;
#582 = CARTESIAN_POINT ( 'NONE',  ( 1.154700538379251200, -2.000000000000000900, -5.991666666666665400 ) ) ;
#583 = CARTESIAN_POINT ( 'NONE',  ( 0.4345047692487429300, -2.258020380849989900, 2.451386086931441400 ) ) ;
#584 = CARTESIAN_POINT ( 'NONE',  ( -1.338300807568874900, 0.7726683315065837600, -0.9458333333333280900 ) ) ;
#585 = DIRECTION ( 'NONE',  ( -0.0000000000000000000, -2.585091490897066400E-018, 1.000000000000000000 ) ) ;
#586 = CARTESIAN_POINT ( 'NONE',  ( 0.0000000000000000000, 2.037888611415570800, -7.034374999999998900 ) ) ;
#587 = APPROVAL_PERSON_ORGANIZATION ( #2837, #65, #394 ) ;
#588 = CARTESIAN_POINT ( 'NONE',  ( -2.449293598294707400E-016, -2.000000000000000400, -0.3624999999999986000 ) ) ;
#589 = DIRECTION ( 'NONE',  ( 0.08714264840443983200, -0.01733375049385935800, 0.9960450290638855900 ) ) ;
#590 = CARTESIAN_POINT ( 'NONE',  ( -1.339755667011313800, -1.074980214682521600, 2.693656657562950600 ) ) ;
#591 = CARTESIAN_POINT ( 'NONE',  ( 1.764863307568878200, -1.018944305707786300, -5.211458333333332000 ) ) ;
#592 = CARTESIAN_POINT ( 'NONE',  ( 2.074731665576417000, -0.3719445246109035500, 1.736319218647910600 ) ) ;
#593 = CARTESIAN_POINT ( 'NONE',  ( 0.3927480814518938800, 0.9481777448371748700, 3.199999999999999700 ) ) ;
#594 = ORIENTED_EDGE ( 'NONE', *, *, #2412, .F. ) ;
#595 = EDGE_CURVE ( 'NONE', #42, #121, #2419, .T. ) ;
#596 = VECTOR ( 'NONE', #2337, 1000.000000000000100 ) ;
#597 = CARTESIAN_POINT ( 'NONE',  ( -1.338300807568875200, -0.7726683315065832100, -5.029166666666661500 ) ) ;
#598 = CARTESIAN_POINT ( 'NONE',  ( 0.3088154878942650500, -1.677868795309093600, -0.1716507234442088700 ) ) ;
#599 = CARTESIAN_POINT ( 'NONE',  ( -0.5447000509464098300, 0.7614728652963934600, 0.5521150284550819800 ) ) ;
#600 = DIRECTION ( 'NONE',  ( -0.0000000000000000000, -2.585091490897066400E-018, 1.000000000000000000 ) ) ;
#601 = CARTESIAN_POINT ( 'NONE',  ( 1.784401076758499900, -3.076254464281109500E-016, -2.024999999999995500 ) ) ;
#602 = CARTESIAN_POINT ( 'NONE',  ( 0.6034951918157754900, 0.6034951918157754900, 0.4819823870704101900 ) ) ;
#603 = CARTESIAN_POINT ( 'NONE',  ( -2.309401076758503800, 1.615737454589847100E-016, -4.824999999999998400 ) ) ;
#604 = CARTESIAN_POINT ( 'NONE',  ( 0.0000000000000000000, 2.037888611415570800, -4.934374999999999300 ) ) ;
#605 = CARTESIAN_POINT ( 'NONE',  ( -1.154700538379252600, -2.000000000000000000, -0.4208333333333324500 ) ) ;
#606 = CARTESIAN_POINT ( 'NONE',  ( -1.338300807568874900, 0.7726683315065837600, 2.554166666666671600 ) ) ;
#607 = CARTESIAN_POINT ( 'NONE',  ( 1.764863307568879300, 1.018944305707783800, -5.094791666666665700 ) ) ;
#608 = CARTESIAN_POINT ( 'NONE',  ( -2.074731665576671900, -0.3719445246110287300, 1.736319218648928900 ) ) ;
#609 =( BOUNDED_CURVE ( )  B_SPLINE_CURVE ( 2, ( #879, #1744, #3468, #2899, #1187, #291, #1480 ),
 .UNSPECIFIED., .F., .T. ) 
 B_SPLINE_CURVE_WITH_KNOTS ( ( 3, 2, 2, 3 ),
 ( 0.5803148519000864700, 0.5907315185667532100, 0.6011481852334197300, 0.6115648519000864700 ),
 .UNSPECIFIED. ) 
 CURVE ( )  GEOMETRIC_REPRESENTATION_ITEM ( )  RATIONAL_B_SPLINE_CURVE ( ( 1.000000000000000000, 0.8660254037844387100, 1.000000000000000000, 0.8660254037844387100, 1.000000000000000000, 0.8660254037844387100, 1.000000000000000000 ) ) 
 REPRESENTATION_ITEM ( '' )  );
#610 = CARTESIAN_POINT ( 'NONE',  ( 0.0000000000000000000, 1.545336663013167100, -3.862499999999995400 ) ) ;
#611 = CARTESIAN_POINT ( 'NONE',  ( 2.309401076758503800, -4.040663818609657100E-016, -1.674999999999998700 ) ) ;
#612 = EDGE_LOOP ( 'NONE', ( #3527, #1196, #1520, #2538 ) ) ;
#613 = ORIENTED_EDGE ( 'NONE', *, *, #2477, .T. ) ;
#614 = PLANE ( 'NONE',  #3551 ) ;
#615 = CARTESIAN_POINT ( 'NONE',  ( 0.8922005383792508400, 1.545336663013166400, -3.308333333333329100 ) ) ;
#616 = CARTESIAN_POINT ( 'NONE',  ( 0.0000000000000000000, 1.545336663013167100, 2.437500000000005800 ) ) ;
#617 = CARTESIAN_POINT ( 'NONE',  ( 0.0000000000000000000, 2.000000000000000400, -4.912499999999998800 ) ) ;
#618 = CARTESIAN_POINT ( 'NONE',  ( -1.764863307568878400, 1.018944305707785600, -3.417708333333332700 ) ) ;
#619 = ORIENTED_EDGE ( 'NONE', *, *, #645, .T. ) ;
#620 = EDGE_CURVE ( 'NONE', #2634, #3644, #1121, .T. ) ;
#621 = CARTESIAN_POINT ( 'NONE',  ( -1.764863307568878400, 1.018944305707785600, -3.461458333333332000 ) ) ;
#622 = CARTESIAN_POINT ( 'NONE',  ( -0.4502207085258192500, -2.303974247209652900, 2.631020094855896800 ) ) ;
#623 = CARTESIAN_POINT ( 'NONE',  ( -2.449293598294707400E-016, -2.000000000000000400, -3.949999999999998800 ) ) ;
#624 = VERTEX_POINT ( 'NONE', #781 ) ;
#625 = VERTEX_POINT ( 'NONE', #3111 ) ;
#626 = AXIS2_PLACEMENT_3D ( 'NONE', #718, #1006, #690 ) ;
#627 = EDGE_LOOP ( 'NONE', ( #934, #2484, #1399, #667 ) ) ;
#628 = FACE_OUTER_BOUND ( 'NONE', #3553, .T. ) ;
#629 = CARTESIAN_POINT ( 'NONE',  ( 1.338300807568874500, -0.7726683315065840900, -2.783333333333329700 ) ) ;
#630 = CARTESIAN_POINT ( 'NONE',  ( 1.176575538379253500, 2.037888611415570300, -2.192708333333332600 ) ) ;
#631 = VECTOR ( 'NONE', #476, 999.9999999999998900 ) ;
#632 = CARTESIAN_POINT ( 'NONE',  ( -0.6034951918157778200, 0.6034951918157732700, 0.4819823870704100800 ) ) ;
#633 = CARTESIAN_POINT ( 'NONE',  ( 1.176575538379253500, 2.037888611415570300, -5.736458333333332300 ) ) ;
#634 = CARTESIAN_POINT ( 'NONE',  ( -0.2390702984979510300, 1.731525696417887600, -7.543474303582121000 ) ) ;
#635 = DIRECTION ( 'NONE',  ( -0.3812272063696536300, -0.9203638919632243200, 0.08715574274765837400 ) ) ;
#636 =( BOUNDED_CURVE ( )  B_SPLINE_CURVE ( 1, ( #643, #1498 ),
 .UNSPECIFIED., .F., .T. ) 
 B_SPLINE_CURVE_WITH_KNOTS ( ( 2, 2 ),
 ( 0.0000000000000000000, 0.0005250000000018476600 ),
 .UNSPECIFIED. ) 
 CURVE ( )  GEOMETRIC_REPRESENTATION_ITEM ( )  RATIONAL_B_SPLINE_CURVE ( ( 0.9648280148942309800, 0.9648280148942309800 ) ) 
 REPRESENTATION_ITEM ( '' )  );
#637 = CARTESIAN_POINT ( 'NONE',  ( -2.449293598294707400E-016, -2.000000000000000400, -5.349999999999997900 ) ) ;
#638 = CARTESIAN_POINT ( 'NONE',  ( 0.8922005383792508400, 1.545336663013166400, -2.608333333333329400 ) ) ;
#639 = EDGE_CURVE ( 'NONE', #3367, #3739, #401, .T. ) ;
#640 = CARTESIAN_POINT ( 'NONE',  ( -2.353151076758504900, 1.642526603321196800E-016, -1.959374999999999400 ) ) ;
#641 = CARTESIAN_POINT ( 'NONE',  ( 1.338300807568874500, -0.7726683315065842100, -7.595833333333328800 ) ) ;
#642 = CARTESIAN_POINT ( 'NONE',  ( -2.495693764988923200E-016, -2.037888611415570800, -2.528124999999998400 ) ) ;
#643 = CARTESIAN_POINT ( 'NONE',  ( -1.552639347747552900, 1.260678807558077000, -3.278118976877221800E-015 ) ) ;
#644 = CARTESIAN_POINT ( 'NONE',  ( 0.0000000000000000000, 1.545336663013166900, -8.149999999999995000 ) ) ;
#645 = EDGE_CURVE ( 'NONE', #1691, #1968, #99, .T. ) ;
#646 = DIRECTION ( 'NONE',  ( -0.0000000000000000000, -0.0000000000000000000, -1.000000000000000000 ) ) ;
#647 = CARTESIAN_POINT ( 'NONE',  ( -1.338300807568874700, 0.7726683315065836500, -3.833333333333329000 ) ) ;
#648 = CARTESIAN_POINT ( 'NONE',  ( 1.154700538379252800, 1.999999999999999600, -0.07083333333333106900 ) ) ;
#649 = CARTESIAN_POINT ( 'NONE',  ( -1.764863307568878400, 1.018944305707785600, -0.6177083333333329700 ) ) ;
#650 = CARTESIAN_POINT ( 'NONE',  ( -1.199675254255404800, 0.9740865908018140300, -0.2625000000000181600 ) ) ;
#651 = CARTESIAN_POINT ( 'NONE',  ( -1.764863307568878700, -1.018944305707784900, -1.244791666666665000 ) ) ;
#652 = CARTESIAN_POINT ( 'NONE',  ( 1.338300807568874500, -0.7726683315065840900, -2.783333333333329700 ) ) ;
#653 = CARTESIAN_POINT ( 'NONE',  ( 0.8922005383792507300, 1.545336663013166400, -6.808333333333328200 ) ) ;
#654 = VERTEX_POINT ( 'NONE', #2833 ) ;
#655 = ORIENTED_EDGE ( 'NONE', *, *, #1411, .T. ) ;
#656 = CARTESIAN_POINT ( 'NONE',  ( 0.0000000000000000000, -2.000000000000000400, -7.274999999999996800 ) ) ;
#657 = CARTESIAN_POINT ( 'NONE',  ( 2.309401076758503800, -4.040663818609657100E-016, -5.087499999999998600 ) ) ;
#658 = VERTEX_POINT ( 'NONE', #1112 ) ;
#659 = CARTESIAN_POINT ( 'NONE',  ( 0.0000000000000000000, 2.037888611415570800, -0.03437499999999968400 ) ) ;
#660 = CONICAL_SURFACE ( 'NONE', #1225, 3.160744349011211300, 0.7853981633974499400 ) ;
#661 = EDGE_LOOP ( 'NONE', ( #3639, #1208, #2157, #424 ) ) ;
#662 = EDGE_CURVE ( 'NONE', #3048, #3371, #322, .T. ) ;
#663 = ORIENTED_EDGE ( 'NONE', *, *, #595, .F. ) ;
#664 = CARTESIAN_POINT ( 'NONE',  ( -1.545336663013140900, 0.1749614716503355700, -0.2625000000000010700 ) ) ;
#665 = CARTESIAN_POINT ( 'NONE',  ( 1.764863307568879300, 1.018944305707783800, 0.5052083333333349200 ) ) ;
#666 = CARTESIAN_POINT ( 'NONE',  ( 0.0000000000000000000, 1.545336663013166900, -5.349999999999995200 ) ) ;
#667 = ORIENTED_EDGE ( 'NONE', *, *, #1633, .F. ) ;
#668 = CARTESIAN_POINT ( 'NONE',  ( 1.338300807568874500, -0.7726683315065840900, -5.583333333333328600 ) ) ;
#669 = CIRCLE ( 'NONE', #380, 7.529586274483599500 ) ;
#670 = CARTESIAN_POINT ( 'NONE',  ( -1.942223146741670700E-016, -1.585945554337725900, -7.689054445662270300 ) ) ;
#671 = CARTESIAN_POINT ( 'NONE',  ( 0.0000000000000000000, 6.628682924999594700E-017, 2.200000000000000600 ) ) ;
#672 = CARTESIAN_POINT ( 'NONE',  ( -1.764863307568878700, -1.018944305707784900, 0.8989583333333331900 ) ) ;
#673 = CARTESIAN_POINT ( 'NONE',  ( -1.892491597964127200E-016, -1.545336663013167100, 1.387500000000005100 ) ) ;
#674 =( BOUNDED_CURVE ( )  B_SPLINE_CURVE ( 2, ( #2867, #2047, #2000, #1438, #2594, #3482, #1145 ),
 .UNSPECIFIED., .F., .T. ) 
 B_SPLINE_CURVE_WITH_KNOTS ( ( 3, 2, 2, 3 ),
 ( 0.5490648519000864700, 0.5594815185667532100, 0.5698981852334197300, 0.5803148519000864700 ),
 .UNSPECIFIED. ) 
 CURVE ( )  GEOMETRIC_REPRESENTATION_ITEM ( )  RATIONAL_B_SPLINE_CURVE ( ( 1.000000000000000000, 0.8660254037844387100, 1.000000000000000000, 0.8660254037844387100, 1.000000000000000000, 0.8660254037844387100, 1.000000000000000000 ) ) 
 REPRESENTATION_ITEM ( '' )  );
#675 = CARTESIAN_POINT ( 'NONE',  ( -0.8922005383792506200, -1.545336663013166600, -3.570833333333328400 ) ) ;
#676 = CARTESIAN_POINT ( 'NONE',  ( -1.764863307568878400, 1.018944305707785600, -2.061458333333331600 ) ) ;
#677 = CARTESIAN_POINT ( 'NONE',  ( 1.338300807568874500, -0.7726683315065840900, -4.183333333333329100 ) ) ;
#678 = CARTESIAN_POINT ( 'NONE',  ( -1.784401076758499700, 1.294267669813664600E-016, -4.474999999999996100 ) ) ;
#679 = PERSON_AND_ORGANIZATION ( #871, #911 ) ;
#680 = VECTOR ( 'NONE', #1081, 999.9999999999998900 ) ;
#681 = CARTESIAN_POINT ( 'NONE',  ( 0.0000000000000000000, 6.628682924999594700E-017, 2.200000000000000600 ) ) ;
#682 = CARTESIAN_POINT ( 'NONE',  ( 5.237222008264700000E-015, -0.5000000000000000000, 3.199999999999999700 ) ) ;
#683 = EDGE_CURVE ( 'NONE', #1832, #1165, #2576, .T. ) ;
#684 = CARTESIAN_POINT ( 'NONE',  ( -1.338300807568875200, -0.7726683315065832100, -6.429166666666660900 ) ) ;
#685 = CARTESIAN_POINT ( 'NONE',  ( 1.338300807568874500, -0.7726683315065840900, -6.983333333333329000 ) ) ;
#686 = CARTESIAN_POINT ( 'NONE',  ( -2.353151076758504900, 1.642526603321196800E-016, 0.7968750000000005600 ) ) ;
#687 = CARTESIAN_POINT ( 'NONE',  ( 1.338300807568875400, 0.7726683315065824300, -2.666666666666662500 ) ) ;
#688 = CARTESIAN_POINT ( 'NONE',  ( -1.338300807568874900, -0.7726683315065832100, -5.116666666666662700 ) ) ;
#689 = AXIS2_PLACEMENT_3D ( 'NONE', #571, #1477, #2862 ) ;
#690 = DIRECTION ( 'NONE',  ( 0.0000000000000000000, -1.000000000000000000, 0.0000000000000000000 ) ) ;
#691 = VERTEX_POINT ( 'NONE', #1356 ) ;
#692 = CARTESIAN_POINT ( 'NONE',  ( 2.349495442072256200, -0.4657886768156451200, 2.808962786656433500 ) ) ;
#693 = ORIENTED_EDGE ( 'NONE', *, *, #1463, .T. ) ;
#694 = CARTESIAN_POINT ( 'NONE',  ( -1.892491597964127200E-016, -1.545336663013167100, -5.612499999999995400 ) ) ;
#695 = CARTESIAN_POINT ( 'NONE',  ( 1.176575538379251800, -2.037888611415571200, 2.430208333333334600 ) ) ;
#696 = CARTESIAN_POINT ( 'NONE',  ( -1.784401076758499700, 1.294267669813664600E-016, -5.174999999999996300 ) ) ;
#697 = CARTESIAN_POINT ( 'NONE',  ( 1.784401076758499700, -3.076254464281109500E-016, -4.124999999999996400 ) ) ;
#698 = ORIENTED_EDGE ( 'NONE', *, *, #1118, .T. ) ;
#699 = ORIENTED_EDGE ( 'NONE', *, *, #1219, .F. ) ;
#700 = EDGE_CURVE ( 'NONE', #1875, #3419, #1618, .T. ) ;
#701 = VERTEX_POINT ( 'NONE', #1125 ) ;
#702 = ADVANCED_FACE ( 'NONE', ( #943 ), #759, .T. ) ;
#703 = CARTESIAN_POINT ( 'NONE',  ( 1.154700538379251200, -2.000000000000000900, -5.904166666666665000 ) ) ;
#704 = CARTESIAN_POINT ( 'NONE',  ( 2.449293598294706900E-016, 2.000000000000000400, 2.200000000000000600 ) ) ;
#705 = ORIENTED_EDGE ( 'NONE', *, *, #3615, .F. ) ;
#706 = CARTESIAN_POINT ( 'NONE',  ( 0.7614728652963959100, 0.5447000509464070600, 0.5521150284550820900 ) ) ;
#707 = VECTOR ( 'NONE', #3436, 1000.000000000000000 ) ;
#708 = EDGE_CURVE ( 'NONE', #3320, #1374, #1348, .T. ) ;
#709 = CARTESIAN_POINT ( 'NONE',  ( -1.338300807568874900, 0.7726683315065837600, -6.545833333333329000 ) ) ;
#710 = CARTESIAN_POINT ( 'NONE',  ( -0.8922005383792506200, -1.545336663013166600, -7.770833333333328600 ) ) ;
#711 = CARTESIAN_POINT ( 'NONE',  ( -0.8922005383792502900, -1.545336663013166400, 0.5416666666666711800 ) ) ;
#712 = CARTESIAN_POINT ( 'NONE',  ( 0.0000000000000000000, 1.545336663013166900, -1.149999999999995700 ) ) ;
#713 = CIRCLE ( 'NONE', #1001, 2.000000000000001300 ) ;
#714 = CARTESIAN_POINT ( 'NONE',  ( 0.0000000000000000000, 1.545336663013167100, 1.037500000000005400 ) ) ;
#715 = B_SPLINE_CURVE_WITH_KNOTS ( 'NONE', 3,
 ( #2921, #2335, #2053, #56 ),
 .UNSPECIFIED., .F., .F.,
 ( 4, 4 ),
 ( 0.0009747066183789338800, 0.001228490824140382700 ),
 .UNSPECIFIED. ) ;
#716 = CARTESIAN_POINT ( 'NONE',  ( -2.449293598294707400E-016, -2.000000000000000400, -0.3624999999999986000 ) ) ;
#717 = DIRECTION ( 'NONE',  ( 1.000000000000000000, 0.0000000000000000000, 0.0000000000000000000 ) ) ;
#718 = CARTESIAN_POINT ( 'NONE',  ( 0.0000000000000000000, 9.078057112624564700E-017, -7.274999999999996800 ) ) ;
#719 = CARTESIAN_POINT ( 'NONE',  ( 0.0000000000000000000, 6.628682924999594700E-017, 2.200000000000000600 ) ) ;
#720 = ORIENTED_EDGE ( 'NONE', *, *, #1707, .F. ) ;
#721 = DATE_AND_TIME ( #100, #1226 ) ;
#722 = CARTESIAN_POINT ( 'NONE',  ( 0.8922005383792509500, 1.545336663013166600, -1.820833333333328900 ) ) ;
#723 = CARTESIAN_POINT ( 'NONE',  ( 1.784401076758499700, -3.076254464281109500E-016, -6.924999999999995400 ) ) ;
#724 = CARTESIAN_POINT ( 'NONE',  ( 1.764863307568878200, -1.018944305707786300, 2.488541666666668200 ) ) ;
#725 = CARTESIAN_POINT ( 'NONE',  ( -0.8922005383792502900, -1.545336663013166400, 1.241666666666670700 ) ) ;
#726 = CARTESIAN_POINT ( 'NONE',  ( 0.8922005383792494000, -1.545336663013167300, -2.141666666666662600 ) ) ;
#727 = ADVANCED_FACE ( 'NONE', ( #1842 ), #289, .T. ) ;
#728 = CARTESIAN_POINT ( 'NONE',  ( 0.0000000000000000000, 1.545336663013167100, -1.062499999999994900 ) ) ;
#729 = CARTESIAN_POINT ( 'NONE',  ( 2.309401076758503800, -4.040663818609657100E-016, -2.287499999999998300 ) ) ;
#730 = CARTESIAN_POINT ( 'NONE',  ( 0.0000000000000000000, -2.000000000000000400, 2.200000000000000600 ) ) ;
#731 = EDGE_CURVE ( 'NONE', #624, #2196, #11, .T. ) ;
#732 = CARTESIAN_POINT ( 'NONE',  ( -1.199675254255404800, 0.9740865908018140300, -0.2625000000000181600 ) ) ;
#733 = CARTESIAN_POINT ( 'NONE',  ( 0.8922005383792495100, -1.545336663013167700, -6.254166666666662000 ) ) ;
#734 = CARTESIAN_POINT ( 'NONE',  ( -0.8922005383792497300, 1.545336663013166900, -1.091666666666662800 ) ) ;
#735 = CARTESIAN_POINT ( 'NONE',  ( -1.338300807568874700, 0.7726683315065836500, -0.3333333333333296000 ) ) ;
#736 = AXIS2_PLACEMENT_3D ( 'NONE', #3130, #3164, #815 ) ;
#737 = CARTESIAN_POINT ( 'NONE',  ( 0.0000000000000000000, 1.545336663013167100, 0.3375000000000044600 ) ) ;
#738 = B_SPLINE_CURVE_WITH_KNOTS ( 'NONE', 3,
 ( #326, #2632, #2347, #2950, #1508, #1213 ),
 .UNSPECIFIED., .F., .F.,
 ( 4, 2, 4 ),
 ( 0.0000000000000000000, 0.0005391441355368826900, 0.001078288271073765400 ),
 .UNSPECIFIED. ) ;
#739 = ADVANCED_FACE ( 'NONE', ( #179 ), #1036, .T. ) ;
#740 = CARTESIAN_POINT ( 'NONE',  ( 0.0000000000000000000, 2.395221894474073300, 2.808962786656433500 ) ) ;
#741 = ORIENTED_EDGE ( 'NONE', *, *, #3106, .F. ) ;
#742 = DIRECTION ( 'NONE',  ( -1.000000000000000000, 0.0000000000000000000, 0.0000000000000000000 ) ) ;
#743 = VERTEX_POINT ( 'NONE', #2589 ) ;
#744 = ORIENTED_EDGE ( 'NONE', *, *, #3679, .T. ) ;
#745 = CARTESIAN_POINT ( 'NONE',  ( 0.0000000000000000000, 1.545336663013167100, -8.062499999999994700 ) ) ;
#746 = CARTESIAN_POINT ( 'NONE',  ( -1.338300807568874700, 0.7726683315065836500, -1.033333333333328800 ) ) ;
#747 = LINE ( 'NONE', #533, #1430 ) ;
#748 = CARTESIAN_POINT ( 'NONE',  ( -1.784401076758499700, 1.294267669813665100E-016, -3.074999999999996200 ) ) ;
#749 = ORIENTED_EDGE ( 'NONE', *, *, #3225, .T. ) ;
#750 = ORIENTED_EDGE ( 'NONE', *, *, #3712, .F. ) ;
#751 = CONICAL_SURFACE ( 'NONE', #2658, 2.499999999999999600, 0.2617993877991500700 ) ;
#752 = CARTESIAN_POINT ( 'NONE',  ( -1.338300807568875200, -0.7726683315065832100, -0.1291666666666611000 ) ) ;
#753 = CC_DESIGN_PERSON_AND_ORGANIZATION_ASSIGNMENT ( #451, #992, ( #2550 ) ) ;
#754 = EDGE_CURVE ( 'NONE', #919, #161, #3069, .T. ) ;
#755 = FACE_OUTER_BOUND ( 'NONE', #2585, .T. ) ;
#756 = CARTESIAN_POINT ( 'NONE',  ( 0.8169767281074396000, 1.486107520114341200, -7.587754852257745600 ) ) ;
#757 = DIRECTION ( 'NONE',  ( 0.0000000000000000000, 0.0000000000000000000, 1.000000000000000000 ) ) ;
#758 = CARTESIAN_POINT ( 'NONE',  ( -1.836017576330075700, 0.03074834840350652900, -7.442646804695321800 ) ) ;
#759 = CYLINDRICAL_SURFACE ( 'NONE', #689, 2.000000000000000400 ) ;
#760 = CARTESIAN_POINT ( 'NONE',  ( 0.8922005383792495100, -1.545336663013167700, -3.454166666666661300 ) ) ;
#761 = CARTESIAN_POINT ( 'NONE',  ( 0.8922005383792495100, -1.545336663013167700, -4.154166666666662300 ) ) ;
#762 = CARTESIAN_POINT ( 'NONE',  ( 1.338300807568874500, -0.7726683315065840900, 0.7166666666666710000 ) ) ;
#763 = CARTESIAN_POINT ( 'NONE',  ( -1.784401076758499700, 1.294267669813665100E-016, -0.9749999999999957600 ) ) ;
#764 = ADVANCED_FACE ( 'NONE', ( #3294 ), #3652, .T. ) ;
#765 = CARTESIAN_POINT ( 'NONE',  ( 1.784401076758499900, -3.076254464281110000E-016, -1.237499999999994700 ) ) ;
#766 = CARTESIAN_POINT ( 'NONE',  ( 2.449293598294706900E-016, 2.000000000000000400, 2.200000000000000600 ) ) ;
#767 = FACE_OUTER_BOUND ( 'NONE', #2929, .T. ) ;
#768 = CARTESIAN_POINT ( 'NONE',  ( -1.746278514343802900, 0.5024218145787274800, -7.461902271924919300 ) ) ;
#769 = DIRECTION ( 'NONE',  ( -0.0000000000000000000, -2.585091490897066400E-018, 1.000000000000000000 ) ) ;
#770 = CARTESIAN_POINT ( 'NONE',  ( -1.338300807568875200, -0.7726683315065832100, -5.029166666666661500 ) ) ;
#771 = DIRECTION ( 'NONE',  ( -0.0000000000000000000, -0.0000000000000000000, -1.000000000000000000 ) ) ;
#772 = CARTESIAN_POINT ( 'NONE',  ( 0.8922005383792507300, 1.545336663013166400, 0.1916666666666715600 ) ) ;
#773 = CARTESIAN_POINT ( 'NONE',  ( -1.764863307568878400, 1.018944305707785600, 2.182291666666667400 ) ) ;
#774 = ADVANCED_FACE ( 'NONE', ( #2976 ), #1447, .T. ) ;
#775 = CARTESIAN_POINT ( 'NONE',  ( -0.4657886768156532800, -2.349495442072254000, 2.808962786656433500 ) ) ;
#776 = PLANE ( 'NONE',  #3259 ) ;
#777 = EDGE_CURVE ( 'NONE', #2486, #2525, #1646, .T. ) ;
#778 = CARTESIAN_POINT ( 'NONE',  ( 0.0000000000000000000, 0.0000000000000000000, 1.736319218647910600 ) ) ;
#779 = DIRECTION ( 'NONE',  ( 0.0000000000000000000, -2.585091490897066400E-018, 1.000000000000000000 ) ) ;
#780 = CARTESIAN_POINT ( 'NONE',  ( 1.338300807568875600, 0.7726683315065825400, -6.079166666666661300 ) ) ;
#781 = CARTESIAN_POINT ( 'NONE',  ( 2.074731665576413400, 0.3719445246109250900, 1.736319218647910600 ) ) ;
#782 = CARTESIAN_POINT ( 'NONE',  ( -1.338300807568874700, 0.7726683315065836500, 1.766666666666671500 ) ) ;
#783 = ORIENTED_EDGE ( 'NONE', *, *, #503, .T. ) ;
#784 = ORIENTED_EDGE ( 'NONE', *, *, #3467, .F. ) ;
#785 = DIRECTION ( 'NONE',  ( -0.0000000000000000000, -2.585091490897066400E-018, 1.000000000000000000 ) ) ;
#786 = ORIENTED_EDGE ( 'NONE', *, *, #926, .T. ) ;
#787 = CARTESIAN_POINT ( 'NONE',  ( 2.309401076758503800, -4.040663818609657100E-016, -2.987499999999998000 ) ) ;
#788 = CARTESIAN_POINT ( 'NONE',  ( 0.0000000000000000000, 2.000000000000000400, -7.012499999999997500 ) ) ;
#789 = ORIENTED_EDGE ( 'NONE', *, *, #50, .T. ) ;
#790 = CARTESIAN_POINT ( 'NONE',  ( 1.792853438208500400, 0.5373243094327088100, -0.07694321595156102000 ) ) ;
#791 = EDGE_LOOP ( 'NONE', ( #479, #1159, #49, #843 ) ) ;
#792 = CARTESIAN_POINT ( 'NONE',  ( -1.732050807568877600, -0.9999999999999997800, -1.879166666666664900 ) ) ;
#793 = CARTESIAN_POINT ( 'NONE',  ( 0.0000000000000000000, 1.545336663013167100, -3.162499999999995200 ) ) ;
#794 = DIRECTION ( 'NONE',  ( 0.9203638919632243200, 0.3812272063696536800, -0.08715574274765836000 ) ) ;
#795 = ORIENTED_EDGE ( 'NONE', *, *, #135, .T. ) ;
#796 = CARTESIAN_POINT ( 'NONE',  ( -1.892491597964127000E-016, -1.545336663013166900, 2.000000000000003600 ) ) ;
#797 = LINE ( 'NONE', #3715, #1436 ) ;
#798 = CARTESIAN_POINT ( 'NONE',  ( 0.7800567096260704300, 0.7800567096260704300, 3.118766753137856500 ) ) ;
#799 = CARTESIAN_POINT ( 'NONE',  ( 1.655763750100283800, -0.8787804259157618900, -7.404167918688276700 ) ) ;
#800 = VECTOR ( 'NONE', #2518, 1000.000000000000000 ) ;
#801 = EDGE_CURVE ( 'NONE', #2438, #838, #2032, .T. ) ;
#802 = CARTESIAN_POINT ( 'NONE',  ( 0.8922005383792495100, -1.545336663013167700, -7.654166666666661500 ) ) ;
#803 = DIRECTION ( 'NONE',  ( 1.000000000000000000, 0.0000000000000000000, 0.0000000000000000000 ) ) ;
#804 = AXIS2_PLACEMENT_3D ( 'NONE', #2400, #2673, #2989 ) ;
#805 = CARTESIAN_POINT ( 'NONE',  ( -1.338300807568875200, -0.7726683315065832100, -2.229166666666661600 ) ) ;
#806 = CARTESIAN_POINT ( 'NONE',  ( -0.8922005383792497300, 1.545336663013166900, 1.708333333333337700 ) ) ;
#807 = CARTESIAN_POINT ( 'NONE',  ( 1.176575538379251800, -2.037888611415571200, -8.026041666666666100 ) ) ;
#808 = EDGE_LOOP ( 'NONE', ( #2407, #426, #88, #1973 ) ) ;
#809 = LOCAL_TIME ( 21, 42, 45.00000000000000000, #1582 ) ;
#810 = CARTESIAN_POINT ( 'NONE',  ( 0.0000000000000000000, 0.0000000000000000000, 2.789255650988791600 ) ) ;
#811 = CARTESIAN_POINT ( 'NONE',  ( 1.784401076758499900, -3.076254464281109500E-016, 1.562500000000004900 ) ) ;
#812 = CARTESIAN_POINT ( 'NONE',  ( -1.732050807568877900, -0.9999999999999997800, -1.266666666666664800 ) ) ;
#813 = DIRECTION ( 'NONE',  ( -6.734778262357127900E-015, 0.9961946980917455500, 0.08715574274765836000 ) ) ;
#814 = CARTESIAN_POINT ( 'NONE',  ( 1.784401076758499900, -3.076254464281110000E-016, -6.837499999999994100 ) ) ;
#815 = DIRECTION ( 'NONE',  ( 0.0000000000000000000, -1.000000000000000000, 0.0000000000000000000 ) ) ;
#816 = CARTESIAN_POINT ( 'NONE',  ( 1.204244558699384400, -1.590259687038857700, -7.284273799963120400 ) ) ;
#817 = CARTESIAN_POINT ( 'NONE',  ( 1.338300807568875400, 0.7726683315065824300, -5.466666666666663200 ) ) ;
#818 = CARTESIAN_POINT ( 'NONE',  ( -1.784401076758499900, 1.294267669813665100E-016, 0.5125000000000042900 ) ) ;
#819 = CARTESIAN_POINT ( 'NONE',  ( -1.764863307568878700, -1.018944305707784900, -7.501041666666666600 ) ) ;
#820 = EDGE_CURVE ( 'NONE', #2153, #47, #3647, .T. ) ;
#821 = CARTESIAN_POINT ( 'NONE',  ( 2.074731665576417000, -0.3719445246109035500, 1.736319218647910600 ) ) ;
#822 = CARTESIAN_POINT ( 'NONE',  ( 1.764863307568878200, -1.018944305707786300, 1.132291666666666900 ) ) ;
#823 = CARTESIAN_POINT ( 'NONE',  ( -1.892491597964127200E-016, -1.545336663013167100, 2.087500000000004400 ) ) ;
#824 = CARTESIAN_POINT ( 'NONE',  ( -1.764863307568878400, 1.018944305707785600, -6.961458333333332000 ) ) ;
#825 = DIRECTION ( 'NONE',  ( -0.9961946980917455500, -6.956390396483597400E-015, -0.08715574274765836000 ) ) ;
#826 = CARTESIAN_POINT ( 'NONE',  ( -2.309401076758503800, 1.615737454589847100E-016, -6.837499999999999500 ) ) ;
#827 = EDGE_CURVE ( 'NONE', #1865, #506, #1623, .T. ) ;
#828 = ORIENTED_EDGE ( 'NONE', *, *, #1823, .T. ) ;
#829 = ORIENTED_EDGE ( 'NONE', *, *, #620, .F. ) ;
#830 = CARTESIAN_POINT ( 'NONE',  ( 1.154700538379256300, 1.999999999999993600, -6.370833333333333600 ) ) ;
#831 = CARTESIAN_POINT ( 'NONE',  ( 0.8922005383792494000, -1.545336663013167300, -5.641666666666663100 ) ) ;
#832 = CARTESIAN_POINT ( 'NONE',  ( -1.784401076758499900, 1.294267669813665100E-016, -2.287499999999995200 ) ) ;
#833 = CARTESIAN_POINT ( 'NONE',  ( -1.732050807568877900, -0.9999999999999997800, -4.766666666666665700 ) ) ;
#834 = CARTESIAN_POINT ( 'NONE',  ( 1.176575538379251800, -2.037888611415571200, -6.626041666666664800 ) ) ;
#835 = ORIENTED_EDGE ( 'NONE', *, *, #1963, .F. ) ;
#836 = AXIS2_PLACEMENT_3D ( 'NONE', #1680, #2487, #1346 ) ;
#837 = ORIENTED_EDGE ( 'NONE', *, *, #2854, .F. ) ;
#838 = VERTEX_POINT ( 'NONE', #1790 ) ;
#839 = CARTESIAN_POINT ( 'NONE',  ( 1.837620236790420000, 2.024862342950431400E-014, -0.09374999999999818200 ) ) ;
#840 = CARTESIAN_POINT ( 'NONE',  ( 0.8922005383792494000, -1.545336663013167300, -7.741666666666661800 ) ) ;
#841 = CARTESIAN_POINT ( 'NONE',  ( -1.176575538379252000, 2.037888611415570800, -6.319791666666665400 ) ) ;
#842 = ORIENTED_EDGE ( 'NONE', *, *, #1729, .T. ) ;
#843 = ORIENTED_EDGE ( 'NONE', *, *, #1513, .F. ) ;
#844 = CIRCLE ( 'NONE', #2312, 7.529586274483599500 ) ;
#845 = CARTESIAN_POINT ( 'NONE',  ( -0.8922005383792498400, 1.545336663013167100, -5.204166666666661300 ) ) ;
#846 = DIRECTION ( 'NONE',  ( -0.0000000000000000000, -2.585091490897066400E-018, 1.000000000000000000 ) ) ;
#847 = CARTESIAN_POINT ( 'NONE',  ( -1.154700538379252600, -2.000000000000000000, -5.320833333333332900 ) ) ;
#848 = CARTESIAN_POINT ( 'NONE',  ( 0.0000000000000000000, 0.0000000000000000000, -0.3714886980224095200 ) ) ;
#849 = CARTESIAN_POINT ( 'NONE',  ( -0.8922005383792505100, -1.545336663013166400, -5.058333333333330000 ) ) ;
#850 = CARTESIAN_POINT ( 'NONE',  ( -1.338300807568875200, -0.7726683315065832100, 0.5708333333333380800 ) ) ;
#851 = CARTESIAN_POINT ( 'NONE',  ( 0.0000000000000000000, 2.037888611415570800, -5.634374999999998600 ) ) ;
#852 = CARTESIAN_POINT ( 'NONE',  ( 4.592425496802574000E-016, -3.750000000000000000, 2.200000000000000600 ) ) ;
#853 = CARTESIAN_POINT ( 'NONE',  ( -1.154700538379251500, 2.000000000000000000, -4.154166666666664100 ) ) ;
#854 = CARTESIAN_POINT ( 'NONE',  ( -0.8922005383792497300, 1.545336663013166900, -7.391666666666663100 ) ) ;
#855 = CARTESIAN_POINT ( 'NONE',  ( 1.176575538379251800, -2.037888611415571200, -7.369791666666665200 ) ) ;
#856 = DIRECTION ( 'NONE',  ( 0.08715574274765836000, 0.0000000000000000000, -0.9961946980917456600 ) ) ;
#857 = EDGE_CURVE ( 'NONE', #121, #2230, #2500, .T. ) ;
#858 = CARTESIAN_POINT ( 'NONE',  ( -0.8922005383792506200, -1.545336663013166600, -4.970833333333329700 ) ) ;
#859 = CARTESIAN_POINT ( 'NONE',  ( 0.09493339119376813200, -1.691697499489024100, -0.1784145668461374600 ) ) ;
#860 = CARTESIAN_POINT ( 'NONE',  ( 0.3719445246109468500, -2.074731665576409000, 1.736319218647909900 ) ) ;
#861 = AXIS2_PLACEMENT_3D ( 'NONE', #1908, #1360, #3358 ) ;
#862 = CONICAL_SURFACE ( 'NONE', #190, 3.750000000000000000, 0.7853981633974499400 ) ;
#863 = CARTESIAN_POINT ( 'NONE',  ( 0.3163714390882457800, 1.438218879622112500, 1.101115944497855800 ) ) ;
#864 = CARTESIAN_POINT ( 'NONE',  ( 1.784401076758499900, -3.076254464281109500E-016, -6.224999999999996100 ) ) ;
#865 = CARTESIAN_POINT ( 'NONE',  ( -1.784401076758499900, 1.294267669813665100E-016, 1.212500000000005000 ) ) ;
#866 = CARTESIAN_POINT ( 'NONE',  ( 0.0000000000000000000, 0.0000000000000000000, 1.736319218647910600 ) ) ;
#867 = CARTESIAN_POINT ( 'NONE',  ( 1.764863307568878200, -1.018944305707786300, -3.767708333333332800 ) ) ;
#868 = CARTESIAN_POINT ( 'NONE',  ( 0.8922005383792495100, -1.545336663013167700, 2.145833333333338400 ) ) ;
#869 = CARTESIAN_POINT ( 'NONE',  ( 1.176575538379253500, 2.037888611415570300, -5.036458333333332100 ) ) ;
#870 = CARTESIAN_POINT ( 'NONE',  ( -1.154700538379252600, -2.000000000000000000, -2.608333333333332500 ) ) ;
#871 = PERSON ( 'UNSPECIFIED', 'UNSPECIFIED', 'UNSPECIFIED', ('UNSPECIFIED'), ('UNSPECIFIED'), ('UNSPECIFIED') ) ;
#872 = CARTESIAN_POINT ( 'NONE',  ( 0.8922005383792508400, 1.545336663013166600, -6.020833333333328600 ) ) ;
#873 = CARTESIAN_POINT ( 'NONE',  ( 0.3163714390882607100, -1.438218879622108500, 1.101115944497854900 ) ) ;
#874 = CARTESIAN_POINT ( 'NONE',  ( -1.154700538379244400, 2.000000000000012400, -1.354166666666666100 ) ) ;
#875 = CARTESIAN_POINT ( 'NONE',  ( 1.338300807568875400, 0.7726683315065824300, -6.166666666666662500 ) ) ;
#876 = CARTESIAN_POINT ( 'NONE',  ( -1.154700538379252600, -2.000000000000000000, -4.708333333333333000 ) ) ;
#877 = CARTESIAN_POINT ( 'NONE',  ( 1.764863307568879300, 1.018944305707783800, -5.751041666666666600 ) ) ;
#878 = EDGE_CURVE ( 'NONE', #3739, #2006, #2342, .T. ) ;
#879 = CARTESIAN_POINT ( 'NONE',  ( 0.0000000000000000000, 2.000000000000000400, -3.599999999999999200 ) ) ;
#880 = DIRECTION ( 'NONE',  ( 0.0000000000000000000, -1.000000000000000000, 0.0000000000000000000 ) ) ;
#881 = CARTESIAN_POINT ( 'NONE',  ( 2.353151076758504900, -4.121031264803704200E-016, -4.453124999999999100 ) ) ;
#882 = CARTESIAN_POINT ( 'NONE',  ( 1.732050807568877200, -1.000000000000001100, -1.645833333333332100 ) ) ;
#883 = ORIENTED_EDGE ( 'NONE', *, *, #3633, .T. ) ;
#884 = CARTESIAN_POINT ( 'NONE',  ( 1.338300807568874500, -0.7726683315065842100, -6.195833333333328400 ) ) ;
#885 = CARTESIAN_POINT ( 'NONE',  ( 2.309401076758503800, -4.040663818609657100E-016, -0.8874999999999989600 ) ) ;
#886 = ORIENTED_EDGE ( 'NONE', *, *, #1219, .T. ) ;
#887 = CARTESIAN_POINT ( 'NONE',  ( -1.942223146741670700E-016, -1.585945554337725900, -7.689054445662270300 ) ) ;
#888 = CARTESIAN_POINT ( 'NONE',  ( 0.3348718104147323500, 1.650665194265243300, 1.312576156380102600 ) ) ;
#889 = CARTESIAN_POINT ( 'NONE',  ( 1.338300807568875400, 0.7726683315065824300, -2.666666666666662500 ) ) ;
#890 = VERTEX_POINT ( 'NONE', #1218 ) ;
#891 = CARTESIAN_POINT ( 'NONE',  ( -1.176575538379252000, 2.037888611415570800, -4.876041666666665700 ) ) ;
#892 = ORIENTED_EDGE ( 'NONE', *, *, #68, .F. ) ;
#893 = CARTESIAN_POINT ( 'NONE',  ( 1.338300807568875600, 0.7726683315065825400, -7.479166666666661600 ) ) ;
#894 = CARTESIAN_POINT ( 'NONE',  ( 0.0000000000000000000, 1.545336663013166900, -8.149999999999995000 ) ) ;
#895 = CARTESIAN_POINT ( 'NONE',  ( 0.0000000000000000000, 2.037888611415570800, -4.978124999999998600 ) ) ;
#896 = CARTESIAN_POINT ( 'NONE',  ( -1.732050807568877600, -0.9999999999999997800, -6.079166666666664800 ) ) ;
#897 = VECTOR ( 'NONE', #3416, 999.9999999999998900 ) ;
#898 = CARTESIAN_POINT ( 'NONE',  ( 0.8922005383792495100, -1.545336663013167700, -6.254166666666662000 ) ) ;
#899 = VECTOR ( 'NONE', #513, 1000.000000000000000 ) ;
#900 = DIRECTION ( 'NONE',  ( -0.0000000000000000000, -0.0000000000000000000, -1.000000000000000000 ) ) ;
#901 = CARTESIAN_POINT ( 'NONE',  ( 1.338300807568875400, 0.7726683315065824300, -4.066666666666662900 ) ) ;
#902 = CARTESIAN_POINT ( 'NONE',  ( 0.3590764091019668600, 1.308182966920131900, 0.9832910600397507500 ) ) ;
#903 = DIRECTION ( 'NONE',  ( -0.0000000000000000000, -0.0000000000000000000, -1.000000000000000000 ) ) ;
#904 = EDGE_CURVE ( 'NONE', #3407, #2150, #927, .T. ) ;
#905 = CARTESIAN_POINT ( 'NONE',  ( -2.495693764988923200E-016, -2.037888611415570800, -1.784374999999999600 ) ) ;
#906 = CARTESIAN_POINT ( 'NONE',  ( 2.309401076758503800, -4.040663818609657100E-016, -6.575000000000001100 ) ) ;
#907 = CARTESIAN_POINT ( 'NONE',  ( -1.176575538379253100, -2.037888611415570300, -3.286458333333331700 ) ) ;
#908 = CARTESIAN_POINT ( 'NONE',  ( -1.154700538379247900, 2.000000000000006200, -6.254166666666664700 ) ) ;
#909 =( BOUNDED_CURVE ( )  B_SPLINE_CURVE ( 2, ( #2272, #853, #13, #3430, #1175, #3442, #2017 ),
 .UNSPECIFIED., .F., .T. ) 
 B_SPLINE_CURVE_WITH_KNOTS ( ( 3, 2, 2, 3 ),
 ( 0.3750000000000000000, 0.3854166666666666900, 0.3958333333333333100, 0.4062500000000000000 ),
 .UNSPECIFIED. ) 
 CURVE ( )  GEOMETRIC_REPRESENTATION_ITEM ( )  RATIONAL_B_SPLINE_CURVE ( ( 1.000000000000000000, 0.8660254037844387100, 1.000000000000000000, 0.8660254037844387100, 1.000000000000000000, 0.8660254037844387100, 1.000000000000000000 ) ) 
 REPRESENTATION_ITEM ( '' )  );
#910 = EDGE_CURVE ( 'NONE', #347, #3600, #2885, .T. ) ;
#911 = ORGANIZATION ( 'UNSPECIFIED', 'UNSPECIFIED', '' ) ;
#912 = CARTESIAN_POINT ( 'NONE',  ( -0.6034951918157778200, 0.6034951918157732700, 0.4819823870704100800 ) ) ;
#913 = CARTESIAN_POINT ( 'NONE',  ( 0.8922005383792494000, -1.545336663013167300, -3.541666666666663400 ) ) ;
#914 = CARTESIAN_POINT ( 'NONE',  ( -1.176575538379253100, -2.037888611415570300, -1.142708333333332300 ) ) ;
#915 = PLANE ( 'NONE',  #1853 ) ;
#916 = CARTESIAN_POINT ( 'NONE',  ( 0.0000000000000000000, 2.037888611415570800, -4.278124999999999300 ) ) ;
#917 = CARTESIAN_POINT ( 'NONE',  ( 2.309401076758503800, -4.040663818609657100E-016, -1.587499999999998100 ) ) ;
#918 = CARTESIAN_POINT ( 'NONE',  ( 1.475096752303071100, 0.5017690248028164900, 3.220220046021074400 ) ) ;
#919 = VERTEX_POINT ( 'NONE', #2925 ) ;
#920 = ORIENTED_EDGE ( 'NONE', *, *, #1265, .T. ) ;
#921 = CARTESIAN_POINT ( 'NONE',  ( -0.8922005383792497300, 1.545336663013166900, -2.491666666666662700 ) ) ;
#922 = CARTESIAN_POINT ( 'NONE',  ( -1.545336663013166600, 2.297071240417368500E-013, -0.2625000000000009000 ) ) ;
#923 = CARTESIAN_POINT ( 'NONE',  ( -1.764863307568878700, -1.018944305707784900, -0.5010416666666652800 ) ) ;
#924 = VERTEX_POINT ( 'NONE', #1231 ) ;
#925 = ORIENTED_EDGE ( 'NONE', *, *, #2551, .F. ) ;
#926 = EDGE_CURVE ( 'NONE', #1454, #3283, #131, .T. ) ;
#927 =( BOUNDED_CURVE ( )  B_SPLINE_CURVE ( 2, ( #1193, #3539, #938, #657, #67, #2350, #617 ),
 .UNSPECIFIED., .F., .T. ) 
 B_SPLINE_CURVE_WITH_KNOTS ( ( 3, 2, 2, 3 ),
 ( 0.2812500000000000000, 0.2916666666666666900, 0.3020833333333332600, 0.3124999999999999400 ),
 .UNSPECIFIED. ) 
 CURVE ( )  GEOMETRIC_REPRESENTATION_ITEM ( )  RATIONAL_B_SPLINE_CURVE ( ( 1.000000000000000000, 0.8660254037844387100, 1.000000000000000000, 0.8660254037844387100, 1.000000000000000000, 0.8660254037844393700, 0.9999999999999993300 ) ) 
 REPRESENTATION_ITEM ( '' )  );
#928 = CARTESIAN_POINT ( 'NONE',  ( -1.154700538379251500, 2.000000000000000000, -2.054166666666665400 ) ) ;
#929 = CARTESIAN_POINT ( 'NONE',  ( -1.764863307568878700, -1.018944305707784900, 0.1552083333333353400 ) ) ;
#930 = CARTESIAN_POINT ( 'NONE',  ( -1.892491597964127000E-016, -1.545336663013166900, -7.799999999999996300 ) ) ;
#931 = ORIENTED_EDGE ( 'NONE', *, *, #3736, .T. ) ;
#932 = CYLINDRICAL_SURFACE ( 'NONE', #1921, 2.000000000000000400 ) ;
#933 = VERTEX_POINT ( 'NONE', #3263 ) ;
#934 = ORIENTED_EDGE ( 'NONE', *, *, #1803, .F. ) ;
#935 = CIRCLE ( 'NONE', #1688, 2.395221894474074200 ) ;
#936 = CARTESIAN_POINT ( 'NONE',  ( -1.732050807568877600, 1.000000000000000400, -3.395833333333331700 ) ) ;
#937 = CARTESIAN_POINT ( 'NONE',  ( 0.0000000000000000000, 1.545336663013166900, -4.649999999999995900 ) ) ;
#938 = CARTESIAN_POINT ( 'NONE',  ( 1.732050807568877200, -1.000000000000001100, -5.145833333333331300 ) ) ;
#939 = CARTESIAN_POINT ( 'NONE',  ( -1.176575538379253100, -2.037888611415570300, -2.542708333333332200 ) ) ;
#940 = CARTESIAN_POINT ( 'NONE',  ( 0.0000000000000000000, 2.037888611415570800, -0.07812499999999833500 ) ) ;
#941 = CARTESIAN_POINT ( 'NONE',  ( 0.8922005383792507300, 1.545336663013166400, -4.708333333333328600 ) ) ;
#942 = CARTESIAN_POINT ( 'NONE',  ( -1.784401076758499700, 1.294267669813664600E-016, -7.274999999999995900 ) ) ;
#943 = FACE_OUTER_BOUND ( 'NONE', #3735, .T. ) ;
#944 = CARTESIAN_POINT ( 'NONE',  ( -2.449293598294707400E-016, -2.000000000000000400, -3.162499999999998300 ) ) ;
#945 = CARTESIAN_POINT ( 'NONE',  ( 0.0000000000000000000, 2.000000000000000400, -2.199999999999998800 ) ) ;
#946 = DIRECTION ( 'NONE',  ( -0.0000000000000000000, -0.0000000000000000000, -1.000000000000000000 ) ) ;
#947 = EDGE_CURVE ( 'NONE', #118, #3330, #218, .T. ) ;
#948 = CARTESIAN_POINT ( 'NONE',  ( 1.176575538379251800, -2.037888611415571200, -1.726041666666665800 ) ) ;
#949 =( BOUNDED_CURVE ( )  B_SPLINE_CURVE ( 2, ( #2894, #1981, #1753, #3147, #3423, #847, #2542 ),
 .UNSPECIFIED., .F., .T. ) 
 B_SPLINE_CURVE_WITH_KNOTS ( ( 3, 2, 2, 3 ),
 ( 0.2499999999999999700, 0.2604166666666666900, 0.2708333333333333100, 0.2812500000000000000 ),
 .UNSPECIFIED. ) 
 CURVE ( )  GEOMETRIC_REPRESENTATION_ITEM ( )  RATIONAL_B_SPLINE_CURVE ( ( 1.000000000000000400, 0.8660254037844383700, 1.000000000000000000, 0.8660254037844387100, 1.000000000000000000, 0.8660254037844387100, 1.000000000000000000 ) ) 
 REPRESENTATION_ITEM ( '' )  );
#950 = FACE_OUTER_BOUND ( 'NONE', #3154, .T. ) ;
#951 = CARTESIAN_POINT ( 'NONE',  ( -0.8922005383792499500, 1.545336663013167100, -5.204166666666661300 ) ) ;
#952 = CARTESIAN_POINT ( 'NONE',  ( 0.0000000000000000000, 2.037888611415570800, 0.6218750000000008400 ) ) ;
#953 = CARTESIAN_POINT ( 'NONE',  ( 0.8922005383792494000, -1.545336663013167300, -4.241666666666662700 ) ) ;
#954 = CARTESIAN_POINT ( 'NONE',  ( -1.892491597964127000E-016, -1.545336663013166900, -5.699999999999995700 ) ) ;
#955 = AXIS2_PLACEMENT_3D ( 'NONE', #778, #3394, #803 ) ;
#956 = CARTESIAN_POINT ( 'NONE',  ( 0.0000000000000000000, 2.000000000000000400, -3.512499999999998800 ) ) ;
#957 = CARTESIAN_POINT ( 'NONE',  ( 1.154700538379254800, 1.999999999999996700, -5.670833333333333400 ) ) ;
#958 = CARTESIAN_POINT ( 'NONE',  ( 0.0000000000000000000, -2.000000000000000400, 2.200000000000000600 ) ) ;
#959 = CARTESIAN_POINT ( 'NONE',  ( -2.353151076758504900, 1.642526603321196800E-016, 0.1406250000000001100 ) ) ;
#960 = CARTESIAN_POINT ( 'NONE',  ( 1.338300807568874500, -0.7726683315065842100, 1.504166666666671100 ) ) ;
#961 = CARTESIAN_POINT ( 'NONE',  ( -0.8922005383792499500, 1.545336663013167100, -6.604166666666661600 ) ) ;
#962 = CARTESIAN_POINT ( 'NONE',  ( -1.764863307568878700, -1.018944305707784900, -0.5447916666666656700 ) ) ;
#963 = CARTESIAN_POINT ( 'NONE',  ( 1.338300807568874500, -0.7726683315065840900, -3.483333333333329400 ) ) ;
#964 = CARTESIAN_POINT ( 'NONE',  ( 1.338300807568875400, 0.7726683315065824300, -5.466666666666663200 ) ) ;
#965 = ORIENTED_EDGE ( 'NONE', *, *, #2675, .F. ) ;
#966 = ORIENTED_EDGE ( 'NONE', *, *, #3127, .T. ) ;
#967 = CARTESIAN_POINT ( 'NONE',  ( -2.449293598294707400E-016, -2.000000000000000400, -5.349999999999997900 ) ) ;
#968 = PLANE ( 'NONE',  #229 ) ;
#969 = ORIENTED_EDGE ( 'NONE', *, *, #2954, .F. ) ;
#970 = CARTESIAN_POINT ( 'NONE',  ( -2.303974247209648900, 0.4502207085258264100, 2.631020094855887500 ) ) ;
#971 = VERTEX_POINT ( 'NONE', #2945 ) ;
#972 = EDGE_CURVE ( 'NONE', #1655, #1058, #365, .T. ) ;
#973 = ORIENTED_EDGE ( 'NONE', *, *, #3028, .T. ) ;
#974 = CARTESIAN_POINT ( 'NONE',  ( 0.0000000000000000000, 1.545336663013167100, -5.262499999999994800 ) ) ;
#975 = CARTESIAN_POINT ( 'NONE',  ( 0.0000000000000000000, 1.545336663013167100, -6.662499999999995200 ) ) ;
#976 = CARTESIAN_POINT ( 'NONE',  ( -1.892491597964127000E-016, -1.545336663013166900, -5.699999999999995700 ) ) ;
#977 = ORIENTED_EDGE ( 'NONE', *, *, #2560, .F. ) ;
#978 = CARTESIAN_POINT ( 'NONE',  ( -1.338300807568874700, 0.7726683315065836500, -4.533333333333329700 ) ) ;
#979 = CARTESIAN_POINT ( 'NONE',  ( 1.338300807568874500, -0.7726683315065840900, -6.283333333333328800 ) ) ;
#980 = VECTOR ( 'NONE', #2360, 1000.000000000000100 ) ;
#981 = CARTESIAN_POINT ( 'NONE',  ( 1.732050807568878300, 0.9999999999999986700, -5.116666666666666300 ) ) ;
#982 = CARTESIAN_POINT ( 'NONE',  ( -1.338300807568874700, 0.7726683315065836500, -0.3333333333333296000 ) ) ;
#983 = CARTESIAN_POINT ( 'NONE',  ( 2.449293598294706900E-016, 2.000000000000000400, 2.200000000000000600 ) ) ;
#984 = DIRECTION ( 'NONE',  ( -0.0000000000000000000, -0.0000000000000000000, -1.000000000000000000 ) ) ;
#985 = CARTESIAN_POINT ( 'NONE',  ( -1.338300807568875200, -0.7726683315065832100, -5.029166666666661500 ) ) ;
#986 = CARTESIAN_POINT ( 'NONE',  ( 0.0000000000000000000, 1.545336663013167100, -7.362499999999994500 ) ) ;
#987 = CARTESIAN_POINT ( 'NONE',  ( 1.338300807568875400, 0.7726683315065824300, -4.066666666666662900 ) ) ;
#988 = CARTESIAN_POINT ( 'NONE',  ( -0.8922005383792497300, 1.545336663013166900, -3.891666666666662200 ) ) ;
#989 = ADVANCED_FACE ( 'NONE', ( #2205 ), #2692, .T. ) ;
#990 =( BOUNDED_CURVE ( )  B_SPLINE_CURVE ( 2, ( #2911, #2015, #2298, #1155, #2880, #1459, #2831, #2028, #2587, #1983, #1445, #1138, #3438, #3461, #3151, #3165, #1755, #2041, #1715, #3478, #302, #1432, #1110, #2308, #2573, #257, #3449, #864, #875, #2531, #32, #2895, #1739, #1171, #2009, #3185, #2845, #831, #529, #1123, #817, #270, #3132, #1405, #2267, #3426, #2564, #849, #1697, #3718, #1726, #45, #1217, #3215, #937, #1492, #2923, #2624, #3538, #1192, #3237, #2649, #1769, #1519, #901, #1183, #2349, #2338, #647, #2953, #342, #1230, #2368, #913, #3201, #317, #2085, #615, #3251, #90, #330, #76, #2321, #2614, #2907, #2936, #629, #1510, #889, #638, #1475, #921, #3504, #1811, #1204, #3223, #2602, #3490, #350, #601, #2359, #2055, #1780, #1503, #58, #2069, #2944, #3517, #1789, #66, #2094, #2640, #3529, #1801, #366, #395, #1578, #1844, #3583, #3019, #2691, #993, #110, #101, #3296, #1253, #2104, #2139, #982, #2701, #1287 ),
 .UNSPECIFIED., .F., .T. ) 
 B_SPLINE_CURVE_WITH_KNOTS ( ( 3, 2, 2, 2, 2, 2, 2, 2, 2, 2, 2, 2, 2, 2, 2, 2, 2, 2, 2, 2, 2, 2, 2, 2, 2, 2, 2, 2, 2, 2, 2, 2, 2, 2, 2, 2, 2, 2, 2, 2, 2, 2, 2, 2, 2, 2, 2, 2, 2, 2, 2, 2, 2, 2, 2, 2, 2, 2, 2, 2, 2, 2, 2, 2, 2, 3 ),
 ( 0.03746092746745576000, 0.04166666666666666400, 0.05208333333333333600, 0.06250000000000000000, 0.07291666666666667100, 0.08333333333333332900, 0.09375000000000000000, 0.1041666666666666700, 0.1145833333333333300, 0.1250000000000000000, 0.1354166666666666600, 0.1458333333333333700, 0.1562500000000000000, 0.1666666666666666900, 0.1770833333333333700, 0.1875000000000000000, 0.1979166666666666900, 0.2083333333333333700, 0.2187500000000000000, 0.2291666666666666900, 0.2395833333333333700, 0.2500000000000000000, 0.2604166666666666900, 0.2708333333333333100, 0.2812500000000000000, 0.2916666666666666900, 0.3020833333333333100, 0.3125000000000000000, 0.3229166666666666900, 0.3333333333333333100, 0.3437500000000000000, 0.3541666666666666900, 0.3645833333333333100, 0.3750000000000000000, 0.3854166666666666900, 0.3958333333333333100, 0.4062500000000000000, 0.4166666666666666900, 0.4270833333333333100, 0.4375000000000000000, 0.4479166666666666900, 0.4583333333333333700, 0.4687500000000000600, 0.4791666666666666900, 0.4895833333333333100, 0.4999999999999999400, 0.5104166666666666300, 0.5208333333333333700, 0.5312500000000000000, 0.5416666666666666300, 0.5520833333333333700, 0.5625000000000000000, 0.5729166666666666300, 0.5833333333333333700, 0.5937500000000000000, 0.6041666666666666300, 0.6145833333333333700, 0.6250000000000000000, 0.6354166666666666300, 0.6458333333333333700, 0.6562500000000000000, 0.6666666666666666300, 0.6770833333333333700, 0.6875000000000000000, 0.6979166666666666300, 0.7041693145462900600 ),
 .UNSPECIFIED. ) 
 CURVE ( )  GEOMETRIC_REPRESENTATION_ITEM ( )  RATIONAL_B_SPLINE_CURVE ( ( 0.9354949502798142200, 0.9459076277437850100, 1.000000000000000000, 0.8660254037844387100, 1.000000000000000000, 0.8660254037844387100, 1.000000000000000000, 0.8660254037844387100, 1.000000000000000000, 0.8660254037844387100, 1.000000000000000000, 0.8660254037844387100, 1.000000000000000000, 0.8660254037844387100, 1.000000000000000000, 0.8660254037844387100, 1.000000000000000000, 0.8660254037844387100, 1.000000000000000000, 0.8660254037844387100, 1.000000000000000000, 0.8660254037844387100, 1.000000000000000000, 0.8660254037844387100, 1.000000000000000000, 0.8660254037844387100, 1.000000000000000000, 0.8660254037844387100, 1.000000000000000000, 0.8660254037844387100, 1.000000000000000000, 0.8660254037844387100, 1.000000000000000000, 0.8660254037844387100, 1.000000000000000000, 0.8660254037844387100, 1.000000000000000000, 0.8660254037844387100, 1.000000000000000000, 0.8660254037844387100, 1.000000000000000000, 0.8660254037844387100, 1.000000000000000000, 0.8660254037844387100, 1.000000000000000000, 0.8660254037844387100, 1.000000000000000000, 0.8660254037844387100, 1.000000000000000000, 0.8660254037844387100, 1.000000000000000000, 0.8660254037844387100, 1.000000000000000000, 0.8660254037844387100, 1.000000000000000000, 0.8660254037844387100, 1.000000000000000000, 0.8660254037844387100, 1.000000000000000000, 0.8660254037844387100, 1.000000000000000000, 0.8660254037844387100, 1.000000000000000000, 0.8660254037844387100, 1.000000000000000000, 0.8660254037844387100, 1.000000000000000000, 0.8660254037844387100, 1.000000000000000000, 0.8660254037844387100, 1.000000000000000000, 0.8660254037844387100, 1.000000000000000000, 0.8660254037844387100, 1.000000000000000000, 0.8660254037844387100, 1.000000000000000000, 0.8660254037844387100, 1.000000000000000000, 0.8660254037844387100, 1.000000000000000000, 0.8660254037844387100, 1.000000000000000000, 0.8660254037844387100, 1.000000000000000000, 0.8660254037844387100, 1.000000000000000000, 0.8660254037844387100, 1.000000000000000000, 0.8660254037844387100, 1.000000000000000000, 0.8660254037844387100, 1.000000000000000000, 0.8660254037844387100, 1.000000000000000000, 0.8660254037844387100, 1.000000000000000000, 0.8660254037844387100, 1.000000000000000000, 0.8660254037844387100, 1.000000000000000000, 0.8660254037844387100, 1.000000000000000000, 0.8660254037844387100, 1.000000000000000000, 0.8660254037844387100, 1.000000000000000000, 0.8660254037844387100, 1.000000000000000000, 0.8660254037844387100, 1.000000000000000000, 0.8660254037844387100, 1.000000000000000000, 0.8660254037844387100, 1.000000000000000000, 0.8660254037844387100, 1.000000000000000000, 0.8660254037844387100, 1.000000000000000000, 0.8660254037844387100, 1.000000000000000000, 0.8660254037844387100, 1.000000000000000000, 0.8660254037844387100, 1.000000000000000000, 0.8660254037844387100, 1.000000000000000000, 0.8660254037844387100, 1.000000000000000000, 0.9195811864047396300, 0.9357058334766599200 ) ) 
 REPRESENTATION_ITEM ( '' )  );
#991 = VECTOR ( 'NONE', #769, 1000.000000000000000 ) ;
#992 = PERSON_AND_ORGANIZATION_ROLE ( 'creator' ) ;
#993 = CARTESIAN_POINT ( 'NONE',  ( 0.8922005383792494000, -1.545336663013167300, -0.7416666666666621400 ) ) ;
#994 = DIRECTION ( 'NONE',  ( 0.0000000000000000000, -1.000000000000000000, 0.0000000000000000000 ) ) ;
#995 = EDGE_CURVE ( 'NONE', #2228, #1487, #267, .T. ) ;
#996 = DIRECTION ( 'NONE',  ( 1.000000000000000000, 0.0000000000000000000, 0.0000000000000000000 ) ) ;
#997 = CARTESIAN_POINT ( 'NONE',  ( -1.892491597964127200E-016, -1.545336663013167100, -4.212499999999995000 ) ) ;
#998 = CARTESIAN_POINT ( 'NONE',  ( 1.338300807568874500, -0.7726683315065842100, -7.595833333333328800 ) ) ;
#999 = CARTESIAN_POINT ( 'NONE',  ( 1.338300807568875400, 0.7726683315065824300, -1.966666666666662600 ) ) ;
#1000 = CARTESIAN_POINT ( 'NONE',  ( 1.338300807568875400, 0.7726683315065824300, -2.666666666666662500 ) ) ;
#1001 = AXIS2_PLACEMENT_3D ( 'NONE', #169, #2442, #2763 ) ;
#1002 = CARTESIAN_POINT ( 'NONE',  ( -1.784401076758499900, 1.294267669813665100E-016, -0.8874999999999950700 ) ) ;
#1003 = B_SPLINE_CURVE_WITH_KNOTS ( 'NONE', 3,
 ( #561, #902, #1256, #1756, #3567, #602 ),
 .UNSPECIFIED., .F., .F.,
 ( 4, 2, 4 ),
 ( 0.0000000000000000000, 0.0005391034330947344200, 0.001078206866189468800 ),
 .UNSPECIFIED. ) ;
#1004 = ADVANCED_FACE ( 'NONE', ( #581 ), #968, .T. ) ;
#1005 = CARTESIAN_POINT ( 'NONE',  ( 1.732050807568878300, 0.9999999999999986700, -2.229166666666665200 ) ) ;
#1006 = DIRECTION ( 'NONE',  ( -0.0000000000000000000, -2.585091490897069900E-018, 1.000000000000000000 ) ) ;
#1007 = ORIENTED_EDGE ( 'NONE', *, *, #904, .T. ) ;
#1008 = CARTESIAN_POINT ( 'NONE',  ( -2.449293598294707400E-016, -2.000000000000000400, -4.649999999999998600 ) ) ;
#1009 = ORIENTED_EDGE ( 'NONE', *, *, #2726, .T. ) ;
#1010 = CARTESIAN_POINT ( 'NONE',  ( 1.338300807568875600, 0.7726683315065825400, -3.279166666666661900 ) ) ;
#1011 = CARTESIAN_POINT ( 'NONE',  ( -0.8922005383792498400, 1.545336663013167100, -6.604166666666661600 ) ) ;
#1012 = CARTESIAN_POINT ( 'NONE',  ( -0.8922005383792502900, -1.545336663013166400, -0.8583333333333289500 ) ) ;
#1013 = CARTESIAN_POINT ( 'NONE',  ( -1.784401076758499700, 1.294267669813665100E-016, -1.674999999999995800 ) ) ;
#1014 = ORIENTED_EDGE ( 'NONE', *, *, #487, .F. ) ;
#1015 = ORIENTED_EDGE ( 'NONE', *, *, #1994, .F. ) ;
#1016 = CARTESIAN_POINT ( 'NONE',  ( -1.892491597964127200E-016, -1.545336663013167100, -0.01249999999999515400 ) ) ;
#1017 = CC_DESIGN_PERSON_AND_ORGANIZATION_ASSIGNMENT ( #679, #1893, ( #2294 ) ) ;
#1018 = ORIENTED_EDGE ( 'NONE', *, *, #3540, .F. ) ;
#1019 = EDGE_CURVE ( 'NONE', #1872, #3418, #2781, .T. ) ;
#1020 = EDGE_LOOP ( 'NONE', ( #965, #225, #1293, #1153, #2109, #51 ) ) ;
#1021 = ORIENTED_EDGE ( 'NONE', *, *, #130, .T. ) ;
#1022 = CARTESIAN_POINT ( 'NONE',  ( -3.160744349011211300, 3.870795449939664500E-016, 2.789255650988791600 ) ) ;
#1023 = CARTESIAN_POINT ( 'NONE',  ( 1.610908506440361900, -0.1208266045211765500, -7.668834494715312600 ) ) ;
#1024 = CARTESIAN_POINT ( 'NONE',  ( -1.066077270135057200E-015, 0.1576919807739840000, -4.317453739353333700 ) ) ;
#1025 = ORIENTED_EDGE ( 'NONE', *, *, #1143, .F. ) ;
#1026 = CARTESIAN_POINT ( 'NONE',  ( 0.0000000000000000000, 2.000000000000000400, -6.399999999999998600 ) ) ;
#1027 = LINE ( 'NONE', #2339, #3198 ) ;
#1028 = AXIS2_PLACEMENT_3D ( 'NONE', #517, #26, #1760 ) ;
#1029 = CARTESIAN_POINT ( 'NONE',  ( -0.8922005383792506200, -1.545336663013166600, -2.870833333333328700 ) ) ;
#1030 = CARTESIAN_POINT ( 'NONE',  ( 1.176575538379253500, 2.037888611415570300, 1.963541666666667400 ) ) ;
#1031 = CARTESIAN_POINT ( 'NONE',  ( 0.8922005383792507300, 1.545336663013166400, -1.908333333333329700 ) ) ;
#1032 = CARTESIAN_POINT ( 'NONE',  ( -1.338300807568874900, -0.7726683315065832100, -0.2166666666666619000 ) ) ;
#1033 = ADVANCED_FACE ( 'NONE', ( #2242 ), #3205, .T. ) ;
#1034 = SPHERICAL_SURFACE ( 'NONE', #861, 7.531250000000005300 ) ;
#1035 = CARTESIAN_POINT ( 'NONE',  ( -0.8922005383792498400, 1.545336663013167100, 0.3958333333333383100 ) ) ;
#1036 = CYLINDRICAL_SURFACE ( 'NONE', #1737, 2.000000000000000400 ) ;
#1037 = B_SPLINE_CURVE_WITH_KNOTS ( 'NONE', 3,
 ( #3102, #2809, #1666, #1976, #3680, #2237, #1100, #3709, #504, #799, #2511, #3669, #1087, #246 ),
 .UNSPECIFIED., .F., .F.,
 ( 4, 2, 2, 2, 2, 2, 4 ),
 ( 0.0002604018223602491300, 0.0006186329681014816100, 0.0009768641138427141500, 0.001693326405325178600, 0.002051557551066411100, 0.002409788696807642800, 0.003126250988290106600 ),
 .UNSPECIFIED. ) ;
#1038 = DIRECTION ( 'NONE',  ( 0.0000000000000000000, -1.000000000000000000, 0.0000000000000000000 ) ) ;
#1039 = CARTESIAN_POINT ( 'NONE',  ( 1.732050807568877200, -1.000000000000001100, -4.445833333333331100 ) ) ;
#1040 = CARTESIAN_POINT ( 'NONE',  ( 0.9019231227193405000, 0.4961032335940773800, 0.6532753540730782400 ) ) ;
#1041 = CARTESIAN_POINT ( 'NONE',  ( -1.784401076758499900, 1.294267669813664600E-016, -4.387499999999995700 ) ) ;
#1042 = CARTESIAN_POINT ( 'NONE',  ( 1.784401076758499700, -3.076254464281109500E-016, -0.6249999999999962300 ) ) ;
#1043 = CARTESIAN_POINT ( 'NONE',  ( -0.8922005383792497300, 1.545336663013166900, -1.791666666666662700 ) ) ;
#1044 = FACE_OUTER_BOUND ( 'NONE', #1098, .T. ) ;
#1045 = CARTESIAN_POINT ( 'NONE',  ( -0.8922005383792506200, -1.545336663013166600, 1.329166666666671000 ) ) ;
#1046 = CARTESIAN_POINT ( 'NONE',  ( 1.196068106785298100, -1.062203952662285500, -7.713196897907322700 ) ) ;
#1047 = EDGE_CURVE ( 'NONE', #2525, #2150, #2689, .T. ) ;
#1048 = CARTESIAN_POINT ( 'NONE',  ( -1.338300807568875200, -0.7726683315065832100, -2.929166666666661400 ) ) ;
#1049 = CARTESIAN_POINT ( 'NONE',  ( -1.338300807568874900, 0.7726683315065837600, -4.445833333333328400 ) ) ;
#1050 = CARTESIAN_POINT ( 'NONE',  ( 1.338300807568875400, 0.7726683315065824300, -0.5666666666666623200 ) ) ;
#1051 = CARTESIAN_POINT ( 'NONE',  ( -1.338300807568874900, -0.7726683315065832100, -0.9166666666666628500 ) ) ;
#1052 = AXIS2_PLACEMENT_3D ( 'NONE', #1116, #3125, #3141 ) ;
#1053 = CARTESIAN_POINT ( 'NONE',  ( -1.764863307568878400, 1.018944305707785600, 1.482291666666668100 ) ) ;
#1054 = CARTESIAN_POINT ( 'NONE',  ( -0.8922005383792498400, 1.545336663013167100, -1.704166666666662200 ) ) ;
#1055 = B_SPLINE_CURVE_WITH_KNOTS ( 'NONE', 3,
 ( #3307, #1831, #423, #3584 ),
 .UNSPECIFIED., .F., .F.,
 ( 4, 4 ),
 ( 0.006499776636218330300, 0.007611022163450128700 ),
 .UNSPECIFIED. ) ;
#1056 = APPROVAL_STATUS ( 'not_yet_approved' ) ;
#1057 = CARTESIAN_POINT ( 'NONE',  ( 2.000000000000001300, 0.0000000000000000000, 0.4500000000000083400 ) ) ;
#1058 = VERTEX_POINT ( 'NONE', #2711 ) ;
#1059 = CARTESIAN_POINT ( 'NONE',  ( 2.074731665576413400, 0.3719445246109250900, 1.736319218647910600 ) ) ;
#1060 = ORIENTED_EDGE ( 'NONE', *, *, #1361, .F. ) ;
#1061 = CARTESIAN_POINT ( 'NONE',  ( 0.0000000000000000000, 1.545336663013167100, -2.462499999999995000 ) ) ;
#1062 = CARTESIAN_POINT ( 'NONE',  ( -0.8922005383792498400, 1.545336663013167100, -3.104166666666661200 ) ) ;
#1063 = CARTESIAN_POINT ( 'NONE',  ( 0.0000000000000000000, 1.545336663013166900, 2.350000000000005000 ) ) ;
#1064 = CARTESIAN_POINT ( 'NONE',  ( -0.8922005383792502900, -1.545336663013166400, 1.241666666666670700 ) ) ;
#1065 = ADVANCED_FACE ( 'NONE', ( #1719 ), #1889, .T. ) ;
#1066 =( BOUNDED_SURFACE ( )  B_SPLINE_SURFACE ( 1, 2, ( 
 ( #644, #2091, #73, #362, #2646, #311, #930, #1224, #1177, #1748, #3192, #2127, #1550, #3293, #1840, #942, #372, #2418, #2379, #2995, #3303, #2961, #400, #653, #2396, #2101, #2657, #379, #116, #388, #1538, #2386, #2113, #1236, #3535, #3258, #1270, #2137, #410, #3562, #1818, #1809, #954, #3270, #668, #1529, #964, #3571, #3580, #3545, #1282, #1827, #688, #1851, #83, #2975, #98, #2667, #2406, #1246, #2697, #108, #978, #678, #2685, #1560, #126, #2987, #1261, #697, #2144, #3282, #2707, #988, #3011, #1308, #448, #1597, #1573, #3606, #176, #2464, #3592, #3342, #458, #1870, #1294, #748, #188, #3620, #469, #3628, #146, #2718, #1000, #1913, #2167, #2202, #3328, #2426, #1343, #3024, #2772, #726, #2758, #418, #1860, #1902, #3640, #1043, #2475, #1013, #2186, #3065, #3037, #2450, #1888, #158, #3312, #139, #712, #2175, #2158, #763, #1051, #1586, #1612, #431, #3076, #2435, #3352, #1319, #1326, #2734, #735, #2748, #1032, #1627, #3047, #1947, #1378, #3123, #1675, #772, #197, #2260, #2212, #2819, #3135, #2784, #233, #483, #2234, #1926, #2483, #209, #3694, #221, #1364, #2223, #1938, #1064, #3364, #3087, #1095, #1956, #241, #3388, #1650, #1638, #782, #3099, #493, #1357, #796, #3399, #3411, #3380, #1114, #1665, #515, #1687, #3656, #2795, #3667 ),
 ( #2497, #1075, #1394, #2246, #3674, #501, #532, #807, #2508, #2805, #1084, #3112, #2519, #3705, #1974, #2533, #819, #2834, #2311, #1408, #3176, #304, #3441, #1126, #586, #34, #1435, #320, #3465, #3732, #2548, #834, #1758, #1718, #2044, #1141, #2270, #1186, #2848, #2604, #558, #2591, #261, #3428, #1742, #3480, #877, #2324, #851, #25, #2031, #2863, #2300, #3167, #1728, #3155, #3720, #546, #3451, #1700, #604, #891, #1420, #1448, #1986, #2910, #1999, #3188, #1158, #2898, #273, #573, #2288, #2566, #1173, #9, #2012, #1462, #290, #2575, #867, #2883, #2105, #48, #2651, #2970, #618, #77, #334, #2087, #1772, #2058, #59, #3530, #1791, #1207, #2072, #1781, #2616, #3204, #2341, #939, #1512, #92, #3226, #1495, #1478, #630, #2937, #344, #2927, #640, #1220, #3253, #905, #948, #1504, #368, #1521, #3494, #2626, #1194, #3217, #2351, #3505, #914, #3240, #3519, #69, #2955, #2096, #353, #2361, #376, #649, #2641, #923, #2946, #1804, #2371, #1232, #3541, #1812, #2383, #659, #2662, #1239, #959, #1255, #1822, #102, #3275, #3566, #2390, #1833, #2981, #2121, #3554, #382, #3264, #672, #1533, #2676, #1545, #822, #2214, #2261, #212, #1960, #3657, #1053, #1382, #3124, #2249, #1395, #495, #3401, #3115, #2499, #1949, #2797, #1367, #773, #3368, #1929 ) ),
 .UNSPECIFIED., .F., .F., .T. ) 
 B_SPLINE_SURFACE_WITH_KNOTS ( ( 2, 2 ),
 ( 3, 2, 2, 2, 2, 2, 2, 2, 2, 2, 2, 2, 2, 2, 2, 2, 2, 2, 2, 2, 2, 2, 2, 2, 2, 2, 2, 2, 2, 2, 2, 2, 2, 2, 2, 2, 2, 2, 2, 2, 2, 2, 2, 2, 2, 2, 2, 2, 2, 2, 2, 2, 2, 2, 2, 2, 2, 2, 2, 2, 2, 2, 2, 2, 2, 2, 2, 2, 2, 2, 2, 2, 2, 2, 2, 2, 2, 2, 2, 2, 2, 2, 2, 2, 2, 2, 2, 2, 2, 2, 2, 2, 3 ),
 ( 0.0000000000000000000, 1.000000000000000000 ),
 ( 0.0000000000000000000, 0.01041666666666666600, 0.02083333333333333200, 0.03125000000000000000, 0.04166666666666666400, 0.05208333333333333600, 0.06250000000000000000, 0.07291666666666667100, 0.08333333333333332900, 0.09375000000000000000, 0.1041666666666666700, 0.1145833333333333300, 0.1250000000000000000, 0.1354166666666666600, 0.1458333333333333400, 0.1562500000000000000, 0.1666666666666666600, 0.1770833333333333400, 0.1875000000000000000, 0.1979166666666666600, 0.2083333333333333400, 0.2187500000000000000, 0.2291666666666666600, 0.2395833333333333400, 0.2500000000000000000, 0.2604166666666666900, 0.2708333333333333100, 0.2812500000000000000, 0.2916666666666666900, 0.3020833333333333100, 0.3125000000000000000, 0.3229166666666666900, 0.3333333333333333100, 0.3437500000000000000, 0.3541666666666666900, 0.3645833333333333100, 0.3750000000000000000, 0.3854166666666666900, 0.3958333333333333100, 0.4062500000000000000, 0.4166666666666666900, 0.4270833333333333100, 0.4375000000000000000, 0.4479166666666666900, 0.4583333333333333100, 0.4687500000000000000, 0.4791666666666666900, 0.4895833333333333100, 0.5000000000000000000, 0.5104166666666666300, 0.5208333333333333700, 0.5312500000000000000, 0.5416666666666666300, 0.5520833333333333700, 0.5625000000000000000, 0.5729166666666666300, 0.5833333333333333700, 0.5937500000000000000, 0.6041666666666666300, 0.6145833333333333700, 0.6250000000000000000, 0.6354166666666666300, 0.6458333333333333700, 0.6562500000000000000, 0.6666666666666666300, 0.6770833333333333700, 0.6875000000000000000, 0.6979166666666666300, 0.7083333333333333700, 0.7187500000000000000, 0.7291666666666666300, 0.7395833333333333700, 0.7500000000000000000, 0.7604166666666666300, 0.7708333333333333700, 0.7812500000000000000, 0.7916666666666666300, 0.8020833333333333700, 0.8125000000000000000, 0.8229166666666666300, 0.8333333333333333700, 0.8437500000000000000, 0.8541666666666666300, 0.8645833333333333700, 0.8750000000000000000, 0.8854166666666666300, 0.8958333333333333700, 0.9062500000000000000, 0.9166666666666666300, 0.9270833333333333700, 0.9375000000000000000, 0.9479166666666666300, 0.9553146621141269700 ),
 .UNSPECIFIED. ) 
 GEOMETRIC_REPRESENTATION_ITEM ( )  RATIONAL_B_SPLINE_SURFACE ( (
 ( 1.000000000000000000, 0.8660254037844387100, 1.000000000000000000, 0.8660254037844387100, 1.000000000000000000, 0.8660254037844387100, 1.000000000000000000, 0.8660254037844387100, 1.000000000000000000, 0.8660254037844387100, 1.000000000000000000, 0.8660254037844387100, 1.000000000000000000, 0.8660254037844387100, 1.000000000000000000, 0.8660254037844387100, 1.000000000000000000, 0.8660254037844387100, 1.000000000000000000, 0.8660254037844387100, 1.000000000000000000, 0.8660254037844387100, 1.000000000000000000, 0.8660254037844387100, 1.000000000000000000, 0.8660254037844387100, 1.000000000000000000, 0.8660254037844387100, 1.000000000000000000, 0.8660254037844387100, 1.000000000000000000, 0.8660254037844387100, 1.000000000000000000, 0.8660254037844387100, 1.000000000000000000, 0.8660254037844387100, 1.000000000000000000, 0.8660254037844387100, 1.000000000000000000, 0.8660254037844387100, 1.000000000000000000, 0.8660254037844387100, 1.000000000000000000, 0.8660254037844387100, 1.000000000000000000, 0.8660254037844387100, 1.000000000000000000, 0.8660254037844387100, 1.000000000000000000, 0.8660254037844387100, 1.000000000000000000, 0.8660254037844387100, 1.000000000000000000, 0.8660254037844387100, 1.000000000000000000, 0.8660254037844387100, 1.000000000000000000, 0.8660254037844387100, 1.000000000000000000, 0.8660254037844387100, 1.000000000000000000, 0.8660254037844387100, 1.000000000000000000, 0.8660254037844387100, 1.000000000000000000, 0.8660254037844387100, 1.000000000000000000, 0.8660254037844387100, 1.000000000000000000, 0.8660254037844387100, 1.000000000000000000, 0.8660254037844387100, 1.000000000000000000, 0.8660254037844387100, 1.000000000000000000, 0.8660254037844387100, 1.000000000000000000, 0.8660254037844387100, 1.000000000000000000, 0.8660254037844387100, 1.000000000000000000, 0.8660254037844387100, 1.000000000000000000, 0.8660254037844387100, 1.000000000000000000, 0.8660254037844387100, 1.000000000000000000, 0.8660254037844387100, 1.000000000000000000, 0.8660254037844387100, 1.000000000000000000, 0.8660254037844387100, 1.000000000000000000, 0.8660254037844387100, 1.000000000000000000, 0.8660254037844387100, 1.000000000000000000, 0.8660254037844387100, 1.000000000000000000, 0.8660254037844387100, 1.000000000000000000, 0.8660254037844387100, 1.000000000000000000, 0.8660254037844387100, 1.000000000000000000, 0.8660254037844387100, 1.000000000000000000, 0.8660254037844387100, 1.000000000000000000, 0.8660254037844387100, 1.000000000000000000, 0.8660254037844387100, 1.000000000000000000, 0.8660254037844387100, 1.000000000000000000, 0.8660254037844387100, 1.000000000000000000, 0.8660254037844387100, 1.000000000000000000, 0.8660254037844387100, 1.000000000000000000, 0.8660254037844387100, 1.000000000000000000, 0.8660254037844387100, 1.000000000000000000, 0.8660254037844387100, 1.000000000000000000, 0.8660254037844387100, 1.000000000000000000, 0.8660254037844387100, 1.000000000000000000, 0.8660254037844387100, 1.000000000000000000, 0.8660254037844387100, 1.000000000000000000, 0.8660254037844387100, 1.000000000000000000, 0.8660254037844387100, 1.000000000000000000, 0.8660254037844387100, 1.000000000000000000, 0.8660254037844387100, 1.000000000000000000, 0.8660254037844387100, 1.000000000000000000, 0.8660254037844387100, 1.000000000000000000, 0.8660254037844387100, 1.000000000000000000, 0.8660254037844387100, 1.000000000000000000, 0.8660254037844387100, 1.000000000000000000, 0.8660254037844387100, 1.000000000000000000, 0.8660254037844387100, 1.000000000000000000, 0.8660254037844387100, 1.000000000000000000, 0.8660254037844387100, 1.000000000000000000, 0.8660254037844387100, 1.000000000000000000, 0.8660254037844387100, 1.000000000000000000, 0.8660254037844387100, 1.000000000000000000, 0.8660254037844387100, 1.000000000000000000, 0.8660254037844387100, 1.000000000000000000, 0.8660254037844387100, 1.000000000000000000, 0.8660254037844387100, 1.000000000000000000, 0.8660254037844387100, 1.000000000000000000, 0.8660254037844387100, 1.000000000000000000, 0.8660254037844387100, 1.000000000000000000, 0.8660254037844387100, 1.000000000000000000, 0.9048502285237070000, 0.9448526316794465500),
 ( 1.000000000000000000, 0.8660254037844387100, 1.000000000000000000, 0.8660254037844387100, 1.000000000000000000, 0.8660254037844387100, 1.000000000000000000, 0.8660254037844387100, 1.000000000000000000, 0.8660254037844387100, 1.000000000000000000, 0.8660254037844387100, 1.000000000000000000, 0.8660254037844387100, 1.000000000000000000, 0.8660254037844387100, 1.000000000000000000, 0.8660254037844387100, 1.000000000000000000, 0.8660254037844387100, 1.000000000000000000, 0.8660254037844387100, 1.000000000000000000, 0.8660254037844387100, 1.000000000000000000, 0.8660254037844387100, 1.000000000000000000, 0.8660254037844387100, 1.000000000000000000, 0.8660254037844387100, 1.000000000000000000, 0.8660254037844387100, 1.000000000000000000, 0.8660254037844387100, 1.000000000000000000, 0.8660254037844387100, 1.000000000000000000, 0.8660254037844387100, 1.000000000000000000, 0.8660254037844387100, 1.000000000000000000, 0.8660254037844387100, 1.000000000000000000, 0.8660254037844387100, 1.000000000000000000, 0.8660254037844387100, 1.000000000000000000, 0.8660254037844387100, 1.000000000000000000, 0.8660254037844387100, 1.000000000000000000, 0.8660254037844387100, 1.000000000000000000, 0.8660254037844387100, 1.000000000000000000, 0.8660254037844387100, 1.000000000000000000, 0.8660254037844387100, 1.000000000000000000, 0.8660254037844387100, 1.000000000000000000, 0.8660254037844387100, 1.000000000000000000, 0.8660254037844387100, 1.000000000000000000, 0.8660254037844387100, 1.000000000000000000, 0.8660254037844387100, 1.000000000000000000, 0.8660254037844387100, 1.000000000000000000, 0.8660254037844387100, 1.000000000000000000, 0.8660254037844387100, 1.000000000000000000, 0.8660254037844387100, 1.000000000000000000, 0.8660254037844387100, 1.000000000000000000, 0.8660254037844387100, 1.000000000000000000, 0.8660254037844387100, 1.000000000000000000, 0.8660254037844387100, 1.000000000000000000, 0.8660254037844387100, 1.000000000000000000, 0.8660254037844387100, 1.000000000000000000, 0.8660254037844387100, 1.000000000000000000, 0.8660254037844387100, 1.000000000000000000, 0.8660254037844387100, 1.000000000000000000, 0.8660254037844387100, 1.000000000000000000, 0.8660254037844387100, 1.000000000000000000, 0.8660254037844387100, 1.000000000000000000, 0.8660254037844387100, 1.000000000000000000, 0.8660254037844387100, 1.000000000000000000, 0.8660254037844387100, 1.000000000000000000, 0.8660254037844387100, 1.000000000000000000, 0.8660254037844387100, 1.000000000000000000, 0.8660254037844387100, 1.000000000000000000, 0.8660254037844387100, 1.000000000000000000, 0.8660254037844387100, 1.000000000000000000, 0.8660254037844387100, 1.000000000000000000, 0.8660254037844387100, 1.000000000000000000, 0.8660254037844387100, 1.000000000000000000, 0.8660254037844387100, 1.000000000000000000, 0.8660254037844387100, 1.000000000000000000, 0.8660254037844387100, 1.000000000000000000, 0.8660254037844387100, 1.000000000000000000, 0.8660254037844387100, 1.000000000000000000, 0.8660254037844387100, 1.000000000000000000, 0.8660254037844387100, 1.000000000000000000, 0.8660254037844387100, 1.000000000000000000, 0.8660254037844387100, 1.000000000000000000, 0.8660254037844387100, 1.000000000000000000, 0.8660254037844387100, 1.000000000000000000, 0.8660254037844387100, 1.000000000000000000, 0.8660254037844387100, 1.000000000000000000, 0.8660254037844387100, 1.000000000000000000, 0.8660254037844387100, 1.000000000000000000, 0.8660254037844387100, 1.000000000000000000, 0.8660254037844387100, 1.000000000000000000, 0.8660254037844387100, 1.000000000000000000, 0.8660254037844387100, 1.000000000000000000, 0.8660254037844387100, 1.000000000000000000, 0.8660254037844387100, 1.000000000000000000, 0.8660254037844387100, 1.000000000000000000, 0.8660254037844387100, 1.000000000000000000, 0.8660254037844387100, 1.000000000000000000, 0.8660254037844387100, 1.000000000000000000, 0.8660254037844387100, 1.000000000000000000, 0.8660254037844387100, 1.000000000000000000, 0.8660254037844387100, 1.000000000000000000, 0.8660254037844387100, 1.000000000000000000, 0.8660254037844387100, 1.000000000000000000, 0.9048502285237070000, 0.9448526316794465500) ) ) 
 REPRESENTATION_ITEM ( '' )  SURFACE ( )  );
#1067 = ORIENTED_EDGE ( 'NONE', *, *, #1334, .F. ) ;
#1068 = VERTEX_POINT ( 'NONE', #381 ) ;
#1069 = EDGE_CURVE ( 'NONE', #161, #1928, #1934, .T. ) ;
#1070 = CARTESIAN_POINT ( 'NONE',  ( 0.1576919807739840000, 5.154986619774817500E-016, -4.317453739353333700 ) ) ;
#1071 = CARTESIAN_POINT ( 'NONE',  ( 1.438218879622112700, 0.3163714390882457800, 1.101115944497856000 ) ) ;
#1072 = FACE_OUTER_BOUND ( 'NONE', #2014, .T. ) ;
#1073 = CARTESIAN_POINT ( 'NONE',  ( 0.0000000000000000000, 1.545336663013167100, -5.962499999999995900 ) ) ;
#1074 = CARTESIAN_POINT ( 'NONE',  ( 1.338300807568875400, 0.7726683315065824300, 1.533333333333337900 ) ) ;
#1075 = CARTESIAN_POINT ( 'NONE',  ( -1.176575538379252000, 2.037888611415570800, -8.376041666666665700 ) ) ;
#1076 = DIRECTION ( 'NONE',  ( 0.0000000000000000000, -1.000000000000000000, 0.0000000000000000000 ) ) ;
#1077 = CARTESIAN_POINT ( 'NONE',  ( 1.338300807568875600, 0.7726683315065825400, -7.479166666666661600 ) ) ;
#1078 = CARTESIAN_POINT ( 'NONE',  ( -2.449293598294707400E-016, -2.000000000000000400, -6.662499999999998800 ) ) ;
#1079 = FACE_OUTER_BOUND ( 'NONE', #3576, .T. ) ;
#1080 = CARTESIAN_POINT ( 'NONE',  ( 0.8121971649220910400, 1.775984011487114800, -0.02987473378007873800 ) ) ;
#1081 = DIRECTION ( 'NONE',  ( 0.7071067811865487900, 0.0000000000000000000, 0.7071067811865463500 ) ) ;
#1082 = CARTESIAN_POINT ( 'NONE',  ( 1.338300807568875600, 0.7726683315065825400, -3.979166666666662100 ) ) ;
#1083 = CARTESIAN_POINT ( 'NONE',  ( 0.3368560613705563500, 0.1395303491872681200, -4.363149274280720700 ) ) ;
#1084 = CARTESIAN_POINT ( 'NONE',  ( 1.764863307568879300, 1.018944305707783800, -7.851041666666666300 ) ) ;
#1085 = AXIS2_PLACEMENT_3D ( 'NONE', #2148, #1577, #2410 ) ;
#1086 = EDGE_CURVE ( 'NONE', #1210, #2864, #1805, .T. ) ;
#1087 = CARTESIAN_POINT ( 'NONE',  ( 1.967306163053943500, -0.2368807094470292400, -7.307693836946060500 ) ) ;
#1088 = CARTESIAN_POINT ( 'NONE',  ( -0.8922005383792506200, -1.545336663013166600, 2.029166666666672100 ) ) ;
#1089 = CARTESIAN_POINT ( 'NONE',  ( 0.8922005383792508400, 1.545336663013166600, -7.420833333333328100 ) ) ;
#1090 = DIRECTION ( 'NONE',  ( -0.01733375049385964600, -0.08714264840443977600, 0.9960450290638855900 ) ) ;
#1091 = CARTESIAN_POINT ( 'NONE',  ( -0.5885075999784298300, -1.834875654611866300, -7.351761676485209000 ) ) ;
#1092 = CARTESIAN_POINT ( 'NONE',  ( 0.5081623461380071500, -1.899639881398144500, -7.312693526488604200 ) ) ;
#1093 = CARTESIAN_POINT ( 'NONE',  ( 1.338300807568874500, -0.7726683315065842100, -0.5958333333333284400 ) ) ;
#1094 = CARTESIAN_POINT ( 'NONE',  ( 1.784401076758499700, -3.076254464281109000E-016, 1.475000000000003900 ) ) ;
#1095 = CARTESIAN_POINT ( 'NONE',  ( 1.338300807568874500, -0.7726683315065840900, 1.416666666666670300 ) ) ;
#1096 = ORIENTED_EDGE ( 'NONE', *, *, #2224, .T. ) ;
#1097 = ADVANCED_FACE ( 'NONE', ( #2825 ), #2778, .T. ) ;
#1098 = EDGE_LOOP ( 'NONE', ( #87, #1335 ) ) ;
#1099 = VERTEX_POINT ( 'NONE', #2162 ) ;
#1100 = CARTESIAN_POINT ( 'NONE',  ( 1.146640998886314900, -1.371936738133459700, -7.502552599492816800 ) ) ;
#1101 = CARTESIAN_POINT ( 'NONE',  ( -0.8922005383792498400, 1.545336663013167100, 1.795833333333338500 ) ) ;
#1102 = CARTESIAN_POINT ( 'NONE',  ( -0.4029094431776323300, 1.175949278766130100, 0.8677652511022380100 ) ) ;
#1103 = ORIENTED_EDGE ( 'NONE', *, *, #1086, .T. ) ;
#1104 = B_SPLINE_CURVE_WITH_KNOTS ( 'NONE', 3,
 ( #821, #2808, #1702, #3114 ),
 .UNSPECIFIED., .F., .F.,
 ( 4, 4 ),
 ( 0.0000000000000000000, 0.0009009551009949194000 ),
 .UNSPECIFIED. ) ;
#1105 = DIRECTION ( 'NONE',  ( 0.08714264840443969300, 0.01733375049386026700, 0.9960450290638855900 ) ) ;
#1106 = ORIENTED_EDGE ( 'NONE', *, *, #1314, .F. ) ;
#1107 = ORIENTED_EDGE ( 'NONE', *, *, #1513, .T. ) ;
#1108 = ORIENTED_EDGE ( 'NONE', *, *, #306, .T. ) ;
#1109 = CARTESIAN_POINT ( 'NONE',  ( 2.309401076758503800, -4.040663818609657100E-016, -6.487499999999998900 ) ) ;
#1110 = CARTESIAN_POINT ( 'NONE',  ( -1.338300807568874900, -0.7726683315065832100, -6.516666666666662200 ) ) ;
#1111 = CARTESIAN_POINT ( 'NONE',  ( 1.338300807568875600, 0.7726683315065825400, -1.179166666666661800 ) ) ;
#1112 = CARTESIAN_POINT ( 'NONE',  ( -1.199675254255404800, 0.9740865908018140300, -0.2625000000000181600 ) ) ;
#1113 = ORIENTED_EDGE ( 'NONE', *, *, #2182, .T. ) ;
#1114 = CARTESIAN_POINT ( 'NONE',  ( 1.338300807568875400, 0.7726683315065824300, 2.233333333333336900 ) ) ;
#1115 = CARTESIAN_POINT ( 'NONE',  ( 1.154700538379252800, 1.999999999999999600, -0.8583333333333323900 ) ) ;
#1116 = CARTESIAN_POINT ( 'NONE',  ( 0.0000000000000000000, 0.0000000000000000000, 0.0000000000000000000 ) ) ;
#1117 = FACE_OUTER_BOUND ( 'NONE', #2928, .T. ) ;
#1118 = EDGE_CURVE ( 'NONE', #971, #3276, #1055, .T. ) ;
#1119 = ADVANCED_FACE ( 'NONE', ( #1390 ), #1300, .T. ) ;
#1120 = CARTESIAN_POINT ( 'NONE',  ( -1.338300807568874900, 0.7726683315065837600, -7.945833333333329300 ) ) ;
#1121 = CIRCLE ( 'NONE', #1587, 2.107807916660025000 ) ;
#1122 = CARTESIAN_POINT ( 'NONE',  ( 0.0000000000000000000, 6.628682924999594700E-017, 2.200000000000000600 ) ) ;
#1123 = CARTESIAN_POINT ( 'NONE',  ( 1.784401076758499900, -3.076254464281109500E-016, -5.524999999999995000 ) ) ;
#1124 = CARTESIAN_POINT ( 'NONE',  ( -1.338300807568875200, -0.7726683315065832100, -0.1291666666666611000 ) ) ;
#1125 = CARTESIAN_POINT ( 'NONE',  ( 6.999787613770387100E-014, 1.722636114155689800, -7.552363885844308700 ) ) ;
#1126 = CARTESIAN_POINT ( 'NONE',  ( 1.176575538379253500, 2.037888611415570300, -7.092708333333332500 ) ) ;
#1127 = PERSON_AND_ORGANIZATION ( #871, #911 ) ;
#1128 = CARTESIAN_POINT ( 'NONE',  ( 2.449293598294706900E-016, 2.000000000000000400, -7.274999999999996800 ) ) ;
#1129 = CARTESIAN_POINT ( 'NONE',  ( 0.0000000000000000000, 2.000000000000000400, -0.7999999999999986000 ) ) ;
#1130 = CARTESIAN_POINT ( 'NONE',  ( 0.8922005383792508400, 1.545336663013166600, 2.379166666666672200 ) ) ;
#1131 = CARTESIAN_POINT ( 'NONE',  ( 0.0000000000000000000, 2.037888611415570800, -7.078124999999998200 ) ) ;
#1132 = DIRECTION ( 'NONE',  ( -0.3812272063696569000, 0.9203638919632229900, -0.08715574274765836000 ) ) ;
#1133 = VECTOR ( 'NONE', #2999, 1000.000000000000100 ) ;
#1134 = CARTESIAN_POINT ( 'NONE',  ( -0.8922005383792498400, 1.545336663013167100, -3.804166666666662300 ) ) ;
#1135 = CARTESIAN_POINT ( 'NONE',  ( 6.999787613770387100E-014, 1.722636114155689800, -7.552363885844308700 ) ) ;
#1136 =( BOUNDED_CURVE ( )  B_SPLINE_CURVE ( 2, ( #1738, #874, #553, #19, #2026, #3447, #5 ),
 .UNSPECIFIED., .F., .T. ) 
 B_SPLINE_CURVE_WITH_KNOTS ( ( 3, 2, 2, 3 ),
 ( 0.6249999999999998900, 0.6354166666666665200, 0.6458333333333333700, 0.6562500000000000000 ),
 .UNSPECIFIED. ) 
 CURVE ( )  GEOMETRIC_REPRESENTATION_ITEM ( )  RATIONAL_B_SPLINE_CURVE ( ( 1.000000000000001300, 0.8660254037844372600, 1.000000000000000000, 0.8660254037844387100, 1.000000000000000000, 0.8660254037844387100, 1.000000000000000000 ) ) 
 REPRESENTATION_ITEM ( '' )  );
#1137 = CARTESIAN_POINT ( 'NONE',  ( -2.449293598294707400E-016, -2.000000000000000400, -3.862499999999998000 ) ) ;
#1138 = CARTESIAN_POINT ( 'NONE',  ( -0.8922005383792505100, -1.545336663013166400, -7.158333333333329700 ) ) ;
#1139 = CARTESIAN_POINT ( 'NONE',  ( 1.784401076758499900, -3.076254464281110000E-016, -0.5374999999999954300 ) ) ;
#1140 = DIRECTION ( 'NONE',  ( -0.9238795325112827400, -0.3826834323650996600, 0.0000000000000000000 ) ) ;
#1141 = CARTESIAN_POINT ( 'NONE',  ( 1.176575538379253500, 2.037888611415570300, -6.392708333333333200 ) ) ;
#1142 = CC_DESIGN_PERSON_AND_ORGANIZATION_ASSIGNMENT ( #3572, #2399, ( #129 ) ) ;
#1143 = EDGE_CURVE ( 'NONE', #2006, #1659, #1897, .T. ) ;
#1144 = DIRECTION ( 'NONE',  ( 0.0000000000000000000, 0.0000000000000000000, 1.000000000000000000 ) ) ;
#1145 = CARTESIAN_POINT ( 'NONE',  ( 0.0000000000000000000, 2.000000000000000400, -3.599999999999999200 ) ) ;
#1146 = CARTESIAN_POINT ( 'NONE',  ( -1.338300807568874700, 0.7726683315065836500, -7.333333333333328600 ) ) ;
#1147 = CARTESIAN_POINT ( 'NONE',  ( 1.176575538379253500, 2.037888611415570300, -2.936458333333331600 ) ) ;
#1148 = CARTESIAN_POINT ( 'NONE',  ( 0.0000000000000000000, 2.000000000000000400, -0.7124999999999981300 ) ) ;
#1149 = CARTESIAN_POINT ( 'NONE',  ( 0.8922005383792495100, -1.545336663013167700, -4.154166666666662300 ) ) ;
#1150 = DIRECTION ( 'NONE',  ( -2.216121341264706100E-016, -0.9961946980917455500, 0.08715574274765836000 ) ) ;
#1151 = CARTESIAN_POINT ( 'NONE',  ( -0.3163714390882356200, -1.438218879622114300, 1.101115944497855100 ) ) ;
#1152 = CLOSED_SHELL ( 'NONE', ( #1, #1350, #3699, #1328, #198, #3038, #1449, #1033, #1311, #3381, #3016, #1916, #419, #3090, #1097, #1065, #739, #764, #3641, #1878, #296, #459, #702, #2485, #1657, #1119, #1903, #274, #2884, #2168, #3054, #3676, #3343, #2217, #2759, #550, #3607, #2179, #1295, #1861, #2777, #1734, #2719, #1576, #2501, #140, #1639, #727, #1409, #3128, #1365, #3304, #989, #3077, #182, #1619, #1004, #774, #3581, #3355 ) ) ;
#1153 = ORIENTED_EDGE ( 'NONE', *, *, #2045, .T. ) ;
#1154 = CARTESIAN_POINT ( 'NONE',  ( -1.732050807568877600, 1.000000000000000400, -2.083333333333332100 ) ) ;
#1155 = CARTESIAN_POINT ( 'NONE',  ( 1.784401076758499900, -3.076254464281109500E-016, -7.624999999999995600 ) ) ;
#1156 = CARTESIAN_POINT ( 'NONE',  ( 1.784401076758499900, -3.076254464281110000E-016, -1.237499999999994700 ) ) ;
#1157 = CARTESIAN_POINT ( 'NONE',  ( 0.7627753099856022800, -0.5442153152410450500, 0.5526932360220553300 ) ) ;
#1158 = CARTESIAN_POINT ( 'NONE',  ( 1.764863307568878200, -1.018944305707786300, -4.467708333333332500 ) ) ;
#1159 = ORIENTED_EDGE ( 'NONE', *, *, #503, .F. ) ;
#1160 = CARTESIAN_POINT ( 'NONE',  ( 0.6034951918157814800, -0.6034951918157694900, 0.4819823870704096300 ) ) ;
#1161 = LINE ( 'NONE', #1128, #3737 ) ;
#1162 = CARTESIAN_POINT ( 'NONE',  ( -1.308182966920132400, 0.3590764091019620400, 0.9832910600397502000 ) ) ;
#1163 = CARTESIAN_POINT ( 'NONE',  ( -1.764863307568878700, -1.018944305707784900, -2.644791666666665100 ) ) ;
#1164 = CARTESIAN_POINT ( 'NONE',  ( -1.732050807568877600, 1.000000000000000400, -2.783333333333332300 ) ) ;
#1165 = VERTEX_POINT ( 'NONE', #2195 ) ;
#1166 = ORIENTED_EDGE ( 'NONE', *, *, #3659, .T. ) ;
#1167 = CARTESIAN_POINT ( 'NONE',  ( -0.8922005383792506200, -1.545336663013166600, -4.270833333333327700 ) ) ;
#1168 = DIRECTION ( 'NONE',  ( -1.000000000000000000, 0.0000000000000000000, 0.0000000000000000000 ) ) ;
#1169 = LINE ( 'NONE', #3575, #631 ) ;
#1170 = CARTESIAN_POINT ( 'NONE',  ( 0.0000000000000000000, -2.000000000000000400, 2.200000000000000600 ) ) ;
#1171 = CARTESIAN_POINT ( 'NONE',  ( -1.784401076758499900, 1.294267669813664600E-016, -5.874999999999995600 ) ) ;
#1172 = CARTESIAN_POINT ( 'NONE',  ( 0.8922005383792495100, -1.545336663013167700, 2.145833333333338400 ) ) ;
#1173 = CARTESIAN_POINT ( 'NONE',  ( -1.764863307568878400, 1.018944305707785600, -4.117708333333332900 ) ) ;
#1174 = CIRCLE ( 'NONE', #1785, 2.000000000000001300 ) ;
#1175 = CARTESIAN_POINT ( 'NONE',  ( -1.732050807568877600, -0.9999999999999997800, -3.979166666666664700 ) ) ;
#1176 = CARTESIAN_POINT ( 'NONE',  ( 1.764863307568879300, 1.018944305707783800, -3.694791666666665800 ) ) ;
#1177 = CARTESIAN_POINT ( 'NONE',  ( 1.338300807568874500, -0.7726683315065840900, -7.683333333333329100 ) ) ;
#1178 = EDGE_CURVE ( 'NONE', #2720, #2006, #578, .T. ) ;
#1179 = CARTESIAN_POINT ( 'NONE',  ( -0.8922005383792498400, 1.545336663013167100, -4.504166666666661100 ) ) ;
#1180 = CARTESIAN_POINT ( 'NONE',  ( 1.489996641992069400, -0.9999715123146224500, -0.1261590481587211200 ) ) ;
#1181 = VERTEX_POINT ( 'NONE', #463 ) ;
#1182 = CARTESIAN_POINT ( 'NONE',  ( 2.212853199339745600, -0.4190865195806461300, 2.275154686808595900 ) ) ;
#1183 = CARTESIAN_POINT ( 'NONE',  ( 0.8922005383792508400, 1.545336663013166400, -4.008333333333329300 ) ) ;
#1184 = CARTESIAN_POINT ( 'NONE',  ( -1.338300807568874900, 0.7726683315065837600, 2.554166666666671600 ) ) ;
#1185 = DIRECTION ( 'NONE',  ( 0.0000000000000000000, -0.08715574274765836000, -0.9961946980917455500 ) ) ;
#1186 = CARTESIAN_POINT ( 'NONE',  ( -1.176575538379252000, 2.037888611415570800, -6.276041666666666100 ) ) ;
#1187 = CARTESIAN_POINT ( 'NONE',  ( 1.732050807568877200, -1.000000000000001100, -3.833333333333331700 ) ) ;
#1188 = CARTESIAN_POINT ( 'NONE',  ( 1.176575538379253500, 2.037888611415570300, -4.336458333333332000 ) ) ;
#1189 = CARTESIAN_POINT ( 'NONE',  ( -0.4657886768156532800, -2.349495442072254000, 2.808962786656433500 ) ) ;
#1190 = CARTESIAN_POINT ( 'NONE',  ( 0.8922005383792508400, 1.545336663013166600, -4.620833333333328200 ) ) ;
#1191 = CARTESIAN_POINT ( 'NONE',  ( 0.0000000000000000000, 2.000000000000000400, -3.512499999999998800 ) ) ;
#1192 = CARTESIAN_POINT ( 'NONE',  ( -0.8922005383792505100, -1.545336663013166400, -4.358333333333329000 ) ) ;
#1193 = CARTESIAN_POINT ( 'NONE',  ( -2.449293598294707400E-016, -2.000000000000000400, -5.262499999999998400 ) ) ;
#1194 = CARTESIAN_POINT ( 'NONE',  ( -1.176575538379252000, 2.037888611415570800, -1.376041666666665900 ) ) ;
#1195 = EDGE_CURVE ( 'NONE', #933, #2445, #3608, .T. ) ;
#1196 = ORIENTED_EDGE ( 'NONE', *, *, #68, .T. ) ;
#1197 = CARTESIAN_POINT ( 'NONE',  ( -0.9481777448371762100, 0.3927480814518906100, 3.199999999999999700 ) ) ;
#1198 = CARTESIAN_POINT ( 'NONE',  ( -2.353151076758504900, 1.642526603321196600E-016, -5.503124999999998000 ) ) ;
#1199 = CARTESIAN_POINT ( 'NONE',  ( -1.651735824472729400E-015, 0.1576919807739843300, -4.317453739353333700 ) ) ;
#1200 = ORIENTED_EDGE ( 'NONE', *, *, #375, .F. ) ;
#1201 = ORIENTED_EDGE ( 'NONE', *, *, #413, .F. ) ;
#1202 = CARTESIAN_POINT ( 'NONE',  ( 1.732050807568878300, 0.9999999999999986700, -3.016666666666665700 ) ) ;
#1203 = CARTESIAN_POINT ( 'NONE',  ( -0.3163714390882356200, -1.438218879622114300, 1.101115944497855100 ) ) ;
#1204 = CARTESIAN_POINT ( 'NONE',  ( -1.338300807568874900, -0.7726683315065832100, -2.316666666666662000 ) ) ;
#1205 = CARTESIAN_POINT ( 'NONE',  ( 0.1395303491872681200, 0.3368560613705563500, -4.363149274280720700 ) ) ;
#1206 = ORIENTED_EDGE ( 'NONE', *, *, #2178, .T. ) ;
#1207 = CARTESIAN_POINT ( 'NONE',  ( 1.176575538379253500, 2.037888611415570300, -2.892708333333332300 ) ) ;
#1208 = ORIENTED_EDGE ( 'NONE', *, *, #2822, .T. ) ;
#1209 = ORIENTED_EDGE ( 'NONE', *, *, #645, .F. ) ;
#1210 = VERTEX_POINT ( 'NONE', #740 ) ;
#1211 = CARTESIAN_POINT ( 'NONE',  ( -1.176575538379252000, 2.037888611415570800, -2.119791666666665600 ) ) ;
#1212 = FACE_OUTER_BOUND ( 'NONE', #3706, .T. ) ;
#1213 = CARTESIAN_POINT ( 'NONE',  ( -1.438218879622110300, -0.3163714390882558200, 1.101115944497855500 ) ) ;
#1214 = FACE_OUTER_BOUND ( 'NONE', #3375, .T. ) ;
#1215 = CC_DESIGN_APPROVAL ( #65, ( #129 ) ) ;
#1216 = DIRECTION ( 'NONE',  ( 0.0000000000000000000, 2.585091490897066400E-018, -1.000000000000000000 ) ) ;
#1217 = CARTESIAN_POINT ( 'NONE',  ( 1.338300807568875400, 0.7726683315065824300, -4.766666666666662200 ) ) ;
#1218 = CARTESIAN_POINT ( 'NONE',  ( -0.4858932265636998800, -1.471938859691291200, 3.038758841800002700 ) ) ;
#1219 = EDGE_CURVE ( 'NONE', #1058, #1966, #1169, .T. ) ;
#1220 = CARTESIAN_POINT ( 'NONE',  ( -1.764863307568878700, -1.018944305707784900, -1.901041666666665400 ) ) ;
#1221 = CARTESIAN_POINT ( 'NONE',  ( 0.0000000000000000000, 2.000000000000000400, -3.599999999999999200 ) ) ;
#1222 = CARTESIAN_POINT ( 'NONE',  ( -2.353151076758504900, 1.642526603321196800E-016, -2.003124999999998900 ) ) ;
#1223 = CARTESIAN_POINT ( 'NONE',  ( -0.3719445246109107700, -2.074731665576415200, 1.736319218647909900 ) ) ;
#1224 = CARTESIAN_POINT ( 'NONE',  ( 0.8922005383792494000, -1.545336663013167300, -7.741666666666661800 ) ) ;
#1225 = AXIS2_PLACEMENT_3D ( 'NONE', #1959, #1144, #35 ) ;
#1226 = LOCAL_TIME ( 21, 42, 45.00000000000000000, #3027 ) ;
#1227 = SPHERICAL_SURFACE ( 'NONE', #3081, 7.531250000000005300 ) ;
#1228 = AXIS2_PLACEMENT_3D ( 'NONE', #1884, #2444, #742 ) ;
#1229 = DIRECTION ( 'NONE',  ( 1.000000000000000000, 0.0000000000000000000, 0.0000000000000000000 ) ) ;
#1230 = CARTESIAN_POINT ( 'NONE',  ( -0.8922005383792505100, -1.545336663013166400, -3.658333333333329200 ) ) ;
#1231 = CARTESIAN_POINT ( 'NONE',  ( -2.449293598294707400E-016, -2.000000000000000400, -1.062499999999998700 ) ) ;
#1232 = CARTESIAN_POINT ( 'NONE',  ( 1.764863307568878200, -1.018944305707786300, -0.2677083333333333300 ) ) ;
#1233 =( BOUNDED_CURVE ( )  B_SPLINE_CURVE ( 2, ( #528, #2815, #3120, #1109, #2505, #830, #1392 ),
 .UNSPECIFIED., .F., .T. ) 
 B_SPLINE_CURVE_WITH_KNOTS ( ( 3, 2, 2, 3 ),
 ( 0.1562499999999999200, 0.1666666666666665700, 0.1770833333333332900, 0.1874999999999999400 ),
 .UNSPECIFIED. ) 
 CURVE ( )  GEOMETRIC_REPRESENTATION_ITEM ( )  RATIONAL_B_SPLINE_CURVE ( ( 1.000000000000001100, 0.8660254037844376000, 1.000000000000000000, 0.8660254037844387100, 1.000000000000000000, 0.8660254037844393700, 0.9999999999999993300 ) ) 
 REPRESENTATION_ITEM ( '' )  );
#1234 = CARTESIAN_POINT ( 'NONE',  ( -1.176575538379253100, -2.037888611415570300, 0.2135416666666674300 ) ) ;
#1235 = CARTESIAN_POINT ( 'NONE',  ( -1.338300807568874900, -0.7726683315065832100, -5.116666666666662700 ) ) ;
#1236 = CARTESIAN_POINT ( 'NONE',  ( 1.784401076758499700, -3.076254464281109500E-016, -6.224999999999996100 ) ) ;
#1237 = DIRECTION ( 'NONE',  ( 0.0000000000000000000, -0.08715574274765836000, -0.9961946980917456600 ) ) ;
#1238 = CARTESIAN_POINT ( 'NONE',  ( 1.732050807568877200, -1.000000000000001100, -5.845833333333331400 ) ) ;
#1239 = CARTESIAN_POINT ( 'NONE',  ( -1.764863307568878400, 1.018944305707785600, 0.08229166666666801200 ) ) ;
#1240 = CARTESIAN_POINT ( 'NONE',  ( -0.8922005383792506200, -1.545336663013166600, 1.329166666666671000 ) ) ;
#1241 = ORIENTED_EDGE ( 'NONE', *, *, #708, .F. ) ;
#1242 = EDGE_CURVE ( 'NONE', #2445, #354, #713, .T. ) ;
#1243 = CARTESIAN_POINT ( 'NONE',  ( 0.8922005383792509500, 1.545336663013166600, -3.920833333333328100 ) ) ;
#1244 = CARTESIAN_POINT ( 'NONE',  ( -2.495693764988923200E-016, -2.037888611415570800, 0.9718750000000004900 ) ) ;
#1245 = CARTESIAN_POINT ( 'NONE',  ( -1.784401076758499700, 1.294267669813664600E-016, -5.874999999999996400 ) ) ;
#1246 = CARTESIAN_POINT ( 'NONE',  ( 0.8922005383792507300, 1.545336663013166400, -4.708333333333328600 ) ) ;
#1247 = ORIENTED_EDGE ( 'NONE', *, *, #2275, .F. ) ;
#1248 = VECTOR ( 'NONE', #2130, 1000.000000000000000 ) ;
#1249 = AXIS2_PLACEMENT_3D ( 'NONE', #3174, #2280, #540 ) ;
#1250 = ORIENTED_EDGE ( 'NONE', *, *, #3157, .F. ) ;
#1251 = ORIENTED_EDGE ( 'NONE', *, *, #2752, .F. ) ;
#1252 = ORIENTED_EDGE ( 'NONE', *, *, #2071, .T. ) ;
#1253 = CARTESIAN_POINT ( 'NONE',  ( 0.8922005383792508400, 1.545336663013166400, -0.5083333333333294200 ) ) ;
#1254 = DIRECTION ( 'NONE',  ( -0.0000000000000000000, -2.585091490897066400E-018, 1.000000000000000000 ) ) ;
#1255 = CARTESIAN_POINT ( 'NONE',  ( -1.764863307568878700, -1.018944305707784900, 0.1989583333333339600 ) ) ;
#1256 = CARTESIAN_POINT ( 'NONE',  ( 0.4027449373036480200, 1.176446984686826400, 0.8682050818019071400 ) ) ;
#1257 = CIRCLE ( 'NONE', #3642, 7.522351246410528900 ) ;
#1258 = CARTESIAN_POINT ( 'NONE',  ( -1.892491597964127200E-016, -1.545336663013167100, -3.512499999999994800 ) ) ;
#1259 = CARTESIAN_POINT ( 'NONE',  ( -1.764863307568878400, 1.018944305707785600, -1.361458333333331700 ) ) ;
#1260 = CARTESIAN_POINT ( 'NONE',  ( 0.8922005383792507300, 1.545336663013166400, -2.608333333333329400 ) ) ;
#1261 = CARTESIAN_POINT ( 'NONE',  ( 1.338300807568874500, -0.7726683315065840900, -4.183333333333329100 ) ) ;
#1262 = CARTESIAN_POINT ( 'NONE',  ( 0.0000000000000000000, 0.0000000000000000000, -4.331250000000005200 ) ) ;
#1263 = CARTESIAN_POINT ( 'NONE',  ( 0.0000000000000000000, 0.0000000000000000000, 0.0000000000000000000 ) ) ;
#1264 = CARTESIAN_POINT ( 'NONE',  ( -0.2391509819967452300, 1.985650222926987500, -6.848822785271687700E-016 ) ) ;
#1265 = EDGE_CURVE ( 'NONE', #1099, #3593, #2459, .T. ) ;
#1266 = CYLINDRICAL_SURFACE ( 'NONE', #3235, 2.000000000000000400 ) ;
#1267 = CARTESIAN_POINT ( 'NONE',  ( -1.338300807568875200, -0.7726683315065832100, -7.129166666666662000 ) ) ;
#1268 = CARTESIAN_POINT ( 'NONE',  ( -1.176575538379253100, -2.037888611415570300, 2.313541666666668400 ) ) ;
#1269 = CARTESIAN_POINT ( 'NONE',  ( -1.338300807568874700, 0.7726683315065836500, -5.933333333333328200 ) ) ;
#1270 = CARTESIAN_POINT ( 'NONE',  ( 0.0000000000000000000, 1.545336663013166900, -6.049999999999996300 ) ) ;
#1271 = AXIS2_PLACEMENT_3D ( 'NONE', #1552, #3565, #2411 ) ;
#1272 =( BOUNDED_CURVE ( )  B_SPLINE_CURVE ( 2, ( #1730, #1464, #12, #3481, #3177, #605, #588 ),
 .UNSPECIFIED., .F., .T. ) 
 B_SPLINE_CURVE_WITH_KNOTS ( ( 3, 2, 2, 3 ),
 ( 0.6875000000000000000, 0.6979166666666666300, 0.7083333333333333700, 0.7187500000000000000 ),
 .UNSPECIFIED. ) 
 CURVE ( )  GEOMETRIC_REPRESENTATION_ITEM ( )  RATIONAL_B_SPLINE_CURVE ( ( 1.000000000000000000, 0.8660254037844387100, 1.000000000000000000, 0.8660254037844387100, 1.000000000000000000, 0.8660254037844387100, 1.000000000000000000 ) ) 
 REPRESENTATION_ITEM ( '' )  );
#1273 = CARTESIAN_POINT ( 'NONE',  ( -1.338300807568874700, 0.7726683315065836500, -6.633333333333329300 ) ) ;
#1274 = AXIS2_PLACEMENT_3D ( 'NONE', #230, #779, #219 ) ;
#1275 = CARTESIAN_POINT ( 'NONE',  ( 0.0000000000000000000, 2.000000000000000400, -4.299999999999998900 ) ) ;
#1276 = CARTESIAN_POINT ( 'NONE',  ( 2.309401076758503800, -4.040663818609657100E-016, -5.787499999999997900 ) ) ;
#1277 = DIRECTION ( 'NONE',  ( 1.000000000000000000, 0.0000000000000000000, 0.0000000000000000000 ) ) ;
#1278 = DIRECTION ( 'NONE',  ( 0.0000000000000000000, -1.000000000000000000, 0.0000000000000000000 ) ) ;
#1279 = CARTESIAN_POINT ( 'NONE',  ( -0.8922005383792506200, -1.545336663013166600, -5.670833333333328100 ) ) ;
#1280 = CARTESIAN_POINT ( 'NONE',  ( -1.892491597964127200E-016, -1.545336663013167100, -6.312499999999995600 ) ) ;
#1281 = CARTESIAN_POINT ( 'NONE',  ( -1.784401076758499700, 1.294267669813664600E-016, -4.474999999999996100 ) ) ;
#1282 = CARTESIAN_POINT ( 'NONE',  ( -1.338300807568874700, 0.7726683315065836500, -5.233333333333329800 ) ) ;
#1283 = ORIENTED_EDGE ( 'NONE', *, *, #2887, .T. ) ;
#1284 = CARTESIAN_POINT ( 'NONE',  ( -0.8922005383792497300, 1.545336663013166900, -6.691666666666662900 ) ) ;
#1285 = ORIENTED_EDGE ( 'NONE', *, *, #2247, .F. ) ;
#1286 = EDGE_CURVE ( 'NONE', #691, #1454, #669, .T. ) ;
#1287 = CARTESIAN_POINT ( 'NONE',  ( -1.536441143016778600, -0.1655717853334490500, -0.2624999999994951400 ) ) ;
#1288 = ORIENTED_EDGE ( 'NONE', *, *, #3493, .T. ) ;
#1289 = ORIENTED_EDGE ( 'NONE', *, *, #2798, .T. ) ;
#1290 = CARTESIAN_POINT ( 'NONE',  ( 1.338300807568874500, -0.7726683315065842100, -4.095833333333327900 ) ) ;
#1291 = CARTESIAN_POINT ( 'NONE',  ( 2.353151076758504900, -4.121031264803703700E-016, 2.546875000000000400 ) ) ;
#1292 = CARTESIAN_POINT ( 'NONE',  ( -1.338300807568874900, -0.7726683315065832100, -1.616666666666662000 ) ) ;
#1293 = ORIENTED_EDGE ( 'NONE', *, *, #1532, .T. ) ;
#1294 = CARTESIAN_POINT ( 'NONE',  ( -1.338300807568874700, 0.7726683315065836500, -3.133333333333329300 ) ) ;
#1295 = ADVANCED_FACE ( 'NONE', ( #1712 ), #1034, .T. ) ;
#1296 = VERTEX_POINT ( 'NONE', #3373 ) ;
#1297 = ORIENTED_EDGE ( 'NONE', *, *, #536, .F. ) ;
#1298 = CARTESIAN_POINT ( 'NONE',  ( -1.338300807568874900, 0.7726683315065837600, 1.154166666666671400 ) ) ;
#1299 = B_SPLINE_CURVE_WITH_KNOTS ( 'NONE', 3,
 ( #2631, #3231, #3485, #1483 ),
 .UNSPECIFIED., .F., .F.,
 ( 4, 4 ),
 ( 0.0000000000000000000, 0.0009009551009958280700 ),
 .UNSPECIFIED. ) ;
#1300 = CYLINDRICAL_SURFACE ( 'NONE', #804, 2.000000000000000400 ) ;
#1301 = DIRECTION ( 'NONE',  ( 1.000000000000000000, 0.0000000000000000000, 0.0000000000000000000 ) ) ;
#1302 = CARTESIAN_POINT ( 'NONE',  ( 0.0000000000000000000, 6.628682924999594700E-017, 2.200000000000000600 ) ) ;
#1303 = DIRECTION ( 'NONE',  ( 0.0000000000000000000, -0.08715574274765836000, 0.9961946980917455500 ) ) ;
#1304 = CARTESIAN_POINT ( 'NONE',  ( -2.309401076758503800, 1.615737454589847100E-016, -6.224999999999997900 ) ) ;
#1305 = CARTESIAN_POINT ( 'NONE',  ( 1.784401076758500100, -3.076254464281110000E-016, -1.937499999999994700 ) ) ;
#1306 = CARTESIAN_POINT ( 'NONE',  ( -0.8922005383792498400, 1.545336663013167100, -8.004166666666661100 ) ) ;
#1307 = CARTESIAN_POINT ( 'NONE',  ( -1.784401076758499700, 1.294267669813665100E-016, -0.2749999999999957500 ) ) ;
#1308 = CARTESIAN_POINT ( 'NONE',  ( -1.784401076758499700, 1.294267669813664600E-016, -3.774999999999995900 ) ) ;
#1309 = CARTESIAN_POINT ( 'NONE',  ( -0.8922005383792506200, -1.545336663013166600, -1.470833333333328300 ) ) ;
#1310 = CALENDAR_DATE ( 2021, 8, 9 ) ;
#1311 = ADVANCED_FACE ( 'NONE', ( #1496 ), #2203, .T. ) ;
#1312 = CARTESIAN_POINT ( 'NONE',  ( 1.154700538379251200, -2.000000000000000900, -5.291666666666666100 ) ) ;
#1313 = CARTESIAN_POINT ( 'NONE',  ( 0.9062599177584492700, -1.251702186431388900, -7.729663336986675400 ) ) ;
#1314 = EDGE_CURVE ( 'NONE', #2773, #971, #1349, .T. ) ;
#1315 = CYLINDRICAL_SURFACE ( 'NONE', #2760, 2.000000000000000400 ) ;
#1316 = CARTESIAN_POINT ( 'NONE',  ( -0.8922005383792499500, 1.545336663013167100, -2.404166666666662300 ) ) ;
#1317 = CARTESIAN_POINT ( 'NONE',  ( -2.353151076758504900, 1.642526603321196800E-016, 2.196875000000000800 ) ) ;
#1318 = CARTESIAN_POINT ( 'NONE',  ( -1.892491597964127000E-016, -1.545336663013166900, -0.7999999999999960500 ) ) ;
#1319 = CARTESIAN_POINT ( 'NONE',  ( 0.8922005383792507300, 1.545336663013166400, -0.5083333333333294200 ) ) ;
#1320 = AXIS2_PLACEMENT_3D ( 'NONE', #1932, #201, #2514 ) ;
#1321 = CARTESIAN_POINT ( 'NONE',  ( -1.784401076758499900, 1.294267669813665100E-016, 0.5125000000000042900 ) ) ;
#1322 = CARTESIAN_POINT ( 'NONE',  ( 0.4858932265637255800, -1.471938859691282600, 3.038758841800002700 ) ) ;
#1323 = CARTESIAN_POINT ( 'NONE',  ( 2.449293598294706900E-016, 2.000000000000000400, 2.200000000000000600 ) ) ;
#1324 = CARTESIAN_POINT ( 'NONE',  ( 0.8922005383792508400, 1.545336663013166600, -5.320833333333328400 ) ) ;
#1325 = CARTESIAN_POINT ( 'NONE',  ( 0.0000000000000000000, 1.545336663013166900, -0.4499999999999955100 ) ) ;
#1326 = CARTESIAN_POINT ( 'NONE',  ( 0.0000000000000000000, 1.545336663013166900, -0.4499999999999955100 ) ) ;
#1327 = ORIENTED_EDGE ( 'NONE', *, *, #2605, .T. ) ;
#1328 = ADVANCED_FACE ( 'NONE', ( #3648 ), #1978, .T. ) ;
#1329 = EDGE_LOOP ( 'NONE', ( #2070, #2679, #3189, #925 ) ) ;
#1330 = ORIENTED_EDGE ( 'NONE', *, *, #3345, .F. ) ;
#1331 = CARTESIAN_POINT ( 'NONE',  ( 0.0000000000000000000, 1.545336663013167100, -1.762499999999995100 ) ) ;
#1332 = CC_DESIGN_APPROVAL ( #2751, ( #1987 ) ) ;
#1333 = EDGE_LOOP ( 'NONE', ( #784, #2159, #1384, #705 ) ) ;
#1334 = EDGE_CURVE ( 'NONE', #432, #357, #396, .T. ) ;
#1335 = ORIENTED_EDGE ( 'NONE', *, *, #3540, .T. ) ;
#1336 = CARTESIAN_POINT ( 'NONE',  ( 1.154700538379247700, -2.000000000000007100, -3.104166666666665600 ) ) ;
#1337 = ORIENTED_EDGE ( 'NONE', *, *, #2522, .F. ) ;
#1338 = CARTESIAN_POINT ( 'NONE',  ( 1.041822596477980400, 1.635254950554220900, -0.03795393862987387500 ) ) ;
#1339 = EDGE_LOOP ( 'NONE', ( #1524, #1919, #2019, #2193, #594, #3466, #1330, #2674, #1106, #2367, #255, #1876, #837 ) ) ;
#1340 = CARTESIAN_POINT ( 'NONE',  ( -0.8922005383792499500, 1.545336663013167100, -1.704166666666662200 ) ) ;
#1341 = CARTESIAN_POINT ( 'NONE',  ( -1.892491597964127200E-016, -1.545336663013167100, -4.912499999999995200 ) ) ;
#1342 = CARTESIAN_POINT ( 'NONE',  ( 1.784401076758499700, -3.076254464281109500E-016, 0.7750000000000048000 ) ) ;
#1343 = CARTESIAN_POINT ( 'NONE',  ( -1.338300807568874900, -0.7726683315065832100, -2.316666666666662000 ) ) ;
#1344 = CIRCLE ( 'NONE', #2785, 7.522351246410528900 ) ;
#1345 =( BOUNDED_CURVE ( )  B_SPLINE_CURVE ( 2, ( #3601, #1605, #3297 ),
 .UNSPECIFIED., .F., .T. ) 
 B_SPLINE_CURVE_WITH_KNOTS ( ( 3, 3 ),
 ( 0.2590171286303910600, 0.2678148519000864700 ),
 .UNSPECIFIED. ) 
 CURVE ( )  GEOMETRIC_REPRESENTATION_ITEM ( )  RATIONAL_B_SPLINE_CURVE ( ( 0.9648280148942309800, 0.8868475434233252800, 1.000000000000000000 ) ) 
 REPRESENTATION_ITEM ( '' )  );
#1346 = DIRECTION ( 'NONE',  ( 0.08715574274765836000, 0.0000000000000000000, 0.9961946980917455500 ) ) ;
#1347 = CARTESIAN_POINT ( 'NONE',  ( 1.338300807568875600, 0.7726683315065825400, 0.2208333333333384900 ) ) ;
#1348 = CIRCLE ( 'NONE', #1539, 1.474999999999998100 ) ;
#1349 = B_SPLINE_CURVE_WITH_KNOTS ( 'NONE', 3,
 ( #3613, #2181, #3661, #150 ),
 .UNSPECIFIED., .F., .F.,
 ( 4, 4 ),
 ( 0.0000000000000000000, 0.0009009551009820394000 ),
 .UNSPECIFIED. ) ;
#1350 = ADVANCED_FACE ( 'NONE', ( #3335 ), #177, .F. ) ;
#1351 = CARTESIAN_POINT ( 'NONE',  ( 1.732050807568877200, -1.000000000000001100, -2.345833333333331900 ) ) ;
#1352 = CARTESIAN_POINT ( 'NONE',  ( 1.862752265771341300, 0.3534035141726536400, 1.524394499592423500 ) ) ;
#1353 = LINE ( 'NONE', #1022, #2744 ) ;
#1354 = CARTESIAN_POINT ( 'NONE',  ( -1.732050807568877600, 1.000000000000000400, -1.995833333333331600 ) ) ;
#1355 = CARTESIAN_POINT ( 'NONE',  ( 1.784401076758499900, -3.076254464281110000E-016, -6.137499999999995700 ) ) ;
#1356 = CARTESIAN_POINT ( 'NONE',  ( -1.471938859691284600, -0.4858932265637204200, 3.038758841800002700 ) ) ;
#1357 = CARTESIAN_POINT ( 'NONE',  ( -0.8922005383792502900, -1.545336663013166400, 1.941666666666671300 ) ) ;
#1358 = FACE_OUTER_BOUND ( 'NONE', #1379, .T. ) ;
#1359 = CARTESIAN_POINT ( 'NONE',  ( -1.784401076758499900, 1.294267669813664600E-016, -6.487499999999995400 ) ) ;
#1360 = DIRECTION ( 'NONE',  ( 1.000000000000000000, 0.0000000000000000000, 0.0000000000000000000 ) ) ;
#1361 = EDGE_CURVE ( 'NONE', #2452, #2409, #2123, .T. ) ;
#1362 = CARTESIAN_POINT ( 'NONE',  ( -2.349495442072252700, 0.4657886768156615500, 2.808962786656433500 ) ) ;
#1363 = CARTESIAN_POINT ( 'NONE',  ( 0.8922005383792508400, 1.545336663013166600, -4.620833333333328200 ) ) ;
#1364 = CARTESIAN_POINT ( 'NONE',  ( -1.338300807568874700, 0.7726683315065836500, 1.066666666666670600 ) ) ;
#1365 = ADVANCED_FACE ( 'NONE', ( #2027 ), #776, .T. ) ;
#1366 = CARTESIAN_POINT ( 'NONE',  ( 1.338300807568875600, 0.7726683315065825400, -2.579166666666661700 ) ) ;
#1367 = CARTESIAN_POINT ( 'NONE',  ( -1.176575538379252000, 2.037888611415570800, 2.123958333333333400 ) ) ;
#1368 = CARTESIAN_POINT ( 'NONE',  ( 0.0000000000000000000, 6.628682924999594700E-017, 2.200000000000000600 ) ) ;
#1369 = ORIENTED_EDGE ( 'NONE', *, *, #3058, .F. ) ;
#1370 = CARTESIAN_POINT ( 'NONE',  ( 1.732050807568878300, 0.9999999999999986700, -2.929166666666665400 ) ) ;
#1371 = CARTESIAN_POINT ( 'NONE',  ( 0.0000000000000000000, 9.078057112624564700E-017, -7.274999999999996800 ) ) ;
#1372 = ORIENTED_EDGE ( 'NONE', *, *, #827, .T. ) ;
#1373 = CARTESIAN_POINT ( 'NONE',  ( -0.1029527588590500000, 1.995670533192529300, -0.003658988362707557300 ) ) ;
#1374 = VERTEX_POINT ( 'NONE', #3685 ) ;
#1375 = DIRECTION ( 'NONE',  ( 0.0000000000000000000, 0.0000000000000000000, 1.000000000000000000 ) ) ;
#1376 = CARTESIAN_POINT ( 'NONE',  ( -1.784401076758499900, 1.294267669813665100E-016, -2.987499999999995400 ) ) ;
#1377 = CARTESIAN_POINT ( 'NONE',  ( 0.0000000000000000000, 0.0000000000000000000, 1.736319218648928900 ) ) ;
#1378 = CARTESIAN_POINT ( 'NONE',  ( 1.338300807568874500, -0.7726683315065840900, 0.01666666666667003500 ) ) ;
#1379 = EDGE_LOOP ( 'NONE', ( #1871, #3146, #152, #1485 ) ) ;
#1380 = CARTESIAN_POINT ( 'NONE',  ( -0.8922005383792498400, 1.545336663013167100, -2.404166666666662300 ) ) ;
#1381 = ORIENTED_EDGE ( 'NONE', *, *, #1047, .F. ) ;
#1382 = CARTESIAN_POINT ( 'NONE',  ( -2.353151076758504900, 1.642526603321196800E-016, 1.540625000000000100 ) ) ;
#1383 = EDGE_CURVE ( 'NONE', #1879, #393, #2878, .T. ) ;
#1384 = ORIENTED_EDGE ( 'NONE', *, *, #1069, .T. ) ;
#1385 = FACE_OUTER_BOUND ( 'NONE', #3556, .T. ) ;
#1386 =( BOUNDED_CURVE ( )  B_SPLINE_CURVE ( 2, ( #1621, #1336, #3392, #787, #1370, #3684, #226 ),
 .UNSPECIFIED., .F., .T. ) 
 B_SPLINE_CURVE_WITH_KNOTS ( ( 3, 2, 2, 3 ),
 ( 0.4687499999999999400, 0.4791666666666666300, 0.4895833333333333100, 0.5000000000000000000 ),
 .UNSPECIFIED. ) 
 CURVE ( )  GEOMETRIC_REPRESENTATION_ITEM ( )  RATIONAL_B_SPLINE_CURVE ( ( 1.000000000000000700, 0.8660254037844380400, 1.000000000000000000, 0.8660254037844387100, 1.000000000000000000, 0.8660254037844387100, 1.000000000000000000 ) ) 
 REPRESENTATION_ITEM ( '' )  );
#1387 = CARTESIAN_POINT ( 'NONE',  ( -1.784401076758499900, 1.294267669813664600E-016, -7.187499999999995600 ) ) ;
#1388 = DIRECTION ( 'NONE',  ( 0.08715574274765836000, 0.0000000000000000000, -0.9961946980917455500 ) ) ;
#1389 = CARTESIAN_POINT ( 'NONE',  ( -1.120545693247956300, -1.552923798218605300, -7.374961347456631300 ) ) ;
#1390 = FACE_OUTER_BOUND ( 'NONE', #2236, .T. ) ;
#1391 = AXIS2_PLACEMENT_3D ( 'NONE', #1302, #3318, #2490 ) ;
#1392 = CARTESIAN_POINT ( 'NONE',  ( 0.0000000000000000000, 2.000000000000000400, -6.312499999999998200 ) ) ;
#1393 = CARTESIAN_POINT ( 'NONE',  ( 0.0000000000000000000, 1.545336663013167100, 0.3375000000000044600 ) ) ;
#1394 = CARTESIAN_POINT ( 'NONE',  ( -1.764863307568878400, 1.018944305707785600, -8.317708333333333900 ) ) ;
#1395 = CARTESIAN_POINT ( 'NONE',  ( -2.495693764988923200E-016, -2.037888611415570800, 1.715625000000000200 ) ) ;
#1396 = CARTESIAN_POINT ( 'NONE',  ( -0.3590787774514402900, 1.308175755335819800, 0.9832845256590240200 ) ) ;
#1397 = CARTESIAN_POINT ( 'NONE',  ( -1.732050807568877600, -0.9999999999999997800, -4.679166666666665400 ) ) ;
#1398 = B_SPLINE_CURVE_WITH_KNOTS ( 'NONE', 3,
 ( #3695, #547, #2838, #222, #2567, #2552 ),
 .UNSPECIFIED., .F., .F.,
 ( 4, 2, 4 ),
 ( 0.0000000000000000000, 0.0005391034330947339900, 0.001078206866189468000 ),
 .UNSPECIFIED. ) ;
#1399 = ORIENTED_EDGE ( 'NONE', *, *, #3686, .T. ) ;
#1400 = CARTESIAN_POINT ( 'NONE',  ( 0.0000000000000000000, 1.545336663013167100, -6.662499999999995200 ) ) ;
#1401 = DIRECTION ( 'NONE',  ( -0.0000000000000000000, -0.0000000000000000000, -1.000000000000000000 ) ) ;
#1402 = CALENDAR_DATE ( 2021, 8, 9 ) ;
#1403 = DIRECTION ( 'NONE',  ( -0.0000000000000000000, -2.585091490897066400E-018, 1.000000000000000000 ) ) ;
#1404 = PLANE ( 'NONE',  #1274 ) ;
#1405 = CARTESIAN_POINT ( 'NONE',  ( -0.8922005383792497300, 1.545336663013166900, -5.291666666666662500 ) ) ;
#1406 = CARTESIAN_POINT ( 'NONE',  ( -0.8922005383792506200, -1.545336663013166600, 0.6291666666666718700 ) ) ;
#1407 = CARTESIAN_POINT ( 'NONE',  ( 0.8922005383792507300, 1.545336663013166400, 1.591666666666669900 ) ) ;
#1408 = CARTESIAN_POINT ( 'NONE',  ( 1.176575538379251800, -2.037888611415571200, -7.326041666666666800 ) ) ;
#1409 = ADVANCED_FACE ( 'NONE', ( #1214 ), #2541, .T. ) ;
#1410 = CC_DESIGN_PERSON_AND_ORGANIZATION_ASSIGNMENT ( #1988, #1917, ( #1987 ) ) ;
#1411 = EDGE_CURVE ( 'NONE', #3413, #574, #439, .T. ) ;
#1412 = DIRECTION ( 'NONE',  ( -0.0000000000000000000, -2.585091490897066400E-018, 1.000000000000000000 ) ) ;
#1413 = DIRECTION ( 'NONE',  ( -0.0000000000000000000, -2.585091490897066400E-018, 1.000000000000000000 ) ) ;
#1414 = CARTESIAN_POINT ( 'NONE',  ( -2.353151076758504900, 1.642526603321196600E-016, -7.603124999999998600 ) ) ;
#1415 = CARTESIAN_POINT ( 'NONE',  ( -1.338300807568874900, 0.7726683315065837600, -7.245833333333328200 ) ) ;
#1416 =( BOUNDED_CURVE ( )  B_SPLINE_CURVE ( 2, ( #2742, #465, #3032, #1304, #1593, #3614, #1026 ),
 .UNSPECIFIED., .F., .T. ) 
 B_SPLINE_CURVE_WITH_KNOTS ( ( 3, 2, 2, 3 ),
 ( 0.7990648519000864700, 0.8094815185667531000, 0.8198981852334198400, 0.8303148519000864700 ),
 .UNSPECIFIED. ) 
 CURVE ( )  GEOMETRIC_REPRESENTATION_ITEM ( )  RATIONAL_B_SPLINE_CURVE ( ( 1.000000000000000000, 0.8660254037844387100, 1.000000000000000000, 0.8660254037844387100, 1.000000000000000000, 0.8660254037844387100, 1.000000000000000000 ) ) 
 REPRESENTATION_ITEM ( '' )  );
#1417 = CARTESIAN_POINT ( 'NONE',  ( 0.1270904115531698300, -1.948713693332776900, -7.326286306665603700 ) ) ;
#1418 = CARTESIAN_POINT ( 'NONE',  ( 0.8922005383792495100, -1.545336663013167700, 0.04583333333333868700 ) ) ;
#1419 = CARTESIAN_POINT ( 'NONE',  ( 0.6034951918157814800, -0.6034951918157694900, 0.4819823870704096300 ) ) ;
#1420 = CARTESIAN_POINT ( 'NONE',  ( -1.764863307568878400, 1.018944305707785600, -4.817708333333333000 ) ) ;
#1421 = DIRECTION ( 'NONE',  ( 8.659560562354942700E-017, 0.7071067811865483500, 0.7071067811865465700 ) ) ;
#1422 = CARTESIAN_POINT ( 'NONE',  ( 1.154700538379251200, -2.000000000000000900, -0.3916666666666652200 ) ) ;
#1423 = CARTESIAN_POINT ( 'NONE',  ( 0.0000000000000000000, -2.000000000000001300, 0.4500000000000083400 ) ) ;
#1424 = ORIENTED_EDGE ( 'NONE', *, *, #3321, .F. ) ;
#1425 = VERTEX_POINT ( 'NONE', #2811 ) ;
#1426 = CARTESIAN_POINT ( 'NONE',  ( -1.338300807568874900, 0.7726683315065837600, -5.845833333333327900 ) ) ;
#1427 = CARTESIAN_POINT ( 'NONE',  ( -1.424721983564140300, -0.6881175727792754300, -0.2433090609970128500 ) ) ;
#1428 = ORIENTED_EDGE ( 'NONE', *, *, #252, .T. ) ;
#1429 = DIRECTION ( 'NONE',  ( -0.0000000000000000000, -2.585091490897066400E-018, 1.000000000000000000 ) ) ;
#1430 = VECTOR ( 'NONE', #2290, 1000.000000000000200 ) ;
#1431 = ORIENTED_EDGE ( 'NONE', *, *, #2392, .T. ) ;
#1432 = CARTESIAN_POINT ( 'NONE',  ( -1.784401076758499900, 1.294267669813664600E-016, -6.574999999999995700 ) ) ;
#1433 = CARTESIAN_POINT ( 'NONE',  ( -1.338300807568874900, 0.7726683315065837600, -0.2458333333333288000 ) ) ;
#1434 = EDGE_LOOP ( 'NONE', ( #966, #1563, #2107, #828 ) ) ;
#1435 = CARTESIAN_POINT ( 'NONE',  ( -1.764863307568878400, 1.018944305707785600, -6.917708333333332700 ) ) ;
#1436 = VECTOR ( 'NONE', #1429, 1000.000000000000000 ) ;
#1437 = CARTESIAN_POINT ( 'NONE',  ( -1.732050807568877600, -0.9999999999999997800, -2.579166666666664800 ) ) ;
#1438 = CARTESIAN_POINT ( 'NONE',  ( -2.309401076758503800, 1.615737454589847100E-016, -3.424999999999999400 ) ) ;
#1439 = CARTESIAN_POINT ( 'NONE',  ( 2.353151076758504900, -4.121031264803704200E-016, -5.153124999999998400 ) ) ;
#1440 = EDGE_CURVE ( 'NONE', #2712, #691, #3520, .T. ) ;
#1441 = CARTESIAN_POINT ( 'NONE',  ( -1.784401076758499900, 1.294267669813665100E-016, -2.987499999999995400 ) ) ;
#1442 = CARTESIAN_POINT ( 'NONE',  ( 1.816283533155601500, -0.2143155728621849700, -0.1005866249800070200 ) ) ;
#1443 = CYLINDRICAL_SURFACE ( 'NONE', #1391, 2.000000000000000400 ) ;
#1444 = DIRECTION ( 'NONE',  ( 1.000000000000000000, 0.0000000000000000000, 0.0000000000000000000 ) ) ;
#1445 = CARTESIAN_POINT ( 'NONE',  ( -1.338300807568874900, -0.7726683315065832100, -7.216666666666663200 ) ) ;
#1446 = CARTESIAN_POINT ( 'NONE',  ( 0.8922005383792508400, 1.545336663013166600, -1.120833333333328700 ) ) ;
#1447 = PLANE ( 'NONE',  #2942 ) ;
#1448 = CARTESIAN_POINT ( 'NONE',  ( -2.353151076758504900, 1.642526603321196600E-016, -4.759374999999999500 ) ) ;
#1449 = ADVANCED_FACE ( 'NONE', ( #1117 ), #363, .T. ) ;
#1450 = CARTESIAN_POINT ( 'NONE',  ( -2.309401076758503800, 1.615737454589847600E-016, -2.637499999999998800 ) ) ;
#1451 = CARTESIAN_POINT ( 'NONE',  ( 0.5017690248028320300, -1.475096752303064900, 3.220220046021074400 ) ) ;
#1452 = CARTESIAN_POINT ( 'NONE',  ( -1.764863307568878400, 1.018944305707785600, -2.761458333333331800 ) ) ;
#1453 = CARTESIAN_POINT ( 'NONE',  ( -0.1395303491872693100, 0.3368560613705558500, -4.363149274280720700 ) ) ;
#1454 = VERTEX_POINT ( 'NONE', #3105 ) ;
#1455 = CYLINDRICAL_SURFACE ( 'NONE', #449, 2.000000000000000400 ) ;
#1456 = CARTESIAN_POINT ( 'NONE',  ( 1.338300807568875600, 0.7726683315065825400, -3.279166666666661900 ) ) ;
#1457 = CARTESIAN_POINT ( 'NONE',  ( -0.01168069101264295400, -1.688926430587897000, -0.1815307193658105800 ) ) ;
#1458 = CARTESIAN_POINT ( 'NONE',  ( 1.474301771160637000, -0.4977723847099198000, 3.174538240724129200 ) ) ;
#1459 = CARTESIAN_POINT ( 'NONE',  ( 0.8922005383792508400, 1.545336663013166400, -7.508333333333329300 ) ) ;
#1460 = CARTESIAN_POINT ( 'NONE',  ( 1.338300807568874500, -0.7726683315065842100, 2.204166666666671900 ) ) ;
#1461 = CARTESIAN_POINT ( 'NONE',  ( 0.0000000000000000000, 6.628682924999594700E-017, 2.200000000000000600 ) ) ;
#1462 = CARTESIAN_POINT ( 'NONE',  ( -1.176575538379253100, -2.037888611415570300, -3.942708333333333000 ) ) ;
#1463 = EDGE_CURVE ( 'NONE', #3677, #3593, #264, .T. ) ;
#1464 = CARTESIAN_POINT ( 'NONE',  ( -1.154700538379251500, 2.000000000000000000, -0.6541666666666651200 ) ) ;
#1465 = CARTESIAN_POINT ( 'NONE',  ( 1.338300807568874500, -0.7726683315065842100, 2.204166666666671900 ) ) ;
#1466 = CARTESIAN_POINT ( 'NONE',  ( -1.176575538379252000, 2.037888611415570800, -4.919791666666665000 ) ) ;
#1467 = DIRECTION ( 'NONE',  ( -0.9238795325112888500, 0.3826834323650843400, -1.060802364593255700E-014 ) ) ;
#1468 = CARTESIAN_POINT ( 'NONE',  ( -2.000000000000001300, 2.449293598294708400E-016, 0.0000000000000000000 ) ) ;
#1469 =( BOUNDED_CURVE ( )  B_SPLINE_CURVE ( 2, ( #2068, #3460, #2297, #3200, #3214, #582, #57 ),
 .UNSPECIFIED., .F., .T. ) 
 B_SPLINE_CURVE_WITH_KNOTS ( ( 3, 2, 2, 3 ),
 ( 0.7678148519000864700, 0.7782315185667531000, 0.7886481852334198400, 0.7990648519000864700 ),
 .UNSPECIFIED. ) 
 CURVE ( )  GEOMETRIC_REPRESENTATION_ITEM ( )  RATIONAL_B_SPLINE_CURVE ( ( 1.000000000000000000, 0.8660254037844387100, 1.000000000000000000, 0.8660254037844387100, 1.000000000000000000, 0.8660254037844387100, 1.000000000000000000 ) ) 
 REPRESENTATION_ITEM ( '' )  );
#1470 = CARTESIAN_POINT ( 'NONE',  ( -0.8922005383792506200, -1.545336663013166600, -6.370833333333328200 ) ) ;
#1471 = CARTESIAN_POINT ( 'NONE',  ( -1.545336663013166600, 2.297071240417368500E-013, -0.2625000000000009000 ) ) ;
#1472 = ORIENTED_EDGE ( 'NONE', *, *, #203, .F. ) ;
#1473 = ORIENTED_EDGE ( 'NONE', *, *, #1500, .T. ) ;
#1474 = CARTESIAN_POINT ( 'NONE',  ( 2.258428448772850300, -0.4346532864896802700, 2.453083646763755300 ) ) ;
#1475 = CARTESIAN_POINT ( 'NONE',  ( 0.0000000000000000000, 1.545336663013166900, -2.549999999999995800 ) ) ;
#1476 = CARTESIAN_POINT ( 'NONE',  ( -0.8922005383792498400, 1.545336663013167100, 2.495833333333337600 ) ) ;
#1477 = DIRECTION ( 'NONE',  ( -0.0000000000000000000, -2.585091490897066400E-018, 1.000000000000000000 ) ) ;
#1478 = CARTESIAN_POINT ( 'NONE',  ( 1.764863307568879300, 1.018944305707783800, -2.251041666666666200 ) ) ;
#1479 = ORIENTED_EDGE ( 'NONE', *, *, #1440, .T. ) ;
#1480 = CARTESIAN_POINT ( 'NONE',  ( -2.449293598294707400E-016, -2.000000000000000400, -3.949999999999998800 ) ) ;
#1481 = CARTESIAN_POINT ( 'NONE',  ( 0.0000000000000000000, -2.000000000000000400, 2.200000000000000600 ) ) ;
#1482 = CARTESIAN_POINT ( 'NONE',  ( -1.176575538379253100, -2.037888611415570300, -3.986458333333331400 ) ) ;
#1483 = CARTESIAN_POINT ( 'NONE',  ( -2.074731665576671900, -0.3719445246110287300, 1.736319218648928900 ) ) ;
#1484 = CARTESIAN_POINT ( 'NONE',  ( 2.309401076758503800, -4.040663818609657100E-016, -3.687499999999998700 ) ) ;
#1485 = ORIENTED_EDGE ( 'NONE', *, *, #3493, .F. ) ;
#1486 = B_SPLINE_CURVE_WITH_KNOTS ( 'NONE', 3,
 ( #650, #3244, #2061, #3495, #664, #52 ),
 .UNSPECIFIED., .F., .F.,
 ( 4, 2, 4 ),
 ( 0.0000000000000000000, 0.0005306172465634039600, 0.001061234493126807900 ),
 .UNSPECIFIED. ) ;
#1487 = VERTEX_POINT ( 'NONE', #237 ) ;
#1488 = CARTESIAN_POINT ( 'NONE',  ( -1.338300807568874900, 0.7726683315065837600, -3.045833333333328500 ) ) ;
#1489 = EDGE_LOOP ( 'NONE', ( #750, #693, #312, #1369 ) ) ;
#1490 = AXIS2_PLACEMENT_3D ( 'NONE', #2967, #3222, #1229 ) ;
#1491 = CARTESIAN_POINT ( 'NONE',  ( -1.154700538379252600, -2.000000000000000000, -1.908333333333332100 ) ) ;
#1492 = CARTESIAN_POINT ( 'NONE',  ( -0.8922005383792497300, 1.545336663013166900, -4.591666666666662300 ) ) ;
#1493 = CARTESIAN_POINT ( 'NONE',  ( -1.536441143016778800, -0.1655717853334490700, -0.2624999999994951400 ) ) ;
#1494 = EDGE_CURVE ( 'NONE', #3727, #2436, #2455, .T. ) ;
#1495 = CARTESIAN_POINT ( 'NONE',  ( 2.353151076758504900, -4.121031264803704200E-016, -2.309374999999998800 ) ) ;
#1496 = FACE_OUTER_BOUND ( 'NONE', #36, .T. ) ;
#1497 = CARTESIAN_POINT ( 'NONE',  ( 1.176575538379251800, -2.037888611415571200, -5.269791666666666400 ) ) ;
#1498 = CARTESIAN_POINT ( 'NONE',  ( -1.199675254255404800, 0.9740865908018140300, -0.2625000000000181600 ) ) ;
#1499 = CARTESIAN_POINT ( 'NONE',  ( -1.732050807568877600, 1.000000000000000400, -4.183333333333332700 ) ) ;
#1500 = EDGE_CURVE ( 'NONE', #2962, #2627, #2081, .T. ) ;
#1501 = CARTESIAN_POINT ( 'NONE',  ( 2.349495442072250900, 0.4657886768156694900, 2.808962786656433500 ) ) ;
#1502 = DATE_AND_TIME ( #1402, #809 ) ;
#1503 = CARTESIAN_POINT ( 'NONE',  ( -0.8922005383792497300, 1.545336663013166900, -1.791666666666662700 ) ) ;
#1504 = CARTESIAN_POINT ( 'NONE',  ( 1.764863307568878200, -1.018944305707786300, -1.667708333333332700 ) ) ;
#1505 = CARTESIAN_POINT ( 'NONE',  ( 0.8922005383792495100, -1.545336663013167700, -7.654166666666661500 ) ) ;
#1506 = CARTESIAN_POINT ( 'NONE',  ( 0.0000000000000000000, 2.037888611415570800, -1.478124999999998600 ) ) ;
#1507 = DIRECTION ( 'NONE',  ( -1.000000000000000000, 0.0000000000000000000, 0.0000000000000000000 ) ) ;
#1508 = CARTESIAN_POINT ( 'NONE',  ( -1.308175755335818600, -0.3590787774514449500, 0.9832845256590238000 ) ) ;
#1509 = DIRECTION ( 'NONE',  ( -0.3826834323650802900, -0.9238795325112907400, 0.0000000000000000000 ) ) ;
#1510 = CARTESIAN_POINT ( 'NONE',  ( 1.784401076758499900, -3.076254464281109500E-016, -2.724999999999995600 ) ) ;
#1511 = CARTESIAN_POINT ( 'NONE',  ( 0.0000000000000000000, 0.0000000000000000000, 2.808962786656433500 ) ) ;
#1512 = CARTESIAN_POINT ( 'NONE',  ( -2.495693764988923200E-016, -2.037888611415570800, -2.484374999999999600 ) ) ;
#1513 = EDGE_CURVE ( 'NONE', #3227, #357, #1628, .T. ) ;
#1514 = CARTESIAN_POINT ( 'NONE',  ( 0.0000000000000000000, 2.000000000000000400, -6.399999999999998600 ) ) ;
#1515 = CARTESIAN_POINT ( 'NONE',  ( 2.353151076758504900, -4.121031264803704200E-016, -0.2531249999999989900 ) ) ;
#1516 = VERTEX_POINT ( 'NONE', #1965 ) ;
#1517 = VERTEX_POINT ( 'NONE', #3145 ) ;
#1518 = DIRECTION ( 'NONE',  ( -0.9238795325112819600, -0.3826834323651012700, 2.029361045308836800E-014 ) ) ;
#1519 = CARTESIAN_POINT ( 'NONE',  ( 1.784401076758499900, -3.076254464281109500E-016, -4.124999999999995600 ) ) ;
#1520 = ORIENTED_EDGE ( 'NONE', *, *, #3467, .T. ) ;
#1521 = CARTESIAN_POINT ( 'NONE',  ( 1.764863307568879300, 1.018944305707783800, -1.551041666666665800 ) ) ;
#1522 = LINE ( 'NONE', #3138, #3241 ) ;
#1523 = ORIENTED_EDGE ( 'NONE', *, *, #2120, .F. ) ;
#1524 = ORIENTED_EDGE ( 'NONE', *, *, #3736, .F. ) ;
#1525 = DIRECTION ( 'NONE',  ( 0.9203638919632215500, 0.3812272063696600700, 0.08715574274765834600 ) ) ;
#1526 = CARTESIAN_POINT ( 'NONE',  ( 1.176575538379251800, -2.037888611415571200, 0.3302083333333351000 ) ) ;
#1527 = CARTESIAN_POINT ( 'NONE',  ( -1.338300807568874900, -0.7726683315065832100, -4.416666666666662500 ) ) ;
#1528 = FACE_OUTER_BOUND ( 'NONE', #2116, .T. ) ;
#1529 = CARTESIAN_POINT ( 'NONE',  ( 1.784401076758499700, -3.076254464281109500E-016, -5.524999999999995000 ) ) ;
#1530 = VECTOR ( 'NONE', #846, 1000.000000000000000 ) ;
#1531 = DIRECTION ( 'NONE',  ( -0.9203638919632256600, 0.3812272063696505200, -0.08715574274765836000 ) ) ;
#1532 = EDGE_CURVE ( 'NONE', #47, #2947, #3089, .T. ) ;
#1533 = CARTESIAN_POINT ( 'NONE',  ( -1.176575538379253100, -2.037888611415570300, 0.9572916666666672100 ) ) ;
#1534 = CARTESIAN_POINT ( 'NONE',  ( -1.892491597964127200E-016, -1.545336663013167100, 2.087500000000004400 ) ) ;
#1535 = CARTESIAN_POINT ( 'NONE',  ( -0.8922005383792499500, 1.545336663013167100, -3.804166666666662300 ) ) ;
#1536 = CARTESIAN_POINT ( 'NONE',  ( 2.353151076758504900, -4.121031264803704200E-016, 1.146875000000002100 ) ) ;
#1537 = CARTESIAN_POINT ( 'NONE',  ( 0.8922005383792507300, 1.545336663013166400, -4.008333333333328400 ) ) ;
#1538 = CARTESIAN_POINT ( 'NONE',  ( -1.892491597964127000E-016, -1.545336663013166900, -6.399999999999995900 ) ) ;
#1539 = AXIS2_PLACEMENT_3D ( 'NONE', #3153, #1985, #24 ) ;
#1540 = DATE_AND_TIME ( #1310, #2647 ) ;
#1541 = LINE ( 'NONE', #1323, #991 ) ;
#1542 = AXIS2_PLACEMENT_3D ( 'NONE', #2197, #1856, #414 ) ;
#1543 = CARTESIAN_POINT ( 'NONE',  ( -2.107807916671345300, 2.581320218369013700E-016, 1.736319218648928900 ) ) ;
#1544 = CARTESIAN_POINT ( 'NONE',  ( 1.154700538379251200, -2.000000000000000900, -2.491666666666665400 ) ) ;
#1545 = CARTESIAN_POINT ( 'NONE',  ( 1.176575538379251800, -2.037888611415571200, 1.073958333333334700 ) ) ;
#1546 = CARTESIAN_POINT ( 'NONE',  ( 0.8922005383792508400, 1.545336663013166600, 1.679166666666670700 ) ) ;
#1547 = CARTESIAN_POINT ( 'NONE',  ( 1.338300807568875600, 0.7726683315065825400, -6.779166666666661500 ) ) ;
#1548 = CARTESIAN_POINT ( 'NONE',  ( -1.176575538379252000, 2.037888611415570800, -1.419791666666665500 ) ) ;
#1549 = CARTESIAN_POINT ( 'NONE',  ( -0.8922005383792497300, 1.545336663013166900, -2.491666666666662700 ) ) ;
#1550 = CARTESIAN_POINT ( 'NONE',  ( 0.0000000000000000000, 1.545336663013166900, -7.449999999999995700 ) ) ;
#1551 = APPLICATION_PROTOCOL_DEFINITION ( 'international standard', 'config_control_design', 1994, #132 ) ;
#1552 = CARTESIAN_POINT ( 'NONE',  ( -0.3368560613705551800, -0.1395303491872703900, -4.363149274280720700 ) ) ;
#1553 = DIRECTION ( 'NONE',  ( -1.000000000000000000, 0.0000000000000000000, 0.0000000000000000000 ) ) ;
#1554 = ORIENTED_EDGE ( 'NONE', *, *, #1963, .T. ) ;
#1555 = EDGE_LOOP ( 'NONE', ( #1676, #1241, #2637, #125, #1252, #475, #1776 ) ) ;
#1556 = EDGE_CURVE ( 'NONE', #161, #1068, #165, .T. ) ;
#1557 = CARTESIAN_POINT ( 'NONE',  ( -0.8922005383792499500, 1.545336663013167100, -5.904166666666661500 ) ) ;
#1558 = CARTESIAN_POINT ( 'NONE',  ( -1.338300807568875200, -0.7726683315065832100, -7.129166666666662000 ) ) ;
#1559 = CARTESIAN_POINT ( 'NONE',  ( 0.0000000000000000000, 1.545336663013166900, -6.049999999999996300 ) ) ;
#1560 = CARTESIAN_POINT ( 'NONE',  ( -0.8922005383792502900, -1.545336663013166400, -4.358333333333329000 ) ) ;
#1561 = ORIENTED_EDGE ( 'NONE', *, *, #639, .T. ) ;
#1562 = AXIS2_PLACEMENT_3D ( 'NONE', #2316, #2905, #2037 ) ;
#1563 = ORIENTED_EDGE ( 'NONE', *, *, #2675, .T. ) ;
#1564 = ORIENTED_EDGE ( 'NONE', *, *, #639, .F. ) ;
#1565 = DIRECTION ( 'NONE',  ( -0.7071067811865487900, 8.659560562354948900E-017, 0.7071067811865463500 ) ) ;
#1566 = DIRECTION ( 'NONE',  ( 0.0000000000000000000, -1.000000000000000000, 0.0000000000000000000 ) ) ;
#1567 = ORIENTED_EDGE ( 'NONE', *, *, #74, .T. ) ;
#1568 = CARTESIAN_POINT ( 'NONE',  ( 0.0000000000000000000, 0.0000000000000000000, 2.808962786656433500 ) ) ;
#1569 = CIRCLE ( 'NONE', #2509, 3.750000000000000000 ) ;
#1570 = CARTESIAN_POINT ( 'NONE',  ( 0.0000000000000000000, 1.545336663013167100, -4.562499999999995600 ) ) ;
#1571 = CARTESIAN_POINT ( 'NONE',  ( 1.764863307568879300, 1.018944305707783800, 1.905208333333335200 ) ) ;
#1572 = CARTESIAN_POINT ( 'NONE',  ( -1.338300807568874900, -0.7726683315065832100, -5.816666666666662900 ) ) ;
#1573 = CARTESIAN_POINT ( 'NONE',  ( -1.892491597964127000E-016, -1.545336663013166900, -3.599999999999995600 ) ) ;
#1574 = CIRCLE ( 'NONE', #2686, 3.750000000000000000 ) ;
#1575 = CARTESIAN_POINT ( 'NONE',  ( -1.892491597964127000E-016, -1.545336663013166900, -6.399999999999995900 ) ) ;
#1576 = ADVANCED_FACE ( 'NONE', ( #484 ), #1710, .T. ) ;
#1577 = DIRECTION ( 'NONE',  ( -0.0000000000000000000, -2.585091490897069900E-018, 1.000000000000000000 ) ) ;
#1578 = CARTESIAN_POINT ( 'NONE',  ( -1.338300807568874700, 0.7726683315065836500, -1.033333333333328800 ) ) ;
#1579 = DIRECTION ( 'NONE',  ( 0.9961946980917455500, 6.956390396483598200E-015, 0.08715574274765836000 ) ) ;
#1580 = EDGE_CURVE ( 'NONE', #933, #1659, #3698, .T. ) ;
#1581 = CARTESIAN_POINT ( 'NONE',  ( 1.175949278766132100, 0.4029094431776280600, 0.8677652511022379000 ) ) ;
#1582 = COORDINATED_UNIVERSAL_TIME_OFFSET ( 6, 0, .BEHIND. ) ;
#1583 = CARTESIAN_POINT ( 'NONE',  ( -0.8922005383792506200, -1.545336663013166600, -4.270833333333327700 ) ) ;
#1584 = CARTESIAN_POINT ( 'NONE',  ( 1.338300807568875600, 0.7726683315065825400, -7.479166666666661600 ) ) ;
#1585 = CARTESIAN_POINT ( 'NONE',  ( 0.8922005383792494000, -1.545336663013167300, -0.7416666666666621400 ) ) ;
#1586 = CARTESIAN_POINT ( 'NONE',  ( -0.8922005383792502900, -1.545336663013166400, -0.8583333333333289500 ) ) ;
#1587 = AXIS2_PLACEMENT_3D ( 'NONE', #1377, #771, #2245 ) ;
#1588 = CARTESIAN_POINT ( 'NONE',  ( -1.338300807568874900, 0.7726683315065837600, -1.645833333333328200 ) ) ;
#1589 = B_SPLINE_CURVE_WITH_KNOTS ( 'NONE', 3,
 ( #1711, #2038, #2307, #1151 ),
 .UNSPECIFIED., .F., .F.,
 ( 4, 4 ),
 ( 0.0000000000000000000, 0.0009009551009949200500 ),
 .UNSPECIFIED. ) ;
#1590 = CARTESIAN_POINT ( 'NONE',  ( -2.449293598294707400E-016, -2.000000000000000400, -4.649999999999998600 ) ) ;
#1591 = CARTESIAN_POINT ( 'NONE',  ( 1.154700538379244100, -2.000000000000013300, -2.404166666666666300 ) ) ;
#1592 = CARTESIAN_POINT ( 'NONE',  ( 0.0000000000000000000, 6.628682924999594700E-017, 2.200000000000000600 ) ) ;
#1593 = CARTESIAN_POINT ( 'NONE',  ( -1.732050807568877600, 1.000000000000000400, -6.283333333333332300 ) ) ;
#1594 = CARTESIAN_POINT ( 'NONE',  ( -1.338300807568874900, 0.7726683315065837600, -1.645833333333328200 ) ) ;
#1595 = CARTESIAN_POINT ( 'NONE',  ( -1.338300807568874900, 0.7726683315065837600, -6.545833333333329000 ) ) ;
#1596 = CARTESIAN_POINT ( 'NONE',  ( -0.8922005383792502900, -1.545336663013166400, -0.1583333333333297700 ) ) ;
#1597 = CARTESIAN_POINT ( 'NONE',  ( -0.8922005383792502900, -1.545336663013166400, -3.658333333333329700 ) ) ;
#1598 = CARTESIAN_POINT ( 'NONE',  ( 1.784401076758499900, -3.076254464281110000E-016, -1.937499999999994700 ) ) ;
#1599 = CC_DESIGN_SECURITY_CLASSIFICATION ( #1987, ( #129 ) ) ;
#1600 = EDGE_CURVE ( 'NONE', #924, #421, #2743, .T. ) ;
#1601 = ORIENTED_EDGE ( 'NONE', *, *, #1383, .F. ) ;
#1602 = DIRECTION ( 'NONE',  ( 1.000000000000000000, 0.0000000000000000000, 0.0000000000000000000 ) ) ;
#1603 = DIRECTION ( 'NONE',  ( -0.0000000000000000000, -2.585091490897066400E-018, 1.000000000000000000 ) ) ;
#1604 = ORIENTED_EDGE ( 'NONE', *, *, #700, .T. ) ;
#1605 = CARTESIAN_POINT ( 'NONE',  ( -0.9523411776398330600, 2.000000000000000400, -0.05188948691381058800 ) ) ;
#1606 = EDGE_CURVE ( 'NONE', #2408, #1296, #1344, .T. ) ;
#1607 = ORIENTED_EDGE ( 'NONE', *, *, #2301, .T. ) ;
#1608 = CARTESIAN_POINT ( 'NONE',  ( 1.338300807568875600, 0.7726683315065825400, -1.179166666666661800 ) ) ;
#1609 = CARTESIAN_POINT ( 'NONE',  ( -1.338300807568875200, -0.7726683315065832100, -7.829166666666661300 ) ) ;
#1610 = CARTESIAN_POINT ( 'NONE',  ( 0.8922005383792507300, 1.545336663013166400, 0.1916666666666715600 ) ) ;
#1611 = CONICAL_SURFACE ( 'NONE', #2754, 2.000000000000001300, 1.047197551196599900 ) ;
#1612 = CARTESIAN_POINT ( 'NONE',  ( -1.892491597964127000E-016, -1.545336663013166900, -0.7999999999999960500 ) ) ;
#1613 = ORIENTED_EDGE ( 'NONE', *, *, #1178, .F. ) ;
#1614 = VERTEX_POINT ( 'NONE', #2876 ) ;
#1615 = LINE ( 'NONE', #2844, #707 ) ;
#1616 = AXIS2_PLACEMENT_3D ( 'NONE', #3469, #3721, #3140 ) ;
#1617 = CARTESIAN_POINT ( 'NONE',  ( -1.784401076758499900, 1.294267669813665100E-016, 1.212500000000005000 ) ) ;
#1618 = B_SPLINE_CURVE_WITH_KNOTS ( 'NONE', 3,
 ( #1741, #1998, #2043, #319, #2323, #2847, #557 ),
 .UNSPECIFIED., .F., .F.,
 ( 4, 3, 4 ),
 ( 0.001704201820503549500, 0.002262452142874520200, 0.002815446785278762200 ),
 .UNSPECIFIED. ) ;
#1619 = ADVANCED_FACE ( 'NONE', ( #2380 ), #3170, .T. ) ;
#1620 = FACE_OUTER_BOUND ( 'NONE', #1792, .T. ) ;
#1621 = CARTESIAN_POINT ( 'NONE',  ( -2.449293598294707400E-016, -2.000000000000000400, -3.162499999999998300 ) ) ;
#1622 = DIRECTION ( 'NONE',  ( -1.000000000000000000, 0.0000000000000000000, 0.0000000000000000000 ) ) ;
#1623 = CIRCLE ( 'NONE', #3012, 2.395221894474074200 ) ;
#1624 = CARTESIAN_POINT ( 'NONE',  ( -0.8922005383792499500, 1.545336663013167100, -3.104166666666661200 ) ) ;
#1625 = CARTESIAN_POINT ( 'NONE',  ( 0.0000000000000000000, 1.545336663013167100, -5.262499999999994800 ) ) ;
#1626 = CARTESIAN_POINT ( 'NONE',  ( -1.784401076758499700, 1.294267669813665100E-016, 0.4250000000000034900 ) ) ;
#1627 = CARTESIAN_POINT ( 'NONE',  ( -0.8922005383792502900, -1.545336663013166400, -0.1583333333333297700 ) ) ;
#1628 =( BOUNDED_CURVE ( )  B_SPLINE_CURVE ( 2, ( #788, #525, #1683, #826, #2800, #251, #1078 ),
 .UNSPECIFIED., .F., .T. ) 
 B_SPLINE_CURVE_WITH_KNOTS ( ( 3, 2, 2, 3 ),
 ( 0.1250000000000000300, 0.1354166666666666600, 0.1458333333333332900, 0.1562499999999999200 ),
 .UNSPECIFIED. ) 
 CURVE ( )  GEOMETRIC_REPRESENTATION_ITEM ( )  RATIONAL_B_SPLINE_CURVE ( ( 0.9999999999999996700, 0.8660254037844390400, 1.000000000000000000, 0.8660254037844387100, 1.000000000000000000, 0.8660254037844398200, 0.9999999999999988900 ) ) 
 REPRESENTATION_ITEM ( '' )  );
#1629 = CARTESIAN_POINT ( 'NONE',  ( -1.784401076758499900, 1.294267669813665100E-016, -1.587499999999995000 ) ) ;
#1630 = PERSON_AND_ORGANIZATION ( #871, #911 ) ;
#1631 = CARTESIAN_POINT ( 'NONE',  ( 0.6634458694448284200, 1.568870247289478900, -7.580156001093154600 ) ) ;
#1632 = DIRECTION ( 'NONE',  ( 0.0000000000000000000, 0.0000000000000000000, 1.000000000000000000 ) ) ;
#1633 = EDGE_CURVE ( 'NONE', #506, #890, #3424, .T. ) ;
#1634 = LINE ( 'NONE', #95, #104 ) ;
#1635 = CARTESIAN_POINT ( 'NONE',  ( -1.338300807568875200, -0.7726683315065832100, -0.8291666666666620600 ) ) ;
#1636 = CARTESIAN_POINT ( 'NONE',  ( -0.8922005383792506200, -1.545336663013166600, -4.970833333333329700 ) ) ;
#1637 = CARTESIAN_POINT ( 'NONE',  ( 1.338300807568875400, 0.7726683315065824300, 0.1333333333333377400 ) ) ;
#1638 = CARTESIAN_POINT ( 'NONE',  ( -0.8922005383792497300, 1.545336663013166900, 1.708333333333337700 ) ) ;
#1639 = ADVANCED_FACE ( 'NONE', ( #2735 ), #3066, .F. ) ;
#1640 = AXIS2_PLACEMENT_3D ( 'NONE', #2931, #3497, #2940 ) ;
#1641 = CARTESIAN_POINT ( 'NONE',  ( -0.3163714390882507700, 1.438218879622111400, 1.101115944497855500 ) ) ;
#1642 = CARTESIAN_POINT ( 'NONE',  ( 0.8922005383792495100, -1.545336663013167700, 0.7458333333333379000 ) ) ;
#1643 = B_SPLINE_CURVE_WITH_KNOTS ( 'NONE', 3,
 ( #3212, #2348, #1767, #1501 ),
 .UNSPECIFIED., .F., .F.,
 ( 4, 4 ),
 ( 0.006499776636233299200, 0.007611022163450131300 ),
 .UNSPECIFIED. ) ;
#1644 = CARTESIAN_POINT ( 'NONE',  ( 1.590624950462677300, 0.3938473393076511500, -7.645400843348837400 ) ) ;
#1645 = DIRECTION ( 'NONE',  ( -0.0000000000000000000, -2.585091490897066400E-018, 1.000000000000000000 ) ) ;
#1646 =( BOUNDED_CURVE ( )  B_SPLINE_CURVE ( 2, ( #8, #876, #833, #603, #2011, #3238, #2661 ),
 .UNSPECIFIED., .F., .T. ) 
 B_SPLINE_CURVE_WITH_KNOTS ( ( 3, 2, 2, 3 ),
 ( 0.6740648519000864700, 0.6844815185667532100, 0.6948981852334197300, 0.7053148519000864700 ),
 .UNSPECIFIED. ) 
 CURVE ( )  GEOMETRIC_REPRESENTATION_ITEM ( )  RATIONAL_B_SPLINE_CURVE ( ( 1.000000000000000000, 0.8660254037844387100, 1.000000000000000000, 0.8660254037844387100, 1.000000000000000000, 0.8660254037844387100, 1.000000000000000000 ) ) 
 REPRESENTATION_ITEM ( '' )  );
#1647 = CARTESIAN_POINT ( 'NONE',  ( 0.0000000000000000000, 1.545336663013167100, -3.162499999999995200 ) ) ;
#1648 = CARTESIAN_POINT ( 'NONE',  ( 1.338300807568875600, 0.7726683315065825400, -5.379166666666662000 ) ) ;
#1649 = CARTESIAN_POINT ( 'NONE',  ( -1.338300807568874700, 0.7726683315065836500, 2.466666666666670800 ) ) ;
#1650 = CARTESIAN_POINT ( 'NONE',  ( 0.0000000000000000000, 1.545336663013166900, 1.650000000000003900 ) ) ;
#1651 = EDGE_LOOP ( 'NONE', ( #2539, #2873, #2581, #835 ) ) ;
#1652 = VERTEX_POINT ( 'NONE', #2580 ) ;
#1653 = CARTESIAN_POINT ( 'NONE',  ( 0.0000000000000000000, 6.628682924999594700E-017, 2.200000000000000600 ) ) ;
#1654 = CARTESIAN_POINT ( 'NONE',  ( 0.0000000000000000000, 1.545336663013167100, 1.737500000000004700 ) ) ;
#1655 = VERTEX_POINT ( 'NONE', #1423 ) ;
#1656 = EDGE_CURVE ( 'NONE', #2150, #1099, #84, .T. ) ;
#1657 = ADVANCED_FACE ( 'NONE', ( #755 ), #2543, .T. ) ;
#1658 = CARTESIAN_POINT ( 'NONE',  ( -1.281441793680746100, -0.9757006938881056500, -0.2330455202169506300 ) ) ;
#1659 = VERTEX_POINT ( 'NONE', #1705 ) ;
#1660 = ORIENTED_EDGE ( 'NONE', *, *, #1866, .T. ) ;
#1661 = AXIS2_PLACEMENT_3D ( 'NONE', #1083, #794, #1955 ) ;
#1662 = CARTESIAN_POINT ( 'NONE',  ( 0.0000000000000000000, 0.0000000000000000000, 2.808962786656433500 ) ) ;
#1663 = CARTESIAN_POINT ( 'NONE',  ( -1.784401076758499900, 1.294267669813664600E-016, -5.787499999999995200 ) ) ;
#1664 = CARTESIAN_POINT ( 'NONE',  ( -1.732050807568877900, -0.9999999999999997800, -5.466666666666665900 ) ) ;
#1665 = CARTESIAN_POINT ( 'NONE',  ( 0.8922005383792507300, 1.545336663013166400, 2.291666666666671000 ) ) ;
#1666 = CARTESIAN_POINT ( 'NONE',  ( 0.2366627091359995400, -1.609051213158430500, -7.652846076010925800 ) ) ;
#1667 = CARTESIAN_POINT ( 'NONE',  ( -1.784401076758499900, 1.294267669813665100E-016, 1.912500000000004300 ) ) ;
#1668 = CARTESIAN_POINT ( 'NONE',  ( -2.353151076758504900, 1.642526603321196600E-016, -6.903124999999998400 ) ) ;
#1669 = VECTOR ( 'NONE', #343, 1000.000000000000000 ) ;
#1670 = CARTESIAN_POINT ( 'NONE',  ( 0.0000000000000000000, 1.545336663013167100, -8.062499999999994700 ) ) ;
#1671 = DIRECTION ( 'NONE',  ( 0.08715574274765836000, 6.217248937900877400E-015, 0.9961946980917456600 ) ) ;
#1672 = CARTESIAN_POINT ( 'NONE',  ( 0.6309645060949512500, -1.867376786517201300, -7.308041539826904300 ) ) ;
#1673 = CARTESIAN_POINT ( 'NONE',  ( -1.338300807568875200, -0.7726683315065832100, -2.929166666666661400 ) ) ;
#1674 = CARTESIAN_POINT ( 'NONE',  ( -1.172903837811237300, -1.806159244939631500, 2.661357716489705500 ) ) ;
#1675 = CARTESIAN_POINT ( 'NONE',  ( 1.338300807568875400, 0.7726683315065824300, 0.1333333333333377400 ) ) ;
#1676 = ORIENTED_EDGE ( 'NONE', *, *, #111, .F. ) ;
#1677 = APPROVAL ( #411, 'UNSPECIFIED' ) ;
#1678 = LOCAL_TIME ( 21, 42, 45.00000000000000000, #1898 ) ;
#1679 = EDGE_CURVE ( 'NONE', #743, #1958, #3015, .T. ) ;
#1680 = CARTESIAN_POINT ( 'NONE',  ( 0.5000000000000000000, 0.0000000000000000000, 3.199999999999999700 ) ) ;
#1681 = CARTESIAN_POINT ( 'NONE',  ( 0.8922005383792495100, -1.545336663013167700, 1.445833333333338900 ) ) ;
#1682 = CARTESIAN_POINT ( 'NONE',  ( 2.309401076758503800, -4.040663818609657100E-016, -0.2749999999999991900 ) ) ;
#1683 = CARTESIAN_POINT ( 'NONE',  ( -1.732050807568877600, 1.000000000000000400, -6.895833333333332100 ) ) ;
#1684 = EDGE_CURVE ( 'NONE', #2761, #933, #2293, .T. ) ;
#1685 = CARTESIAN_POINT ( 'NONE',  ( -1.595815705817886600, -1.010212134150687800, -7.401496974675644000 ) ) ;
#1686 = CARTESIAN_POINT ( 'NONE',  ( -0.8922005383792498400, 1.545336663013167100, -1.004166666666662000 ) ) ;
#1687 = CARTESIAN_POINT ( 'NONE',  ( -0.8922005383792497300, 1.545336663013166900, 2.408333333333336800 ) ) ;
#1688 = AXIS2_PLACEMENT_3D ( 'NONE', #3587, #984, #1622 ) ;
#1689 = CARTESIAN_POINT ( 'NONE',  ( 0.1603878551935947500, -1.545336663013167300, -7.729663336986828200 ) ) ;
#1690 = CARTESIAN_POINT ( 'NONE',  ( -1.438218879622112900, 0.3163714390882406100, 1.101115944497855300 ) ) ;
#1691 = VERTEX_POINT ( 'NONE', #3432 ) ;
#1692 =( BOUNDED_CURVE ( )  B_SPLINE_CURVE ( 2, ( #60, #2362, #3228, #1505, #641, #1793, #893, #70, #2643, #2088, #2654, #1836, #1267, #2423, #3309, #113, #2415, #3290, #1547, #397, #3603, #961, #709, #3300, #684, #2680, #1867, #136, #2134, #3279, #2141, #1848, #2403, #1557, #2694, #2663, #2984, #1279, #694, #3577, #407, #2432, #2154, #2715, #974, #951, #2704, #2393, #985, #2992, #122, #385, #3568, #143, #3007, #2124, #1570, #3589, #1857, #415, #2972, #1583, #997, #3021, #1290, #2164, #427, #1243, #3267, #1535, #3558, #1824, #105, #675, #1258, #760, #1923, #2755, #1010, #3377, #1647, #1624, #3664, #3349, #1048, #1029, #3084, #1899, #490, #2472, #206, #2768, #1061, #1316, #3636, #3073, #1910, #2210, #2745, #1885, #3625, #1305, #195, #722, #155, #1340, #1594, #185, #3034, #3324, #3339, #3361, #3062, #2461, #1608, #3044, #2172, #2730, #3617, #480, #1635, #1935, #2480, #3653, #445, #2446, #2199, #173, #2183, #466, #732 ),
 .UNSPECIFIED., .F., .T. ) 
 B_SPLINE_CURVE_WITH_KNOTS ( ( 3, 2, 2, 2, 2, 2, 2, 2, 2, 2, 2, 2, 2, 2, 2, 2, 2, 2, 2, 2, 2, 2, 2, 2, 2, 2, 2, 2, 2, 2, 2, 2, 2, 2, 2, 2, 2, 2, 2, 2, 2, 2, 2, 2, 2, 2, 2, 2, 2, 2, 2, 2, 2, 2, 2, 2, 2, 2, 2, 2, 2, 2, 2, 2, 2, 3 ),
 ( 0.03096917060810788400, 0.03271172842947525600, 0.04361563790596700200, 0.05451954738245876100, 0.06542345685895049900, 0.07632736633544225100, 0.08723127581193398900, 0.09813518528842575500, 0.1090390947649175100, 0.1199430042414092500, 0.1308469137179010000, 0.1417508231943927200, 0.1526547326708845000, 0.1635586421473762800, 0.1744625516238680100, 0.1853664611003597600, 0.1962703705768515100, 0.2071742800533432600, 0.2180781895298350100, 0.2289820990063267400, 0.2398860084828185200, 0.2507899179593102700, 0.2616938274358020000, 0.2725977369122937800, 0.2835016463887855000, 0.2944055558652772200, 0.3053094653417690000, 0.3162133748182607300, 0.3271172842947524500, 0.3380211937712442300, 0.3489251032477359600, 0.3598290127242277400, 0.3707329222007195200, 0.3816368316772112400, 0.3925407411537029700, 0.4034446506301947500, 0.4143485601066864700, 0.4252524695831781900, 0.4361563790596699700, 0.4470602885361617000, 0.4579641980126534800, 0.4688681074891452000, 0.4797720169656369800, 0.4906759264421287600, 0.5015798359186204300, 0.5124837453951121000, 0.5233876548716039900, 0.5342915643480956600, 0.5451954738245875500, 0.5560993833010793300, 0.5670032927775710000, 0.5779072022540627800, 0.5888111117305545600, 0.5997150212070462300, 0.6106189306835380100, 0.6215228401600297900, 0.6324267496365214600, 0.6433306591130133500, 0.6542345685895050200, 0.6651384780659968000, 0.6760423875424885800, 0.6869462970189802500, 0.6978502064954719100, 0.7087541159719638100, 0.7196580254484555800, 0.7288672649491245700 ),
 .UNSPECIFIED. ) 
 CURVE ( )  GEOMETRIC_REPRESENTATION_ITEM ( )  RATIONAL_B_SPLINE_CURVE ( ( 0.9640221895668080700, 0.9785894700425306100, 1.000000000000000000, 0.8660254037844387100, 1.000000000000000000, 0.8660254037844387100, 1.000000000000000000, 0.8660254037844387100, 1.000000000000000000, 0.8660254037844387100, 1.000000000000000000, 0.8660254037844387100, 1.000000000000000000, 0.8660254037844387100, 1.000000000000000000, 0.8660254037844387100, 1.000000000000000000, 0.8660254037844387100, 1.000000000000000000, 0.8660254037844387100, 1.000000000000000000, 0.8660254037844387100, 1.000000000000000000, 0.8660254037844387100, 1.000000000000000000, 0.8660254037844387100, 1.000000000000000000, 0.8660254037844387100, 1.000000000000000000, 0.8660254037844387100, 1.000000000000000000, 0.8660254037844387100, 1.000000000000000000, 0.8660254037844387100, 1.000000000000000000, 0.8660254037844387100, 1.000000000000000000, 0.8660254037844387100, 1.000000000000000000, 0.8660254037844387100, 1.000000000000000000, 0.8660254037844387100, 1.000000000000000000, 0.8660254037844387100, 1.000000000000000000, 0.8660254037844387100, 1.000000000000000000, 0.8660254037844387100, 1.000000000000000000, 0.8660254037844387100, 1.000000000000000000, 0.8660254037844387100, 1.000000000000000000, 0.8660254037844387100, 1.000000000000000000, 0.8660254037844387100, 1.000000000000000000, 0.8660254037844387100, 1.000000000000000000, 0.8660254037844387100, 1.000000000000000000, 0.8660254037844387100, 1.000000000000000000, 0.8660254037844387100, 1.000000000000000000, 0.8660254037844387100, 1.000000000000000000, 0.8660254037844387100, 1.000000000000000000, 0.8660254037844387100, 1.000000000000000000, 0.8660254037844387100, 1.000000000000000000, 0.8660254037844387100, 1.000000000000000000, 0.8660254037844387100, 1.000000000000000000, 0.8660254037844387100, 1.000000000000000000, 0.8660254037844387100, 1.000000000000000000, 0.8660254037844387100, 1.000000000000000000, 0.8660254037844387100, 1.000000000000000000, 0.8660254037844387100, 1.000000000000000000, 0.8660254037844387100, 1.000000000000000000, 0.8660254037844387100, 1.000000000000000000, 0.8660254037844387100, 1.000000000000000000, 0.8660254037844387100, 1.000000000000000000, 0.8660254037844387100, 1.000000000000000000, 0.8660254037844387100, 1.000000000000000000, 0.8660254037844387100, 1.000000000000000000, 0.8660254037844387100, 1.000000000000000000, 0.8660254037844387100, 1.000000000000000000, 0.8660254037844387100, 1.000000000000000000, 0.8660254037844387100, 1.000000000000000000, 0.8660254037844387100, 1.000000000000000000, 0.8660254037844387100, 1.000000000000000000, 0.8660254037844387100, 1.000000000000000000, 0.8660254037844387100, 1.000000000000000000, 0.8660254037844387100, 1.000000000000000000, 0.8660254037844387100, 1.000000000000000000, 0.8660254037844387100, 1.000000000000000000, 0.8660254037844387100, 1.000000000000000000, 0.8660254037844387100, 1.000000000000000000, 0.8660254037844387100, 1.000000000000000000, 0.8868475434233424900, 0.9648280148942072200 ) ) 
 REPRESENTATION_ITEM ( '' )  );
#1693 = ORIENTED_EDGE ( 'NONE', *, *, #2854, .T. ) ;
#1694 = CARTESIAN_POINT ( 'NONE',  ( 0.7800567096260784300, -0.7800567096260625500, 3.118766753137856500 ) ) ;
#1695 = VERTEX_POINT ( 'NONE', #3723 ) ;
#1696 = CARTESIAN_POINT ( 'NONE',  ( 0.3534035141721243400, 1.862752265765281100, 1.524394499586372300 ) ) ;
#1697 = CARTESIAN_POINT ( 'NONE',  ( -1.892491597964127000E-016, -1.545336663013166900, -4.999999999999995600 ) ) ;
#1698 = CARTESIAN_POINT ( 'NONE',  ( -0.8922005383792498400, 1.545336663013167100, 1.095833333333337700 ) ) ;
#1699 = CARTESIAN_POINT ( 'NONE',  ( -1.732050807568877600, 1.000000000000000400, -5.583333333333331300 ) ) ;
#1700 = CARTESIAN_POINT ( 'NONE',  ( 1.176575538379253500, 2.037888611415570300, -4.992708333333332000 ) ) ;
#1701 = ORIENTED_EDGE ( 'NONE', *, *, #3374, .T. ) ;
#1702 = CARTESIAN_POINT ( 'NONE',  ( 1.650665194268284400, -0.3348718104149794300, 1.312576156383125700 ) ) ;
#1703 = CIRCLE ( 'NONE', #10, 2.000000000000001300 ) ;
#1704 = CARTESIAN_POINT ( 'NONE',  ( -2.495693764988923200E-016, -2.037888611415570800, -6.728124999999998600 ) ) ;
#1705 = CARTESIAN_POINT ( 'NONE',  ( -0.2391509819967452300, 1.985650222926987500, -6.848822785271687700E-016 ) ) ;
#1706 = ORIENTED_EDGE ( 'NONE', *, *, #3254, .T. ) ;
#1707 = EDGE_CURVE ( 'NONE', #118, #1691, #3476, .T. ) ;
#1708 = ORIENTED_EDGE ( 'NONE', *, *, #3082, .T. ) ;
#1709 = CARTESIAN_POINT ( 'NONE',  ( 0.8922005383792508400, 1.545336663013166600, -6.720833333333327900 ) ) ;
#1710 = PLANE ( 'NONE',  #3113 ) ;
#1711 = CARTESIAN_POINT ( 'NONE',  ( -0.3719445246109107700, -2.074731665576415200, 1.736319218647909900 ) ) ;
#1712 = FACE_OUTER_BOUND ( 'NONE', #2066, .T. ) ;
#1713 = AXIS2_PLACEMENT_3D ( 'NONE', #2741, #757, #183 ) ;
#1714 = CARTESIAN_POINT ( 'NONE',  ( 0.8705889559762823900, -1.778963366432514000, -7.298551391346506100 ) ) ;
#1715 = CARTESIAN_POINT ( 'NONE',  ( 0.0000000000000000000, 1.545336663013166900, -6.749999999999995600 ) ) ;
#1716 = CARTESIAN_POINT ( 'NONE',  ( -0.8922005383792506200, -1.545336663013166600, -0.07083333333332898800 ) ) ;
#1717 = CARTESIAN_POINT ( 'NONE',  ( 0.3927480814519038700, -0.9481777448371707700, 3.199999999999999700 ) ) ;
#1718 = CARTESIAN_POINT ( 'NONE',  ( 2.353151076758504900, -4.121031264803704200E-016, -6.509375000000000400 ) ) ;
#1719 = FACE_OUTER_BOUND ( 'NONE', #3139, .T. ) ;
#1720 = CARTESIAN_POINT ( 'NONE',  ( 1.732050807568877200, -1.000000000000001100, -1.033333333333332300 ) ) ;
#1721 = CARTESIAN_POINT ( 'NONE',  ( -1.176575538379253100, -2.037888611415570300, -7.486458333333331400 ) ) ;
#1722 = CARTESIAN_POINT ( 'NONE',  ( -1.732050807568877900, -0.9999999999999997800, -2.666666666666665200 ) ) ;
#1723 = CARTESIAN_POINT ( 'NONE',  ( 1.338300807568875600, 0.7726683315065825400, -6.079166666666661300 ) ) ;
#1724 = CARTESIAN_POINT ( 'NONE',  ( 0.0000000000000000000, 2.000000000000000400, -2.812499999999998200 ) ) ;
#1725 = VECTOR ( 'NONE', #3261, 1000.000000000000100 ) ;
#1726 = CARTESIAN_POINT ( 'NONE',  ( 1.338300807568874500, -0.7726683315065840900, -4.883333333333329300 ) ) ;
#1727 = CARTESIAN_POINT ( 'NONE',  ( 0.8922005383792495100, -1.545336663013167700, -2.054166666666661400 ) ) ;
#1728 = CARTESIAN_POINT ( 'NONE',  ( -2.495693764988923200E-016, -2.037888611415570800, -5.284374999999998900 ) ) ;
#1729 = EDGE_CURVE ( 'NONE', #2712, #2634, #1299, .T. ) ;
#1730 = CARTESIAN_POINT ( 'NONE',  ( 0.0000000000000000000, 2.000000000000000400, -0.7124999999999981300 ) ) ;
#1731 = CARTESIAN_POINT ( 'NONE',  ( 1.784401076758499700, -3.076254464281109500E-016, -7.624999999999994700 ) ) ;
#1732 = CARTESIAN_POINT ( 'NONE',  ( -2.495693764988923200E-016, -2.037888611415570800, -3.928124999999998300 ) ) ;
#1733 = DIRECTION ( 'NONE',  ( 0.0000000000000000000, 0.0000000000000000000, 1.000000000000000000 ) ) ;
#1734 = ADVANCED_FACE ( 'NONE', ( #2971 ), #2853, .T. ) ;
#1735 = CARTESIAN_POINT ( 'NONE',  ( 0.0000000000000000000, 1.545336663013167100, -3.162499999999995200 ) ) ;
#1736 = CARTESIAN_POINT ( 'NONE',  ( 1.767567227481610800, -0.4220577021134354100, -0.1073104491157098300 ) ) ;
#1737 = AXIS2_PLACEMENT_3D ( 'NONE', #1461, #585, #3203 ) ;
#1738 = CARTESIAN_POINT ( 'NONE',  ( 0.0000000000000000000, 2.000000000000000400, -1.412499999999998300 ) ) ;
#1739 = CARTESIAN_POINT ( 'NONE',  ( -1.338300807568874700, 0.7726683315065836500, -5.933333333333328200 ) ) ;
#1740 = CARTESIAN_POINT ( 'NONE',  ( -0.8922005383792498400, 1.545336663013167100, 0.3958333333333383100 ) ) ;
#1741 = CARTESIAN_POINT ( 'NONE',  ( 0.3719445246096614900, 2.074731665572707500, 1.736319218633465100 ) ) ;
#1742 = CARTESIAN_POINT ( 'NONE',  ( 1.764863307568878200, -1.018944305707786300, -5.867708333333332900 ) ) ;
#1743 = AXIS2_PLACEMENT_3D ( 'NONE', #425, #1909, #996 ) ;
#1744 = CARTESIAN_POINT ( 'NONE',  ( 1.154700538379252800, 1.999999999999999600, -3.658333333333331400 ) ) ;
#1745 = ORIENTED_EDGE ( 'NONE', *, *, #2726, .F. ) ;
#1746 = CARTESIAN_POINT ( 'NONE',  ( -1.764863307568878400, 1.018944305707785600, -5.561458333333331600 ) ) ;
#1747 = CARTESIAN_POINT ( 'NONE',  ( -1.732050807568877600, 1.000000000000000400, -4.795833333333332500 ) ) ;
#1748 = CARTESIAN_POINT ( 'NONE',  ( 1.784401076758499700, -3.076254464281109500E-016, -7.624999999999994700 ) ) ;
#1749 =( BOUNDED_CURVE ( )  B_SPLINE_CURVE ( 2, ( #1989, #520, #812, #2555, #2238, #2273, #1977 ),
 .UNSPECIFIED., .F., .T. ) 
 B_SPLINE_CURVE_WITH_KNOTS ( ( 3, 2, 2, 3 ),
 ( 0.3615648519000864700, 0.3719815185667531000, 0.3823981852334198400, 0.3928148519000864700 ),
 .UNSPECIFIED. ) 
 CURVE ( )  GEOMETRIC_REPRESENTATION_ITEM ( )  RATIONAL_B_SPLINE_CURVE ( ( 1.000000000000000000, 0.8660254037844387100, 1.000000000000000000, 0.8660254037844387100, 1.000000000000000000, 0.8660254037844387100, 1.000000000000000000 ) ) 
 REPRESENTATION_ITEM ( '' )  );
#1750 = ORIENTED_EDGE ( 'NONE', *, *, #2822, .F. ) ;
#1751 = CARTESIAN_POINT ( 'NONE',  ( 1.338300807568874500, -0.7726683315065842100, -2.695833333333328900 ) ) ;
#1752 = VERTEX_POINT ( 'NONE', #592 ) ;
#1753 = CARTESIAN_POINT ( 'NONE',  ( -1.732050807568877600, 1.000000000000000400, -5.495833333333332700 ) ) ;
#1754 = CARTESIAN_POINT ( 'NONE',  ( 0.0000000000000000000, 2.000000000000000400, -2.199999999999998800 ) ) ;
#1755 = CARTESIAN_POINT ( 'NONE',  ( 1.338300807568875400, 0.7726683315065824300, -6.866666666666662700 ) ) ;
#1756 = CARTESIAN_POINT ( 'NONE',  ( 0.4957272733882024400, 0.9030146793692738200, 0.6540797863656164800 ) ) ;
#1757 = EDGE_LOOP ( 'NONE', ( #2592, #886, #3242, #2523, #3101, #2956 ) ) ;
#1758 = CARTESIAN_POINT ( 'NONE',  ( 1.764863307568878200, -1.018944305707786300, -6.567708333333332100 ) ) ;
#1759 = ORIENTED_EDGE ( 'NONE', *, *, #662, .F. ) ;
#1760 = DIRECTION ( 'NONE',  ( 1.000000000000000000, 1.243449787580175300E-014, 0.0000000000000000000 ) ) ;
#1761 = CARTESIAN_POINT ( 'NONE',  ( 0.0000000000000000000, 1.545336663013167100, 2.437500000000005800 ) ) ;
#1762 = CARTESIAN_POINT ( 'NONE',  ( 1.764863307568879300, 1.018944305707783800, -4.394791666666664700 ) ) ;
#1763 = FACE_OUTER_BOUND ( 'NONE', #3634, .T. ) ;
#1764 = CARTESIAN_POINT ( 'NONE',  ( -1.154700538379251500, 2.000000000000000400, -4.241666666666666300 ) ) ;
#1765 = EDGE_CURVE ( 'NONE', #1487, #430, #502, .T. ) ;
#1766 = CARTESIAN_POINT ( 'NONE',  ( -1.784401076758499900, 1.294267669813664600E-016, -4.387499999999995700 ) ) ;
#1767 = CARTESIAN_POINT ( 'NONE',  ( 2.258020380849994800, 0.4345047692487192200, 2.451386086931441400 ) ) ;
#1768 = CARTESIAN_POINT ( 'NONE',  ( 2.349495442072256200, -0.4657886768156451200, 2.808962786656433500 ) ) ;
#1769 = CARTESIAN_POINT ( 'NONE',  ( 1.338300807568874500, -0.7726683315065840900, -4.183333333333329100 ) ) ;
#1770 = CARTESIAN_POINT ( 'NONE',  ( -2.074731665576675400, 0.3719445246110071300, 1.736319218648928900 ) ) ;
#1771 = DIRECTION ( 'NONE',  ( -0.0000000000000000000, -2.585091490897066400E-018, 1.000000000000000000 ) ) ;
#1772 = CARTESIAN_POINT ( 'NONE',  ( -2.495693764988923200E-016, -2.037888611415570800, -3.184374999999998800 ) ) ;
#1773 = CARTESIAN_POINT ( 'NONE',  ( 0.0000000000000000000, 6.628682924999594700E-017, 2.200000000000000600 ) ) ;
#1774 = CARTESIAN_POINT ( 'NONE',  ( 2.353151076758504900, -4.121031264803704200E-016, -3.753124999999998500 ) ) ;
#1775 = CARTESIAN_POINT ( 'NONE',  ( 1.732050807568877200, -1.000000000000001100, -3.745833333333331800 ) ) ;
#1776 = ORIENTED_EDGE ( 'NONE', *, *, #2625, .T. ) ;
#1777 = CIRCLE ( 'NONE', #2966, 2.395221894474074200 ) ;
#1778 = CARTESIAN_POINT ( 'NONE',  ( 1.154700538379251200, -2.000000000000000900, -1.791666666666665200 ) ) ;
#1779 = CARTESIAN_POINT ( 'NONE',  ( 0.0000000000000000000, 2.000000000000000400, -1.499999999999998700 ) ) ;
#1780 = CARTESIAN_POINT ( 'NONE',  ( 0.0000000000000000000, 1.545336663013166900, -1.849999999999995600 ) ) ;
#1781 = CARTESIAN_POINT ( 'NONE',  ( -1.176575538379252000, 2.037888611415570800, -2.776041666666666100 ) ) ;
#1782 = EDGE_CURVE ( 'NONE', #384, #691, #1257, .T. ) ;
#1783 = DIRECTION ( 'NONE',  ( 0.0000000000000000000, 0.0000000000000000000, 1.000000000000000000 ) ) ;
#1784 = CARTESIAN_POINT ( 'NONE',  ( -2.495693764988923200E-016, -2.037888611415570800, -3.228124999999998600 ) ) ;
#1785 = AXIS2_PLACEMENT_3D ( 'NONE', #2161, #441, #717 ) ;
#1786 = CARTESIAN_POINT ( 'NONE',  ( 1.154700538379252800, 1.999999999999999600, -1.558333333333332500 ) ) ;
#1787 = ORIENTED_EDGE ( 'NONE', *, *, #995, .F. ) ;
#1788 = ORIENTED_EDGE ( 'NONE', *, *, #1600, .F. ) ;
#1789 = CARTESIAN_POINT ( 'NONE',  ( -1.892491597964127000E-016, -1.545336663013166900, -1.499999999999996200 ) ) ;
#1790 = CARTESIAN_POINT ( 'NONE',  ( 0.4657886768156941400, -2.349495442072245600, 2.808962786656433500 ) ) ;
#1791 = CARTESIAN_POINT ( 'NONE',  ( 1.764863307568879300, 1.018944305707783800, -2.951041666666665900 ) ) ;
#1792 = EDGE_LOOP ( 'NONE', ( #3183, #117, #1021, #1604, #1835 ) ) ;
#1793 = CARTESIAN_POINT ( 'NONE',  ( 1.784401076758500100, -3.076254464281110000E-016, -7.537499999999994300 ) ) ;
#1794 = CARTESIAN_POINT ( 'NONE',  ( -2.495693764988923200E-016, -2.037888611415570800, -0.4281249999999988100 ) ) ;
#1795 = CARTESIAN_POINT ( 'NONE',  ( 1.732050807568878300, 0.9999999999999986700, -1.529166666666665000 ) ) ;
#1796 = ORIENTED_EDGE ( 'NONE', *, *, #3391, .T. ) ;
#1797 = ORIENTED_EDGE ( 'NONE', *, *, #1500, .F. ) ;
#1798 = ORIENTED_EDGE ( 'NONE', *, *, #2253, .F. ) ;
#1799 = ORIENTED_EDGE ( 'NONE', *, *, #777, .T. ) ;
#1800 = CYLINDRICAL_SURFACE ( 'NONE', #284, 2.000000000000000400 ) ;
#1801 = CARTESIAN_POINT ( 'NONE',  ( 0.8922005383792508400, 1.545336663013166400, -1.208333333333329500 ) ) ;
#1802 = CARTESIAN_POINT ( 'NONE',  ( -0.1576919807739840000, -1.616655878292632500E-015, -4.317453739353333700 ) ) ;
#1803 = EDGE_CURVE ( 'NONE', #393, #506, #3306, .T. ) ;
#1804 = CARTESIAN_POINT ( 'NONE',  ( -2.495693764988923200E-016, -2.037888611415570800, -0.3843749999999993000 ) ) ;
#1805 = CIRCLE ( 'NONE', #3131, 7.531250000000005300 ) ;
#1806 = CARTESIAN_POINT ( 'NONE',  ( 1.732050807568877200, -1.000000000000001100, -6.633333333333332000 ) ) ;
#1807 = CARTESIAN_POINT ( 'NONE',  ( 1.764863307568879300, 1.018944305707783800, -0.1947916666666651700 ) ) ;
#1808 = CARTESIAN_POINT ( 'NONE',  ( 0.0000000000000000000, 2.000000000000000400, -1.412499999999998300 ) ) ;
#1809 = CARTESIAN_POINT ( 'NONE',  ( -0.8922005383792502900, -1.545336663013166400, -5.758333333333328400 ) ) ;
#1810 = DIRECTION ( 'NONE',  ( 0.0000000000000000000, -1.000000000000000000, 0.0000000000000000000 ) ) ;
#1811 = CARTESIAN_POINT ( 'NONE',  ( -1.784401076758499900, 1.294267669813665100E-016, -2.374999999999996000 ) ) ;
#1812 = CARTESIAN_POINT ( 'NONE',  ( 1.764863307568879300, 1.018944305707783800, -0.1510416666666656300 ) ) ;
#1813 = FACE_OUTER_BOUND ( 'NONE', #3514, .T. ) ;
#1814 = DIRECTION ( 'NONE',  ( -0.0000000000000000000, -2.585091490897066400E-018, 1.000000000000000000 ) ) ;
#1815 = CARTESIAN_POINT ( 'NONE',  ( -1.784401076758499700, 1.294267669813664600E-016, -7.274999999999995900 ) ) ;
#1816 = CARTESIAN_POINT ( 'NONE',  ( 1.176575538379253500, 2.037888611415570300, 0.5635416666666688300 ) ) ;
#1817 = CARTESIAN_POINT ( 'NONE',  ( -1.892491597964127000E-016, -1.545336663013166900, -4.999999999999995600 ) ) ;
#1818 = CARTESIAN_POINT ( 'NONE',  ( -1.338300807568874900, -0.7726683315065832100, -5.816666666666662900 ) ) ;
#1819 = DIRECTION ( 'NONE',  ( -0.0000000000000000000, -2.585091490897066400E-018, 1.000000000000000000 ) ) ;
#1820 = CARTESIAN_POINT ( 'NONE',  ( 1.732050807568877200, -1.000000000000001100, -2.433333333333332700 ) ) ;
#1821 = CARTESIAN_POINT ( 'NONE',  ( 0.0000000000000000000, 0.0000000000000000000, -4.331250000000005200 ) ) ;
#1822 = CARTESIAN_POINT ( 'NONE',  ( -1.176575538379253100, -2.037888611415570300, 0.2572916666666678100 ) ) ;
#1823 = EDGE_CURVE ( 'NONE', #1652, #658, #636, .T. ) ;
#1824 = CARTESIAN_POINT ( 'NONE',  ( -1.784401076758500100, 1.294267669813664600E-016, -3.687499999999995600 ) ) ;
#1825 = CARTESIAN_POINT ( 'NONE',  ( -1.176575538379253100, -2.037888611415570300, -0.4864583333333318300 ) ) ;
#1826 = CARTESIAN_POINT ( 'NONE',  ( -0.8922005383792497300, 1.545336663013166900, -4.591666666666662300 ) ) ;
#1827 = CARTESIAN_POINT ( 'NONE',  ( -1.784401076758499700, 1.294267669813664600E-016, -5.174999999999996300 ) ) ;
#1828 = ORIENTED_EDGE ( 'NONE', *, *, #2938, .F. ) ;
#1829 = CARTESIAN_POINT ( 'NONE',  ( 0.9062599177584492700, -1.251702186431388900, -7.729663336986675400 ) ) ;
#1830 = DIRECTION ( 'NONE',  ( 0.0000000000000000000, 0.0000000000000000000, 1.000000000000000000 ) ) ;
#1831 = CARTESIAN_POINT ( 'NONE',  ( -0.4032230514756248700, 2.166447380366195700, 2.093834416664667900 ) ) ;
#1832 = VERTEX_POINT ( 'NONE', #3219 ) ;
#1833 = CARTESIAN_POINT ( 'NONE',  ( 1.764863307568879300, 1.018944305707783800, 0.5489583333333335500 ) ) ;
#1834 = CARTESIAN_POINT ( 'NONE',  ( -2.120806426571515000, 0.3876577603728890200, 1.915922325252860500 ) ) ;
#1835 = ORIENTED_EDGE ( 'NONE', *, *, #2301, .F. ) ;
#1836 = CARTESIAN_POINT ( 'NONE',  ( -1.784401076758500100, 1.294267669813664600E-016, -7.187499999999993800 ) ) ;
#1837 = CARTESIAN_POINT ( 'NONE',  ( -2.353151076758504900, 1.642526603321196800E-016, 0.09687500000000147400 ) ) ;
#1838 = CARTESIAN_POINT ( 'NONE',  ( 1.338300807568875400, 0.7726683315065824300, -4.766666666666662200 ) ) ;
#1839 = ORIENTED_EDGE ( 'NONE', *, *, #2247, .T. ) ;
#1840 = CARTESIAN_POINT ( 'NONE',  ( -1.338300807568874700, 0.7726683315065836500, -7.333333333333328600 ) ) ;
#1841 = CARTESIAN_POINT ( 'NONE',  ( 0.8922005383792494000, -1.545336663013167300, -6.341666666666662300 ) ) ;
#1842 = FACE_OUTER_BOUND ( 'NONE', #2065, .T. ) ;
#1843 = DATE_TIME_ROLE ( 'creation_date' ) ;
#1844 = CARTESIAN_POINT ( 'NONE',  ( -1.784401076758499900, 1.294267669813665100E-016, -0.9749999999999958700 ) ) ;
#1845 = DIRECTION ( 'NONE',  ( 0.0000000000000000000, 0.0000000000000000000, 1.000000000000000000 ) ) ;
#1846 = EDGE_CURVE ( 'NONE', #120, #1966, #93, .T. ) ;
#1847 = CARTESIAN_POINT ( 'NONE',  ( 0.0000000000000000000, 2.000000000000000400, -6.399999999999998600 ) ) ;
#1848 = CARTESIAN_POINT ( 'NONE',  ( 0.8922005383792509500, 1.545336663013166600, -6.020833333333328600 ) ) ;
#1849 = CARTESIAN_POINT ( 'NONE',  ( 1.764863307568879300, 1.018944305707783800, 1.205208333333334100 ) ) ;
#1850 = CARTESIAN_POINT ( 'NONE',  ( 1.338300807568875400, 0.7726683315065824300, -3.366666666666662700 ) ) ;
#1851 = CARTESIAN_POINT ( 'NONE',  ( -0.8922005383792502900, -1.545336663013166400, -5.058333333333330000 ) ) ;
#1852 =( BOUNDED_CURVE ( )  B_SPLINE_CURVE ( 2, ( #2916, #2330, #1775, #1484, #2597, #2941, #28 ),
 .UNSPECIFIED., .F., .T. ) 
 B_SPLINE_CURVE_WITH_KNOTS ( ( 3, 2, 2, 3 ),
 ( 0.4062500000000000000, 0.4166666666666666900, 0.4270833333333333100, 0.4375000000000000000 ),
 .UNSPECIFIED. ) 
 CURVE ( )  GEOMETRIC_REPRESENTATION_ITEM ( )  RATIONAL_B_SPLINE_CURVE ( ( 1.000000000000000000, 0.8660254037844387100, 1.000000000000000000, 0.8660254037844387100, 1.000000000000000000, 0.8660254037844387100, 1.000000000000000000 ) ) 
 REPRESENTATION_ITEM ( '' )  );
#1853 = AXIS2_PLACEMENT_3D ( 'NONE', #1197, #2617, #2353 ) ;
#1854 = DIRECTION ( 'NONE',  ( 0.0000000000000000000, 0.0000000000000000000, 1.000000000000000000 ) ) ;
#1855 = CARTESIAN_POINT ( 'NONE',  ( 1.154700538379252800, 1.999999999999999600, -2.258333333333331500 ) ) ;
#1856 = DIRECTION ( 'NONE',  ( -3.478195198241798700E-015, 0.9961946980917455500, -0.08715574274765836000 ) ) ;
#1857 = CARTESIAN_POINT ( 'NONE',  ( -1.338300807568874900, 0.7726683315065837600, -4.445833333333328400 ) ) ;
#1858 = CARTESIAN_POINT ( 'NONE',  ( 1.764863307568878200, -1.018944305707786300, 1.788541666666667400 ) ) ;
#1859 = CARTESIAN_POINT ( 'NONE',  ( -1.338300807568874700, 0.7726683315065836500, -3.133333333333329300 ) ) ;
#1860 = CARTESIAN_POINT ( 'NONE',  ( 1.338300807568875400, 0.7726683315065824300, -1.966666666666662600 ) ) ;
#1861 = ADVANCED_FACE ( 'NONE', ( #1620 ), #751, .F. ) ;
#1862 = EDGE_CURVE ( 'NONE', #654, #574, #170, .T. ) ;
#1863 = ORIENTED_EDGE ( 'NONE', *, *, #244, .T. ) ;
#1864 = CARTESIAN_POINT ( 'NONE',  ( 1.438218879622112700, 0.3163714390882457800, 1.101115944497856000 ) ) ;
#1865 = VERTEX_POINT ( 'NONE', #3534 ) ;
#1866 = EDGE_CURVE ( 'NONE', #3059, #120, #1569, .T. ) ;
#1867 = CARTESIAN_POINT ( 'NONE',  ( -1.892491597964127200E-016, -1.545336663013167100, -6.312499999999995600 ) ) ;
#1868 = CARTESIAN_POINT ( 'NONE',  ( 1.784401076758499900, -3.076254464281110000E-016, -7.537499999999994300 ) ) ;
#1869 = CARTESIAN_POINT ( 'NONE',  ( 1.338300807568875400, 0.7726683315065824300, 0.8333333333333369200 ) ) ;
#1870 = CARTESIAN_POINT ( 'NONE',  ( -0.8922005383792497300, 1.545336663013166900, -3.191666666666662400 ) ) ;
#1871 = ORIENTED_EDGE ( 'NONE', *, *, #1069, .F. ) ;
#1872 = VERTEX_POINT ( 'NONE', #3459 ) ;
#1873 = AXIS2_PLACEMENT_3D ( 'NONE', #719, #184, #1278 ) ;
#1874 = CARTESIAN_POINT ( 'NONE',  ( 0.8922005383792508400, 1.545336663013166600, 0.9791666666666716300 ) ) ;
#1875 = VERTEX_POINT ( 'NONE', #2526 ) ;
#1876 = ORIENTED_EDGE ( 'NONE', *, *, #1679, .F. ) ;
#1877 = B_SPLINE_CURVE_WITH_KNOTS ( 'NONE', 3,
 ( #1770, #1834, #2056, #112, #331, #970, #2122 ),
 .UNSPECIFIED., .F., .F.,
 ( 4, 3, 4 ),
 ( 0.001704201820519658800, 0.002262452142874592200, 0.002815446785278850300 ),
 .UNSPECIFIED. ) ;
#1878 = ADVANCED_FACE ( 'NONE', ( #1763 ), #2, .T. ) ;
#1879 = VERTEX_POINT ( 'NONE', #860 ) ;
#1880 =( NAMED_UNIT ( * ) PLANE_ANGLE_UNIT ( ) SI_UNIT ( $, .RADIAN. ) );
#1881 = CARTESIAN_POINT ( 'NONE',  ( -2.309401076758503800, 1.615737454589847600E-016, -0.6249999999999987800 ) ) ;
#1882 = CARTESIAN_POINT ( 'NONE',  ( 0.0000000000000000000, 6.628682924999594700E-017, 2.200000000000000600 ) ) ;
#1883 = VERTEX_POINT ( 'NONE', #526 ) ;
#1884 = CARTESIAN_POINT ( 'NONE',  ( 0.0000000000000000000, 0.0000000000000000000, 2.200000000000001100 ) ) ;
#1885 = CARTESIAN_POINT ( 'NONE',  ( 0.8922005383792495100, -1.545336663013167700, -2.054166666666661800 ) ) ;
#1886 = CARTESIAN_POINT ( 'NONE',  ( 1.176575538379253500, 2.037888611415570300, 1.263541666666668100 ) ) ;
#1887 = CARTESIAN_POINT ( 'NONE',  ( -1.338300807568874900, -0.7726683315065832100, 1.183333333333336700 ) ) ;
#1888 = CARTESIAN_POINT ( 'NONE',  ( 1.338300807568874500, -0.7726683315065840900, -1.383333333333329300 ) ) ;
#1889 = CYLINDRICAL_SURFACE ( 'NONE', #2736, 2.000000000000000400 ) ;
#1890 = CARTESIAN_POINT ( 'NONE',  ( 0.8922005383792508400, 1.545336663013166600, -2.520833333333328200 ) ) ;
#1891 = CARTESIAN_POINT ( 'NONE',  ( -1.338300807568875200, -0.7726683315065832100, -0.8291666666666620600 ) ) ;
#1892 = CYLINDRICAL_SURFACE ( 'NONE', #3547, 2.000000000000000400 ) ;
#1893 = PERSON_AND_ORGANIZATION_ROLE ( 'design_owner' ) ;
#1894 = CARTESIAN_POINT ( 'NONE',  ( 0.0000000000000000000, 6.628682924999594700E-017, 2.200000000000000600 ) ) ;
#1895 = DIRECTION ( 'NONE',  ( 0.0000000000000000000, -1.000000000000000000, 0.0000000000000000000 ) ) ;
#1896 = EDGE_CURVE ( 'NONE', #2627, #3407, #949, .T. ) ;
#1897 =( BOUNDED_CURVE ( )  B_SPLINE_CURVE ( 2, ( #2149, #2980, #1264 ),
 .UNSPECIFIED., .F., .F. ) 
 B_SPLINE_CURVE_WITH_KNOTS ( ( 3, 3 ),
 ( 0.7500000000000000000, 0.7512302823808529900 ),
 .UNSPECIFIED. ) 
 CURVE ( )  GEOMETRIC_REPRESENTATION_ITEM ( )  RATIONAL_B_SPLINE_CURVE ( ( 1.000000000000000000, 0.9841766478202336200, 0.9720909963878845400 ) ) 
 REPRESENTATION_ITEM ( '' )  );
#1898 = COORDINATED_UNIVERSAL_TIME_OFFSET ( 6, 0, .BEHIND. ) ;
#1899 = CARTESIAN_POINT ( 'NONE',  ( 0.8922005383792495100, -1.545336663013167700, -2.754166666666661500 ) ) ;
#1900 = CARTESIAN_POINT ( 'NONE',  ( -1.892491597964127200E-016, -1.545336663013167100, -7.012499999999995700 ) ) ;
#1901 = CARTESIAN_POINT ( 'NONE',  ( 1.338300807568875400, 0.7726683315065824300, -1.266666666666662400 ) ) ;
#1902 = CARTESIAN_POINT ( 'NONE',  ( 0.8922005383792507300, 1.545336663013166400, -1.908333333333329700 ) ) ;
#1903 = ADVANCED_FACE ( 'NONE', ( #3332 ), #2498, .T. ) ;
#1904 = AXIS2_PLACEMENT_3D ( 'NONE', #227, #1993, #266 ) ;
#1905 =( BOUNDED_CURVE ( )  B_SPLINE_CURVE ( 2, ( #1514, #2913, #2375, #906, #1806, #2075, #2108 ),
 .UNSPECIFIED., .F., .T. ) 
 B_SPLINE_CURVE_WITH_KNOTS ( ( 3, 2, 2, 3 ),
 ( 0.8303148519000864700, 0.8407315185667531000, 0.8511481852334198400, 0.8615648519000864700 ),
 .UNSPECIFIED. ) 
 CURVE ( )  GEOMETRIC_REPRESENTATION_ITEM ( )  RATIONAL_B_SPLINE_CURVE ( ( 1.000000000000000000, 0.8660254037844387100, 1.000000000000000000, 0.8660254037844387100, 1.000000000000000000, 0.8660254037844387100, 1.000000000000000000 ) ) 
 REPRESENTATION_ITEM ( '' )  );
#1906 = FACE_OUTER_BOUND ( 'NONE', #2023, .T. ) ;
#1907 = CARTESIAN_POINT ( 'NONE',  ( -1.892491597964127200E-016, -1.545336663013167100, 1.387500000000005100 ) ) ;
#1908 = CARTESIAN_POINT ( 'NONE',  ( 0.0000000000000000000, 0.0000000000000000000, -4.331250000000005200 ) ) ;
#1909 = DIRECTION ( 'NONE',  ( 0.0000000000000000000, 0.0000000000000000000, 1.000000000000000000 ) ) ;
#1910 = CARTESIAN_POINT ( 'NONE',  ( -1.338300807568875200, -0.7726683315065832100, -2.229166666666661600 ) ) ;
#1911 = CARTESIAN_POINT ( 'NONE',  ( 1.784401076758499900, -3.076254464281110000E-016, -4.737499999999994500 ) ) ;
#1912 = CARTESIAN_POINT ( 'NONE',  ( 0.8922005383792494000, -1.545336663013167300, -2.141666666666662600 ) ) ;
#1913 = CARTESIAN_POINT ( 'NONE',  ( 0.8922005383792507300, 1.545336663013166400, -2.608333333333329400 ) ) ;
#1914 = CARTESIAN_POINT ( 'NONE',  ( -1.338300807568875200, -0.7726683315065832100, 0.5708333333333380800 ) ) ;
#1915 = EDGE_CURVE ( 'NONE', #393, #3595, #1589, .T. ) ;
#1916 = ADVANCED_FACE ( 'NONE', ( #2378 ), #172, .T. ) ;
#1917 = PERSON_AND_ORGANIZATION_ROLE ( 'classification_officer' ) ;
#1918 = DIRECTION ( 'NONE',  ( -0.0000000000000000000, -2.585091490897066400E-018, 1.000000000000000000 ) ) ;
#1919 = ORIENTED_EDGE ( 'NONE', *, *, #3206, .T. ) ;
#1920 = CARTESIAN_POINT ( 'NONE',  ( -0.9172806483541385800, -1.691792969587026200, -7.365416175326628500 ) ) ;
#1921 = AXIS2_PLACEMENT_3D ( 'NONE', #3262, #404, #374 ) ;
#1922 = ORIENTED_EDGE ( 'NONE', *, *, #3374, .F. ) ;
#1923 = CARTESIAN_POINT ( 'NONE',  ( 1.338300807568874500, -0.7726683315065842100, -3.395833333333329000 ) ) ;
#1924 = CARTESIAN_POINT ( 'NONE',  ( 1.784401076758499900, -3.076254464281110000E-016, -3.337499999999995000 ) ) ;
#1925 = CARTESIAN_POINT ( 'NONE',  ( -1.338300807568874700, 0.7726683315065836500, 1.066666666666670600 ) ) ;
#1926 = CARTESIAN_POINT ( 'NONE',  ( 1.784401076758499700, -3.076254464281109500E-016, 0.7750000000000048000 ) ) ;
#1927 = ORIENTED_EDGE ( 'NONE', *, *, #1411, .F. ) ;
#1928 = VERTEX_POINT ( 'NONE', #1694 ) ;
#1929 = CARTESIAN_POINT ( 'NONE',  ( -1.986815127013114200, -0.4533824473986001200, 2.266580598636192900 ) ) ;
#1930 = CARTESIAN_POINT ( 'NONE',  ( 0.8922005383792495100, -1.545336663013167700, -2.054166666666661400 ) ) ;
#1931 = VECTOR ( 'NONE', #507, 1000.000000000000000 ) ;
#1932 = CARTESIAN_POINT ( 'NONE',  ( 0.0000000000000000000, 0.0000000000000000000, 2.808962786656433500 ) ) ;
#1933 = CARTESIAN_POINT ( 'NONE',  ( 1.845052427854700500, 0.1351746361883549900, -0.08945902248836785900 ) ) ;
#1934 = LINE ( 'NONE', #2389, #2642 ) ;
#1935 = CARTESIAN_POINT ( 'NONE',  ( -0.8922005383792506200, -1.545336663013166600, -0.7708333333333282600 ) ) ;
#1936 = CARTESIAN_POINT ( 'NONE',  ( -1.892491597964127200E-016, -1.545336663013167100, -2.812499999999994700 ) ) ;
#1937 = CARTESIAN_POINT ( 'NONE',  ( 2.449293598294706900E-016, 2.000000000000000400, 2.200000000000000600 ) ) ;
#1938 = CARTESIAN_POINT ( 'NONE',  ( -1.338300807568874900, -0.7726683315065832100, 1.183333333333336700 ) ) ;
#1939 = CARTESIAN_POINT ( 'NONE',  ( 1.338300807568874500, -0.7726683315065842100, 1.504166666666671100 ) ) ;
#1940 = CARTESIAN_POINT ( 'NONE',  ( -2.309401076758503800, 1.615737454589847100E-016, -6.924999999999998000 ) ) ;
#1941 = CARTESIAN_POINT ( 'NONE',  ( -0.8247672007123875200, -1.428429749573350900, -0.2103576344391690200 ) ) ;
#1942 = EDGE_CURVE ( 'NONE', #2436, #1655, #2453, .T. ) ;
#1943 = CYLINDRICAL_SURFACE ( 'NONE', #3412, 2.000000000000000400 ) ;
#1944 = CARTESIAN_POINT ( 'NONE',  ( 1.588150581396367700, 1.039019748868313300, -0.06177705995700480400 ) ) ;
#1945 = CARTESIAN_POINT ( 'NONE',  ( 1.338300807568874500, -0.7726683315065842100, -3.395833333333329000 ) ) ;
#1946 = CARTESIAN_POINT ( 'NONE',  ( -1.154700538379251500, 2.000000000000000400, -5.641666666666665700 ) ) ;
#1947 = CARTESIAN_POINT ( 'NONE',  ( 0.8922005383792494000, -1.545336663013167300, -0.04166666666666207800 ) ) ;
#1948 = AXIS2_PLACEMENT_3D ( 'NONE', #2227, #1980, #498 ) ;
#1949 = CARTESIAN_POINT ( 'NONE',  ( 1.176575538379253500, 2.037888611415570300, 2.007291666666667600 ) ) ;
#1950 = CARTESIAN_POINT ( 'NONE',  ( 1.176575538379253500, 2.037888611415570300, -6.436458333333332500 ) ) ;
#1951 = CARTESIAN_POINT ( 'NONE',  ( 2.449293598294706900E-016, 2.000000000000000400, 2.200000000000000600 ) ) ;
#1952 = CARTESIAN_POINT ( 'NONE',  ( 2.325585342245953000E-011, -1.944527222831905000, -7.330472777168094600 ) ) ;
#1953 = CARTESIAN_POINT ( 'NONE',  ( 2.325585342245953000E-011, -1.944527222831905000, -7.330472777168094600 ) ) ;
#1954 = CARTESIAN_POINT ( 'NONE',  ( 0.0000000000000000000, 1.545336663013167100, -3.862499999999995400 ) ) ;
#1955 = DIRECTION ( 'NONE',  ( 0.3826834323650915600, -0.9238795325112860700, 2.029361045308837100E-014 ) ) ;
#1956 = CARTESIAN_POINT ( 'NONE',  ( 1.784401076758499700, -3.076254464281109000E-016, 1.475000000000003900 ) ) ;
#1957 = ORIENTED_EDGE ( 'NONE', *, *, #2633, .F. ) ;
#1958 = VERTEX_POINT ( 'NONE', #567 ) ;
#1959 = CARTESIAN_POINT ( 'NONE',  ( 0.0000000000000000000, 0.0000000000000000000, 2.789255650988791600 ) ) ;
#1960 = CARTESIAN_POINT ( 'NONE',  ( 0.0000000000000000000, 2.037888611415570800, 1.365625000000000500 ) ) ;
#1961 = CARTESIAN_POINT ( 'NONE',  ( 1.154700538379252800, 1.999999999999999600, -0.1583333333333324100 ) ) ;
#1962 = ORIENTED_EDGE ( 'NONE', *, *, #1580, .F. ) ;
#1963 = EDGE_CURVE ( 'NONE', #3549, #3407, #797, .T. ) ;
#1964 = CARTESIAN_POINT ( 'NONE',  ( 0.8922005383792495100, -1.545336663013167700, -6.954166666666662200 ) ) ;
#1965 = CARTESIAN_POINT ( 'NONE',  ( -2.449293598294707400E-016, -2.000000000000000400, -3.162499999999998300 ) ) ;
#1966 = VERTEX_POINT ( 'NONE', #2829 ) ;
#1967 = CARTESIAN_POINT ( 'NONE',  ( -1.772529985660163700, -0.5634310467562428900, -7.418953851546954000 ) ) ;
#1968 = VERTEX_POINT ( 'NONE', #1724 ) ;
#1969 = AXIS2_PLACEMENT_3D ( 'NONE', #1511, #946, #2382 ) ;
#1970 = ORIENTED_EDGE ( 'NONE', *, *, #3106, .T. ) ;
#1971 = CARTESIAN_POINT ( 'NONE',  ( 0.0000000000000000000, -2.000000000000000400, 2.200000000000000600 ) ) ;
#1972 = CARTESIAN_POINT ( 'NONE',  ( 0.8922005383792495100, -1.545336663013167700, -1.354166666666661400 ) ) ;
#1973 = ORIENTED_EDGE ( 'NONE', *, *, #2080, .F. ) ;
#1974 = CARTESIAN_POINT ( 'NONE',  ( -1.764863307568878400, 1.018944305707785600, -7.617708333333332000 ) ) ;
#1975 = FACE_OUTER_BOUND ( 'NONE', #1329, .T. ) ;
#1976 = CARTESIAN_POINT ( 'NONE',  ( 0.4730939085404632400, -1.595104512336015900, -7.615329984537964100 ) ) ;
#1977 = CARTESIAN_POINT ( 'NONE',  ( 0.0000000000000000000, 2.000000000000000400, -1.499999999999998700 ) ) ;
#1978 = CONICAL_SURFACE ( 'NONE', #1713, 2.000000000000001300, 1.047197551196599900 ) ;
#1979 = CARTESIAN_POINT ( 'NONE',  ( 1.784401076758499900, -3.076254464281110000E-016, -7.537499999999994300 ) ) ;
#1980 = DIRECTION ( 'NONE',  ( 0.3812272063696569000, -0.9203638919632229900, 0.08715574274765837400 ) ) ;
#1981 = CARTESIAN_POINT ( 'NONE',  ( -1.154700538379249700, 2.000000000000003100, -5.554166666666664500 ) ) ;
#1982 = CARTESIAN_POINT ( 'NONE',  ( -0.4657886768156777600, 2.349495442072248700, 2.808962786656433500 ) ) ;
#1983 = CARTESIAN_POINT ( 'NONE',  ( -1.784401076758499900, 1.294267669813664600E-016, -7.274999999999995900 ) ) ;
#1984 = CARTESIAN_POINT ( 'NONE',  ( 0.8922005383792508400, 1.545336663013166600, -1.820833333333328600 ) ) ;
#1985 = DIRECTION ( 'NONE',  ( 0.0000000000000000000, 2.585091490897066400E-018, -1.000000000000000000 ) ) ;
#1986 = CARTESIAN_POINT ( 'NONE',  ( -1.764863307568878700, -1.018944305707784900, -4.701041666666665900 ) ) ;
#1987 = SECURITY_CLASSIFICATION ( '', '', #214 ) ;
#1988 = PERSON_AND_ORGANIZATION ( #871, #911 ) ;
#1989 = CARTESIAN_POINT ( 'NONE',  ( -2.449293598294707400E-016, -2.000000000000000400, -1.149999999999999000 ) ) ;
#1990 = CARTESIAN_POINT ( 'NONE',  ( 0.0000000000000000000, 0.0000000000000000000, 0.0000000000000000000 ) ) ;
#1991 = CYLINDRICAL_SURFACE ( 'NONE', #575, 2.000000000000000400 ) ;
#1992 = CARTESIAN_POINT ( 'NONE',  ( -1.784401076758499900, 1.294267669813664600E-016, -3.687499999999995600 ) ) ;
#1993 = DIRECTION ( 'NONE',  ( 0.0000000000000000000, 0.0000000000000000000, 1.000000000000000000 ) ) ;
#1994 = EDGE_CURVE ( 'NONE', #574, #924, #1136, .T. ) ;
#1995 = DIRECTION ( 'NONE',  ( -0.0000000000000000000, -2.585091490897066400E-018, 1.000000000000000000 ) ) ;
#1996 = DIRECTION ( 'NONE',  ( 0.3812272063696473000, 0.9203638919632269900, 0.08715574274765836000 ) ) ;
#1997 = CARTESIAN_POINT ( 'NONE',  ( 0.0000000000000000000, 1.545336663013167100, 1.037500000000005400 ) ) ;
#1998 = CARTESIAN_POINT ( 'NONE',  ( 0.3876577603719949000, 2.120806426568872200, 1.915922325242555900 ) ) ;
#1999 = CARTESIAN_POINT ( 'NONE',  ( -2.495693764988923200E-016, -2.037888611415570800, -4.584374999999998800 ) ) ;
#2000 = CARTESIAN_POINT ( 'NONE',  ( -1.732050807568877900, -0.9999999999999997800, -3.366666666666665400 ) ) ;
#2001 = CARTESIAN_POINT ( 'NONE',  ( -0.8922005383792497300, 1.545336663013166900, -8.091666666666661500 ) ) ;
#2002 = CARTESIAN_POINT ( 'NONE',  ( -2.309401076758503800, 1.615737454589847600E-016, -2.724999999999999200 ) ) ;
#2003 = B_SPLINE_CURVE_WITH_KNOTS ( 'NONE', 3,
 ( #2544, #3396, #816, #3690, #1714, #1672, #1092, #2266, #1417, #1953 ),
 .UNSPECIFIED., .F., .F.,
 ( 4, 2, 2, 2, 4 ),
 ( 0.0000000000000000000, 0.0003814860278770619900, 0.0007629720557541239700, 0.001144458083631185600, 0.001525944111508247300 ),
 .UNSPECIFIED. ) ;
#2004 = CARTESIAN_POINT ( 'NONE',  ( -1.338300807568874900, 0.7726683315065837600, -4.445833333333328400 ) ) ;
#2005 = CARTESIAN_POINT ( 'NONE',  ( 1.154700538379252800, 1.999999999999999600, -0.7708333333333321500 ) ) ;
#2006 = VERTEX_POINT ( 'NONE', #2265 ) ;
#2007 = VERTEX_POINT ( 'NONE', #2877 ) ;
#2008 = CARTESIAN_POINT ( 'NONE',  ( -2.449293598294707400E-016, -2.000000000000000400, -5.262499999999998400 ) ) ;
#2009 = CARTESIAN_POINT ( 'NONE',  ( -1.338300807568874900, -0.7726683315065832100, -5.816666666666662900 ) ) ;
#2010 = CARTESIAN_POINT ( 'NONE',  ( -0.8922005383792498400, 1.545336663013167100, -1.704166666666662200 ) ) ;
#2011 = CARTESIAN_POINT ( 'NONE',  ( -1.732050807568877600, 1.000000000000000400, -4.883333333333332000 ) ) ;
#2012 = CARTESIAN_POINT ( 'NONE',  ( -1.764863307568878700, -1.018944305707784900, -4.001041666666665700 ) ) ;
#2013 = ORIENTED_EDGE ( 'NONE', *, *, #1915, .F. ) ;
#2014 = EDGE_LOOP ( 'NONE', ( #2374, #1250, #572, #2073, #3687, #3143 ) ) ;
#2015 = CARTESIAN_POINT ( 'NONE',  ( 1.173398033835301800, -1.058288313922167000, -7.704896486579719400 ) ) ;
#2016 = EDGE_LOOP ( 'NONE', ( #3103, #305, #1283, #3464 ) ) ;
#2017 = CARTESIAN_POINT ( 'NONE',  ( -2.449293598294707400E-016, -2.000000000000000400, -3.862499999999998000 ) ) ;
#2018 = CARTESIAN_POINT ( 'NONE',  ( -1.764863307568878400, 1.018944305707785600, -6.261458333333332700 ) ) ;
#2019 = ORIENTED_EDGE ( 'NONE', *, *, #731, .F. ) ;
#2020 =( BOUNDED_CURVE ( )  B_SPLINE_CURVE ( 2, ( #2934, #3501, #1202, #2357, #3197, #3221, #2082 ),
 .UNSPECIFIED., .F., .T. ) 
 B_SPLINE_CURVE_WITH_KNOTS ( ( 3, 2, 2, 3 ),
 ( 0.5178148519000864700, 0.5282315185667532100, 0.5386481852334197300, 0.5490648519000864700 ),
 .UNSPECIFIED. ) 
 CURVE ( )  GEOMETRIC_REPRESENTATION_ITEM ( )  RATIONAL_B_SPLINE_CURVE ( ( 1.000000000000000000, 0.8660254037844387100, 1.000000000000000000, 0.8660254037844387100, 1.000000000000000000, 0.8660254037844387100, 1.000000000000000000 ) ) 
 REPRESENTATION_ITEM ( '' )  );
#2021 = AXIS2_PLACEMENT_3D ( 'NONE', #2593, #1996, #2285 ) ;
#2022 = ORIENTED_EDGE ( 'NONE', *, *, #1314, .T. ) ;
#2023 = EDGE_LOOP ( 'NONE', ( #699, #2279, #1922, #3055, #1660, #2620 ) ) ;
#2024 = CARTESIAN_POINT ( 'NONE',  ( 0.8922005383792495100, -1.545336663013167700, -2.754166666666661500 ) ) ;
#2025 = CARTESIAN_POINT ( 'NONE',  ( 1.837620236790420000, 2.024862342950431400E-014, -0.09374999999999818200 ) ) ;
#2026 = CARTESIAN_POINT ( 'NONE',  ( -1.732050807568877600, -0.9999999999999997800, -1.179166666666665600 ) ) ;
#2027 = FACE_OUTER_BOUND ( 'NONE', #2192, .T. ) ;
#2028 = CARTESIAN_POINT ( 'NONE',  ( -0.8922005383792497300, 1.545336663013166900, -7.391666666666663100 ) ) ;
#2029 = CARTESIAN_POINT ( 'NONE',  ( -1.338300807568875200, -0.7726683315065832100, -0.8291666666666620600 ) ) ;
#2030 = CARTESIAN_POINT ( 'NONE',  ( 1.999999999999988200, 0.5358983848622656000, -7.243739260883033100 ) ) ;
#2031 = CARTESIAN_POINT ( 'NONE',  ( -1.764863307568878400, 1.018944305707785600, -5.517708333333333200 ) ) ;
#2032 = CIRCLE ( 'NONE', #2802, 7.529586274483599500 ) ;
#2033 = CARTESIAN_POINT ( 'NONE',  ( 0.0000000000000000000, 2.037888611415570800, -5.678124999999998800 ) ) ;
#2034 = CARTESIAN_POINT ( 'NONE',  ( -2.074731665576675400, 0.3719445246110071300, 1.736319218648928900 ) ) ;
#2035 = CARTESIAN_POINT ( 'NONE',  ( -1.154700538379252600, -2.000000000000000000, -4.008333333333332000 ) ) ;
#2036 = CARTESIAN_POINT ( 'NONE',  ( -0.8922005383792506200, -1.545336663013166600, -5.670833333333328100 ) ) ;
#2037 = DIRECTION ( 'NONE',  ( 1.000000000000000000, 0.0000000000000000000, 0.0000000000000000000 ) ) ;
#2038 = CARTESIAN_POINT ( 'NONE',  ( -0.3534035141731102800, -1.862752265765955400, 1.524394499597790100 ) ) ;
#2039 = ORIENTED_EDGE ( 'NONE', *, *, #947, .F. ) ;
#2040 = CIRCLE ( 'NONE', #437, 2.000000000000000400 ) ;
#2041 = CARTESIAN_POINT ( 'NONE',  ( 0.8922005383792508400, 1.545336663013166400, -6.808333333333328200 ) ) ;
#2042 = CARTESIAN_POINT ( 'NONE',  ( -1.784401076758499900, 1.294267669813665100E-016, 1.912500000000004300 ) ) ;
#2043 = CARTESIAN_POINT ( 'NONE',  ( 0.4033718067410519400, 2.166844804557424000, 2.095534697128894400 ) ) ;
#2044 = CARTESIAN_POINT ( 'NONE',  ( 1.764863307568879300, 1.018944305707783800, -6.451041666666665900 ) ) ;
#2045 = EDGE_CURVE ( 'NONE', #2947, #2761, #1615, .T. ) ;
#2046 = CARTESIAN_POINT ( 'NONE',  ( -1.732050807568877600, 1.000000000000000400, -2.695833333333332000 ) ) ;
#2047 = CARTESIAN_POINT ( 'NONE',  ( -1.154700538379252600, -2.000000000000000000, -3.308333333333332200 ) ) ;
#2048 = CARTESIAN_POINT ( 'NONE',  ( -1.764863307568878400, 1.018944305707785600, -4.161458333333332100 ) ) ;
#2049 = ORIENTED_EDGE ( 'NONE', *, *, #1532, .F. ) ;
#2050 = CARTESIAN_POINT ( 'NONE',  ( -1.438218879622110300, -0.3163714390882558200, 1.101115944497855500 ) ) ;
#2051 = CARTESIAN_POINT ( 'NONE',  ( -1.784401076758499900, 1.294267669813664600E-016, -5.787499999999995200 ) ) ;
#2052 = AXIS2_PLACEMENT_3D ( 'NONE', #1205, #46, #2369 ) ;
#2053 = CARTESIAN_POINT ( 'NONE',  ( -0.1670838958482961700, -1.538612275615238100, -7.729663336986830800 ) ) ;
#2054 = CARTESIAN_POINT ( 'NONE',  ( 0.3163714390882457800, 1.438218879622112500, 1.101115944497855800 ) ) ;
#2055 = CARTESIAN_POINT ( 'NONE',  ( 0.8922005383792508400, 1.545336663013166400, -1.908333333333329700 ) ) ;
#2056 = CARTESIAN_POINT ( 'NONE',  ( -2.166844804558743400, 0.4033718067414944800, 2.095534697134039200 ) ) ;
#2057 = CARTESIAN_POINT ( 'NONE',  ( 1.732050807568877200, -1.000000000000001100, -0.2458333333333326500 ) ) ;
#2058 = CARTESIAN_POINT ( 'NONE',  ( 1.176575538379251800, -2.037888611415571200, -3.126041666666666200 ) ) ;
#2059 = AXIS2_PLACEMENT_3D ( 'NONE', #2381, #2672, #2943 ) ;
#2060 = VERTEX_POINT ( 'NONE', #283 ) ;
#2061 = CARTESIAN_POINT ( 'NONE',  ( -1.398102796670941200, 0.6811617129401478200, -0.2624999999999903000 ) ) ;
#2062 = CARTESIAN_POINT ( 'NONE',  ( -2.353151076758504900, 1.642526603321196600E-016, -6.203124999999998200 ) ) ;
#2063 = CARTESIAN_POINT ( 'NONE',  ( -0.4346532864896888700, -2.258428448772850800, 2.453083646763764700 ) ) ;
#2064 = CARTESIAN_POINT ( 'NONE',  ( -2.449293598294707400E-016, -2.000000000000000400, -1.149999999999999000 ) ) ;
#2065 = EDGE_LOOP ( 'NONE', ( #1798, #171, #3365, #300 ) ) ;
#2066 = EDGE_LOOP ( 'NONE', ( #2535, #1372, #2492, #1108, #2145, #3052, #786, #613, #3376, #518, #2806, #2917, #1103, #3586, #2858 ) ) ;
#2067 =( BOUNDED_CURVE ( )  B_SPLINE_CURVE ( 2, ( #453, #2194, #2206, #1881, #149, #3071, #3337 ),
 .UNSPECIFIED., .F., .T. ) 
 B_SPLINE_CURVE_WITH_KNOTS ( ( 3, 2, 2, 3 ),
 ( 0.2990648519000864700, 0.3094815185667531000, 0.3198981852334198400, 0.3303148519000864700 ),
 .UNSPECIFIED. ) 
 CURVE ( )  GEOMETRIC_REPRESENTATION_ITEM ( )  RATIONAL_B_SPLINE_CURVE ( ( 1.000000000000000000, 0.8660254037844387100, 1.000000000000000000, 0.8660254037844387100, 1.000000000000000000, 0.8660254037844387100, 1.000000000000000000 ) ) 
 REPRESENTATION_ITEM ( '' )  );
#2068 = CARTESIAN_POINT ( 'NONE',  ( 0.0000000000000000000, 2.000000000000000400, -5.699999999999999300 ) ) ;
#2069 = CARTESIAN_POINT ( 'NONE',  ( -1.784401076758499900, 1.294267669813665100E-016, -1.674999999999995800 ) ) ;
#2070 = ORIENTED_EDGE ( 'NONE', *, *, #700, .F. ) ;
#2071 = EDGE_CURVE ( 'NONE', #433, #347, #2170, .T. ) ;
#2072 = CARTESIAN_POINT ( 'NONE',  ( 0.0000000000000000000, 2.037888611415570800, -2.834374999999999200 ) ) ;
#2073 = ORIENTED_EDGE ( 'NONE', *, *, #2798, .F. ) ;
#2074 = EDGE_LOOP ( 'NONE', ( #3243, #2723, #3100, #3458, #3313, #1607, #79, #2668, #2152, #2402, #883, #2775, #3239, #3316, #1288, #3194 ) ) ;
#2075 = CARTESIAN_POINT ( 'NONE',  ( 1.154700538379251200, -2.000000000000000900, -6.691666666666665500 ) ) ;
#2076 = CARTESIAN_POINT ( 'NONE',  ( 2.353151076758504900, -4.121031264803704200E-016, -3.053124999999998800 ) ) ;
#2077 = CARTESIAN_POINT ( 'NONE',  ( 1.154700538379251200, -2.000000000000000900, -1.704166666666664600 ) ) ;
#2078 = LINE ( 'NONE', #2313, #3104 ) ;
#2079 = PLANE ( 'NONE',  #2688 ) ;
#2080 = EDGE_CURVE ( 'NONE', #624, #1181, #1643, .T. ) ;
#2081 = LINE ( 'NONE', #3714, #2687 ) ;
#2082 = CARTESIAN_POINT ( 'NONE',  ( -2.449293598294707400E-016, -2.000000000000000400, -3.249999999999998700 ) ) ;
#2083 = AXIS2_PLACEMENT_3D ( 'NONE', #519, #2520, #3079 ) ;
#2084 = CARTESIAN_POINT ( 'NONE',  ( -1.154700538379251500, 2.000000000000000000, -3.454166666666665300 ) ) ;
#2085 = CARTESIAN_POINT ( 'NONE',  ( 1.338300807568875400, 0.7726683315065824300, -3.366666666666662700 ) ) ;
#2086 = DIRECTION ( 'NONE',  ( -1.000000000000000000, 0.0000000000000000000, 0.0000000000000000000 ) ) ;
#2087 = CARTESIAN_POINT ( 'NONE',  ( -1.176575538379253100, -2.037888611415570300, -3.242708333333332400 ) ) ;
#2088 = CARTESIAN_POINT ( 'NONE',  ( -0.8922005383792499500, 1.545336663013167100, -7.304166666666662700 ) ) ;
#2089 = CARTESIAN_POINT ( 'NONE',  ( 1.176575538379251800, -2.037888611415571200, -0.3697916666666650200 ) ) ;
#2090 = DIRECTION ( 'NONE',  ( 0.0000000000000000000, 0.0000000000000000000, 1.000000000000000000 ) ) ;
#2091 = CARTESIAN_POINT ( 'NONE',  ( -0.8922005383792497300, 1.545336663013166900, -8.091666666666661500 ) ) ;
#2092 = DATE_AND_TIME ( #2788, #1678 ) ;
#2093 = LINE ( 'NONE', #656, #1725 ) ;
#2094 = CARTESIAN_POINT ( 'NONE',  ( 1.338300807568874500, -0.7726683315065840900, -1.383333333333329300 ) ) ;
#2095 = CARTESIAN_POINT ( 'NONE',  ( -1.542408707876024900, -0.1101951270751133800, -0.2624999999991907700 ) ) ;
#2096 = CARTESIAN_POINT ( 'NONE',  ( 1.764863307568879300, 1.018944305707783800, -0.8510416666666657000 ) ) ;
#2097 = EDGE_CURVE ( 'NONE', #1883, #433, #715, .T. ) ;
#2098 = DIRECTION ( 'NONE',  ( -0.0000000000000000000, -2.585091490897066400E-018, 1.000000000000000000 ) ) ;
#2099 = CARTESIAN_POINT ( 'NONE',  ( -1.176575538379253100, -2.037888611415570300, -1.886458333333332000 ) ) ;
#2100 = CARTESIAN_POINT ( 'NONE',  ( -2.449293598294707400E-016, -2.000000000000000400, -5.962499999999998600 ) ) ;
#2101 = CARTESIAN_POINT ( 'NONE',  ( -0.8922005383792497300, 1.545336663013166900, -6.691666666666662900 ) ) ;
#2102 = AXIS2_PLACEMENT_3D ( 'NONE', #1882, #1645, #1895 ) ;
#2103 = CARTESIAN_POINT ( 'NONE',  ( 0.0000000000000000000, 6.628682924999594700E-017, 2.200000000000000600 ) ) ;
#2104 = CARTESIAN_POINT ( 'NONE',  ( 0.0000000000000000000, 1.545336663013166900, -0.4499999999999955100 ) ) ;
#2105 = CARTESIAN_POINT ( 'NONE',  ( 1.764863307568879300, 1.018944305707783800, -3.651041666666666100 ) ) ;
#2106 = ORIENTED_EDGE ( 'NONE', *, *, #280, .F. ) ;
#2107 = ORIENTED_EDGE ( 'NONE', *, *, #252, .F. ) ;
#2108 = CARTESIAN_POINT ( 'NONE',  ( -2.449293598294707400E-016, -2.000000000000000400, -6.749999999999999100 ) ) ;
#2109 = ORIENTED_EDGE ( 'NONE', *, *, #339, .F. ) ;
#2110 = CARTESIAN_POINT ( 'NONE',  ( -0.8922005383792502900, -1.545336663013166400, -7.158333333333329700 ) ) ;
#2111 = CARTESIAN_POINT ( 'NONE',  ( -1.764863307568878400, 1.018944305707785600, 0.7385416666666686500 ) ) ;
#2112 = CARTESIAN_POINT ( 'NONE',  ( -0.8922005383792502900, -1.545336663013166400, -4.358333333333329000 ) ) ;
#2113 = CARTESIAN_POINT ( 'NONE',  ( 1.338300807568874500, -0.7726683315065840900, -6.283333333333328800 ) ) ;
#2114 = ORIENTED_EDGE ( 'NONE', *, *, #2428, .T. ) ;
#2115 = CIRCLE ( 'NONE', #2208, 2.000000000000001300 ) ;
#2116 = EDGE_LOOP ( 'NONE', ( #1927, #2233, #2527, #1015 ) ) ;
#2117 = ORIENTED_EDGE ( 'NONE', *, *, #2752, .T. ) ;
#2118 = ORIENTED_EDGE ( 'NONE', *, *, #181, .T. ) ;
#2119 = DIRECTION ( 'NONE',  ( -0.0000000000000000000, -2.585091490897066400E-018, 1.000000000000000000 ) ) ;
#2120 = EDGE_CURVE ( 'NONE', #3413, #2007, #2557, .T. ) ;
#2121 = CARTESIAN_POINT ( 'NONE',  ( 0.0000000000000000000, 2.037888611415570800, 0.6656250000000012400 ) ) ;
#2122 = CARTESIAN_POINT ( 'NONE',  ( -2.349495442072252700, 0.4657886768156615500, 2.808962786656433500 ) ) ;
#2123 = CIRCLE ( 'NONE', #1320, 2.395221894474074600 ) ;
#2124 = CARTESIAN_POINT ( 'NONE',  ( 0.8922005383792509500, 1.545336663013166600, -4.620833333333328200 ) ) ;
#2125 = CARTESIAN_POINT ( 'NONE',  ( -2.495693764988923200E-016, -2.037888611415570800, -1.128124999999998900 ) ) ;
#2126 = CARTESIAN_POINT ( 'NONE',  ( -1.338300807568874700, 0.7726683315065836500, -3.833333333333329000 ) ) ;
#2127 = CARTESIAN_POINT ( 'NONE',  ( 0.8922005383792507300, 1.545336663013166400, -7.508333333333329300 ) ) ;
#2128 = AXIS2_PLACEMENT_3D ( 'NONE', #681, #2119, #1566 ) ;
#2129 = PLANE ( 'NONE',  #2821 ) ;
#2130 = DIRECTION ( 'NONE',  ( 0.2588190451025213500, 0.0000000000000000000, 0.9659258262890680900 ) ) ;
#2131 = DIRECTION ( 'NONE',  ( 0.06666269134683304500, -0.06666269134683162900, 0.9955461672694008200 ) ) ;
#2132 = CARTESIAN_POINT ( 'NONE',  ( 2.309401076758503800, -4.040663818609657100E-016, -7.187499999999997300 ) ) ;
#2133 = CIRCLE ( 'NONE', #3536, 7.522351246410529800 ) ;
#2134 = CARTESIAN_POINT ( 'NONE',  ( 1.338300807568874500, -0.7726683315065842100, -6.195833333333328400 ) ) ;
#2135 = CARTESIAN_POINT ( 'NONE',  ( 2.353151076758504900, -4.121031264803704200E-016, -1.653124999999998400 ) ) ;
#2136 = CARTESIAN_POINT ( 'NONE',  ( 0.0000000000000000000, 1.545336663013166900, -4.649999999999995900 ) ) ;
#2137 = CARTESIAN_POINT ( 'NONE',  ( -0.8922005383792497300, 1.545336663013166900, -5.991666666666663600 ) ) ;
#2138 = PERSON_AND_ORGANIZATION_ROLE ( 'design_supplier' ) ;
#2139 = CARTESIAN_POINT ( 'NONE',  ( -0.8922005383792497300, 1.545336663013166900, -0.3916666666666626100 ) ) ;
#2140 = EDGE_CURVE ( 'NONE', #1691, #1517, #2020, .T. ) ;
#2141 = CARTESIAN_POINT ( 'NONE',  ( 1.338300807568875600, 0.7726683315065825400, -6.079166666666661300 ) ) ;
#2142 = CARTESIAN_POINT ( 'NONE',  ( -1.784401076758499900, 1.294267669813664600E-016, -6.487499999999995400 ) ) ;
#2143 = CARTESIAN_POINT ( 'NONE',  ( -0.8922005383792497300, 1.545336663013166900, -3.191666666666662400 ) ) ;
#2144 = CARTESIAN_POINT ( 'NONE',  ( 1.338300807568875400, 0.7726683315065824300, -4.066666666666662900 ) ) ;
#2145 = ORIENTED_EDGE ( 'NONE', *, *, #1782, .T. ) ;
#2146 = AXIS2_PLACEMENT_3D ( 'NONE', #1122, #1403, #2562 ) ;
#2147 = ORIENTED_EDGE ( 'NONE', *, *, #1765, .F. ) ;
#2148 = CARTESIAN_POINT ( 'NONE',  ( 0.0000000000000000000, 9.078057112624564700E-017, -7.274999999999996800 ) ) ;
#2149 = CARTESIAN_POINT ( 'NONE',  ( 0.0000000000000000000, 2.000000000000000400, -0.01249999999999896200 ) ) ;
#2150 = VERTEX_POINT ( 'NONE', #328 ) ;
#2151 = CARTESIAN_POINT ( 'NONE',  ( 2.395221894474074600, 3.252606517456513300E-016, 2.808962786656433500 ) ) ;
#2152 = ORIENTED_EDGE ( 'NONE', *, *, #857, .T. ) ;
#2153 = VERTEX_POINT ( 'NONE', #1471 ) ;
#2154 = CARTESIAN_POINT ( 'NONE',  ( 1.338300807568875600, 0.7726683315065825400, -5.379166666666662000 ) ) ;
#2155 = CARTESIAN_POINT ( 'NONE',  ( -1.764863307568878400, 1.018944305707785600, 2.138541666666669000 ) ) ;
#2156 = CARTESIAN_POINT ( 'NONE',  ( 1.338300807568874500, -0.7726683315065840900, -2.083333333333329500 ) ) ;
#2157 = ORIENTED_EDGE ( 'NONE', *, *, #3585, .F. ) ;
#2158 = CARTESIAN_POINT ( 'NONE',  ( -1.338300807568874700, 0.7726683315065836500, -1.033333333333328800 ) ) ;
#2159 = ORIENTED_EDGE ( 'NONE', *, *, #754, .T. ) ;
#2160 = CIRCLE ( 'NONE', #1542, 7.529586274483599500 ) ;
#2161 = CARTESIAN_POINT ( 'NONE',  ( 0.0000000000000000000, 0.0000000000000000000, 0.0000000000000000000 ) ) ;
#2162 = CARTESIAN_POINT ( 'NONE',  ( -2.449293598294707400E-016, -2.000000000000000400, -4.562499999999999100 ) ) ;
#2163 = EDGE_CURVE ( 'NONE', #1614, #2773, #2467, .T. ) ;
#2164 = CARTESIAN_POINT ( 'NONE',  ( 1.784401076758500100, -3.076254464281110000E-016, -4.037499999999995200 ) ) ;
#2165 = CARTESIAN_POINT ( 'NONE',  ( 1.764863307568879300, 1.018944305707783800, 2.605208333333334500 ) ) ;
#2166 = CARTESIAN_POINT ( 'NONE',  ( 1.784401076758499700, -3.076254464281109500E-016, -2.024999999999995500 ) ) ;
#2167 = CARTESIAN_POINT ( 'NONE',  ( 0.0000000000000000000, 1.545336663013166900, -2.549999999999995800 ) ) ;
#2168 = ADVANCED_FACE ( 'NONE', ( #316 ), #1800, .T. ) ;
#2169 = CARTESIAN_POINT ( 'NONE',  ( -1.338300807568874900, 0.7726683315065837600, -0.9458333333333280900 ) ) ;
#2170 = B_SPLINE_CURVE_WITH_KNOTS ( 'NONE', 3,
 ( #340, #2317, #43, #887 ),
 .UNSPECIFIED., .F., .F.,
 ( 4, 4 ),
 ( 0.0000000000000000000, 0.0002604018223602491300 ),
 .UNSPECIFIED. ) ;
#2171 = CARTESIAN_POINT ( 'NONE',  ( 1.401258538444093400, -1.427050983124823300, -7.274999999999996800 ) ) ;
#2172 = CARTESIAN_POINT ( 'NONE',  ( 0.0000000000000000000, 1.545336663013167100, -1.062499999999994900 ) ) ;
#2173 = CARTESIAN_POINT ( 'NONE',  ( 0.0000000000000000000, 2.037888611415570800, 2.021875000000001000 ) ) ;
#2174 = CARTESIAN_POINT ( 'NONE',  ( 0.0000000000000000000, 1.545336663013166900, -1.849999999999995600 ) ) ;
#2175 = CARTESIAN_POINT ( 'NONE',  ( -0.8922005383792497300, 1.545336663013166900, -1.091666666666662800 ) ) ;
#2176 = CARTESIAN_POINT ( 'NONE',  ( 1.784401076758499900, -3.076254464281110000E-016, -0.5374999999999954300 ) ) ;
#2177 = AXIS2_PLACEMENT_3D ( 'NONE', #2429, #1854, #1602 ) ;
#2178 = EDGE_CURVE ( 'NONE', #2720, #3367, #2398, .T. ) ;
#2179 = ADVANCED_FACE ( 'NONE', ( #3247 ), #262, .T. ) ;
#2180 = CARTESIAN_POINT ( 'NONE',  ( 1.154700538379252800, 1.999999999999999600, -2.170833333333332500 ) ) ;
#2181 = CARTESIAN_POINT ( 'NONE',  ( -0.3348718104147379600, 1.650665194265241900, 1.312576156380102400 ) ) ;
#2182 = EDGE_CURVE ( 'NONE', #2684, #3413, #1749, .T. ) ;
#2183 = CARTESIAN_POINT ( 'NONE',  ( 0.0000000000000000000, 1.545336663013167100, -0.3624999999999947700 ) ) ;
#2184 = CARTESIAN_POINT ( 'NONE',  ( -1.176575538379252000, 2.037888611415570800, 2.780208333333334300 ) ) ;
#2185 = CARTESIAN_POINT ( 'NONE',  ( 0.8922005383792507300, 1.545336663013166400, -1.208333333333329500 ) ) ;
#2186 = CARTESIAN_POINT ( 'NONE',  ( -1.338300807568874900, -0.7726683315065832100, -1.616666666666662000 ) ) ;
#2187 = ORIENTED_EDGE ( 'NONE', *, *, #464, .F. ) ;
#2188 = EDGE_LOOP ( 'NONE', ( #3006, #1706, #1247, #2912 ) ) ;
#2189 = AXIS2_PLACEMENT_3D ( 'NONE', #1199, #39, #3209 ) ;
#2190 = CARTESIAN_POINT ( 'NONE',  ( -1.892491597964127200E-016, -1.545336663013167100, -1.412499999999995400 ) ) ;
#2191 = ORIENTED_EDGE ( 'NONE', *, *, #3659, .F. ) ;
#2192 = EDGE_LOOP ( 'NONE', ( #2439, #2022, #698, #1297 ) ) ;
#2193 = ORIENTED_EDGE ( 'NONE', *, *, #2503, .F. ) ;
#2194 = CARTESIAN_POINT ( 'NONE',  ( -1.154700538379252600, -2.000000000000000000, -0.5083333333333318600 ) ) ;
#2195 = CARTESIAN_POINT ( 'NONE',  ( 2.000000000000000000, 4.508921541123992000E-014, -7.274999999999996800 ) ) ;
#2196 = VERTEX_POINT ( 'NONE', #278 ) ;
#2197 = CARTESIAN_POINT ( 'NONE',  ( 5.505786081575764200E-016, -0.1576919807739843300, -4.317453739353333700 ) ) ;
#2198 = CIRCLE ( 'NONE', #955, 2.107807916659752300 ) ;
#2199 = CARTESIAN_POINT ( 'NONE',  ( 1.338300807568875600, 0.7726683315065825400, -0.4791666666666615800 ) ) ;
#2200 = CARTESIAN_POINT ( 'NONE',  ( 0.8922005383792495100, -1.545336663013167700, -5.554166666666661800 ) ) ;
#2201 = CARTESIAN_POINT ( 'NONE',  ( -1.338300807568874900, -0.7726683315065832100, -2.316666666666662000 ) ) ;
#2202 = CARTESIAN_POINT ( 'NONE',  ( -0.8922005383792497300, 1.545336663013166900, -2.491666666666662700 ) ) ;
#2203 = CYLINDRICAL_SURFACE ( 'NONE', #2102, 2.000000000000000400 ) ;
#2204 = CARTESIAN_POINT ( 'NONE',  ( 0.8922005383792508400, 1.545336663013166600, -1.820833333333328600 ) ) ;
#2205 = FACE_OUTER_BOUND ( 'NONE', #627, .T. ) ;
#2206 = CARTESIAN_POINT ( 'NONE',  ( -1.732050807568877900, -0.9999999999999997800, -0.5666666666666658700 ) ) ;
#2207 = DIRECTION ( 'NONE',  ( 6.734778262357127100E-015, -0.9961946980917455500, -0.08715574274765836000 ) ) ;
#2208 = AXIS2_PLACEMENT_3D ( 'NONE', #1263, #1830, #3598 ) ;
#2209 = APPROVAL_DATE_TIME ( #1502, #65 ) ;
#2210 = CARTESIAN_POINT ( 'NONE',  ( -0.8922005383792506200, -1.545336663013166600, -2.170833333333328500 ) ) ;
#2211 = CARTESIAN_POINT ( 'NONE',  ( -0.8922005383792506200, -1.545336663013166600, -3.570833333333328900 ) ) ;
#2212 = CARTESIAN_POINT ( 'NONE',  ( -1.338300807568874700, 0.7726683315065836500, 0.3666666666666713600 ) ) ;
#2213 = CONICAL_SURFACE ( 'NONE', #3353, 2.499999999999999600, 0.2617993877991500700 ) ;
#2214 = CARTESIAN_POINT ( 'NONE',  ( 2.353151076758504900, -4.121031264803703700E-016, 1.190625000000000900 ) ) ;
#2215 = CARTESIAN_POINT ( 'NONE',  ( 1.338300807568874500, -0.7726683315065842100, -1.995833333333328700 ) ) ;
#2216 = B_SPLINE_CURVE_WITH_KNOTS ( 'NONE', 3,
 ( #2545, #6, #583, #2860 ),
 .UNSPECIFIED., .F., .F.,
 ( 4, 4 ),
 ( 0.006499776636233297500, 0.007611022163450129600 ),
 .UNSPECIFIED. ) ;
#2217 = ADVANCED_FACE ( 'NONE', ( #2729 ), #3199, .T. ) ;
#2218 = DIRECTION ( 'NONE',  ( 0.08715574274765836000, 0.0000000000000000000, -0.9961946980917456600 ) ) ;
#2219 = CARTESIAN_POINT ( 'NONE',  ( 0.0000000000000000000, 2.000000000000000400, -5.612499999999998900 ) ) ;
#2220 = CARTESIAN_POINT ( 'NONE',  ( -2.309401076758503800, 1.615737454589847600E-016, -1.937499999999998400 ) ) ;
#2221 = CARTESIAN_POINT ( 'NONE',  ( 1.784401076758499900, -3.076254464281110000E-016, -2.637499999999995300 ) ) ;
#2222 = CARTESIAN_POINT ( 'NONE',  ( -0.8922005383792502900, -1.545336663013166400, 1.941666666666671300 ) ) ;
#2223 = CARTESIAN_POINT ( 'NONE',  ( -1.784401076758499700, 1.294267669813665100E-016, 1.125000000000004400 ) ) ;
#2224 = EDGE_CURVE ( 'NONE', #3557, #1695, #1003, .T. ) ;
#2225 = ORIENTED_EDGE ( 'NONE', *, *, #2352, .F. ) ;
#2226 = CARTESIAN_POINT ( 'NONE',  ( -1.338300807568875200, -0.7726683315065832100, -7.829166666666661300 ) ) ;
#2227 = CARTESIAN_POINT ( 'NONE',  ( -0.3927480814518971600, 0.9481777448371733200, 3.199999999999999700 ) ) ;
#2228 = VERTEX_POINT ( 'NONE', #1847 ) ;
#2229 = CARTESIAN_POINT ( 'NONE',  ( -2.074731665576671900, -0.3719445246110287300, 1.736319218648928900 ) ) ;
#2230 = VERTEX_POINT ( 'NONE', #2990 ) ;
#2231 = CARTESIAN_POINT ( 'NONE',  ( 3.160744349011211300, 0.0000000000000000000, 2.789255650988791600 ) ) ;
#2232 = CARTESIAN_POINT ( 'NONE',  ( 1.338300807568875600, 0.7726683315065825400, -4.679166666666660900 ) ) ;
#2233 = ORIENTED_EDGE ( 'NONE', *, *, #2182, .F. ) ;
#2234 = CARTESIAN_POINT ( 'NONE',  ( 1.338300807568874500, -0.7726683315065840900, 0.7166666666666710000 ) ) ;
#2235 = ORIENTED_EDGE ( 'NONE', *, *, #74, .F. ) ;
#2236 = EDGE_LOOP ( 'NONE', ( #1759, #969, #749, #2191 ) ) ;
#2237 = CARTESIAN_POINT ( 'NONE',  ( 0.9328576473096980000, -1.482022323603655200, -7.539571566879455000 ) ) ;
#2238 = CARTESIAN_POINT ( 'NONE',  ( -1.732050807568877600, 1.000000000000000400, -1.383333333333332000 ) ) ;
#2239 = EDGE_LOOP ( 'NONE', ( #2187, #508, #789, #3050 ) ) ;
#2240 = DIRECTION ( 'NONE',  ( -0.9961946980917455500, -3.256583064115328000E-015, -0.08715574274765836000 ) ) ;
#2241 = CARTESIAN_POINT ( 'NONE',  ( -0.3303299560120270300, -1.638290285920182000, -0.1917590180053097800 ) ) ;
#2242 = FACE_OUTER_BOUND ( 'NONE', #1555, .T. ) ;
#2243 = DIRECTION ( 'NONE',  ( -0.01733375049386055200, 0.08714264840443961000, 0.9960450290638855900 ) ) ;
#2244 = CARTESIAN_POINT ( 'NONE',  ( 0.8922005383792508400, 1.545336663013166600, -2.520833333333328200 ) ) ;
#2245 = DIRECTION ( 'NONE',  ( 1.000000000000000000, 0.0000000000000000000, 0.0000000000000000000 ) ) ;
#2246 = CARTESIAN_POINT ( 'NONE',  ( -2.353151076758504900, 1.642526603321196600E-016, -8.259374999999998600 ) ) ;
#2247 = EDGE_CURVE ( 'NONE', #2276, #421, #1027, .T. ) ;
#2248 = CARTESIAN_POINT ( 'NONE',  ( -0.4858932265637153100, 1.471938859691286800, 3.038758841800002700 ) ) ;
#2249 = CARTESIAN_POINT ( 'NONE',  ( -1.176575538379253100, -2.037888611415570300, 1.657291666666667700 ) ) ;
#2250 = CARTESIAN_POINT ( 'NONE',  ( -1.764863307568878700, -1.018944305707784900, -7.544791666666665000 ) ) ;
#2251 = CARTESIAN_POINT ( 'NONE',  ( 1.338300807568875600, 0.7726683315065825400, -6.779166666666661500 ) ) ;
#2252 = CARTESIAN_POINT ( 'NONE',  ( -1.462790773989882200, -0.5859992399615640000, -0.2469919316026040500 ) ) ;
#2253 = EDGE_CURVE ( 'NONE', #743, #3283, #1877, .T. ) ;
#2254 = APPROVAL_DATE_TIME ( #721, #2751 ) ;
#2255 = CARTESIAN_POINT ( 'NONE',  ( 1.755365702149729800, 0.6690492283248420400, -0.07290767844770043600 ) ) ;
#2256 = DIRECTION ( 'NONE',  ( 1.000000000000000000, 0.0000000000000000000, 0.0000000000000000000 ) ) ;
#2257 = CARTESIAN_POINT ( 'NONE',  ( 0.0000000000000000000, 0.0000000000000000000, 0.0000000000000000000 ) ) ;
#2258 = CARTESIAN_POINT ( 'NONE',  ( -1.784401076758499900, 1.294267669813665100E-016, -0.8874999999999950700 ) ) ;
#2259 = CARTESIAN_POINT ( 'NONE',  ( 1.338300807568875400, 0.7726683315065824300, 2.233333333333336900 ) ) ;
#2260 = CARTESIAN_POINT ( 'NONE',  ( -0.8922005383792497300, 1.545336663013166900, 0.3083333333333375100 ) ) ;
#2261 = CARTESIAN_POINT ( 'NONE',  ( 1.764863307568879300, 1.018944305707783800, 1.248958333333334500 ) ) ;
#2262 = CARTESIAN_POINT ( 'NONE',  ( 1.176575538379253500, 2.037888611415570300, -7.136458333333331800 ) ) ;
#2263 = DIRECTION ( 'NONE',  ( 0.9238795325112846300, 0.3826834323650948300, 2.029361045308836800E-014 ) ) ;
#2264 = CARTESIAN_POINT ( 'NONE',  ( -1.338300807568874900, 0.7726683315065837600, -6.545833333333329000 ) ) ;
#2265 = CARTESIAN_POINT ( 'NONE',  ( 0.0000000000000000000, 2.000000000000000400, -0.01249999999999896200 ) ) ;
#2266 = CARTESIAN_POINT ( 'NONE',  ( 0.2566197351119007300, -1.940446080498290800, -7.321804995213236500 ) ) ;
#2267 = CARTESIAN_POINT ( 'NONE',  ( -1.338300807568874700, 0.7726683315065836500, -5.233333333333329800 ) ) ;
#2268 = CARTESIAN_POINT ( 'NONE',  ( -0.8922005383792498400, 1.545336663013167100, -0.3041666666666618100 ) ) ;
#2269 = CARTESIAN_POINT ( 'NONE',  ( 2.000000000000000000, 4.508921541123992000E-014, -7.274999999999996800 ) ) ;
#2270 = CARTESIAN_POINT ( 'NONE',  ( 0.0000000000000000000, 2.037888611415570800, -6.334374999999999600 ) ) ;
#2271 = ORIENTED_EDGE ( 'NONE', *, *, #356, .F. ) ;
#2272 = CARTESIAN_POINT ( 'NONE',  ( 0.0000000000000000000, 2.000000000000000400, -4.212499999999998600 ) ) ;
#2273 = CARTESIAN_POINT ( 'NONE',  ( -1.154700538379251500, 2.000000000000000400, -1.441666666666665500 ) ) ;
#2274 = ORIENTED_EDGE ( 'NONE', *, *, #1707, .T. ) ;
#2275 = EDGE_CURVE ( 'NONE', #2451, #3227, #2621, .T. ) ;
#2276 = VERTEX_POINT ( 'NONE', #2615 ) ;
#2277 = CARTESIAN_POINT ( 'NONE',  ( -1.338300807568875200, -0.7726683315065832100, -2.929166666666661400 ) ) ;
#2278 = CARTESIAN_POINT ( 'NONE',  ( 1.112293282382342100E-016, 0.5000000000000003300, 3.199999999999999700 ) ) ;
#2279 = ORIENTED_EDGE ( 'NONE', *, *, #972, .F. ) ;
#2280 = DIRECTION ( 'NONE',  ( -0.0000000000000000000, -2.585091490897066400E-018, 1.000000000000000000 ) ) ;
#2281 = ORIENTED_EDGE ( 'NONE', *, *, #1823, .F. ) ;
#2282 = AXIS2_PLACEMENT_3D ( 'NONE', #3472, #1733, #3454 ) ;
#2283 = ORIENTED_EDGE ( 'NONE', *, *, #2703, .T. ) ;
#2284 = DIRECTION ( 'NONE',  ( -1.000000000000000000, 0.0000000000000000000, 0.0000000000000000000 ) ) ;
#2285 = DIRECTION ( 'NONE',  ( -0.9238795325112892900, 0.3826834323650834500, 0.0000000000000000000 ) ) ;
#2286 = CARTESIAN_POINT ( 'NONE',  ( -1.338300807568875200, -0.7726683315065832100, 1.270833333333337300 ) ) ;
#2287 = ORIENTED_EDGE ( 'NONE', *, *, #1896, .F. ) ;
#2288 = CARTESIAN_POINT ( 'NONE',  ( 0.0000000000000000000, 2.037888611415570800, -4.234374999999999100 ) ) ;
#2289 = LINE ( 'NONE', #234, #897 ) ;
#2290 = DIRECTION ( 'NONE',  ( -0.08714264840443972100, 0.01733375049385997200, 0.9960450290638855900 ) ) ;
#2291 = DIRECTION ( 'NONE',  ( -0.06666269134683187900, -0.06666269134683279500, 0.9955461672694008200 ) ) ;
#2292 = CARTESIAN_POINT ( 'NONE',  ( -2.495693764988923200E-016, -2.037888611415570800, -7.428124999999998800 ) ) ;
#2293 = CIRCLE ( 'NONE', #3448, 2.000000000000001300 ) ;
#2294 = PRODUCT ( '90258A214_Phillips Oval Head Screws', '90258A214_Phillips Oval Head Screws', '', ( #3623 ) ) ;
#2295 = CARTESIAN_POINT ( 'NONE',  ( -0.8922005383792498400, 1.545336663013167100, -3.104166666666661200 ) ) ;
#2296 = CARTESIAN_POINT ( 'NONE',  ( 0.7232665452312181400, -1.572221536318029400, -0.1574651005307165500 ) ) ;
#2297 = CARTESIAN_POINT ( 'NONE',  ( 1.732050807568878300, 0.9999999999999986700, -5.816666666666665500 ) ) ;
#2298 = CARTESIAN_POINT ( 'NONE',  ( 1.338300807568874500, -0.7726683315065840900, -7.683333333333329100 ) ) ;
#2299 = CARTESIAN_POINT ( 'NONE',  ( -1.784401076758499900, 1.294267669813665100E-016, -0.1874999999999949500 ) ) ;
#2300 = CARTESIAN_POINT ( 'NONE',  ( -1.764863307568878700, -1.018944305707784900, -5.401041666666666100 ) ) ;
#2301 = EDGE_CURVE ( 'NONE', #1210, #3419, #3156, .T. ) ;
#2302 = CARTESIAN_POINT ( 'NONE',  ( 0.0000000000000000000, 0.0000000000000000000, 0.4500000000000083400 ) ) ;
#2303 = CARTESIAN_POINT ( 'NONE',  ( -2.353151076758504900, 1.642526603321196800E-016, -2.703124999999998700 ) ) ;
#2304 = CARTESIAN_POINT ( 'NONE',  ( -2.449293598294707400E-016, -2.000000000000000400, -2.549999999999998500 ) ) ;
#2305 = CARTESIAN_POINT ( 'NONE',  ( 0.0000000000000000000, 1.545336663013167100, -4.562499999999995600 ) ) ;
#2306 = CARTESIAN_POINT ( 'NONE',  ( -0.2241679099888371500, -1.662381941554893100, -0.1882060936786051600 ) ) ;
#2307 = CARTESIAN_POINT ( 'NONE',  ( -0.3348718104149851500, -1.650665194268282200, 1.312576156383125100 ) ) ;
#2308 = CARTESIAN_POINT ( 'NONE',  ( -0.8922005383792505100, -1.545336663013166400, -6.458333333333328600 ) ) ;
#2309 = CARTESIAN_POINT ( 'NONE',  ( 0.8922005383792495100, -1.545336663013167700, 0.7458333333333379000 ) ) ;
#2310 = CARTESIAN_POINT ( 'NONE',  ( 1.154700538379252800, 1.999999999999999600, -7.158333333333331400 ) ) ;
#2311 = CARTESIAN_POINT ( 'NONE',  ( -2.495693764988923200E-016, -2.037888611415570800, -7.384374999999999500 ) ) ;
#2312 = AXIS2_PLACEMENT_3D ( 'NONE', #3083, #2515, #1671 ) ;
#2313 = CARTESIAN_POINT ( 'NONE',  ( -0.7844737670695639500, -0.7844737670695753900, 3.184731455726980800 ) ) ;
#2314 = CARTESIAN_POINT ( 'NONE',  ( -2.495693764988923200E-016, -2.037888611415570800, -5.328124999999998200 ) ) ;
#2315 = CARTESIAN_POINT ( 'NONE',  ( -1.338300807568874900, 0.7726683315065837600, -5.145833333333328600 ) ) ;
#2316 = CARTESIAN_POINT ( 'NONE',  ( 0.0000000000000000000, 0.0000000000000000000, 0.0000000000000000000 ) ) ;
#2317 = CARTESIAN_POINT ( 'NONE',  ( -0.1684866600236493200, -1.552891081993660800, -7.715346107446958300 ) ) ;
#2318 = ORIENTED_EDGE ( 'NONE', *, *, #3274, .F. ) ;
#2319 = ORIENTED_EDGE ( 'NONE', *, *, #1606, .F. ) ;
#2320 = CARTESIAN_POINT ( 'NONE',  ( 2.120806426571344400, -0.3876577603728153000, 1.915922325252187300 ) ) ;
#2321 = CARTESIAN_POINT ( 'NONE',  ( -1.338300807568874900, -0.7726683315065832100, -3.016666666666662200 ) ) ;
#2322 = CARTESIAN_POINT ( 'NONE',  ( -0.8922005383792498400, 1.545336663013167100, 1.795833333333338500 ) ) ;
#2323 = CARTESIAN_POINT ( 'NONE',  ( 0.4346532864897038100, 2.258428448772845400, 2.453083646763754500 ) ) ;
#2324 = CARTESIAN_POINT ( 'NONE',  ( 1.176575538379253500, 2.037888611415570300, -5.692708333333333000 ) ) ;
#2325 = ORIENTED_EDGE ( 'NONE', *, *, #662, .T. ) ;
#2326 = CARTESIAN_POINT ( 'NONE',  ( -2.449293598294707400E-016, -2.000000000000000400, -2.462499999999999000 ) ) ;
#2327 = CARTESIAN_POINT ( 'NONE',  ( -0.9030146793692752600, 0.4957272733881992700, 0.6540797863656168100 ) ) ;
#2328 = CARTESIAN_POINT ( 'NONE',  ( -1.764863307568878400, 1.018944305707785600, -4.861458333333332300 ) ) ;
#2329 = DIRECTION ( 'NONE',  ( -0.0000000000000000000, -0.0000000000000000000, -1.000000000000000000 ) ) ;
#2330 = CARTESIAN_POINT ( 'NONE',  ( 1.154700538379251200, -2.000000000000000900, -3.804166666666664500 ) ) ;
#2331 = EDGE_CURVE ( 'NONE', #1966, #2864, #128, .T. ) ;
#2332 = ORIENTED_EDGE ( 'NONE', *, *, #1463, .F. ) ;
#2333 = EDGE_LOOP ( 'NONE', ( #1381, #563, #511, #202 ) ) ;
#2334 = CARTESIAN_POINT ( 'NONE',  ( 0.8922005383792508400, 1.545336663013166600, -3.920833333333328100 ) ) ;
#2335 = CARTESIAN_POINT ( 'NONE',  ( -0.08352032022063177200, -1.545336663013167300, -7.729663336986829900 ) ) ;
#2336 = ORIENTED_EDGE ( 'NONE', *, *, #2605, .F. ) ;
#2337 = DIRECTION ( 'NONE',  ( 0.01733375049386116600, -0.08714264840443948500, 0.9960450290638855900 ) ) ;
#2338 = CARTESIAN_POINT ( 'NONE',  ( -0.8922005383792497300, 1.545336663013166900, -3.891666666666662200 ) ) ;
#2339 = CARTESIAN_POINT ( 'NONE',  ( 2.449293598294706900E-016, 2.000000000000000400, 2.200000000000000600 ) ) ;
#2340 = CARTESIAN_POINT ( 'NONE',  ( 0.0000000000000000000, 0.0000000000000000000, 2.808962786656433500 ) ) ;
#2341 = CARTESIAN_POINT ( 'NONE',  ( -1.764863307568878700, -1.018944305707784900, -2.601041666666665400 ) ) ;
#2342 =( BOUNDED_CURVE ( )  B_SPLINE_CURVE ( 2, ( #3252, #3224, #2057, #367, #2650, #648, #2969 ),
 .UNSPECIFIED., .F., .T. ) 
 B_SPLINE_CURVE_WITH_KNOTS ( ( 3, 2, 2, 3 ),
 ( 0.7187500000000000000, 0.7291666666666666300, 0.7395833333333333700, 0.7500000000000000000 ),
 .UNSPECIFIED. ) 
 CURVE ( )  GEOMETRIC_REPRESENTATION_ITEM ( )  RATIONAL_B_SPLINE_CURVE ( ( 1.000000000000000000, 0.8660254037844387100, 1.000000000000000000, 0.8660254037844387100, 1.000000000000000000, 0.8660254037844387100, 1.000000000000000000 ) ) 
 REPRESENTATION_ITEM ( '' )  );
#2343 = FACE_OUTER_BOUND ( 'NONE', #516, .T. ) ;
#2344 = DIRECTION ( 'NONE',  ( 0.0000000000000000000, -1.000000000000000000, 0.0000000000000000000 ) ) ;
#2345 = CARTESIAN_POINT ( 'NONE',  ( -1.764863307568878700, -1.018944305707784900, -5.444791666666665400 ) ) ;
#2346 = CARTESIAN_POINT ( 'NONE',  ( -0.3876577603728230700, -2.120806426571344900, 1.915922325252190900 ) ) ;
#2347 = CARTESIAN_POINT ( 'NONE',  ( -0.9019231227193369400, -0.4961032335940835400, 0.6532753540730782400 ) ) ;
#2348 = CARTESIAN_POINT ( 'NONE',  ( 2.166447380368663900, 0.4032230514764599300, 2.093834416674298400 ) ) ;
#2349 = CARTESIAN_POINT ( 'NONE',  ( 0.0000000000000000000, 1.545336663013166900, -3.949999999999996200 ) ) ;
#2350 = CARTESIAN_POINT ( 'NONE',  ( 1.154700538379256300, 1.999999999999993600, -4.970833333333331400 ) ) ;
#2351 = CARTESIAN_POINT ( 'NONE',  ( -2.353151076758504900, 1.642526603321196800E-016, -1.259374999999999200 ) ) ;
#2352 = EDGE_CURVE ( 'NONE', #1068, #1879, #3383, .T. ) ;
#2353 = DIRECTION ( 'NONE',  ( 0.3826834323650867300, 0.9238795325112880700, 0.0000000000000000000 ) ) ;
#2354 = CARTESIAN_POINT ( 'NONE',  ( -1.176575538379253100, -2.037888611415570300, -4.686458333333332500 ) ) ;
#2355 = DIRECTION ( 'NONE',  ( -0.8660254037844397100, 1.060575238724908100E-016, 0.4999999999999981700 ) ) ;
#2356 = AXIS2_PLACEMENT_3D ( 'NONE', #2702, #3319, #1277 ) ;
#2357 = CARTESIAN_POINT ( 'NONE',  ( 2.309401076758503800, -4.040663818609657100E-016, -3.074999999999999300 ) ) ;
#2358 = CARTESIAN_POINT ( 'NONE',  ( -1.732050807568877600, -0.9999999999999997800, -3.279166666666664600 ) ) ;
#2359 = CARTESIAN_POINT ( 'NONE',  ( 1.338300807568875400, 0.7726683315065824300, -1.966666666666662600 ) ) ;
#2360 = DIRECTION ( 'NONE',  ( 0.0000000000000000000, -0.7071067811865483500, 0.7071067811865465700 ) ) ;
#2361 = CARTESIAN_POINT ( 'NONE',  ( 0.0000000000000000000, 2.037888611415570800, -0.7343749999999988900 ) ) ;
#2362 = CARTESIAN_POINT ( 'NONE',  ( -0.1261820371880663100, -1.545336663013166900, -7.720749960092309300 ) ) ;
#2363 = CARTESIAN_POINT ( 'NONE',  ( -1.892491597964127000E-016, -1.545336663013166900, -7.099999999999996100 ) ) ;
#2364 = CARTESIAN_POINT ( 'NONE',  ( -2.495693764988923200E-016, -2.037888611415570800, -1.828124999999999100 ) ) ;
#2365 = CARTESIAN_POINT ( 'NONE',  ( 1.154700538379260100, 1.999999999999987800, -1.470833333333332500 ) ) ;
#2366 = ORIENTED_EDGE ( 'NONE', *, *, #3321, .T. ) ;
#2367 = ORIENTED_EDGE ( 'NONE', *, *, #2163, .F. ) ;
#2368 = CARTESIAN_POINT ( 'NONE',  ( -1.892491597964127000E-016, -1.545336663013166900, -3.599999999999995600 ) ) ;
#2369 = DIRECTION ( 'NONE',  ( 0.9238795325112864100, -0.3826834323650907300, -1.060802364593255700E-014 ) ) ;
#2370 = ORIENTED_EDGE ( 'NONE', *, *, #3521, .F. ) ;
#2371 = CARTESIAN_POINT ( 'NONE',  ( 1.176575538379251800, -2.037888611415571200, -0.3260416666666654500 ) ) ;
#2372 = ORIENTED_EDGE ( 'NONE', *, *, #3028, .F. ) ;
#2373 = ORIENTED_EDGE ( 'NONE', *, *, #1942, .T. ) ;
#2374 = ORIENTED_EDGE ( 'NONE', *, *, #3127, .F. ) ;
#2375 = CARTESIAN_POINT ( 'NONE',  ( 1.732050807568878300, 0.9999999999999986700, -6.516666666666665700 ) ) ;
#2376 = CARTESIAN_POINT ( 'NONE',  ( 1.764863307568878200, -1.018944305707786300, -1.011458333333332000 ) ) ;
#2377 = CARTESIAN_POINT ( 'NONE',  ( 0.8922005383792494000, -1.545336663013167300, -2.841666666666662300 ) ) ;
#2378 = FACE_OUTER_BOUND ( 'NONE', #3232, .T. ) ;
#2379 = CARTESIAN_POINT ( 'NONE',  ( -1.892491597964127000E-016, -1.545336663013166900, -7.099999999999996100 ) ) ;
#2380 = FACE_OUTER_BOUND ( 'NONE', #3049, .T. ) ;
#2381 = CARTESIAN_POINT ( 'NONE',  ( 0.3368560613705577900, -0.1395303491872646200, -4.363149274280720700 ) ) ;
#2382 = DIRECTION ( 'NONE',  ( -1.000000000000000000, 0.0000000000000000000, 0.0000000000000000000 ) ) ;
#2383 = CARTESIAN_POINT ( 'NONE',  ( 1.176575538379253500, 2.037888611415570300, -0.09270833333333179700 ) ) ;
#2384 = CARTESIAN_POINT ( 'NONE',  ( 1.764863307568878200, -1.018944305707786300, -0.3114583333333320000 ) ) ;
#2385 = CARTESIAN_POINT ( 'NONE',  ( 1.784401076758499700, -3.076254464281109500E-016, -5.524999999999995000 ) ) ;
#2386 = CARTESIAN_POINT ( 'NONE',  ( 0.8922005383792494000, -1.545336663013167300, -6.341666666666662300 ) ) ;
#2387 = CARTESIAN_POINT ( 'NONE',  ( -1.338300807568874900, -0.7726683315065832100, -6.516666666666662200 ) ) ;
#2388 = DIRECTION ( 'NONE',  ( 2.216121341264706100E-016, 0.9961946980917455500, -0.08715574274765836000 ) ) ;
#2389 = CARTESIAN_POINT ( 'NONE',  ( 0.7844737670695776100, -0.7844737670695616200, 3.184731455726980800 ) ) ;
#2390 = CARTESIAN_POINT ( 'NONE',  ( 2.353151076758504900, -4.121031264803704200E-016, 0.4906250000000015300 ) ) ;
#2391 = CARTESIAN_POINT ( 'NONE',  ( 1.595756897212330200, -1.236067977499778300, -7.259603965354151500 ) ) ;
#2392 = EDGE_CURVE ( 'NONE', #253, #2228, #1416, .T. ) ;
#2393 = CARTESIAN_POINT ( 'NONE',  ( -1.784401076758500100, 1.294267669813664600E-016, -5.087499999999995900 ) ) ;
#2394 = CARTESIAN_POINT ( 'NONE',  ( 1.176575538379253500, 2.037888611415570300, -0.8364583333333321900 ) ) ;
#2395 = CARTESIAN_POINT ( 'NONE',  ( -0.8922005383792502900, -1.545336663013166400, -3.658333333333329700 ) ) ;
#2396 = CARTESIAN_POINT ( 'NONE',  ( 0.0000000000000000000, 1.545336663013166900, -6.749999999999995600 ) ) ;
#2397 = AXIS2_PLACEMENT_3D ( 'NONE', #1568, #3322, #3004 ) ;
#2398 =( BOUNDED_CURVE ( )  B_SPLINE_CURVE ( 2, ( #3402, #1961, #2840, #1682, #3159, #1422, #3443 ),
 .UNSPECIFIED., .F., .T. ) 
 B_SPLINE_CURVE_WITH_KNOTS ( ( 3, 2, 2, 3 ),
 ( 0.2678148519000864700, 0.2782315185667531000, 0.2886481852334198400, 0.2990648519000864700 ),
 .UNSPECIFIED. ) 
 CURVE ( )  GEOMETRIC_REPRESENTATION_ITEM ( )  RATIONAL_B_SPLINE_CURVE ( ( 1.000000000000000000, 0.8660254037844387100, 1.000000000000000000, 0.8660254037844387100, 1.000000000000000000, 0.8660254037844387100, 1.000000000000000000 ) ) 
 REPRESENTATION_ITEM ( '' )  );
#2399 = PERSON_AND_ORGANIZATION_ROLE ( 'creator' ) ;
#2400 = CARTESIAN_POINT ( 'NONE',  ( 0.0000000000000000000, 6.628682924999594700E-017, 2.200000000000000600 ) ) ;
#2401 = CARTESIAN_POINT ( 'NONE',  ( 0.8922005383792495100, -1.545336663013167700, 1.445833333333338900 ) ) ;
#2402 = ORIENTED_EDGE ( 'NONE', *, *, #3612, .T. ) ;
#2403 = CARTESIAN_POINT ( 'NONE',  ( 0.0000000000000000000, 1.545336663013167100, -5.962499999999995900 ) ) ;
#2404 = CARTESIAN_POINT ( 'NONE',  ( 2.353151076758504900, -4.121031264803704200E-016, 0.4468750000000010800 ) ) ;
#2405 = CARTESIAN_POINT ( 'NONE',  ( 1.784401076758499700, -3.076254464281109500E-016, -4.124999999999996400 ) ) ;
#2406 = CARTESIAN_POINT ( 'NONE',  ( 1.338300807568875400, 0.7726683315065824300, -4.766666666666662200 ) ) ;
#2407 = ORIENTED_EDGE ( 'NONE', *, *, #731, .T. ) ;
#2408 = VERTEX_POINT ( 'NONE', #2458 ) ;
#2409 = VERTEX_POINT ( 'NONE', #692 ) ;
#2410 = DIRECTION ( 'NONE',  ( 0.0000000000000000000, -1.000000000000000000, 0.0000000000000000000 ) ) ;
#2411 = DIRECTION ( 'NONE',  ( -0.3826834323650980000, 0.9238795325112833000, 2.029361045308836800E-014 ) ) ;
#2412 = EDGE_CURVE ( 'NONE', #1695, #625, #192, .T. ) ;
#2413 = CARTESIAN_POINT ( 'NONE',  ( -1.506600866471629900, -0.3438302360171463500, 2.638457791913851700 ) ) ;
#2414 = CYLINDRICAL_SURFACE ( 'NONE', #1873, 2.000000000000000400 ) ;
#2415 = CARTESIAN_POINT ( 'NONE',  ( 1.338300807568874500, -0.7726683315065842100, -6.895833333333328600 ) ) ;
#2416 = CARTESIAN_POINT ( 'NONE',  ( 1.176575538379253500, 2.037888611415570300, 2.663541666666668000 ) ) ;
#2417 = CARTESIAN_POINT ( 'NONE',  ( -1.338300807568874700, 0.7726683315065836500, -5.233333333333329800 ) ) ;
#2418 = CARTESIAN_POINT ( 'NONE',  ( -0.8922005383792502900, -1.545336663013166400, -7.158333333333329700 ) ) ;
#2419 = CIRCLE ( 'NONE', #1661, 7.522351246410528000 ) ;
#2420 = CARTESIAN_POINT ( 'NONE',  ( 2.309401076758503800, -4.040663818609657100E-016, -4.474999999999998800 ) ) ;
#2421 = DIRECTION ( 'NONE',  ( 0.08715574274765836000, 0.0000000000000000000, -0.9961946980917455500 ) ) ;
#2422 = COORDINATED_UNIVERSAL_TIME_OFFSET ( 6, 0, .BEHIND. ) ;
#2423 = CARTESIAN_POINT ( 'NONE',  ( -0.8922005383792506200, -1.545336663013166600, -7.070833333333328400 ) ) ;
#2424 = CARTESIAN_POINT ( 'NONE',  ( -1.986806384147248500, -0.4534207587319113400, 2.922832791913848400 ) ) ;
#2425 = CARTESIAN_POINT ( 'NONE',  ( 1.338300807568874500, -0.7726683315065840900, 0.01666666666667003500 ) ) ;
#2426 = CARTESIAN_POINT ( 'NONE',  ( -1.784401076758499700, 1.294267669813665100E-016, -2.374999999999996000 ) ) ;
#2427 = CARTESIAN_POINT ( 'NONE',  ( 1.784401076758499900, -3.076254464281110000E-016, 0.8625000000000056000 ) ) ;
#2428 = EDGE_CURVE ( 'NONE', #1652, #2720, #1345, .T. ) ;
#2429 = CARTESIAN_POINT ( 'NONE',  ( 0.0000000000000000000, 0.0000000000000000000, 0.0000000000000000000 ) ) ;
#2430 = CARTESIAN_POINT ( 'NONE',  ( -2.449293598294707400E-016, -2.000000000000000400, -6.749999999999999100 ) ) ;
#2431 = EDGE_CURVE ( 'NONE', #3136, #1425, #3014, .T. ) ;
#2432 = CARTESIAN_POINT ( 'NONE',  ( 1.784401076758500100, -3.076254464281110000E-016, -5.437499999999994700 ) ) ;
#2433 = CARTESIAN_POINT ( 'NONE',  ( -1.338300807568875200, -0.7726683315065832100, -6.429166666666660900 ) ) ;
#2434 = CARTESIAN_POINT ( 'NONE',  ( -0.8922005383792497300, 1.545336663013166900, 1.008333333333336900 ) ) ;
#2435 = CARTESIAN_POINT ( 'NONE',  ( 1.784401076758499700, -3.076254464281109500E-016, -0.6249999999999962300 ) ) ;
#2436 = VERTEX_POINT ( 'NONE', #3060 ) ;
#2437 = CARTESIAN_POINT ( 'NONE',  ( 0.8922005383792495100, -1.545336663013167700, -1.354166666666661400 ) ) ;
#2438 = VERTEX_POINT ( 'NONE', #1322 ) ;
#2439 = ORIENTED_EDGE ( 'NONE', *, *, #50, .F. ) ;
#2440 =( NAMED_UNIT ( * ) SI_UNIT ( $, .STERADIAN. ) SOLID_ANGLE_UNIT ( ) );
#2441 = CARTESIAN_POINT ( 'NONE',  ( 0.0000000000000000000, 2.000000000000000400, -2.112499999999998500 ) ) ;
#2442 = DIRECTION ( 'NONE',  ( -0.0000000000000000000, -0.0000000000000000000, -1.000000000000000000 ) ) ;
#2443 = ORIENTED_EDGE ( 'NONE', *, *, #3391, .F. ) ;
#2444 = DIRECTION ( 'NONE',  ( -0.0000000000000000000, -0.0000000000000000000, -1.000000000000000000 ) ) ;
#2445 = VERTEX_POINT ( 'NONE', #153 ) ;
#2446 = CARTESIAN_POINT ( 'NONE',  ( 1.784401076758500100, -3.076254464281110000E-016, -0.5374999999999954300 ) ) ;
#2447 = CARTESIAN_POINT ( 'NONE',  ( -0.8922005383792506200, -1.545336663013166600, -6.370833333333328200 ) ) ;
#2448 = CARTESIAN_POINT ( 'NONE',  ( 1.784401076758499700, -3.076254464281109500E-016, -1.324999999999995300 ) ) ;
#2449 = CIRCLE ( 'NONE', #1271, 7.522351246410528900 ) ;
#2450 = CARTESIAN_POINT ( 'NONE',  ( 0.8922005383792494000, -1.545336663013167300, -1.441666666666662200 ) ) ;
#2451 = VERTEX_POINT ( 'NONE', #2171 ) ;
#2452 = VERTEX_POINT ( 'NONE', #2151 ) ;
#2453 = LINE ( 'NONE', #3726, #213 ) ;
#2454 = CARTESIAN_POINT ( 'NONE',  ( 0.8922005383792508400, 1.545336663013166600, 0.2791666666666723900 ) ) ;
#2455 = CIRCLE ( 'NONE', #1904, 2.000000000000001300 ) ;
#2456 = DIRECTION ( 'NONE',  ( -0.0000000000000000000, -2.585091490897066400E-018, 1.000000000000000000 ) ) ;
#2457 = EDGE_CURVE ( 'NONE', #838, #1865, #935, .T. ) ;
#2458 = CARTESIAN_POINT ( 'NONE',  ( -1.471938859691289700, 0.4858932265637050400, 3.038758841800002700 ) ) ;
#2459 =( BOUNDED_CURVE ( )  B_SPLINE_CURVE ( 2, ( #2491, #2753, #1039, #2469, #3092, #3057, #2779 ),
 .UNSPECIFIED., .F., .T. ) 
 B_SPLINE_CURVE_WITH_KNOTS ( ( 3, 2, 2, 3 ),
 ( 0.3437499999999999400, 0.3541666666666666300, 0.3645833333333333100, 0.3750000000000000000 ),
 .UNSPECIFIED. ) 
 CURVE ( )  GEOMETRIC_REPRESENTATION_ITEM ( )  RATIONAL_B_SPLINE_CURVE ( ( 1.000000000000000700, 0.8660254037844380400, 1.000000000000000000, 0.8660254037844387100, 1.000000000000000000, 0.8660254037844387100, 1.000000000000000000 ) ) 
 REPRESENTATION_ITEM ( '' )  );
#2460 = VECTOR ( 'NONE', #3001, 1000.000000000000000 ) ;
#2461 = CARTESIAN_POINT ( 'NONE',  ( 1.784401076758500100, -3.076254464281110000E-016, -1.237499999999994700 ) ) ;
#2462 = CARTESIAN_POINT ( 'NONE',  ( 0.8922005383792508400, 1.545336663013166600, -6.720833333333327900 ) ) ;
#2463 = CARTESIAN_POINT ( 'NONE',  ( -1.784401076758499700, 1.294267669813665100E-016, -1.674999999999995800 ) ) ;
#2464 = CARTESIAN_POINT ( 'NONE',  ( 1.784401076758499700, -3.076254464281109500E-016, -3.424999999999995400 ) ) ;
#2465 = CARTESIAN_POINT ( 'NONE',  ( -1.892491597964127200E-016, -1.545336663013167100, 0.6875000000000041100 ) ) ;
#2466 = LOCAL_TIME ( 21, 42, 45.00000000000000000, #275 ) ;
#2467 = B_SPLINE_CURVE_WITH_KNOTS ( 'NONE', 3,
 ( #912, #599, #2521, #1102, #1396, #2570 ),
 .UNSPECIFIED., .F., .F.,
 ( 4, 2, 4 ),
 ( 0.0000000000000000000, 0.0005391441355368826900, 0.001078288271073765400 ),
 .UNSPECIFIED. ) ;
#2468 = CARTESIAN_POINT ( 'NONE',  ( 0.0000000000000000000, 2.000000000000000400, -0.7124999999999981300 ) ) ;
#2469 = CARTESIAN_POINT ( 'NONE',  ( 2.309401076758503800, -4.040663818609657100E-016, -4.387499999999999300 ) ) ;
#2470 = CIRCLE ( 'NONE', #3734, 2.395221894474074600 ) ;
#2471 = CARTESIAN_POINT ( 'NONE',  ( -1.833993019286677600, -0.2093350488104687200, -7.433000057471906200 ) ) ;
#2472 = CARTESIAN_POINT ( 'NONE',  ( 1.784401076758500100, -3.076254464281110000E-016, -2.637499999999994800 ) ) ;
#2473 = CARTESIAN_POINT ( 'NONE',  ( -0.8922005383792506200, -1.545336663013166600, -5.670833333333328100 ) ) ;
#2474 = CARTESIAN_POINT ( 'NONE',  ( 0.8922005383792494000, -1.545336663013167300, 0.6583333333333371000 ) ) ;
#2475 = CARTESIAN_POINT ( 'NONE',  ( -1.338300807568874700, 0.7726683315065836500, -1.733333333333329000 ) ) ;
#2476 = CARTESIAN_POINT ( 'NONE',  ( 1.338300807568874500, -0.7726683315065842100, -1.295833333333328500 ) ) ;
#2477 = EDGE_CURVE ( 'NONE', #3283, #2408, #2160, .T. ) ;
#2478 = CARTESIAN_POINT ( 'NONE',  ( -2.449293598294707400E-016, -2.000000000000000400, -2.462499999999999000 ) ) ;
#2479 = CARTESIAN_POINT ( 'NONE',  ( -1.476515718323298900, 1.041926773052551000, -7.484037659735711200 ) ) ;
#2480 = CARTESIAN_POINT ( 'NONE',  ( -1.892491597964127200E-016, -1.545336663013167100, -0.7124999999999952500 ) ) ;
#2481 = CARTESIAN_POINT ( 'NONE',  ( -0.8922005383792506200, -1.545336663013166600, -4.270833333333327700 ) ) ;
#2482 = CARTESIAN_POINT ( 'NONE',  ( -1.506607496211390200, -0.3438011844254114100, 2.550955598636198500 ) ) ;
#2483 = CARTESIAN_POINT ( 'NONE',  ( 1.338300807568875400, 0.7726683315065824300, 0.8333333333333369200 ) ) ;
#2484 = ORIENTED_EDGE ( 'NONE', *, *, #1915, .T. ) ;
#2485 = ADVANCED_FACE ( 'NONE', ( #3515 ), #2414, .T. ) ;
#2486 = VERTEX_POINT ( 'NONE', #1008 ) ;
#2487 = DIRECTION ( 'NONE',  ( -0.9961946980917455500, 0.0000000000000000000, 0.08715574274765836000 ) ) ;
#2488 = EDGE_LOOP ( 'NONE', ( #977, #2636, #1693, #2494, #3643 ) ) ;
#2489 = B_SPLINE_CURVE_WITH_KNOTS ( 'NONE', 3,
 ( #1952, #510, #2813, #3651, #1091, #1920, #1389, #3406, #1685, #3702, #1967, #238, #2471, #758, #2765, #194, #768, #478, #2479, #2780, #268, #2852, #3020, #360, #634, #1135 ),
 .UNSPECIFIED., .F., .F.,
 ( 4, 2, 2, 2, 2, 2, 2, 2, 2, 2, 2, 2, 4 ),
 ( 0.001525944111508247300, 0.001884873599175551600, 0.002243803086842856200, 0.002961662062177464900, 0.003679521037512074000, 0.004038450525179378100, 0.004397380012846683100, 0.004756309500513987300, 0.005115238988181292300, 0.005833097963515900500, 0.006192027451183205500, 0.006550956938850509600, 0.007268815914185118700 ),
 .UNSPECIFIED. ) ;
#2490 = DIRECTION ( 'NONE',  ( 0.0000000000000000000, -1.000000000000000000, 0.0000000000000000000 ) ) ;
#2491 = CARTESIAN_POINT ( 'NONE',  ( -2.449293598294707400E-016, -2.000000000000000400, -4.562499999999999100 ) ) ;
#2492 = ORIENTED_EDGE ( 'NONE', *, *, #1633, .T. ) ;
#2493 = CARTESIAN_POINT ( 'NONE',  ( 0.0000000000000000000, 2.000000000000000400, -4.999999999999998200 ) ) ;
#2494 = ORIENTED_EDGE ( 'NONE', *, *, #2253, .T. ) ;
#2495 = CARTESIAN_POINT ( 'NONE',  ( 1.338300807568875600, 0.7726683315065825400, -2.579166666666661700 ) ) ;
#2496 = CARTESIAN_POINT ( 'NONE',  ( -0.8922005383792497300, 1.545336663013166900, 2.408333333333336800 ) ) ;
#2497 = CARTESIAN_POINT ( 'NONE',  ( 0.0000000000000000000, 2.037888611415570800, -8.434374999999999300 ) ) ;
#2498 = CYLINDRICAL_SURFACE ( 'NONE', #736, 2.000000000000000400 ) ;
#2499 = CARTESIAN_POINT ( 'NONE',  ( 1.764863307568879300, 1.018944305707783800, 1.948958333333333800 ) ) ;
#2500 = CIRCLE ( 'NONE', #2052, 7.522351246410528000 ) ;
#2501 = ADVANCED_FACE ( 'NONE', ( #1385 ), #3061, .F. ) ;
#2502 = DIRECTION ( 'NONE',  ( -0.06666269134683257300, 0.06666269134683210100, 0.9955461672694008200 ) ) ;
#2503 = EDGE_CURVE ( 'NONE', #625, #624, #2738, .T. ) ;
#2504 = CARTESIAN_POINT ( 'NONE',  ( -2.166447380368835800, -0.4032230514765344800, 2.093834416674978300 ) ) ;
#2505 = CARTESIAN_POINT ( 'NONE',  ( 1.732050807568878300, 0.9999999999999986700, -6.429166666666665400 ) ) ;
#2506 = CARTESIAN_POINT ( 'NONE',  ( 0.8922005383792508400, 1.545336663013166600, -6.020833333333328600 ) ) ;
#2507 = CARTESIAN_POINT ( 'NONE',  ( -2.309401076758503800, 1.615737454589847100E-016, -5.524999999999998600 ) ) ;
#2508 = CARTESIAN_POINT ( 'NONE',  ( 1.764863307568878200, -1.018944305707786300, -7.967708333333331600 ) ) ;
#2509 = AXIS2_PLACEMENT_3D ( 'NONE', #2856, #299, #1168 ) ;
#2510 = VECTOR ( 'NONE', #3096, 1000.000000000000000 ) ;
#2511 = CARTESIAN_POINT ( 'NONE',  ( 1.722245897216713000, -0.7781977504247656900, -7.388747870037929200 ) ) ;
#2512 = CARTESIAN_POINT ( 'NONE',  ( 0.0000000000000000000, 2.037888611415570800, -6.378124999999998000 ) ) ;
#2513 = CARTESIAN_POINT ( 'NONE',  ( -0.8922005383792498400, 1.545336663013167100, -8.004166666666661100 ) ) ;
#2514 = DIRECTION ( 'NONE',  ( -1.000000000000000000, 0.0000000000000000000, 0.0000000000000000000 ) ) ;
#2515 = DIRECTION ( 'NONE',  ( 0.9961946980917455500, -0.0000000000000000000, -0.08715574274765836000 ) ) ;
#2516 = CARTESIAN_POINT ( 'NONE',  ( 0.0000000000000000000, -1.474999999999998100, -7.799999999999998000 ) ) ;
#2517 = CARTESIAN_POINT ( 'NONE',  ( 1.338300807568874500, -0.7726683315065842100, -4.795833333333328100 ) ) ;
#2518 = DIRECTION ( 'NONE',  ( -0.0000000000000000000, -2.585091490897066400E-018, 1.000000000000000000 ) ) ;
#2519 = CARTESIAN_POINT ( 'NONE',  ( 0.0000000000000000000, 2.037888611415570800, -7.734374999999999100 ) ) ;
#2520 = DIRECTION ( 'NONE',  ( -0.0000000000000000000, -0.0000000000000000000, -1.000000000000000000 ) ) ;
#2521 = CARTESIAN_POINT ( 'NONE',  ( -0.4961032335940804800, 0.9019231227193387200, 0.6532753540730783500 ) ) ;
#2522 = EDGE_CURVE ( 'NONE', #2196, #1752, #2198, .T. ) ;
#2523 = ORIENTED_EDGE ( 'NONE', *, *, #438, .T. ) ;
#2524 = CARTESIAN_POINT ( 'NONE',  ( -0.8922005383792506200, -1.545336663013166600, -7.770833333333328600 ) ) ;
#2525 = VERTEX_POINT ( 'NONE', #2493 ) ;
#2526 = CARTESIAN_POINT ( 'NONE',  ( 0.3719445246096614900, 2.074731665572707500, 1.736319218633465100 ) ) ;
#2527 = ORIENTED_EDGE ( 'NONE', *, *, #3422, .T. ) ;
#2528 = AXIS2_PLACEMENT_3D ( 'NONE', #3031, #1579, #2421 ) ;
#2529 = ORIENTED_EDGE ( 'NONE', *, *, #1765, .T. ) ;
#2530 = CARTESIAN_POINT ( 'NONE',  ( -1.154700538379252600, -2.000000000000000000, -1.820833333333331700 ) ) ;
#2531 = CARTESIAN_POINT ( 'NONE',  ( 0.8922005383792508400, 1.545336663013166400, -6.108333333333329800 ) ) ;
#2532 = CARTESIAN_POINT ( 'NONE',  ( 1.338300807568875600, 0.7726683315065825400, 0.2208333333333384900 ) ) ;
#2533 = CARTESIAN_POINT ( 'NONE',  ( -2.353151076758504900, 1.642526603321196600E-016, -7.559374999999999300 ) ) ;
#2534 = EDGE_LOOP ( 'NONE', ( #3284, #619, #3278, #211 ) ) ;
#2535 = ORIENTED_EDGE ( 'NONE', *, *, #2918, .F. ) ;
#2536 = CARTESIAN_POINT ( 'NONE',  ( 0.0000000000000000000, 3.750000000000000000, 2.200000000000000600 ) ) ;
#2537 = CARTESIAN_POINT ( 'NONE',  ( 0.0000000000000000000, 2.037888611415570800, -7.778124999999998400 ) ) ;
#2538 = ORIENTED_EDGE ( 'NONE', *, *, #2652, .F. ) ;
#2539 = ORIENTED_EDGE ( 'NONE', *, *, #3679, .F. ) ;
#2540 = CYLINDRICAL_SURFACE ( 'NONE', #2835, 2.000000000000000400 ) ;
#2541 = PLANE ( 'NONE',  #1948 ) ;
#2542 = CARTESIAN_POINT ( 'NONE',  ( -2.449293598294707400E-016, -2.000000000000000400, -5.262499999999998400 ) ) ;
#2543 = CYLINDRICAL_SURFACE ( 'NONE', #402, 2.000000000000000400 ) ;
#2544 = CARTESIAN_POINT ( 'NONE',  ( 1.401258538444093400, -1.427050983124823300, -7.274999999999996800 ) ) ;
#2545 = CARTESIAN_POINT ( 'NONE',  ( 0.3719445246109468500, -2.074731665576409000, 1.736319218647909900 ) ) ;
#2546 = CARTESIAN_POINT ( 'NONE',  ( 0.0000000000000000000, 1.545336663013167100, -1.062499999999994900 ) ) ;
#2547 = CARTESIAN_POINT ( 'NONE',  ( 0.0000000000000000000, 6.628682924999594700E-017, 2.200000000000000600 ) ) ;
#2548 = CARTESIAN_POINT ( 'NONE',  ( -2.495693764988923200E-016, -2.037888611415570800, -6.684374999999999300 ) ) ;
#2549 = CIRCLE ( 'NONE', #3329, 7.529586274483599500 ) ;
#2550 = PRODUCT_DEFINITION ( 'UNKNOWN', '', #129, #452 ) ;
#2551 = EDGE_CURVE ( 'NONE', #3419, #42, #844, .T. ) ;
#2552 = CARTESIAN_POINT ( 'NONE',  ( -0.6034951918157710500, -0.6034951918157798200, 0.4819823870704101300 ) ) ;
#2553 = CARTESIAN_POINT ( 'NONE',  ( 1.154700538379251200, -2.000000000000000900, -1.091666666666665200 ) ) ;
#2554 = CARTESIAN_POINT ( 'NONE',  ( -1.892491597964127000E-016, -1.545336663013166900, -7.799999999999996300 ) ) ;
#2555 = CARTESIAN_POINT ( 'NONE',  ( -2.309401076758503800, 1.615737454589847600E-016, -1.324999999999998800 ) ) ;
#2556 = CARTESIAN_POINT ( 'NONE',  ( -1.154700538379256100, -1.999999999999994000, -4.620833333333330900 ) ) ;
#2557 =( BOUNDED_CURVE ( )  B_SPLINE_CURVE ( 2, ( #3513, #1786, #2906, #611, #2612, #1778, #64 ),
 .UNSPECIFIED., .F., .T. ) 
 B_SPLINE_CURVE_WITH_KNOTS ( ( 3, 2, 2, 3 ),
 ( 0.3928148519000864700, 0.4032315185667531000, 0.4136481852334198400, 0.4240648519000864700 ),
 .UNSPECIFIED. ) 
 CURVE ( )  GEOMETRIC_REPRESENTATION_ITEM ( )  RATIONAL_B_SPLINE_CURVE ( ( 1.000000000000000000, 0.8660254037844387100, 1.000000000000000000, 0.8660254037844387100, 1.000000000000000000, 0.8660254037844387100, 1.000000000000000000 ) ) 
 REPRESENTATION_ITEM ( '' )  );
#2558 = CARTESIAN_POINT ( 'NONE',  ( 1.784401076758499900, -3.076254464281110000E-016, -5.437499999999994700 ) ) ;
#2559 = DIRECTION ( 'NONE',  ( 1.000000000000000000, 0.0000000000000000000, 0.0000000000000000000 ) ) ;
#2560 = EDGE_CURVE ( 'NONE', #2634, #1454, #3040, .T. ) ;
#2561 = APPROVAL_PERSON_ORGANIZATION ( #3616, #1677, #2709 ) ;
#2562 = DIRECTION ( 'NONE',  ( 0.0000000000000000000, -1.000000000000000000, 0.0000000000000000000 ) ) ;
#2563 = FACE_OUTER_BOUND ( 'NONE', #661, .T. ) ;
#2564 = CARTESIAN_POINT ( 'NONE',  ( -1.338300807568874900, -0.7726683315065832100, -5.116666666666662700 ) ) ;
#2565 = CARTESIAN_POINT ( 'NONE',  ( 1.784401076758499900, -3.076254464281110000E-016, -1.937499999999994700 ) ) ;
#2566 = CARTESIAN_POINT ( 'NONE',  ( -1.176575538379252000, 2.037888611415570800, -4.176041666666665500 ) ) ;
#2567 = CARTESIAN_POINT ( 'NONE',  ( -0.5442153152410474900, -0.7627753099856005000, 0.5526932360220555600 ) ) ;
#2568 = CARTESIAN_POINT ( 'NONE',  ( 2.309401076758503800, -4.040663818609657100E-016, -0.9749999999999984200 ) ) ;
#2569 = CARTESIAN_POINT ( 'NONE',  ( 1.338300807568874500, -0.7726683315065840900, -7.683333333333329100 ) ) ;
#2570 = CARTESIAN_POINT ( 'NONE',  ( -0.3163714390882507700, 1.438218879622111400, 1.101115944497855500 ) ) ;
#2571 = CARTESIAN_POINT ( 'NONE',  ( -1.338300807568875200, -0.7726683315065832100, -4.329166666666662200 ) ) ;
#2572 = CARTESIAN_POINT ( 'NONE',  ( 0.3590787774514493900, -1.308175755335816600, 0.9832845256590233600 ) ) ;
#2573 = CARTESIAN_POINT ( 'NONE',  ( -1.892491597964127000E-016, -1.545336663013166900, -6.399999999999995900 ) ) ;
#2574 = CARTESIAN_POINT ( 'NONE',  ( 1.338300807568874500, -0.7726683315065842100, 0.8041666666666718000 ) ) ;
#2575 = CARTESIAN_POINT ( 'NONE',  ( 1.176575538379251800, -2.037888611415571200, -3.826041666666665900 ) ) ;
#2576 =( BOUNDED_CURVE ( )  B_SPLINE_CURVE ( 2, ( #3379, #2310, #272, #2030, #2269 ),
 .UNSPECIFIED., .F., .F. ) 
 B_SPLINE_CURVE_WITH_KNOTS ( ( 3, 2, 3 ),
 ( 0.8928148519000864700, 0.9032315185667531000, 0.9084398519000862500 ),
 .UNSPECIFIED. ) 
 CURVE ( )  GEOMETRIC_REPRESENTATION_ITEM ( )  RATIONAL_B_SPLINE_CURVE ( ( 1.000000000000000000, 0.8660254037844387100, 1.000000000000000000, 0.9330127018922221800, 0.9330127018922194100 ) ) 
 REPRESENTATION_ITEM ( '' )  );
#2577 = ORIENTED_EDGE ( 'NONE', *, *, #3422, .F. ) ;
#2578 = DIRECTION ( 'NONE',  ( 1.000000000000000000, 0.0000000000000000000, 0.0000000000000000000 ) ) ;
#2579 = CARTESIAN_POINT ( 'NONE',  ( -2.353151076758504900, 1.642526603321196600E-016, -4.803124999999998800 ) ) ;
#2580 = CARTESIAN_POINT ( 'NONE',  ( -1.552639347747552900, 1.260678807558077000, -3.278118976877221800E-015 ) ) ;
#2581 = ORIENTED_EDGE ( 'NONE', *, *, #904, .F. ) ;
#2582 = CARTESIAN_POINT ( 'NONE',  ( 1.338300807568875600, 0.7726683315065825400, -5.379166666666662000 ) ) ;
#2583 = CARTESIAN_POINT ( 'NONE',  ( 0.6227269223886903200, -1.607986164573253800, -0.1610422583057907200 ) ) ;
#2584 = ORIENTED_EDGE ( 'NONE', *, *, #2625, .F. ) ;
#2585 = EDGE_LOOP ( 'NONE', ( #2332, #1251, #477, #2372 ) ) ;
#2586 = CARTESIAN_POINT ( 'NONE',  ( 0.4657886768156697100, 2.349495442072250900, 2.808962786656433500 ) ) ;
#2587 = CARTESIAN_POINT ( 'NONE',  ( -1.338300807568874700, 0.7726683315065836500, -7.333333333333328600 ) ) ;
#2588 = CARTESIAN_POINT ( 'NONE',  ( 0.3163714390882607100, -1.438218879622108500, 1.101115944497854900 ) ) ;
#2589 = CARTESIAN_POINT ( 'NONE',  ( -2.074731665576675400, 0.3719445246110071300, 1.736319218648928900 ) ) ;
#2590 = ORIENTED_EDGE ( 'NONE', *, *, #1656, .T. ) ;
#2591 = CARTESIAN_POINT ( 'NONE',  ( -1.176575538379253100, -2.037888611415570300, -6.042708333333331800 ) ) ;
#2592 = ORIENTED_EDGE ( 'NONE', *, *, #2983, .F. ) ;
#2593 = CARTESIAN_POINT ( 'NONE',  ( -0.3927480814518872800, -0.9481777448371775400, 3.199999999999999700 ) ) ;
#2594 = CARTESIAN_POINT ( 'NONE',  ( -1.732050807568877600, 1.000000000000000400, -3.483333333333332100 ) ) ;
#2595 = CARTESIAN_POINT ( 'NONE',  ( 1.764863307568878200, -1.018944305707786300, -4.511458333333331800 ) ) ;
#2596 = CARTESIAN_POINT ( 'NONE',  ( -0.4190865195806550100, -2.212853199339747300, 2.275154686808609700 ) ) ;
#2597 = CARTESIAN_POINT ( 'NONE',  ( 1.732050807568878300, 0.9999999999999986700, -3.629166666666665500 ) ) ;
#2598 = CARTESIAN_POINT ( 'NONE',  ( 1.338300807568875600, 0.7726683315065825400, -4.679166666666660900 ) ) ;
#2599 = CARTESIAN_POINT ( 'NONE',  ( 1.734336404714657200, -0.5233198946042998400, -0.1106205283133484100 ) ) ;
#2600 = VECTOR ( 'NONE', #1105, 1000.000000000000100 ) ;
#2601 = CARTESIAN_POINT ( 'NONE',  ( 2.166844804558662100, -0.4033718067414506200, 2.095534697133710500 ) ) ;
#2602 = CARTESIAN_POINT ( 'NONE',  ( -1.892491597964127000E-016, -1.545336663013166900, -2.199999999999996200 ) ) ;
#2603 = CARTESIAN_POINT ( 'NONE',  ( 1.732050807568878300, 0.9999999999999986700, -7.129166666666664700 ) ) ;
#2604 = CARTESIAN_POINT ( 'NONE',  ( -2.353151076758504900, 1.642526603321196600E-016, -6.159374999999998000 ) ) ;
#2605 = EDGE_CURVE ( 'NONE', #2947, #1659, #3334, .T. ) ;
#2606 = CARTESIAN_POINT ( 'NONE',  ( -0.7627753099855986200, 0.5442153152410502700, 0.5526932360220555600 ) ) ;
#2607 = CARTESIAN_POINT ( 'NONE',  ( -1.172903837811237300, -1.806159244939631500, 2.748857716489702300 ) ) ;
#2608 = CARTESIAN_POINT ( 'NONE',  ( -1.764863307568878700, -1.018944305707784900, -4.044791666666665000 ) ) ;
#2609 = CARTESIAN_POINT ( 'NONE',  ( -0.4033718067414589500, -2.166844804558662600, 2.095534697133719900 ) ) ;
#2610 = VECTOR ( 'NONE', #2830, 1000.000000000000000 ) ;
#2611 = CARTESIAN_POINT ( 'NONE',  ( 1.784401076758499900, -3.076254464281110000E-016, -4.037499999999994300 ) ) ;
#2612 = CARTESIAN_POINT ( 'NONE',  ( 1.732050807568877200, -1.000000000000001100, -1.733333333333332300 ) ) ;
#2613 = DIRECTION ( 'NONE',  ( 0.08715574274765836000, 0.0000000000000000000, 0.9961946980917455500 ) ) ;
#2614 = CARTESIAN_POINT ( 'NONE',  ( -0.8922005383792505100, -1.545336663013166400, -2.958333333333329500 ) ) ;
#2615 = CARTESIAN_POINT ( 'NONE',  ( 0.0000000000000000000, 2.000000000000000400, -0.7999999999999986000 ) ) ;
#2616 = CARTESIAN_POINT ( 'NONE',  ( -1.764863307568878400, 1.018944305707785600, -2.717708333333332500 ) ) ;
#2617 = DIRECTION ( 'NONE',  ( 0.9203638919632256600, -0.3812272063696505200, 0.08715574274765836000 ) ) ;
#2618 = CARTESIAN_POINT ( 'NONE',  ( -2.353151076758504900, 1.642526603321196600E-016, -3.403125000000000200 ) ) ;
#2619 = CARTESIAN_POINT ( 'NONE',  ( -1.732050807568877900, -0.9999999999999997800, -4.066666666666665500 ) ) ;
#2620 = ORIENTED_EDGE ( 'NONE', *, *, #1846, .T. ) ;
#2621 =( BOUNDED_CURVE ( )  B_SPLINE_CURVE ( 2, ( #2924, #2391, #2678, #2132, #2603, #2908, #3491 ),
 .UNSPECIFIED., .F., .T. ) 
 B_SPLINE_CURVE_WITH_KNOTS ( ( 3, 2, 2, 3 ),
 ( 0.1014272531529236100, 0.1041666666666666700, 0.1145833333333333400, 0.1250000000000000300 ),
 .UNSPECIFIED. ) 
 CURVE ( )  GEOMETRIC_REPRESENTATION_ITEM ( )  RATIONAL_B_SPLINE_CURVE ( ( 0.9480652107226144000, 0.9647668653403669300, 1.000000000000000000, 0.8660254037844387100, 1.000000000000000000, 0.8660254037844383700, 1.000000000000000400 ) ) 
 REPRESENTATION_ITEM ( '' )  );
#2622 = ORIENTED_EDGE ( 'NONE', *, *, #1684, .T. ) ;
#2623 = CARTESIAN_POINT ( 'NONE',  ( -0.3368560613705570100, 0.1395303491872670600, -4.363149274280720700 ) ) ;
#2624 = CARTESIAN_POINT ( 'NONE',  ( -1.784401076758499900, 1.294267669813664600E-016, -4.474999999999996100 ) ) ;
#2625 = EDGE_CURVE ( 'NONE', #3600, #701, #2489, .T. ) ;
#2626 = CARTESIAN_POINT ( 'NONE',  ( 0.0000000000000000000, 2.037888611415570800, -1.434374999999999100 ) ) ;
#2627 = VERTEX_POINT ( 'NONE', #2219 ) ;
#2628 = ORIENTED_EDGE ( 'NONE', *, *, #2938, .T. ) ;
#2629 = DIRECTION ( 'NONE',  ( -0.3826834323650963300, 0.9238795325112839600, 0.0000000000000000000 ) ) ;
#2630 = CARTESIAN_POINT ( 'NONE',  ( -1.764863307568878700, -1.018944305707784900, -3.344791666666665300 ) ) ;
#2631 = CARTESIAN_POINT ( 'NONE',  ( -1.438218879622110300, -0.3163714390882558200, 1.101115944497855500 ) ) ;
#2632 = CARTESIAN_POINT ( 'NONE',  ( -0.7614728652963915800, -0.5447000509464125000, 0.5521150284550820900 ) ) ;
#2633 = EDGE_CURVE ( 'NONE', #3418, #3371, #1852, .T. ) ;
#2634 = VERTEX_POINT ( 'NONE', #608 ) ;
#2635 = ORIENTED_EDGE ( 'NONE', *, *, #203, .T. ) ;
#2636 = ORIENTED_EDGE ( 'NONE', *, *, #620, .T. ) ;
#2637 = ORIENTED_EDGE ( 'NONE', *, *, #3521, .T. ) ;
#2638 = CIRCLE ( 'NONE', #1616, 7.531250000000005300 ) ;
#2639 = DIRECTION ( 'NONE',  ( -0.0000000000000000000, -2.585091490897069900E-018, 1.000000000000000000 ) ) ;
#2640 = CARTESIAN_POINT ( 'NONE',  ( 1.784401076758499900, -3.076254464281109500E-016, -1.324999999999995500 ) ) ;
#2641 = CARTESIAN_POINT ( 'NONE',  ( -2.353151076758504900, 1.642526603321196800E-016, -0.5593749999999990700 ) ) ;
#2642 = VECTOR ( 'NONE', #2131, 1000.000000000000200 ) ;
#2643 = CARTESIAN_POINT ( 'NONE',  ( 0.0000000000000000000, 1.545336663013167100, -7.362499999999994500 ) ) ;
#2644 = CARTESIAN_POINT ( 'NONE',  ( 1.764863307568879300, 1.018944305707783800, -1.594791666666665300 ) ) ;
#2645 = DIRECTION ( 'NONE',  ( 1.000000000000000000, 0.0000000000000000000, 0.0000000000000000000 ) ) ;
#2646 = CARTESIAN_POINT ( 'NONE',  ( -1.338300807568874900, -0.7726683315065832100, -7.916666666666662500 ) ) ;
#2647 = LOCAL_TIME ( 21, 42, 45.00000000000000000, #2422 ) ;
#2648 = CARTESIAN_POINT ( 'NONE',  ( 0.0000000000000000000, 9.078057112624564700E-017, -7.274999999999996800 ) ) ;
#2649 = CARTESIAN_POINT ( 'NONE',  ( 0.8922005383792494000, -1.545336663013167300, -4.241666666666662700 ) ) ;
#2650 = CARTESIAN_POINT ( 'NONE',  ( 1.732050807568878300, 0.9999999999999986700, -0.1291666666666649300 ) ) ;
#2651 = CARTESIAN_POINT ( 'NONE',  ( 0.0000000000000000000, 2.037888611415570800, -3.534374999999999400 ) ) ;
#2652 = EDGE_CURVE ( 'NONE', #2409, #2060, #3288, .T. ) ;
#2653 = LINE ( 'NONE', #1971, #2510 ) ;
#2654 = CARTESIAN_POINT ( 'NONE',  ( -1.338300807568874900, 0.7726683315065837600, -7.245833333333328200 ) ) ;
#2655 = CARTESIAN_POINT ( 'NONE',  ( 1.764863307568879300, 1.018944305707783800, -2.294791666666665500 ) ) ;
#2656 = CARTESIAN_POINT ( 'NONE',  ( 1.338300807568874500, -0.7726683315065840900, -4.883333333333329300 ) ) ;
#2657 = CARTESIAN_POINT ( 'NONE',  ( -1.338300807568874700, 0.7726683315065836500, -6.633333333333329300 ) ) ;
#2658 = AXIS2_PLACEMENT_3D ( 'NONE', #2902, #2090, #2645 ) ;
#2659 = CARTESIAN_POINT ( 'NONE',  ( -1.154700538379256100, -1.999999999999994000, -3.220833333333332800 ) ) ;
#2660 = CARTESIAN_POINT ( 'NONE',  ( 2.500000000000000000, 3.252606517456513300E-016, 3.199999999999999700 ) ) ;
#2661 = CARTESIAN_POINT ( 'NONE',  ( 0.0000000000000000000, 2.000000000000000400, -4.999999999999998200 ) ) ;
#2662 = CARTESIAN_POINT ( 'NONE',  ( -1.176575538379252000, 2.037888611415570800, 0.02395833333333416400 ) ) ;
#2663 = CARTESIAN_POINT ( 'NONE',  ( -1.784401076758500100, 1.294267669813664600E-016, -5.787499999999995200 ) ) ;
#2664 = CARTESIAN_POINT ( 'NONE',  ( 0.8922005383792494000, -1.545336663013167300, -7.041666666666662500 ) ) ;
#2665 = CARTESIAN_POINT ( 'NONE',  ( 1.176575538379253500, 2.037888611415570300, -0.1364583333333321800 ) ) ;
#2666 = CARTESIAN_POINT ( 'NONE',  ( -0.8922005383792502900, -1.545336663013166400, -5.058333333333330000 ) ) ;
#2667 = CARTESIAN_POINT ( 'NONE',  ( 1.784401076758499700, -3.076254464281109500E-016, -4.824999999999995700 ) ) ;
#2668 = ORIENTED_EDGE ( 'NONE', *, *, #595, .T. ) ;
#2669 =( BOUNDED_CURVE ( )  B_SPLINE_CURVE ( 2, ( #956, #2084, #936, #349, #2358, #2659, #944 ),
 .UNSPECIFIED., .F., .T. ) 
 B_SPLINE_CURVE_WITH_KNOTS ( ( 3, 2, 2, 3 ),
 ( 0.4375000000000000000, 0.4479166666666666900, 0.4583333333333332600, 0.4687499999999999400 ),
 .UNSPECIFIED. ) 
 CURVE ( )  GEOMETRIC_REPRESENTATION_ITEM ( )  RATIONAL_B_SPLINE_CURVE ( ( 1.000000000000000000, 0.8660254037844387100, 1.000000000000000000, 0.8660254037844387100, 1.000000000000000000, 0.8660254037844393700, 0.9999999999999993300 ) ) 
 REPRESENTATION_ITEM ( '' )  );
#2670 = ORIENTED_EDGE ( 'NONE', *, *, #754, .F. ) ;
#2671 = AXIS2_PLACEMENT_3D ( 'NONE', #109, #2388, #1237 ) ;
#2672 = DIRECTION ( 'NONE',  ( 0.9203638919632283200, -0.3812272063696440800, -0.08715574274765836000 ) ) ;
#2673 = DIRECTION ( 'NONE',  ( -0.0000000000000000000, -2.585091490897066400E-018, 1.000000000000000000 ) ) ;
#2674 = ORIENTED_EDGE ( 'NONE', *, *, #130, .F. ) ;
#2675 = EDGE_CURVE ( 'NONE', #2153, #3727, #2932, .T. ) ;
#2676 = CARTESIAN_POINT ( 'NONE',  ( -2.495693764988923200E-016, -2.037888611415570800, 1.015625000000000900 ) ) ;
#2677 = FACE_OUTER_BOUND ( 'NONE', #791, .T. ) ;
#2678 = CARTESIAN_POINT ( 'NONE',  ( 1.732050807568877200, -1.000000000000001100, -7.245833333333331800 ) ) ;
#2679 = ORIENTED_EDGE ( 'NONE', *, *, #3345, .T. ) ;
#2680 = CARTESIAN_POINT ( 'NONE',  ( -0.8922005383792506200, -1.545336663013166600, -6.370833333333328200 ) ) ;
#2681 = CARTESIAN_POINT ( 'NONE',  ( 0.8922005383792507300, 1.545336663013166400, -6.808333333333328200 ) ) ;
#2682 = CARTESIAN_POINT ( 'NONE',  ( -2.353151076758504900, 1.642526603321196800E-016, -1.303124999999998800 ) ) ;
#2683 = CARTESIAN_POINT ( 'NONE',  ( -1.892491597964127000E-016, -1.545336663013166900, -3.599999999999995600 ) ) ;
#2684 = VERTEX_POINT ( 'NONE', #2064 ) ;
#2685 = CARTESIAN_POINT ( 'NONE',  ( -1.338300807568874900, -0.7726683315065832100, -4.416666666666662500 ) ) ;
#2686 = AXIS2_PLACEMENT_3D ( 'NONE', #3056, #3660, #3030 ) ;
#2687 = VECTOR ( 'NONE', #3701, 1000.000000000000000 ) ;
#2688 = AXIS2_PLACEMENT_3D ( 'NONE', #593, #635, #2903 ) ;
#2689 = LINE ( 'NONE', #983, #2460 ) ;
#2690 = CARTESIAN_POINT ( 'NONE',  ( -0.4977723847099250200, -1.474301771160634100, 3.174538240724129200 ) ) ;
#2691 = CARTESIAN_POINT ( 'NONE',  ( -1.892491597964127000E-016, -1.545336663013166900, -0.7999999999999960500 ) ) ;
#2692 = PLANE ( 'NONE',  #2528 ) ;
#2693 = CARTESIAN_POINT ( 'NONE',  ( 0.0000000000000000000, 1.545336663013167100, 1.737500000000004700 ) ) ;
#2694 = CARTESIAN_POINT ( 'NONE',  ( -1.338300807568874900, 0.7726683315065837600, -5.845833333333327900 ) ) ;
#2695 = CARTESIAN_POINT ( 'NONE',  ( 1.176575538379251800, -2.037888611415571200, 1.030208333333334300 ) ) ;
#2696 = CARTESIAN_POINT ( 'NONE',  ( -1.338300807568874700, 0.7726683315065836500, -2.433333333333329100 ) ) ;
#2697 = CARTESIAN_POINT ( 'NONE',  ( 0.0000000000000000000, 1.545336663013166900, -4.649999999999995900 ) ) ;
#2698 = CARTESIAN_POINT ( 'NONE',  ( 0.0000000000000000000, 1.545336663013166900, -6.749999999999995600 ) ) ;
#2699 = CIRCLE ( 'NONE', #3026, 7.522351246410528900 ) ;
#2700 = CARTESIAN_POINT ( 'NONE',  ( 1.154700538379252800, 1.999999999999999600, -5.058333333333333600 ) ) ;
#2701 = CARTESIAN_POINT ( 'NONE',  ( -1.590479416321945600, 0.3358821685642316400, -0.3003577449736725700 ) ) ;
#2702 = CARTESIAN_POINT ( 'NONE',  ( 0.0000000000000000000, 0.0000000000000000000, 0.4500000000000083400 ) ) ;
#2703 = EDGE_CURVE ( 'NONE', #625, #2230, #361, .T. ) ;
#2704 = CARTESIAN_POINT ( 'NONE',  ( -1.338300807568874900, 0.7726683315065837600, -5.145833333333328600 ) ) ;
#2705 = CARTESIAN_POINT ( 'NONE',  ( -2.164754055319552800, 0.3263132131269068600, 2.878193961864967700 ) ) ;
#2706 = CARTESIAN_POINT ( 'NONE',  ( 0.8922005383792494000, -1.545336663013167300, -5.641666666666662200 ) ) ;
#2707 = CARTESIAN_POINT ( 'NONE',  ( 0.0000000000000000000, 1.545336663013166900, -3.949999999999996200 ) ) ;
#2708 = B_SPLINE_CURVE_WITH_KNOTS ( 'NONE', 3,
 ( #193, #422, #3372, #1631, #756, #3649, #3630, #1644, #2740, #1023, #2762, #3042, #1046, #1313 ),
 .UNSPECIFIED., .F., .F.,
 ( 4, 2, 2, 2, 2, 2, 4 ),
 ( 0.007268815914185118700, 0.007780026010793729400, 0.008291236107402339200, 0.009313656300619558800, 0.009824866397228168600, 0.01033607649383677800, 0.01135849668705399800 ),
 .UNSPECIFIED. ) ;
#2709 = APPROVAL_ROLE ( '' ) ;
#2710 = CARTESIAN_POINT ( 'NONE',  ( -2.449293598294707400E-016, -2.000000000000000400, -6.049999999999998900 ) ) ;
#2711 = CARTESIAN_POINT ( 'NONE',  ( -2.000000000000001300, 3.520859547548641900E-016, 0.4500000000000083400 ) ) ;
#2712 = VERTEX_POINT ( 'NONE', #2050 ) ;
#2713 =( BOUNDED_CURVE ( )  B_SPLINE_CURVE ( 2, ( #2478, #1591, #1351, #729, #1005, #2180, #2441 ),
 .UNSPECIFIED., .F., .F. ) 
 B_SPLINE_CURVE_WITH_KNOTS ( ( 3, 2, 2, 3 ),
 ( 0.5312499999999998900, 0.5416666666666665200, 0.5520833333333333700, 0.5625000000000000000 ),
 .UNSPECIFIED. ) 
 CURVE ( )  GEOMETRIC_REPRESENTATION_ITEM ( )  RATIONAL_B_SPLINE_CURVE ( ( 1.000000000000001300, 0.8660254037844372600, 1.000000000000000000, 0.8660254037844387100, 1.000000000000000000, 0.8660254037844387100, 1.000000000000000000 ) ) 
 REPRESENTATION_ITEM ( '' )  );
#2714 = ORIENTED_EDGE ( 'NONE', *, *, #2457, .F. ) ;
#2715 = CARTESIAN_POINT ( 'NONE',  ( 0.8922005383792509500, 1.545336663013166600, -5.320833333333328400 ) ) ;
#2716 = CARTESIAN_POINT ( 'NONE',  ( -2.353151076758504900, 1.642526603321196800E-016, 1.496875000000001700 ) ) ;
#2717 = CARTESIAN_POINT ( 'NONE',  ( -0.8922005383792502900, -1.545336663013166400, -2.258333333333329300 ) ) ;
#2718 = CARTESIAN_POINT ( 'NONE',  ( 1.784401076758499700, -3.076254464281109500E-016, -2.724999999999995600 ) ) ;
#2719 = ADVANCED_FACE ( 'NONE', ( #628 ), #2079, .T. ) ;
#2720 = VERTEX_POINT ( 'NONE', #3486 ) ;
#2721 = CARTESIAN_POINT ( 'NONE',  ( -0.8922005383792498400, 1.545336663013167100, 1.095833333333337700 ) ) ;
#2722 = ORIENTED_EDGE ( 'NONE', *, *, #3033, .T. ) ;
#2723 = ORIENTED_EDGE ( 'NONE', *, *, #2918, .T. ) ;
#2724 = VERTEX_POINT ( 'NONE', #62 ) ;
#2725 = DIRECTION ( 'NONE',  ( -0.0000000000000000000, -2.585091490897066400E-018, 1.000000000000000000 ) ) ;
#2726 = EDGE_CURVE ( 'NONE', #2724, #2712, #738, .T. ) ;
#2727 = ORIENTED_EDGE ( 'NONE', *, *, #2140, .T. ) ;
#2728 = CARTESIAN_POINT ( 'NONE',  ( 0.3534035141726730700, -1.862752265771337300, 1.524394499592423000 ) ) ;
#2729 = FACE_OUTER_BOUND ( 'NONE', #2766, .T. ) ;
#2730 = CARTESIAN_POINT ( 'NONE',  ( -0.8922005383792499500, 1.545336663013167100, -1.004166666666662000 ) ) ;
#2731 = CARTESIAN_POINT ( 'NONE',  ( 1.338300807568875400, 0.7726683315065824300, -6.866666666666662700 ) ) ;
#2732 = CARTESIAN_POINT ( 'NONE',  ( 1.338300807568874500, -0.7726683315065842100, -6.895833333333328600 ) ) ;
#2733 = CARTESIAN_POINT ( 'NONE',  ( -1.892491597964127000E-016, -1.545336663013166900, -0.09999999999999592500 ) ) ;
#2734 = CARTESIAN_POINT ( 'NONE',  ( -0.8922005383792497300, 1.545336663013166900, -0.3916666666666626100 ) ) ;
#2735 = FACE_OUTER_BOUND ( 'NONE', #2488, .T. ) ;
#2736 = AXIS2_PLACEMENT_3D ( 'NONE', #1592, #3599, #994 ) ;
#2737 = CARTESIAN_POINT ( 'NONE',  ( -1.338300807568874900, 0.7726683315065837600, -0.2458333333333288000 ) ) ;
#2738 = B_SPLINE_CURVE_WITH_KNOTS ( 'NONE', 3,
 ( #1071, #489, #1352, #1059 ),
 .UNSPECIFIED., .F., .F.,
 ( 4, 4 ),
 ( 0.0000000000000000000, 0.0009009551009949197300 ),
 .UNSPECIFIED. ) ;
#2739 = APPLICATION_CONTEXT ( 'configuration controlled 3d designs of mechanical parts and assemblies' ) ;
#2740 = CARTESIAN_POINT ( 'NONE',  ( 1.615566215484398800, 0.2250916611098157900, -7.653006535648143100 ) ) ;
#2741 = CARTESIAN_POINT ( 'NONE',  ( 0.0000000000000000000, 0.0000000000000000000, 0.0000000000000000000 ) ) ;
#2742 = CARTESIAN_POINT ( 'NONE',  ( -2.449293598294707400E-016, -2.000000000000000400, -6.049999999999998900 ) ) ;
#2743 =( BOUNDED_CURVE ( )  B_SPLINE_CURVE ( 2, ( #3181, #30, #315, #885, #4, #2005, #1148 ),
 .UNSPECIFIED., .F., .T. ) 
 B_SPLINE_CURVE_WITH_KNOTS ( ( 3, 2, 2, 3 ),
 ( 0.6562500000000000000, 0.6666666666666666300, 0.6770833333333333700, 0.6875000000000000000 ),
 .UNSPECIFIED. ) 
 CURVE ( )  GEOMETRIC_REPRESENTATION_ITEM ( )  RATIONAL_B_SPLINE_CURVE ( ( 1.000000000000000000, 0.8660254037844387100, 1.000000000000000000, 0.8660254037844387100, 1.000000000000000000, 0.8660254037844387100, 1.000000000000000000 ) ) 
 REPRESENTATION_ITEM ( '' )  );
#2744 = VECTOR ( 'NONE', #1565, 999.9999999999998900 ) ;
#2745 = CARTESIAN_POINT ( 'NONE',  ( -1.892491597964127200E-016, -1.545336663013167100, -2.112499999999995400 ) ) ;
#2746 = CARTESIAN_POINT ( 'NONE',  ( -1.764863307568878400, 1.018944305707785600, 1.438541666666667900 ) ) ;
#2747 = CARTESIAN_POINT ( 'NONE',  ( 0.8922005383792494000, -1.545336663013167300, -0.04166666666666207800 ) ) ;
#2748 = CARTESIAN_POINT ( 'NONE',  ( -1.784401076758499700, 1.294267669813665100E-016, -0.2749999999999957500 ) ) ;
#2749 = FACE_OUTER_BOUND ( 'NONE', #514, .T. ) ;
#2750 = CARTESIAN_POINT ( 'NONE',  ( -1.784401076758499900, 1.294267669813665100E-016, -0.1874999999999949500 ) ) ;
#2751 = APPROVAL ( #1056, 'UNSPECIFIED' ) ;
#2752 = EDGE_CURVE ( 'NONE', #1872, #3677, #285, .T. ) ;
#2753 = CARTESIAN_POINT ( 'NONE',  ( 1.154700538379247700, -2.000000000000007100, -4.504166666666665500 ) ) ;
#2754 = AXIS2_PLACEMENT_3D ( 'NONE', #2257, #287, #543 ) ;
#2755 = CARTESIAN_POINT ( 'NONE',  ( 1.784401076758500100, -3.076254464281110000E-016, -3.337499999999995000 ) ) ;
#2756 = CARTESIAN_POINT ( 'NONE',  ( -1.338300807568875200, -0.7726683315065832100, -3.629166666666661500 ) ) ;
#2757 = CARTESIAN_POINT ( 'NONE',  ( -0.8922005383792502900, -1.545336663013166400, -1.558333333333329100 ) ) ;
#2758 = CARTESIAN_POINT ( 'NONE',  ( 1.338300807568874500, -0.7726683315065840900, -2.083333333333329500 ) ) ;
#2759 = ADVANCED_FACE ( 'NONE', ( #1212 ), #1066, .T. ) ;
#2760 = AXIS2_PLACEMENT_3D ( 'NONE', #3542, #1814, #2344 ) ;
#2761 = VERTEX_POINT ( 'NONE', #3525 ) ;
#2762 = CARTESIAN_POINT ( 'NONE',  ( 1.581470804921702800, -0.2888496988980214800, -7.676638913815453200 ) ) ;
#2763 = DIRECTION ( 'NONE',  ( 1.000000000000000000, 0.0000000000000000000, 0.0000000000000000000 ) ) ;
#2764 = ORIENTED_EDGE ( 'NONE', *, *, #3445, .T. ) ;
#2765 = CARTESIAN_POINT ( 'NONE',  ( -1.824982215503028000, 0.1524144809251219100, -7.447574586130424600 ) ) ;
#2766 = EDGE_LOOP ( 'NONE', ( #2281, #2114, #1206, #3182, #2628, #1113, #2963, #1796, #391, #2274, #2727, #154, #2118, #2117, #3149, #1799, #744, #3635, #3510, #1431, #1708, #783, #2872, #1750, #2996, #243 ) ) ;
#2767 = ORIENTED_EDGE ( 'NONE', *, *, #1803, .T. ) ;
#2768 = CARTESIAN_POINT ( 'NONE',  ( 0.8922005383792509500, 1.545336663013166600, -2.520833333333328200 ) ) ;
#2769 = CARTESIAN_POINT ( 'NONE',  ( -1.892491597964127200E-016, -1.545336663013167100, -3.512499999999994800 ) ) ;
#2770 = CARTESIAN_POINT ( 'NONE',  ( 0.8922005383792507300, 1.545336663013166400, 0.8916666666666707200 ) ) ;
#2771 = LINE ( 'NONE', #2660, #1248 ) ;
#2772 = CARTESIAN_POINT ( 'NONE',  ( -1.892491597964127000E-016, -1.545336663013166900, -2.199999999999996200 ) ) ;
#2773 = VERTEX_POINT ( 'NONE', #1641 ) ;
#2774 = ORIENTED_EDGE ( 'NONE', *, *, #1862, .T. ) ;
#2775 = ORIENTED_EDGE ( 'NONE', *, *, #1361, .T. ) ;
#2776 = CARTESIAN_POINT ( 'NONE',  ( 1.338300807568875600, 0.7726683315065825400, -1.179166666666661800 ) ) ;
#2777 = ADVANCED_FACE ( 'NONE', ( #1975 ), #2823, .T. ) ;
#2778 = CYLINDRICAL_SURFACE ( 'NONE', #160, 2.000000000000000400 ) ;
#2779 = CARTESIAN_POINT ( 'NONE',  ( 0.0000000000000000000, 2.000000000000000400, -4.212499999999998600 ) ) ;
#2780 = CARTESIAN_POINT ( 'NONE',  ( -1.219839138126358500, 1.297254217352958900, -7.498392267074334100 ) ) ;
#2781 = LINE ( 'NONE', #958, #3249 ) ;
#2782 = CARTESIAN_POINT ( 'NONE',  ( -0.8922005383792498400, 1.545336663013167100, -4.504166666666661100 ) ) ;
#2783 = CARTESIAN_POINT ( 'NONE',  ( -1.338300807568874700, 0.7726683315065836500, 1.766666666666671500 ) ) ;
#2784 = CARTESIAN_POINT ( 'NONE',  ( -0.8922005383792502900, -1.545336663013166400, 0.5416666666666711800 ) ) ;
#2785 = AXIS2_PLACEMENT_3D ( 'NONE', #1453, #1132, #2263 ) ;
#2786 = CARTESIAN_POINT ( 'NONE',  ( 0.0000000000000000000, 1.545336663013167100, -2.462499999999995000 ) ) ;
#2787 = CARTESIAN_POINT ( 'NONE',  ( 0.3231101680837456000, -1.519677625499321400, -7.729663336986827300 ) ) ;
#2788 = CALENDAR_DATE ( 2021, 8, 9 ) ;
#2789 = CARTESIAN_POINT ( 'NONE',  ( 0.0000000000000000000, 2.000000000000000400, -7.099999999999998800 ) ) ;
#2790 = CARTESIAN_POINT ( 'NONE',  ( -0.5000000000000003300, -1.634511341183333500E-015, 3.199999999999999700 ) ) ;
#2791 =( BOUNDED_CURVE ( )  B_SPLINE_CURVE ( 2, ( #1275, #148, #3317, #2420, #403, #3336, #1590 ),
 .UNSPECIFIED., .F., .T. ) 
 B_SPLINE_CURVE_WITH_KNOTS ( ( 3, 2, 2, 3 ),
 ( 0.6428148519000864700, 0.6532315185667532100, 0.6636481852334197300, 0.6740648519000864700 ),
 .UNSPECIFIED. ) 
 CURVE ( )  GEOMETRIC_REPRESENTATION_ITEM ( )  RATIONAL_B_SPLINE_CURVE ( ( 1.000000000000000000, 0.8660254037844387100, 1.000000000000000000, 0.8660254037844387100, 1.000000000000000000, 0.8660254037844387100, 1.000000000000000000 ) ) 
 REPRESENTATION_ITEM ( '' )  );
#2792 = CARTESIAN_POINT ( 'NONE',  ( -2.449293598294707400E-016, -2.000000000000000400, -1.762499999999998600 ) ) ;
#2793 = CARTESIAN_POINT ( 'NONE',  ( 1.784401076758499900, -3.076254464281110000E-016, -4.037499999999994300 ) ) ;
#2794 = CARTESIAN_POINT ( 'NONE',  ( -1.892491597964127000E-016, -1.545336663013166900, 2.000000000000003600 ) ) ;
#2795 = CARTESIAN_POINT ( 'NONE',  ( -1.641530488788067100, 0.2474591172720281300, 2.506317837698806900 ) ) ;
#2796 = ORIENTED_EDGE ( 'NONE', *, *, #2431, .T. ) ;
#2797 = CARTESIAN_POINT ( 'NONE',  ( 0.0000000000000000000, 2.037888611415570800, 2.065625000000001600 ) ) ;
#2798 = EDGE_CURVE ( 'NONE', #3596, #1883, #3622, .T. ) ;
#2799 = CARTESIAN_POINT ( 'NONE',  ( -1.154700538379251500, 2.000000000000000400, -7.041666666666666100 ) ) ;
#2800 = CARTESIAN_POINT ( 'NONE',  ( -1.732050807568877600, -0.9999999999999997800, -6.779166666666664100 ) ) ;
#2801 = CARTESIAN_POINT ( 'NONE',  ( 1.150689839360178100, 1.551770749799530600, -0.04208075276595771300 ) ) ;
#2802 = AXIS2_PLACEMENT_3D ( 'NONE', #1802, #91, #332 ) ;
#2803 = CARTESIAN_POINT ( 'NONE',  ( 0.0000000000000000000, 2.000000000000000400, -7.012499999999997500 ) ) ;
#2804 = CARTESIAN_POINT ( 'NONE',  ( -1.338300807568875200, -0.7726683315065832100, -5.729166666666661600 ) ) ;
#2805 = CARTESIAN_POINT ( 'NONE',  ( 2.353151076758504900, -4.121031264803704200E-016, -7.909374999999999800 ) ) ;
#2806 = ORIENTED_EDGE ( 'NONE', *, *, #536, .T. ) ;
#2807 = ORIENTED_EDGE ( 'NONE', *, *, #995, .T. ) ;
#2808 = CARTESIAN_POINT ( 'NONE',  ( 1.862752265765957400, -0.3534035141731037800, 1.524394499597790900 ) ) ;
#2809 = CARTESIAN_POINT ( 'NONE',  ( 0.1167948814787583800, -1.603550405633996900, -7.671449594366000800 ) ) ;
#2810 = ORIENTED_EDGE ( 'NONE', *, *, #1994, .T. ) ;
#2811 = CARTESIAN_POINT ( 'NONE',  ( 0.0000000000000000000, 2.000000000000000400, -2.112499999999998500 ) ) ;
#2812 = ORIENTED_EDGE ( 'NONE', *, *, #3003, .F. ) ;
#2813 = CARTESIAN_POINT ( 'NONE',  ( -0.2380770839911612000, -1.925521195320897500, -7.338546982182164100 ) ) ;
#2814 = EDGE_LOOP ( 'NONE', ( #1285, #1201, #1561, #3502 ) ) ;
#2815 = CARTESIAN_POINT ( 'NONE',  ( 1.154700538379245900, -2.000000000000010700, -6.604166666666665200 ) ) ;
#2816 = CARTESIAN_POINT ( 'NONE',  ( 1.338300807568874500, -0.7726683315065842100, -1.995833333333328700 ) ) ;
#2817 = CARTESIAN_POINT ( 'NONE',  ( 2.449293598294706900E-016, 2.000000000000000400, 2.200000000000000600 ) ) ;
#2818 = ORIENTED_EDGE ( 'NONE', *, *, #3179, .T. ) ;
#2819 = CARTESIAN_POINT ( 'NONE',  ( -1.784401076758499700, 1.294267669813665100E-016, 0.4250000000000034900 ) ) ;
#2820 = VECTOR ( 'NONE', #2355, 1000.000000000000000 ) ;
#2821 = AXIS2_PLACEMENT_3D ( 'NONE', #3516, #3564, #1509 ) ;
#2822 = EDGE_CURVE ( 'NONE', #347, #1165, #1037, .T. ) ;
#2823 = PLANE ( 'NONE',  #836 ) ;
#2824 = CARTESIAN_POINT ( 'NONE',  ( 0.0000000000000000000, 6.628682924999594700E-017, 2.200000000000000600 ) ) ;
#2825 = FACE_OUTER_BOUND ( 'NONE', #1489, .T. ) ;
#2826 = CARTESIAN_POINT ( 'NONE',  ( 0.0000000000000000000, 1.545336663013167100, -7.362499999999994500 ) ) ;
#2827 = DIRECTION ( 'NONE',  ( -0.0000000000000000000, -2.585091490897069900E-018, 1.000000000000000000 ) ) ;
#2828 = EDGE_CURVE ( 'NONE', #354, #3059, #2289, .T. ) ;
#2829 = CARTESIAN_POINT ( 'NONE',  ( -3.750000000000000000, 4.592425496802574000E-016, 2.200000000000001100 ) ) ;
#2830 = DIRECTION ( 'NONE',  ( -0.0000000000000000000, -2.585091490897066400E-018, 1.000000000000000000 ) ) ;
#2831 = CARTESIAN_POINT ( 'NONE',  ( 0.0000000000000000000, 1.545336663013166900, -7.449999999999995700 ) ) ;
#2832 = CARTESIAN_POINT ( 'NONE',  ( -0.8922005383792506200, -1.545336663013166600, -2.170833333333328500 ) ) ;
#2833 = CARTESIAN_POINT ( 'NONE',  ( -2.449293598294707400E-016, -2.000000000000000400, -1.762499999999998600 ) ) ;
#2834 = CARTESIAN_POINT ( 'NONE',  ( -1.176575538379253100, -2.037888611415570300, -7.442708333333332100 ) ) ;
#2835 = AXIS2_PLACEMENT_3D ( 'NONE', #1653, #785, #1076 ) ;
#2836 =( BOUNDED_SURFACE ( )  B_SPLINE_SURFACE ( 1, 2, ( 
 ( #1670, #2513, #1120, #3091, #2226, #2524, #497, #802, #236, #1979, #1077, #1089, #2826, #3117, #1415, #1387, #3404, #3700, #3433, #1964, #3129, #814, #2251, #1709, #1400, #3713, #2264, #1359, #488, #1470, #41, #898, #884, #314, #1723, #872, #3161, #29, #1426, #2051, #551, #2036, #3488, #3724, #3, #2558, #2582, #16, #2904, #845, #2315, #2855, #597, #858, #327, #2892, #297, #3473, #2598, #1190, #2305, #1179, #2004, #1766, #2571, #1167, #3446, #1149, #3195, #2611, #281, #2334, #610, #1134, #2875, #1992, #3172, #564, #579, #265, #3180, #3210, #1456, #2919, #1735, #2295, #1488, #1441, #2277, #3500, #3456, #2024, #1751, #3609, #1366, #1890, #2786, #1380, #3729, #555, #3068, #3333, #3051, #1930, #2215, #1598, #3658, #2204, #1331, #1054, #1588, #1629, #3621, #1309, #2190, #2437, #2476, #765, #2776, #3314, #728, #147, #2169, #1002, #1891, #178, #3025, #461, #162, #2176, #3369, #3610, #436, #3354, #2737, #2750, #752, #3080, #1016, #3039, #3646, #450, #1347, #2454, #737, #1035, #199, #1321, #1914, #191, #2465, #1642, #473, #2427, #3344, #1874, #714, #2721, #1298, #1617, #3629, #1045, #1907, #1681, #1939, #811, #496, #534, #1654, #1101, #247, #1667, #3681, #1088, #823, #868, #1465, #2851, #3483, #1130, #1761, #3168, #606, #3470, #2889, #590, #2607 ),
 ( #894, #2001, #3452, #2914, #548, #277, #2554, #840, #2569, #1731, #3158, #293, #2869, #854, #1146, #1815, #3229, #2110, #2363, #2664, #685, #723, #2731, #2681, #2698, #1284, #1273, #3594, #2387, #3305, #1575, #1841, #979, #2997, #2991, #3005, #1559, #378, #1269, #1245, #1572, #124, #976, #2706, #3257, #2385, #2974, #115, #666, #409, #2417, #696, #1235, #2666, #1817, #97, #2656, #3269, #1838, #941, #2136, #1826, #107, #1281, #1527, #2112, #2994, #953, #677, #2405, #987, #1537, #3560, #3292, #2126, #3009, #387, #2395, #2683, #3591, #963, #3579, #1850, #399, #3302, #2143, #1859, #2986, #3544, #138, #371, #2377, #652, #2960, #687, #1260, #3281, #1549, #2696, #3570, #2201, #2717, #457, #1912, #2156, #2166, #999, #1031, #2174, #3064, #3023, #2463, #1292, #2757, #3036, #468, #3046, #2448, #1901, #2185, #3363, #734, #746, #429, #187, #1012, #1318, #1585, #3326, #1042, #1050, #3605, #1325, #3351, #3311, #1307, #417, #1596, #2733, #2747, #2425, #3341, #1637, #1610, #3075, #157, #145, #1626, #3619, #711, #3638, #2474, #762, #1342, #1869, #2770, #3655, #2434, #1925, #3627, #1887, #725, #447, #175, #208, #1094, #1074, #1407, #3704, #806, #2783, #482, #3398, #2222, #2794, #3692, #492, #240, #2259, #531, #1063, #2496, #1649, #3666, #2482, #3098, #1674 ) ),
 .UNSPECIFIED., .F., .F., .T. ) 
 B_SPLINE_SURFACE_WITH_KNOTS ( ( 2, 2 ),
 ( 3, 2, 2, 2, 2, 2, 2, 2, 2, 2, 2, 2, 2, 2, 2, 2, 2, 2, 2, 2, 2, 2, 2, 2, 2, 2, 2, 2, 2, 2, 2, 2, 2, 2, 2, 2, 2, 2, 2, 2, 2, 2, 2, 2, 2, 2, 2, 2, 2, 2, 2, 2, 2, 2, 2, 2, 2, 2, 2, 2, 2, 2, 2, 2, 2, 2, 2, 2, 2, 2, 2, 2, 2, 2, 2, 2, 2, 2, 2, 2, 2, 2, 2, 2, 2, 2, 2, 2, 2, 2, 2, 2, 2, 3 ),
 ( 0.0000000000000000000, 1.000000000000000000 ),
 ( 0.0000000000000000000, 0.01041666666666666600, 0.02083333333333333200, 0.03125000000000000000, 0.04166666666666666400, 0.05208333333333333600, 0.06250000000000000000, 0.07291666666666667100, 0.08333333333333332900, 0.09375000000000000000, 0.1041666666666666700, 0.1145833333333333300, 0.1250000000000000000, 0.1354166666666666600, 0.1458333333333333400, 0.1562500000000000000, 0.1666666666666666600, 0.1770833333333333400, 0.1875000000000000000, 0.1979166666666666600, 0.2083333333333333400, 0.2187500000000000000, 0.2291666666666666600, 0.2395833333333333400, 0.2500000000000000000, 0.2604166666666666900, 0.2708333333333333100, 0.2812500000000000000, 0.2916666666666666900, 0.3020833333333333100, 0.3125000000000000000, 0.3229166666666666900, 0.3333333333333333100, 0.3437500000000000000, 0.3541666666666666900, 0.3645833333333333100, 0.3750000000000000000, 0.3854166666666666900, 0.3958333333333333100, 0.4062500000000000000, 0.4166666666666666900, 0.4270833333333333100, 0.4375000000000000000, 0.4479166666666666900, 0.4583333333333333100, 0.4687500000000000000, 0.4791666666666666900, 0.4895833333333333100, 0.5000000000000000000, 0.5104166666666666300, 0.5208333333333333700, 0.5312500000000000000, 0.5416666666666666300, 0.5520833333333333700, 0.5625000000000000000, 0.5729166666666666300, 0.5833333333333333700, 0.5937500000000000000, 0.6041666666666666300, 0.6145833333333333700, 0.6250000000000000000, 0.6354166666666666300, 0.6458333333333333700, 0.6562500000000000000, 0.6666666666666666300, 0.6770833333333333700, 0.6875000000000000000, 0.6979166666666666300, 0.7083333333333333700, 0.7187500000000000000, 0.7291666666666666300, 0.7395833333333333700, 0.7500000000000000000, 0.7604166666666666300, 0.7708333333333333700, 0.7812500000000000000, 0.7916666666666666300, 0.8020833333333333700, 0.8125000000000000000, 0.8229166666666666300, 0.8333333333333333700, 0.8437500000000000000, 0.8541666666666666300, 0.8645833333333333700, 0.8750000000000000000, 0.8854166666666666300, 0.8958333333333333700, 0.9062500000000000000, 0.9166666666666666300, 0.9270833333333333700, 0.9375000000000000000, 0.9479166666666666300, 0.9553146621141270800, 0.9648678087352683400 ),
 .UNSPECIFIED. ) 
 GEOMETRIC_REPRESENTATION_ITEM ( )  RATIONAL_B_SPLINE_SURFACE ( (
 ( 1.000000000000000000, 0.8660254037844387100, 1.000000000000000000, 0.8660254037844387100, 1.000000000000000000, 0.8660254037844387100, 1.000000000000000000, 0.8660254037844387100, 1.000000000000000000, 0.8660254037844387100, 1.000000000000000000, 0.8660254037844387100, 1.000000000000000000, 0.8660254037844387100, 1.000000000000000000, 0.8660254037844387100, 1.000000000000000000, 0.8660254037844387100, 1.000000000000000000, 0.8660254037844387100, 1.000000000000000000, 0.8660254037844387100, 1.000000000000000000, 0.8660254037844387100, 1.000000000000000000, 0.8660254037844387100, 1.000000000000000000, 0.8660254037844387100, 1.000000000000000000, 0.8660254037844387100, 1.000000000000000000, 0.8660254037844387100, 1.000000000000000000, 0.8660254037844387100, 1.000000000000000000, 0.8660254037844387100, 1.000000000000000000, 0.8660254037844387100, 1.000000000000000000, 0.8660254037844387100, 1.000000000000000000, 0.8660254037844387100, 1.000000000000000000, 0.8660254037844387100, 1.000000000000000000, 0.8660254037844387100, 1.000000000000000000, 0.8660254037844387100, 1.000000000000000000, 0.8660254037844387100, 1.000000000000000000, 0.8660254037844387100, 1.000000000000000000, 0.8660254037844387100, 1.000000000000000000, 0.8660254037844387100, 1.000000000000000000, 0.8660254037844387100, 1.000000000000000000, 0.8660254037844387100, 1.000000000000000000, 0.8660254037844387100, 1.000000000000000000, 0.8660254037844387100, 1.000000000000000000, 0.8660254037844387100, 1.000000000000000000, 0.8660254037844387100, 1.000000000000000000, 0.8660254037844387100, 1.000000000000000000, 0.8660254037844387100, 1.000000000000000000, 0.8660254037844387100, 1.000000000000000000, 0.8660254037844387100, 1.000000000000000000, 0.8660254037844387100, 1.000000000000000000, 0.8660254037844387100, 1.000000000000000000, 0.8660254037844387100, 1.000000000000000000, 0.8660254037844387100, 1.000000000000000000, 0.8660254037844387100, 1.000000000000000000, 0.8660254037844387100, 1.000000000000000000, 0.8660254037844387100, 1.000000000000000000, 0.8660254037844387100, 1.000000000000000000, 0.8660254037844387100, 1.000000000000000000, 0.8660254037844387100, 1.000000000000000000, 0.8660254037844387100, 1.000000000000000000, 0.8660254037844387100, 1.000000000000000000, 0.8660254037844387100, 1.000000000000000000, 0.8660254037844387100, 1.000000000000000000, 0.8660254037844387100, 1.000000000000000000, 0.8660254037844387100, 1.000000000000000000, 0.8660254037844387100, 1.000000000000000000, 0.8660254037844387100, 1.000000000000000000, 0.8660254037844387100, 1.000000000000000000, 0.8660254037844387100, 1.000000000000000000, 0.8660254037844387100, 1.000000000000000000, 0.8660254037844387100, 1.000000000000000000, 0.8660254037844387100, 1.000000000000000000, 0.8660254037844387100, 1.000000000000000000, 0.8660254037844387100, 1.000000000000000000, 0.8660254037844387100, 1.000000000000000000, 0.8660254037844387100, 1.000000000000000000, 0.8660254037844387100, 1.000000000000000000, 0.8660254037844387100, 1.000000000000000000, 0.8660254037844387100, 1.000000000000000000, 0.8660254037844387100, 1.000000000000000000, 0.8660254037844387100, 1.000000000000000000, 0.8660254037844387100, 1.000000000000000000, 0.8660254037844387100, 1.000000000000000000, 0.8660254037844387100, 1.000000000000000000, 0.8660254037844387100, 1.000000000000000000, 0.8660254037844387100, 1.000000000000000000, 0.8660254037844387100, 1.000000000000000000, 0.8660254037844387100, 1.000000000000000000, 0.8660254037844387100, 1.000000000000000000, 0.8660254037844387100, 1.000000000000000000, 0.8660254037844387100, 1.000000000000000000, 0.8660254037844387100, 1.000000000000000000, 0.8660254037844387100, 1.000000000000000000, 0.8660254037844387100, 1.000000000000000000, 0.8660254037844387100, 1.000000000000000000, 0.8660254037844387100, 1.000000000000000000, 0.8660254037844387100, 1.000000000000000000, 0.8660254037844387100, 1.000000000000000000, 0.8660254037844387100, 1.000000000000000000, 0.8660254037844387100, 1.000000000000000000, 0.8660254037844387100, 1.000000000000000000, 0.8660254037844387100, 1.000000000000000000, 0.9048502285237055600, 0.9448526316794476600, 0.9448526316794476600, 0.9448526316794476600),
 ( 1.000000000000000000, 0.8660254037844387100, 1.000000000000000000, 0.8660254037844387100, 1.000000000000000000, 0.8660254037844387100, 1.000000000000000000, 0.8660254037844387100, 1.000000000000000000, 0.8660254037844387100, 1.000000000000000000, 0.8660254037844387100, 1.000000000000000000, 0.8660254037844387100, 1.000000000000000000, 0.8660254037844387100, 1.000000000000000000, 0.8660254037844387100, 1.000000000000000000, 0.8660254037844387100, 1.000000000000000000, 0.8660254037844387100, 1.000000000000000000, 0.8660254037844387100, 1.000000000000000000, 0.8660254037844387100, 1.000000000000000000, 0.8660254037844387100, 1.000000000000000000, 0.8660254037844387100, 1.000000000000000000, 0.8660254037844387100, 1.000000000000000000, 0.8660254037844387100, 1.000000000000000000, 0.8660254037844387100, 1.000000000000000000, 0.8660254037844387100, 1.000000000000000000, 0.8660254037844387100, 1.000000000000000000, 0.8660254037844387100, 1.000000000000000000, 0.8660254037844387100, 1.000000000000000000, 0.8660254037844387100, 1.000000000000000000, 0.8660254037844387100, 1.000000000000000000, 0.8660254037844387100, 1.000000000000000000, 0.8660254037844387100, 1.000000000000000000, 0.8660254037844387100, 1.000000000000000000, 0.8660254037844387100, 1.000000000000000000, 0.8660254037844387100, 1.000000000000000000, 0.8660254037844387100, 1.000000000000000000, 0.8660254037844387100, 1.000000000000000000, 0.8660254037844387100, 1.000000000000000000, 0.8660254037844387100, 1.000000000000000000, 0.8660254037844387100, 1.000000000000000000, 0.8660254037844387100, 1.000000000000000000, 0.8660254037844387100, 1.000000000000000000, 0.8660254037844387100, 1.000000000000000000, 0.8660254037844387100, 1.000000000000000000, 0.8660254037844387100, 1.000000000000000000, 0.8660254037844387100, 1.000000000000000000, 0.8660254037844387100, 1.000000000000000000, 0.8660254037844387100, 1.000000000000000000, 0.8660254037844387100, 1.000000000000000000, 0.8660254037844387100, 1.000000000000000000, 0.8660254037844387100, 1.000000000000000000, 0.8660254037844387100, 1.000000000000000000, 0.8660254037844387100, 1.000000000000000000, 0.8660254037844387100, 1.000000000000000000, 0.8660254037844387100, 1.000000000000000000, 0.8660254037844387100, 1.000000000000000000, 0.8660254037844387100, 1.000000000000000000, 0.8660254037844387100, 1.000000000000000000, 0.8660254037844387100, 1.000000000000000000, 0.8660254037844387100, 1.000000000000000000, 0.8660254037844387100, 1.000000000000000000, 0.8660254037844387100, 1.000000000000000000, 0.8660254037844387100, 1.000000000000000000, 0.8660254037844387100, 1.000000000000000000, 0.8660254037844387100, 1.000000000000000000, 0.8660254037844387100, 1.000000000000000000, 0.8660254037844387100, 1.000000000000000000, 0.8660254037844387100, 1.000000000000000000, 0.8660254037844387100, 1.000000000000000000, 0.8660254037844387100, 1.000000000000000000, 0.8660254037844387100, 1.000000000000000000, 0.8660254037844387100, 1.000000000000000000, 0.8660254037844387100, 1.000000000000000000, 0.8660254037844387100, 1.000000000000000000, 0.8660254037844387100, 1.000000000000000000, 0.8660254037844387100, 1.000000000000000000, 0.8660254037844387100, 1.000000000000000000, 0.8660254037844387100, 1.000000000000000000, 0.8660254037844387100, 1.000000000000000000, 0.8660254037844387100, 1.000000000000000000, 0.8660254037844387100, 1.000000000000000000, 0.8660254037844387100, 1.000000000000000000, 0.8660254037844387100, 1.000000000000000000, 0.8660254037844387100, 1.000000000000000000, 0.8660254037844387100, 1.000000000000000000, 0.8660254037844387100, 1.000000000000000000, 0.8660254037844387100, 1.000000000000000000, 0.8660254037844387100, 1.000000000000000000, 0.8660254037844387100, 1.000000000000000000, 0.8660254037844387100, 1.000000000000000000, 0.8660254037844387100, 1.000000000000000000, 0.8660254037844387100, 1.000000000000000000, 0.8660254037844387100, 1.000000000000000000, 0.8660254037844387100, 1.000000000000000000, 0.8660254037844387100, 1.000000000000000000, 0.8660254037844387100, 1.000000000000000000, 0.8660254037844387100, 1.000000000000000000, 0.9048502285237055600, 0.9448526316794476600, 0.9448526316794476600, 0.9448526316794476600) ) ) 
 REPRESENTATION_ITEM ( '' )  SURFACE ( )  );
#2837 = PERSON_AND_ORGANIZATION ( #871, #911 ) ;
#2838 = CARTESIAN_POINT ( 'NONE',  ( -0.4027449373036398100, -1.176446984686829300, 0.8682050818019069200 ) ) ;
#2839 = CARTESIAN_POINT ( 'NONE',  ( 0.0000000000000000000, 2.000000000000000400, -5.699999999999999300 ) ) ;
#2840 = CARTESIAN_POINT ( 'NONE',  ( 1.732050807568878300, 0.9999999999999986700, -0.2166666666666653700 ) ) ;
#2841 = CARTESIAN_POINT ( 'NONE',  ( -2.449293598294707400E-016, -2.000000000000000400, -4.562499999999999100 ) ) ;
#2842 = CIRCLE ( 'NONE', #2059, 7.522351246410528900 ) ;
#2843 = B_SPLINE_CURVE_WITH_KNOTS ( 'NONE', 3,
 ( #3425, #1696, #888, #863 ),
 .UNSPECIFIED., .F., .F.,
 ( 4, 4 ),
 ( 0.0000000000000000000, 0.0009009551009820393000 ),
 .UNSPECIFIED. ) ;
#2844 = CARTESIAN_POINT ( 'NONE',  ( 2.000000000000001300, 0.0000000000000000000, 0.0000000000000000000 ) ) ;
#2845 = CARTESIAN_POINT ( 'NONE',  ( -1.892491597964127000E-016, -1.545336663013166900, -5.699999999999995700 ) ) ;
#2846 = CARTESIAN_POINT ( 'NONE',  ( -1.784401076758499900, 1.294267669813665100E-016, -1.587499999999995000 ) ) ;
#2847 = CARTESIAN_POINT ( 'NONE',  ( 0.4502207085258349600, 2.303974247209648900, 2.631020094855892400 ) ) ;
#2848 = CARTESIAN_POINT ( 'NONE',  ( -1.764863307568878400, 1.018944305707785600, -6.217708333333331600 ) ) ;
#2849 = CARTESIAN_POINT ( 'NONE',  ( -2.449293598294707400E-016, -2.000000000000000400, -2.549999999999998500 ) ) ;
#2850 = DIRECTION ( 'NONE',  ( -0.0000000000000000000, -0.0000000000000000000, -1.000000000000000000 ) ) ;
#2851 = CARTESIAN_POINT ( 'NONE',  ( 1.784401076758499900, -3.076254464281109500E-016, 2.262500000000004600 ) ) ;
#2852 = CARTESIAN_POINT ( 'NONE',  ( -0.9260866994489883600, 1.503475821657094300, -7.513257122752897900 ) ) ;
#2853 = PLANE ( 'NONE',  #1640 ) ;
#2854 = EDGE_CURVE ( 'NONE', #3644, #743, #434, .T. ) ;
#2855 = CARTESIAN_POINT ( 'NONE',  ( -1.784401076758499900, 1.294267669813664600E-016, -5.087499999999995900 ) ) ;
#2856 = CARTESIAN_POINT ( 'NONE',  ( 0.0000000000000000000, 0.0000000000000000000, 2.200000000000001100 ) ) ;
#2857 = FACE_OUTER_BOUND ( 'NONE', #2188, .T. ) ;
#2858 = ORIENTED_EDGE ( 'NONE', *, *, #1846, .F. ) ;
#2859 = CARTESIAN_POINT ( 'NONE',  ( 0.5000000000000003300, 5.125992680026469200E-015, 3.199999999999999700 ) ) ;
#2860 = CARTESIAN_POINT ( 'NONE',  ( 0.4657886768156941400, -2.349495442072245600, 2.808962786656433500 ) ) ;
#2861 = CARTESIAN_POINT ( 'NONE',  ( -0.8922005383792506200, -1.545336663013166600, -1.470833333333328300 ) ) ;
#2862 = DIRECTION ( 'NONE',  ( 0.0000000000000000000, -1.000000000000000000, 0.0000000000000000000 ) ) ;
#2863 = CARTESIAN_POINT ( 'NONE',  ( -2.353151076758504900, 1.642526603321196600E-016, -5.459374999999998800 ) ) ;
#2864 = VERTEX_POINT ( 'NONE', #2536 ) ;
#2865 =( BOUNDED_CURVE ( )  B_SPLINE_CURVE ( 2, ( #3582, #2700, #981, #3574, #3041, #1312, #967 ),
 .UNSPECIFIED., .F., .T. ) 
 B_SPLINE_CURVE_WITH_KNOTS ( ( 3, 2, 2, 3 ),
 ( 0.7053148519000864700, 0.7157315185667531000, 0.7261481852334198400, 0.7365648519000864700 ),
 .UNSPECIFIED. ) 
 CURVE ( )  GEOMETRIC_REPRESENTATION_ITEM ( )  RATIONAL_B_SPLINE_CURVE ( ( 1.000000000000000000, 0.8660254037844387100, 1.000000000000000000, 0.8660254037844387100, 1.000000000000000000, 0.8660254037844387100, 1.000000000000000000 ) ) 
 REPRESENTATION_ITEM ( '' )  );
#2866 = ORIENTED_EDGE ( 'NONE', *, *, #3206, .F. ) ;
#2867 = CARTESIAN_POINT ( 'NONE',  ( -2.449293598294707400E-016, -2.000000000000000400, -3.249999999999998700 ) ) ;
#2868 = PRODUCT_DEFINITION_SHAPE ( 'NONE', 'NONE',  #2550 ) ;
#2869 = CARTESIAN_POINT ( 'NONE',  ( 0.0000000000000000000, 1.545336663013166900, -7.449999999999995700 ) ) ;
#2870 = CARTESIAN_POINT ( 'NONE',  ( -1.176575538379252000, 2.037888611415570800, -7.019791666666665500 ) ) ;
#2871 = CARTESIAN_POINT ( 'NONE',  ( 0.1576919807739843300, 1.101157216315152800E-015, -4.317453739353333700 ) ) ;
#2872 = ORIENTED_EDGE ( 'NONE', *, *, #683, .T. ) ;
#2873 = ORIENTED_EDGE ( 'NONE', *, *, #1047, .T. ) ;
#2874 = ORIENTED_EDGE ( 'NONE', *, *, #333, .F. ) ;
#2875 = CARTESIAN_POINT ( 'NONE',  ( -1.338300807568874900, 0.7726683315065837600, -3.745833333333328200 ) ) ;
#2876 = CARTESIAN_POINT ( 'NONE',  ( -0.6034951918157778200, 0.6034951918157732700, 0.4819823870704100800 ) ) ;
#2877 = CARTESIAN_POINT ( 'NONE',  ( -2.449293598294707400E-016, -2.000000000000000400, -1.849999999999999200 ) ) ;
#2878 = CIRCLE ( 'NONE', #364, 2.107807916659751900 ) ;
#2879 = CARTESIAN_POINT ( 'NONE',  ( -2.449293598294707400E-016, -2.000000000000000400, -1.849999999999999200 ) ) ;
#2880 = CARTESIAN_POINT ( 'NONE',  ( 1.338300807568875400, 0.7726683315065824300, -7.566666666666662900 ) ) ;
#2881 = CARTESIAN_POINT ( 'NONE',  ( 1.338300807568875600, 0.7726683315065825400, -0.4791666666666615800 ) ) ;
#2882 = DIRECTION ( 'NONE',  ( 1.000000000000000000, -1.509903313490212900E-014, 0.0000000000000000000 ) ) ;
#2883 = CARTESIAN_POINT ( 'NONE',  ( 2.353151076758504900, -4.121031264803704200E-016, -3.709374999999999200 ) ) ;
#2884 = ADVANCED_FACE ( 'NONE', ( #1528 ), #2540, .T. ) ;
#2885 = LINE ( 'NONE', #351, #980 ) ;
#2886 = CC_DESIGN_DATE_AND_TIME_ASSIGNMENT ( #1540, #1843, ( #2550 ) ) ;
#2887 = EDGE_CURVE ( 'NONE', #2724, #384, #2078, .T. ) ;
#2888 = PLANE ( 'NONE',  #2021 ) ;
#2889 = CARTESIAN_POINT ( 'NONE',  ( -1.506607496211390200, -0.3438011844254114100, 2.638455598636198400 ) ) ;
#2890 = CARTESIAN_POINT ( 'NONE',  ( 1.176575538379251800, -2.037888611415571200, -4.569791666666664500 ) ) ;
#2891 = CARTESIAN_POINT ( 'NONE',  ( 0.0000000000000000000, 2.000000000000000400, -4.912499999999998800 ) ) ;
#2892 = CARTESIAN_POINT ( 'NONE',  ( 0.8922005383792495100, -1.545336663013167700, -4.854166666666661600 ) ) ;
#2893 = DIRECTION ( 'NONE',  ( 0.0000000000000000000, -0.08715574274765836000, -0.9961946980917455500 ) ) ;
#2894 = CARTESIAN_POINT ( 'NONE',  ( 0.0000000000000000000, 2.000000000000000400, -5.612499999999998900 ) ) ;
#2895 = CARTESIAN_POINT ( 'NONE',  ( -0.8922005383792497300, 1.545336663013166900, -5.991666666666663600 ) ) ;
#2896 = CARTESIAN_POINT ( 'NONE',  ( 0.3348718104150137400, -1.650665194268274000, 1.312576156383122900 ) ) ;
#2897 = CARTESIAN_POINT ( 'NONE',  ( 1.308182966920135500, -0.3590764091019532600, 0.9832910600397514200 ) ) ;
#2898 = CARTESIAN_POINT ( 'NONE',  ( 2.353151076758504900, -4.121031264803704200E-016, -4.409374999999999800 ) ) ;
#2899 = CARTESIAN_POINT ( 'NONE',  ( 2.309401076758503800, -4.040663818609657100E-016, -3.774999999999999900 ) ) ;
#2900 = CARTESIAN_POINT ( 'NONE',  ( -1.438218879622112900, 0.3163714390882406100, 1.101115944497855300 ) ) ;
#2901 = CARTESIAN_POINT ( 'NONE',  ( 1.176575538379251800, -2.037888611415571200, -5.969791666666665700 ) ) ;
#2902 = CARTESIAN_POINT ( 'NONE',  ( 0.0000000000000000000, 3.252606517456513300E-016, 3.199999999999999700 ) ) ;
#2903 = DIRECTION ( 'NONE',  ( 0.9238795325112867400, -0.3826834323650898900, 0.0000000000000000000 ) ) ;
#2904 = CARTESIAN_POINT ( 'NONE',  ( 0.0000000000000000000, 1.545336663013167100, -5.262499999999994800 ) ) ;
#2905 = DIRECTION ( 'NONE',  ( 0.0000000000000000000, 0.0000000000000000000, 1.000000000000000000 ) ) ;
#2906 = CARTESIAN_POINT ( 'NONE',  ( 1.732050807568878300, 0.9999999999999986700, -1.616666666666665600 ) ) ;
#2907 = CARTESIAN_POINT ( 'NONE',  ( -1.892491597964127000E-016, -1.545336663013166900, -2.899999999999995500 ) ) ;
#2908 = CARTESIAN_POINT ( 'NONE',  ( 1.154700538379251200, 2.000000000000002700, -7.070833333333332000 ) ) ;
#2909 = DIRECTION ( 'NONE',  ( 3.478195198241799100E-015, -0.9961946980917455500, 0.08715574274765836000 ) ) ;
#2910 = CARTESIAN_POINT ( 'NONE',  ( -1.176575538379253100, -2.037888611415570300, -4.642708333333331400 ) ) ;
#2911 = CARTESIAN_POINT ( 'NONE',  ( 0.9062599177584492700, -1.251702186431388900, -7.729663336986675400 ) ) ;
#2912 = ORIENTED_EDGE ( 'NONE', *, *, #3585, .T. ) ;
#2913 = CARTESIAN_POINT ( 'NONE',  ( 1.154700538379252800, 1.999999999999999600, -6.458333333333333000 ) ) ;
#2914 = CARTESIAN_POINT ( 'NONE',  ( -1.784401076758499700, 1.294267669813664600E-016, -7.974999999999996100 ) ) ;
#2915 = CARTESIAN_POINT ( 'NONE',  ( 0.0000000000000000000, 2.037888611415570800, -3.578124999999998700 ) ) ;
#2916 = CARTESIAN_POINT ( 'NONE',  ( -2.449293598294707400E-016, -2.000000000000000400, -3.862499999999998000 ) ) ;
#2917 = ORIENTED_EDGE ( 'NONE', *, *, #3298, .T. ) ;
#2918 = EDGE_CURVE ( 'NONE', #1865, #120, #2638, .T. ) ;
#2919 = CARTESIAN_POINT ( 'NONE',  ( 0.8922005383792508400, 1.545336663013166600, -3.220833333333328300 ) ) ;
#2920 = ORIENTED_EDGE ( 'NONE', *, *, #2275, .T. ) ;
#2921 = CARTESIAN_POINT ( 'NONE',  ( -1.892491597964127000E-016, -1.545336663013166900, -7.729663336986828200 ) ) ;
#2922 = DIRECTION ( 'NONE',  ( -0.9961946980917455500, -1.021297346059892600E-014, 0.08715574274765836000 ) ) ;
#2923 = CARTESIAN_POINT ( 'NONE',  ( -1.338300807568874700, 0.7726683315065836500, -4.533333333333329700 ) ) ;
#2924 = CARTESIAN_POINT ( 'NONE',  ( 1.401258538444093600, -1.427050983124823300, -7.274999999999997700 ) ) ;
#2925 = CARTESIAN_POINT ( 'NONE',  ( 1.438218879622116000, -0.3163714390882306800, 1.101115944497856200 ) ) ;
#2926 = ORIENTED_EDGE ( 'NONE', *, *, #2412, .T. ) ;
#2927 = CARTESIAN_POINT ( 'NONE',  ( -1.764863307568878400, 1.018944305707785600, -2.017708333333332300 ) ) ;
#2928 = EDGE_LOOP ( 'NONE', ( #1018, #2964, #3403, #1289, #2370 ) ) ;
#2929 = EDGE_LOOP ( 'NONE', ( #1472, #78, #2767, #3645, #2714 ) ) ;
#2930 = CARTESIAN_POINT ( 'NONE',  ( -2.495693764988923200E-016, -2.037888611415570800, -6.028124999999998400 ) ) ;
#2931 = CARTESIAN_POINT ( 'NONE',  ( 0.9481777448371748700, 0.3927480814518938800, 3.199999999999999700 ) ) ;
#2932 = LINE ( 'NONE', #1468, #2820 ) ;
#2933 = CARTESIAN_POINT ( 'NONE',  ( -2.309401076758503800, 1.615737454589847100E-016, -4.124999999999999100 ) ) ;
#2934 = CARTESIAN_POINT ( 'NONE',  ( 0.0000000000000000000, 2.000000000000000400, -2.899999999999999000 ) ) ;
#2935 = CARTESIAN_POINT ( 'NONE',  ( 2.325585342245953000E-011, -1.944527222831905000, -7.330472777168094600 ) ) ;
#2936 = CARTESIAN_POINT ( 'NONE',  ( 0.8922005383792494000, -1.545336663013167300, -2.841666666666662300 ) ) ;
#2937 = CARTESIAN_POINT ( 'NONE',  ( 0.0000000000000000000, 2.037888611415570800, -2.134374999999999000 ) ) ;
#2938 = EDGE_CURVE ( 'NONE', #2276, #2684, #3359, .T. ) ;
#2939 = CARTESIAN_POINT ( 'NONE',  ( 1.764863307568878200, -1.018944305707786300, 1.088541666666668300 ) ) ;
#2940 = DIRECTION ( 'NONE',  ( 0.3826834323650898900, -0.9238795325112867400, 0.0000000000000000000 ) ) ;
#2941 = CARTESIAN_POINT ( 'NONE',  ( 1.154700538379252800, 1.999999999999999600, -3.570833333333331500 ) ) ;
#2942 = AXIS2_PLACEMENT_3D ( 'NONE', #1717, #3463, #1140 ) ;
#2943 = DIRECTION ( 'NONE',  ( -0.3826834323650785100, -0.9238795325112914000, 2.121604729186511300E-014 ) ) ;
#2944 = CARTESIAN_POINT ( 'NONE',  ( -1.338300807568874900, -0.7726683315065832100, -1.616666666666662000 ) ) ;
#2945 = CARTESIAN_POINT ( 'NONE',  ( -0.3719445246096685400, 2.074731665572706200, 1.736319218633465100 ) ) ;
#2946 = CARTESIAN_POINT ( 'NONE',  ( -1.176575538379253100, -2.037888611415570300, -0.4427083333333331500 ) ) ;
#2947 = VERTEX_POINT ( 'NONE', #839 ) ;
#2948 = CARTESIAN_POINT ( 'NONE',  ( -0.9481777448371718800, -0.3927480814519003800, 3.199999999999999700 ) ) ;
#2949 = CARTESIAN_POINT ( 'NONE',  ( 0.0000000000000000000, 2.037888611415570800, -0.7781249999999984000 ) ) ;
#2950 = CARTESIAN_POINT ( 'NONE',  ( -1.175949278766129000, -0.4029094431776362200, 0.8677652511022375700 ) ) ;
#2951 = PRODUCT_RELATED_PRODUCT_CATEGORY ( 'detail', '', ( #2294 ) ) ;
#2952 = DIRECTION ( 'NONE',  ( 0.3826834323650875600, 0.9238795325112876300, -1.060802364593255500E-014 ) ) ;
#2953 = CARTESIAN_POINT ( 'NONE',  ( -1.784401076758499900, 1.294267669813664600E-016, -3.774999999999995900 ) ) ;
#2954 = EDGE_CURVE ( 'NONE', #1517, #3048, #674, .T. ) ;
#2955 = CARTESIAN_POINT ( 'NONE',  ( 2.353151076758504900, -4.121031264803704200E-016, -0.9093749999999996000 ) ) ;
#2956 = ORIENTED_EDGE ( 'NONE', *, *, #1242, .F. ) ;
#2957 = CARTESIAN_POINT ( 'NONE',  ( 0.0000000000000000000, 2.000000000000000400, -2.199999999999998800 ) ) ;
#2958 = ORIENTED_EDGE ( 'NONE', *, *, #1684, .F. ) ;
#2959 = CARTESIAN_POINT ( 'NONE',  ( 2.353151076758504900, -4.121031264803704200E-016, -2.353124999999998600 ) ) ;
#2960 = CARTESIAN_POINT ( 'NONE',  ( 1.784401076758499700, -3.076254464281109500E-016, -2.724999999999995600 ) ) ;
#2961 = CARTESIAN_POINT ( 'NONE',  ( 1.784401076758499700, -3.076254464281109500E-016, -6.924999999999995400 ) ) ;
#2962 = VERTEX_POINT ( 'NONE', #2839 ) ;
#2963 = ORIENTED_EDGE ( 'NONE', *, *, #2120, .T. ) ;
#2964 = ORIENTED_EDGE ( 'NONE', *, *, #111, .T. ) ;
#2965 = LINE ( 'NONE', #1451, #3420 ) ;
#2966 = AXIS2_PLACEMENT_3D ( 'NONE', #1662, #256, #2284 ) ;
#2967 = CARTESIAN_POINT ( 'NONE',  ( 0.0000000000000000000, 0.0000000000000000000, 2.200000000000001100 ) ) ;
#2968 = CARTESIAN_POINT ( 'NONE',  ( 2.309401076758503800, -4.040663818609657100E-016, -2.374999999999998700 ) ) ;
#2969 = CARTESIAN_POINT ( 'NONE',  ( 0.0000000000000000000, 2.000000000000000400, -0.01249999999999896200 ) ) ;
#2970 = CARTESIAN_POINT ( 'NONE',  ( -1.176575538379252000, 2.037888611415570800, -3.476041666666665800 ) ) ;
#2971 = FACE_OUTER_BOUND ( 'NONE', #3266, .T. ) ;
#2972 = CARTESIAN_POINT ( 'NONE',  ( -1.338300807568875200, -0.7726683315065832100, -4.329166666666662200 ) ) ;
#2973 = CARTESIAN_POINT ( 'NONE',  ( -1.176575538379253100, -2.037888611415570300, 0.9135416666666684700 ) ) ;
#2974 = CARTESIAN_POINT ( 'NONE',  ( 1.338300807568875400, 0.7726683315065824300, -5.466666666666663200 ) ) ;
#2975 = CARTESIAN_POINT ( 'NONE',  ( 0.8922005383792494000, -1.545336663013167300, -4.941666666666662000 ) ) ;
#2976 = FACE_OUTER_BOUND ( 'NONE', #1333, .T. ) ;
#2977 = APPROVAL_DATE_TIME ( #18, #1677 ) ;
#2978 = DIRECTION ( 'NONE',  ( 0.0000000000000000000, -1.000000000000000000, 0.0000000000000000000 ) ) ;
#2979 = CARTESIAN_POINT ( 'NONE',  ( -0.7800567096260647700, -0.7800567096260759800, 3.118766753137856500 ) ) ;
#2980 = CARTESIAN_POINT ( 'NONE',  ( -0.1200060058562375700, 2.000000000000000900, -0.006437518768770236400 ) ) ;
#2981 = CARTESIAN_POINT ( 'NONE',  ( 1.176575538379253500, 2.037888611415570300, 0.6072916666666674500 ) ) ;
#2982 = CARTESIAN_POINT ( 'NONE',  ( 1.338300807568875600, 0.7726683315065825400, 2.320833333333337700 ) ) ;
#2983 = EDGE_CURVE ( 'NONE', #1058, #2445, #1703, .T. ) ;
#2984 = CARTESIAN_POINT ( 'NONE',  ( -1.338300807568875200, -0.7726683315065832100, -5.729166666666661600 ) ) ;
#2985 = CARTESIAN_POINT ( 'NONE',  ( 1.176575538379253500, 2.037888611415570300, -1.536458333333332400 ) ) ;
#2986 = CARTESIAN_POINT ( 'NONE',  ( -1.784401076758499700, 1.294267669813665100E-016, -3.074999999999996200 ) ) ;
#2987 = CARTESIAN_POINT ( 'NONE',  ( 0.8922005383792494000, -1.545336663013167300, -4.241666666666662700 ) ) ;
#2988 = AXIS2_PLACEMENT_3D ( 'NONE', #325, #2329, #1507 ) ;
#2989 = DIRECTION ( 'NONE',  ( 0.0000000000000000000, -1.000000000000000000, 0.0000000000000000000 ) ) ;
#2990 = CARTESIAN_POINT ( 'NONE',  ( 1.471938859691288300, 0.4858932265637101500, 3.038758841800002700 ) ) ;
#2991 = CARTESIAN_POINT ( 'NONE',  ( 1.338300807568875400, 0.7726683315065824300, -6.166666666666662500 ) ) ;
#2992 = CARTESIAN_POINT ( 'NONE',  ( -0.8922005383792506200, -1.545336663013166600, -4.970833333333328800 ) ) ;
#2993 = CARTESIAN_POINT ( 'NONE',  ( -1.176575538379252000, 2.037888611415570800, 1.380208333333333900 ) ) ;
#2994 = CARTESIAN_POINT ( 'NONE',  ( -1.892491597964127000E-016, -1.545336663013166900, -4.299999999999995400 ) ) ;
#2995 = CARTESIAN_POINT ( 'NONE',  ( 0.8922005383792494000, -1.545336663013167300, -7.041666666666662500 ) ) ;
#2996 = ORIENTED_EDGE ( 'NONE', *, *, #2071, .F. ) ;
#2997 = CARTESIAN_POINT ( 'NONE',  ( 1.784401076758499700, -3.076254464281109500E-016, -6.224999999999996100 ) ) ;
#2998 = ORIENTED_EDGE ( 'NONE', *, *, #181, .F. ) ;
#2999 = DIRECTION ( 'NONE',  ( -0.08714264840443955400, -0.01733375049386088100, 0.9960450290638855900 ) ) ;
#3000 = CARTESIAN_POINT ( 'NONE',  ( -2.449293598294707400E-016, -2.000000000000000400, -5.962499999999998600 ) ) ;
#3001 = DIRECTION ( 'NONE',  ( -0.0000000000000000000, -2.585091490897066400E-018, 1.000000000000000000 ) ) ;
#3002 = ORIENTED_EDGE ( 'NONE', *, *, #972, .T. ) ;
#3003 = EDGE_CURVE ( 'NONE', #1068, #2438, #2965, .T. ) ;
#3004 = DIRECTION ( 'NONE',  ( -1.000000000000000000, 0.0000000000000000000, 0.0000000000000000000 ) ) ;
#3005 = CARTESIAN_POINT ( 'NONE',  ( 0.8922005383792507300, 1.545336663013166400, -6.108333333333329800 ) ) ;
#3006 = ORIENTED_EDGE ( 'NONE', *, *, #683, .F. ) ;
#3007 = CARTESIAN_POINT ( 'NONE',  ( 1.338300807568875600, 0.7726683315065825400, -4.679166666666660900 ) ) ;
#3008 = CARTESIAN_POINT ( 'NONE',  ( 0.8922005383792495100, -1.545336663013167700, -6.954166666666662200 ) ) ;
#3009 = CARTESIAN_POINT ( 'NONE',  ( -1.784401076758499700, 1.294267669813664600E-016, -3.774999999999995900 ) ) ;
#3010 = ORIENTED_EDGE ( 'NONE', *, *, #356, .T. ) ;
#3011 = CARTESIAN_POINT ( 'NONE',  ( -1.338300807568874700, 0.7726683315065836500, -3.833333333333329000 ) ) ;
#3012 = AXIS2_PLACEMENT_3D ( 'NONE', #2340, #903, #2086 ) ;
#3013 = ORIENTED_EDGE ( 'NONE', *, *, #2633, .T. ) ;
#3014 = LINE ( 'NONE', #3308, #3602 ) ;
#3015 = B_SPLINE_CURVE_WITH_KNOTS ( 'NONE', 3,
 ( #2034, #295, #15, #1690 ),
 .UNSPECIFIED., .F., .F.,
 ( 4, 4 ),
 ( 0.0000000000000000000, 0.0009009551009958285000 ),
 .UNSPECIFIED. ) ;
#3016 = ADVANCED_FACE ( 'NONE', ( #2857 ), #1991, .T. ) ;
#3017 = VECTOR ( 'NONE', #3273, 1000.000000000000000 ) ;
#3018 = CARTESIAN_POINT ( 'NONE',  ( 0.0000000000000000000, 2.000000000000000400, -4.299999999999998900 ) ) ;
#3019 = CARTESIAN_POINT ( 'NONE',  ( -0.8922005383792505100, -1.545336663013166400, -0.8583333333333289500 ) ) ;
#3020 = CARTESIAN_POINT ( 'NONE',  ( -0.8172753437851568700, 1.559506665264241500, -7.518398107636307300 ) ) ;
#3021 = CARTESIAN_POINT ( 'NONE',  ( 0.8922005383792495100, -1.545336663013167700, -4.154166666666662300 ) ) ;
#3022 = CARTESIAN_POINT ( 'NONE',  ( -1.764863307568878400, 1.018944305707785600, 2.838541666666667900 ) ) ;
#3023 = CARTESIAN_POINT ( 'NONE',  ( -1.338300807568874700, 0.7726683315065836500, -1.733333333333329000 ) ) ;
#3024 = CARTESIAN_POINT ( 'NONE',  ( -0.8922005383792502900, -1.545336663013166400, -2.258333333333329300 ) ) ;
#3025 = CARTESIAN_POINT ( 'NONE',  ( -1.892491597964127200E-016, -1.545336663013167100, -0.7124999999999952500 ) ) ;
#3026 = AXIS2_PLACEMENT_3D ( 'NONE', #3250, #3236, #1518 ) ;
#3027 = COORDINATED_UNIVERSAL_TIME_OFFSET ( 6, 0, .BEHIND. ) ;
#3028 = EDGE_CURVE ( 'NONE', #3593, #3418, #909, .T. ) ;
#3029 = DIRECTION ( 'NONE',  ( 0.0000000000000000000, 1.000000000000000000, 0.0000000000000000000 ) ) ;
#3030 = DIRECTION ( 'NONE',  ( -1.000000000000000000, 0.0000000000000000000, 0.0000000000000000000 ) ) ;
#3031 = CARTESIAN_POINT ( 'NONE',  ( -0.5000000000000000000, -3.491481338843133400E-015, 3.199999999999999700 ) ) ;
#3032 = CARTESIAN_POINT ( 'NONE',  ( -1.732050807568877900, -0.9999999999999997800, -6.166666666666664300 ) ) ;
#3033 = EDGE_CURVE ( 'NONE', #1958, #1614, #3670, .T. ) ;
#3034 = CARTESIAN_POINT ( 'NONE',  ( -1.338300807568875200, -0.7726683315065832100, -1.529166666666661200 ) ) ;
#3035 = CARTESIAN_POINT ( 'NONE',  ( 0.8922005383792495100, -1.545336663013167700, -7.654166666666661500 ) ) ;
#3036 = CARTESIAN_POINT ( 'NONE',  ( -1.892491597964127000E-016, -1.545336663013166900, -1.499999999999996200 ) ) ;
#3037 = CARTESIAN_POINT ( 'NONE',  ( -1.892491597964127000E-016, -1.545336663013166900, -1.499999999999996200 ) ) ;
#3038 = ADVANCED_FACE ( 'NONE', ( #494 ), #862, .T. ) ;
#3039 = CARTESIAN_POINT ( 'NONE',  ( 0.8922005383792495100, -1.545336663013167700, 0.04583333333333868700 ) ) ;
#3040 = B_SPLINE_CURVE_WITH_KNOTS ( 'NONE', 3,
 ( #2229, #2504, #3072, #3385 ),
 .UNSPECIFIED., .F., .F.,
 ( 4, 4 ),
 ( 0.006499776636234352200, 0.007611022163450128700 ),
 .UNSPECIFIED. ) ;
#3041 = CARTESIAN_POINT ( 'NONE',  ( 1.732050807568877200, -1.000000000000001100, -5.233333333333331600 ) ) ;
#3042 = CARTESIAN_POINT ( 'NONE',  ( 1.412395419276157000, -0.7782148877481627200, -7.699698232804711200 ) ) ;
#3043 = DIRECTION ( 'NONE',  ( 0.0000000000000000000, -0.08715574274765836000, 0.9961946980917456600 ) ) ;
#3044 = CARTESIAN_POINT ( 'NONE',  ( 0.8922005383792509500, 1.545336663013166600, -1.120833333333328700 ) ) ;
#3045 = CARTESIAN_POINT ( 'NONE',  ( -1.176575538379252000, 2.037888611415570800, 2.080208333333335000 ) ) ;
#3046 = CARTESIAN_POINT ( 'NONE',  ( 1.338300807568874500, -0.7726683315065840900, -1.383333333333329300 ) ) ;
#3047 = CARTESIAN_POINT ( 'NONE',  ( -1.892491597964127000E-016, -1.545336663013166900, -0.09999999999999592500 ) ) ;
#3048 = VERTEX_POINT ( 'NONE', #1221 ) ;
#3049 = EDGE_LOOP ( 'NONE', ( #389, #842, #460, #3285 ) ) ;
#3050 = ORIENTED_EDGE ( 'NONE', *, *, #3499, .F. ) ;
#3051 = CARTESIAN_POINT ( 'NONE',  ( -1.892491597964127200E-016, -1.545336663013167100, -2.112499999999995400 ) ) ;
#3052 = ORIENTED_EDGE ( 'NONE', *, *, #1286, .T. ) ;
#3053 = FACE_OUTER_BOUND ( 'NONE', #1020, .T. ) ;
#3054 = ADVANCED_FACE ( 'NONE', ( #1079 ), #1315, .T. ) ;
#3055 = ORIENTED_EDGE ( 'NONE', *, *, #2828, .T. ) ;
#3056 = CARTESIAN_POINT ( 'NONE',  ( 0.0000000000000000000, 0.0000000000000000000, 2.200000000000001100 ) ) ;
#3057 = CARTESIAN_POINT ( 'NONE',  ( 1.154700538379252800, 1.999999999999999600, -4.270833333333331300 ) ) ;
#3058 = EDGE_CURVE ( 'NONE', #2486, #1099, #3171, .T. ) ;
#3059 = VERTEX_POINT ( 'NONE', #3255 ) ;
#3060 = CARTESIAN_POINT ( 'NONE',  ( 0.0000000000000000000, -2.000000000000001300, 0.0000000000000000000 ) ) ;
#3061 = CONICAL_SURFACE ( 'NONE', #1743, 2.500000000000000000, 0.2617993877991500700 ) ;
#3062 = CARTESIAN_POINT ( 'NONE',  ( 1.338300807568874500, -0.7726683315065842100, -1.295833333333328500 ) ) ;
#3063 = CARTESIAN_POINT ( 'NONE',  ( 0.8922005383792508400, 1.545336663013166600, -3.920833333333328100 ) ) ;
#3064 = CARTESIAN_POINT ( 'NONE',  ( -0.8922005383792497300, 1.545336663013166900, -1.791666666666662700 ) ) ;
#3065 = CARTESIAN_POINT ( 'NONE',  ( -0.8922005383792502900, -1.545336663013166400, -1.558333333333329100 ) ) ;
#3066 = CONICAL_SURFACE ( 'NONE', #2282, 2.499999999999999600, 0.2617993877991500700 ) ;
#3067 = AXIS2_PLACEMENT_3D ( 'NONE', #1371, #2827, #3421 ) ;
#3068 = CARTESIAN_POINT ( 'NONE',  ( -1.338300807568875200, -0.7726683315065832100, -2.229166666666661600 ) ) ;
#3069 = B_SPLINE_CURVE_WITH_KNOTS ( 'NONE', 3,
 ( #3492, #2897, #3187, #3731, #1157, #1419 ),
 .UNSPECIFIED., .F., .F.,
 ( 4, 2, 4 ),
 ( 0.0000000000000000000, 0.0005391034330947349700, 0.001078206866189469700 ),
 .UNSPECIFIED. ) ;
#3070 = DATE_TIME_ROLE ( 'classification_date' ) ;
#3071 = CARTESIAN_POINT ( 'NONE',  ( -1.154700538379251500, 2.000000000000000400, -0.7416666666666657000 ) ) ;
#3072 = CARTESIAN_POINT ( 'NONE',  ( -2.258020380850078300, -0.4345047692487648000, 2.451386086931781200 ) ) ;
#3073 = CARTESIAN_POINT ( 'NONE',  ( -1.784401076758500100, 1.294267669813665100E-016, -2.287499999999995200 ) ) ;
#3074 = CARTESIAN_POINT ( 'NONE',  ( 0.8922005383792495100, -1.545336663013167700, -3.454166666666661300 ) ) ;
#3075 = CARTESIAN_POINT ( 'NONE',  ( 0.0000000000000000000, 1.545336663013166900, 0.2500000000000036600 ) ) ;
#3076 = CARTESIAN_POINT ( 'NONE',  ( 1.338300807568874500, -0.7726683315065840900, -0.6833333333333292400 ) ) ;
#3077 = ADVANCED_FACE ( 'NONE', ( #406 ), #369, .T. ) ;
#3078 = VECTOR ( 'NONE', #2098, 1000.000000000000000 ) ;
#3079 = DIRECTION ( 'NONE',  ( 1.000000000000000000, 0.0000000000000000000, 0.0000000000000000000 ) ) ;
#3080 = CARTESIAN_POINT ( 'NONE',  ( -0.8922005383792506200, -1.545336663013166600, -0.07083333333332898800 ) ) ;
#3081 = AXIS2_PLACEMENT_3D ( 'NONE', #1262, #1301, #3029 ) ;
#3082 = EDGE_CURVE ( 'NONE', #2228, #432, #1905, .T. ) ;
#3083 = CARTESIAN_POINT ( 'NONE',  ( -0.1576919807739843300, 0.0000000000000000000, -4.317453739353333700 ) ) ;
#3084 = CARTESIAN_POINT ( 'NONE',  ( -1.892491597964127200E-016, -1.545336663013167100, -2.812499999999994700 ) ) ;
#3085 = CARTESIAN_POINT ( 'NONE',  ( -1.338300807568874900, 0.7726683315065837600, -3.045833333333328500 ) ) ;
#3086 = CARTESIAN_POINT ( 'NONE',  ( 0.0000000000000000000, 2.000000000000000400, -1.412499999999998300 ) ) ;
#3087 = CARTESIAN_POINT ( 'NONE',  ( 0.8922005383792494000, -1.545336663013167300, 1.358333333333338100 ) ) ;
#3088 = CARTESIAN_POINT ( 'NONE',  ( -1.892491597964127000E-016, -1.545336663013166900, -7.729663336986828200 ) ) ;
#3089 = B_SPLINE_CURVE_WITH_KNOTS ( 'NONE', 3,
 ( #3434, #3393, #3162, #2252, #1427, #1658, #3671, #1941, #216, #2241, #2306, #1457, #859, #598, #3173, #2583, #2296, #3457, #3474, #1180, #565, #2599, #1736, #1442, #17, #2025 ),
 .UNSPECIFIED., .F., .F.,
 ( 4, 2, 2, 2, 2, 2, 2, 2, 2, 2, 2, 2, 4 ),
 ( 4.723799444856161500E-015, 0.0003201049503630357600, 0.0006402099007213476400, 0.001280419801437972100, 0.001920629702154596300, 0.002240734652512907700, 0.002560839602871220000, 0.002880944553229531900, 0.003201049503587843400, 0.003841259404304468500, 0.004481469305021092700, 0.004801574255379405400, 0.005121679205737717300 ),
 .UNSPECIFIED. ) ;
#3090 = ADVANCED_FACE ( 'NONE', ( #329 ), #1266, .T. ) ;
#3091 = CARTESIAN_POINT ( 'NONE',  ( -1.784401076758499900, 1.294267669813664600E-016, -7.887499999999994800 ) ) ;
#3092 = CARTESIAN_POINT ( 'NONE',  ( 1.732050807568878300, 0.9999999999999986700, -4.329166666666664800 ) ) ;
#3093 = ORIENTED_EDGE ( 'NONE', *, *, #3295, .F. ) ;
#3094 = CARTESIAN_POINT ( 'NONE',  ( 1.837623865187787200, 0.2696762297939246900, -0.08524142079383928400 ) ) ;
#3095 = ORIENTED_EDGE ( 'NONE', *, *, #2431, .F. ) ;
#3096 = DIRECTION ( 'NONE',  ( -0.0000000000000000000, -2.585091490897066400E-018, 1.000000000000000000 ) ) ;
#3097 = CARTESIAN_POINT ( 'NONE',  ( -1.338300807568874900, 0.7726683315065837600, -5.145833333333328600 ) ) ;
#3098 = CARTESIAN_POINT ( 'NONE',  ( -1.339755667011313800, -1.074980214682521600, 2.606156657562952000 ) ) ;
#3099 = CARTESIAN_POINT ( 'NONE',  ( -1.784401076758499700, 1.294267669813665100E-016, 1.825000000000003700 ) ) ;
#3100 = ORIENTED_EDGE ( 'NONE', *, *, #1866, .F. ) ;
#3101 = ORIENTED_EDGE ( 'NONE', *, *, #2828, .F. ) ;
#3102 = CARTESIAN_POINT ( 'NONE',  ( -1.942223146741670700E-016, -1.585945554337725900, -7.689054445662270300 ) ) ;
#3103 = ORIENTED_EDGE ( 'NONE', *, *, #3686, .F. ) ;
#3104 = VECTOR ( 'NONE', #2291, 1000.000000000000200 ) ;
#3105 = CARTESIAN_POINT ( 'NONE',  ( -2.349495442072247400, -0.4657886768156859200, 2.808962786656433500 ) ) ;
#3106 = EDGE_CURVE ( 'NONE', #1695, #121, #1634, .T. ) ;
#3107 = CARTESIAN_POINT ( 'NONE',  ( 0.4329179120054669200, 1.925463387900641300, -0.01798720671148090400 ) ) ;
#3108 = CYLINDRICAL_SURFACE ( 'NONE', #2128, 2.000000000000000400 ) ;
#3109 = CARTESIAN_POINT ( 'NONE',  ( 2.271282991659793700E-030, -3.252606517456513300E-016, 3.199999999999999700 ) ) ;
#3110 = CARTESIAN_POINT ( 'NONE',  ( -1.784401076758499900, 1.294267669813664600E-016, -3.687499999999995600 ) ) ;
#3111 = CARTESIAN_POINT ( 'NONE',  ( 1.438218879622112700, 0.3163714390882457800, 1.101115944497856000 ) ) ;
#3112 = CARTESIAN_POINT ( 'NONE',  ( 1.176575538379253500, 2.037888611415570300, -7.792708333333331800 ) ) ;
#3113 = AXIS2_PLACEMENT_3D ( 'NONE', #2278, #1150, #2893 ) ;
#3114 = CARTESIAN_POINT ( 'NONE',  ( 1.438218879622116000, -0.3163714390882306800, 1.101115944497856200 ) ) ;
#3115 = CARTESIAN_POINT ( 'NONE',  ( 2.353151076758504900, -4.121031264803703700E-016, 1.890624999999999800 ) ) ;
#3116 = DIRECTION ( 'NONE',  ( 0.0000000000000000000, -1.000000000000000000, 0.0000000000000000000 ) ) ;
#3117 = CARTESIAN_POINT ( 'NONE',  ( -0.8922005383792498400, 1.545336663013167100, -7.304166666666662700 ) ) ;
#3118 = DIRECTION ( 'NONE',  ( 0.9961946980917455500, 3.256583064115328400E-015, 0.08715574274765836000 ) ) ;
#3119 = CARTESIAN_POINT ( 'NONE',  ( 0.03433186689925681000, 1.992059191331510900, -0.007048654686885798800 ) ) ;
#3120 = CARTESIAN_POINT ( 'NONE',  ( 1.732050807568877200, -1.000000000000001100, -6.545833333333332500 ) ) ;
#3121 = CARTESIAN_POINT ( 'NONE',  ( 1.784401076758499900, -3.076254464281110000E-016, 0.1625000000000046400 ) ) ;
#3122 = CARTESIAN_POINT ( 'NONE',  ( 0.0000000000000000000, 2.000000000000000400, -5.699999999999999300 ) ) ;
#3123 = CARTESIAN_POINT ( 'NONE',  ( 1.784401076758499700, -3.076254464281109500E-016, 0.07500000000000388300 ) ) ;
#3124 = CARTESIAN_POINT ( 'NONE',  ( -1.764863307568878700, -1.018944305707784900, 1.598958333333334100 ) ) ;
#3125 = DIRECTION ( 'NONE',  ( 0.0000000000000000000, 0.0000000000000000000, 1.000000000000000000 ) ) ;
#3126 = CARTESIAN_POINT ( 'NONE',  ( 3.380252010604901800E-015, -0.5000000000000003300, 3.199999999999999700 ) ) ;
#3127 = EDGE_CURVE ( 'NONE', #658, #2153, #1486, .T. ) ;
#3128 = ADVANCED_FACE ( 'NONE', ( #542 ), #915, .T. ) ;
#3129 = CARTESIAN_POINT ( 'NONE',  ( 1.338300807568874500, -0.7726683315065842100, -6.895833333333328600 ) ) ;
#3130 = CARTESIAN_POINT ( 'NONE',  ( 0.0000000000000000000, 6.628682924999594700E-017, 2.200000000000000600 ) ) ;
#3131 = AXIS2_PLACEMENT_3D ( 'NONE', #1821, #1553, #1845 ) ;
#3132 = CARTESIAN_POINT ( 'NONE',  ( 0.0000000000000000000, 1.545336663013166900, -5.349999999999995200 ) ) ;
#3133 = CARTESIAN_POINT ( 'NONE',  ( -1.892491597964127200E-016, -1.545336663013167100, -1.412499999999995400 ) ) ;
#3134 = CARTESIAN_POINT ( 'NONE',  ( -2.449293598294707400E-016, -2.000000000000000400, -5.349999999999997900 ) ) ;
#3135 = CARTESIAN_POINT ( 'NONE',  ( -1.338300807568874900, -0.7726683315065832100, 0.4833333333333373300 ) ) ;
#3136 = VERTEX_POINT ( 'NONE', #2957 ) ;
#3137 = ORIENTED_EDGE ( 'NONE', *, *, #857, .F. ) ;
#3138 = CARTESIAN_POINT ( 'NONE',  ( 0.0000000000000000000, -2.000000000000000400, 2.200000000000000600 ) ) ;
#3139 = EDGE_LOOP ( 'NONE', ( #2998, #2325, #1957, #3693 ) ) ;
#3140 = DIRECTION ( 'NONE',  ( -1.224646799147353200E-016, 1.000000000000000000, 0.0000000000000000000 ) ) ;
#3141 = DIRECTION ( 'NONE',  ( 1.000000000000000000, 0.0000000000000000000, 0.0000000000000000000 ) ) ;
#3142 = CARTESIAN_POINT ( 'NONE',  ( -2.309401076758503800, 1.615737454589847100E-016, -4.737499999999998900 ) ) ;
#3143 = ORIENTED_EDGE ( 'NONE', *, *, #820, .F. ) ;
#3144 = CARTESIAN_POINT ( 'NONE',  ( -1.732050807568877600, 1.000000000000000400, -6.983333333333330700 ) ) ;
#3145 = CARTESIAN_POINT ( 'NONE',  ( -2.449293598294707400E-016, -2.000000000000000400, -3.249999999999998700 ) ) ;
#3146 = ORIENTED_EDGE ( 'NONE', *, *, #1556, .T. ) ;
#3147 = CARTESIAN_POINT ( 'NONE',  ( -2.309401076758503800, 1.615737454589847100E-016, -5.437499999999999100 ) ) ;
#3148 = FACE_OUTER_BOUND ( 'NONE', #3193, .T. ) ;
#3149 = ORIENTED_EDGE ( 'NONE', *, *, #3712, .T. ) ;
#3150 = ORIENTED_EDGE ( 'NONE', *, *, #947, .T. ) ;
#3151 = CARTESIAN_POINT ( 'NONE',  ( 1.338300807568874500, -0.7726683315065840900, -6.983333333333329000 ) ) ;
#3152 = CARTESIAN_POINT ( 'NONE',  ( -1.892491597964127200E-016, -1.545336663013167100, -0.01249999999999515400 ) ) ;
#3153 = CARTESIAN_POINT ( 'NONE',  ( 0.0000000000000000000, 9.213774415896661100E-017, -7.799999999999998000 ) ) ;
#3154 = EDGE_LOOP ( 'NONE', ( #2812, #3689, #2635, #210 ) ) ;
#3155 = CARTESIAN_POINT ( 'NONE',  ( 1.176575538379251800, -2.037888611415571200, -5.226041666666665400 ) ) ;
#3156 = CIRCLE ( 'NONE', #2397, 2.395221894474074200 ) ;
#3157 = EDGE_CURVE ( 'NONE', #433, #658, #1692, .T. ) ;
#3158 = CARTESIAN_POINT ( 'NONE',  ( 1.338300807568875400, 0.7726683315065824300, -7.566666666666662900 ) ) ;
#3159 = CARTESIAN_POINT ( 'NONE',  ( 1.732050807568877200, -1.000000000000001100, -0.3333333333333322000 ) ) ;
#3160 = VECTOR ( 'NONE', #1090, 1000.000000000000200 ) ;
#3161 = CARTESIAN_POINT ( 'NONE',  ( 0.0000000000000000000, 1.545336663013167100, -5.962499999999995900 ) ) ;
#3162 = CARTESIAN_POINT ( 'NONE',  ( -1.516025031242429900, -0.3792964943634749600, -0.2545430498003936100 ) ) ;
#3163 = FACE_OUTER_BOUND ( 'NONE', #472, .T. ) ;
#3164 = DIRECTION ( 'NONE',  ( -0.0000000000000000000, -2.585091490897066400E-018, 1.000000000000000000 ) ) ;
#3165 = CARTESIAN_POINT ( 'NONE',  ( 1.784401076758499900, -3.076254464281109500E-016, -6.924999999999995400 ) ) ;
#3166 = CARTESIAN_POINT ( 'NONE',  ( -1.892491597964127200E-016, -1.545336663013167100, -2.112499999999995400 ) ) ;
#3167 = CARTESIAN_POINT ( 'NONE',  ( -1.176575538379253100, -2.037888611415570300, -5.342708333333332500 ) ) ;
#3168 = CARTESIAN_POINT ( 'NONE',  ( -0.8922005383792498400, 1.545336663013167100, 2.495833333333337600 ) ) ;
#3169 = CARTESIAN_POINT ( 'NONE',  ( -1.176575538379253100, -2.037888611415570300, -6.086458333333332000 ) ) ;
#3170 = PLANE ( 'NONE',  #541 ) ;
#3171 = LINE ( 'NONE', #1481, #3078 ) ;
#3172 = CARTESIAN_POINT ( 'NONE',  ( -1.338300807568875200, -0.7726683315065832100, -3.629166666666661500 ) ) ;
#3173 = CARTESIAN_POINT ( 'NONE',  ( 0.4160570874364334900, -1.660804183042684700, -0.1681178772424836700 ) ) ;
#3174 = CARTESIAN_POINT ( 'NONE',  ( 0.0000000000000000000, 6.628682924999594700E-017, 2.200000000000000600 ) ) ;
#3175 = CARTESIAN_POINT ( 'NONE',  ( 0.0000000000000000000, 1.545336663013167100, -0.3624999999999947700 ) ) ;
#3176 = CARTESIAN_POINT ( 'NONE',  ( 1.764863307568878200, -1.018944305707786300, -7.267708333333332300 ) ) ;
#3177 = CARTESIAN_POINT ( 'NONE',  ( -1.732050807568877600, -0.9999999999999997800, -0.4791666666666645200 ) ) ;
#3178 = CARTESIAN_POINT ( 'NONE',  ( 1.176575538379251800, -2.037888611415571200, -3.169791666666665500 ) ) ;
#3179 = EDGE_CURVE ( 'NONE', #1425, #654, #3546, .T. ) ;
#3180 = CARTESIAN_POINT ( 'NONE',  ( 1.338300807568874500, -0.7726683315065842100, -3.395833333333329000 ) ) ;
#3181 = CARTESIAN_POINT ( 'NONE',  ( -2.449293598294707400E-016, -2.000000000000000400, -1.062499999999998700 ) ) ;
#3182 = ORIENTED_EDGE ( 'NONE', *, *, #413, .T. ) ;
#3183 = ORIENTED_EDGE ( 'NONE', *, *, #3298, .F. ) ;
#3184 = DIRECTION ( 'NONE',  ( 0.0000000000000000000, -1.000000000000000000, 0.0000000000000000000 ) ) ;
#3185 = CARTESIAN_POINT ( 'NONE',  ( -0.8922005383792505100, -1.545336663013166400, -5.758333333333328400 ) ) ;
#3186 = CARTESIAN_POINT ( 'NONE',  ( 1.338300807568875600, 0.7726683315065825400, 1.620833333333338700 ) ) ;
#3187 = CARTESIAN_POINT ( 'NONE',  ( 1.176446984686831100, -0.4027449373036357500, 0.8682050818019070300 ) ) ;
#3188 = CARTESIAN_POINT ( 'NONE',  ( 1.176575538379251800, -2.037888611415571200, -4.526041666666667000 ) ) ;
#3189 = ORIENTED_EDGE ( 'NONE', *, *, #487, .T. ) ;
#3190 = CARTESIAN_POINT ( 'NONE',  ( -1.176446984686827700, 0.4027449373036439100, 0.8682050818019071400 ) ) ;
#3191 = CARTESIAN_POINT ( 'NONE',  ( -2.495693764988923200E-016, -2.037888611415570800, -4.628124999999998900 ) ) ;
#3192 = CARTESIAN_POINT ( 'NONE',  ( 1.338300807568875400, 0.7726683315065824300, -7.566666666666662900 ) ) ;
#3193 = EDGE_LOOP ( 'NONE', ( #3740, #1009, #1479, #3511 ) ) ;
#3194 = ORIENTED_EDGE ( 'NONE', *, *, #801, .T. ) ;
#3195 = CARTESIAN_POINT ( 'NONE',  ( 1.338300807568874500, -0.7726683315065842100, -4.095833333333327900 ) ) ;
#3196 = CARTESIAN_POINT ( 'NONE',  ( 0.4961032335940863700, -0.9019231227193347200, 0.6532753540730779100 ) ) ;
#3197 = CARTESIAN_POINT ( 'NONE',  ( 1.732050807568877200, -1.000000000000001100, -3.133333333333332400 ) ) ;
#3198 = VECTOR ( 'NONE', #103, 1000.000000000000000 ) ;
#3199 =( BOUNDED_SURFACE ( )  B_SPLINE_SURFACE ( 1, 2, ( 
 ( #2537, #3697, #235, #1414, #2250, #1721, #2292, #855, #223, #3710, #248, #2262, #1131, #2870, #824, #1668, #3431, #535, #1704, #3682, #505, #3722, #263, #1950, #2512, #841, #2018, #2062, #53, #3169, #2930, #2901, #309, #577, #3484, #633, #2033, #336, #1746, #1198, #2345, #3218, #2314, #1497, #591, #1439, #607, #869, #895, #1466, #2328, #2579, #27, #2354, #3191, #2890, #2595, #881, #1762, #1188, #916, #37, #2048, #324, #2608, #1482, #1732, #3496, #14, #1774, #1176, #3508, #2915, #3207, #621, #2618, #2630, #907, #1784, #3178, #61, #2076, #346, #1147, #3453, #294, #1452, #2303, #1163, #3471, #642, #370, #3533, #2959, #2655, #71, #386, #1211, #676, #1222, #359, #2099, #2364, #3245, #3268, #2135, #2644, #2985, #1506, #1548, #1259, #2682, #651, #3230, #2125, #3543, #2376, #3559, #3523, #2394, #2949, #106, #82, #398, #962, #1825, #1794, #2089, #2384, #1515, #1807, #2665, #940, #3280, #3569, #1837, #929, #1234, #3256, #1526, #114, #2404, #665, #1816, #952, #96, #2111, #686, #377, #2973, #1244, #2695, #2939, #1536, #1849, #1886, #3618, #2993, #2746, #2716, #137, #408, #3310, #456, #1858, #156, #1571, #1030, #2173, #3045, #2155, #1317, #416, #1268, #428, #695, #724, #1291, #2165, #2416, #3590, #2184, #3022, #2705, #2424 ),
 ( #745, #1306, #3340, #446, #1609, #710, #3325, #3035, #998, #1868, #1584, #3604, #986, #3291, #3578, #144, #1558, #3626, #1900, #3008, #2732, #123, #174, #2462, #975, #1011, #1595, #2142, #2433, #2447, #1280, #733, #3301, #1355, #780, #2506, #1073, #186, #3350, #1663, #2804, #2473, #491, #2200, #3386, #3637, #1648, #1324, #1625, #3362, #3097, #3378, #770, #1636, #1341, #467, #2517, #1911, #2232, #1363, #3397, #2782, #1049, #1041, #196, #2481, #3654, #761, #207, #2793, #1082, #3063, #1954, #500, #3673, #3110, #2756, #2211, #2769, #3074, #1945, #1924, #220, #481, #793, #1062, #3085, #1376, #1673, #3665, #1936, #3691, #231, #2221, #2495, #2244, #512, #544, #3439, #832, #805, #2832, #3166, #1727, #2816, #2565, #3450, #1984, #258, #2010, #3703, #2846, #3462, #2861, #3133, #1972, #239, #1156, #1111, #1446, #2546, #1686, #584, #2258, #2029, #3719, #7, #3409, #1093, #1139, #2881, #288, #3175, #2268, #1433, #2299, #1124, #1716, #3152, #1418, #530, #3121, #2532, #3730, #1393, #1740, #23, #818, #850, #1406, #303, #2309, #2574, #556, #570, #3427, #1997, #1698, #271, #865, #2286, #1240, #673, #2401, #960, #33, #3186, #1546, #2693, #2322, #383, #2042, #3277, #3479, #1534, #1172, #1460, #3202, #2982, #3265, #616, #1476, #1184, #318, #2413 ) ),
 .UNSPECIFIED., .F., .F., .T. ) 
 B_SPLINE_SURFACE_WITH_KNOTS ( ( 2, 2 ),
 ( 3, 2, 2, 2, 2, 2, 2, 2, 2, 2, 2, 2, 2, 2, 2, 2, 2, 2, 2, 2, 2, 2, 2, 2, 2, 2, 2, 2, 2, 2, 2, 2, 2, 2, 2, 2, 2, 2, 2, 2, 2, 2, 2, 2, 2, 2, 2, 2, 2, 2, 2, 2, 2, 2, 2, 2, 2, 2, 2, 2, 2, 2, 2, 2, 2, 2, 2, 2, 2, 2, 2, 2, 2, 2, 2, 2, 2, 2, 2, 2, 2, 2, 2, 2, 2, 2, 2, 2, 2, 2, 2, 2, 3 ),
 ( 0.0000000000000000000, 1.000000000000000000 ),
 ( 0.0000000000000000000, 0.01041666666666666600, 0.02083333333333333200, 0.03125000000000000000, 0.04166666666666666400, 0.05208333333333333600, 0.06250000000000000000, 0.07291666666666667100, 0.08333333333333332900, 0.09375000000000000000, 0.1041666666666666700, 0.1145833333333333300, 0.1250000000000000000, 0.1354166666666666600, 0.1458333333333333400, 0.1562500000000000000, 0.1666666666666666600, 0.1770833333333333400, 0.1875000000000000000, 0.1979166666666666600, 0.2083333333333333400, 0.2187500000000000000, 0.2291666666666666600, 0.2395833333333333400, 0.2500000000000000000, 0.2604166666666666900, 0.2708333333333333100, 0.2812500000000000000, 0.2916666666666666900, 0.3020833333333333100, 0.3125000000000000000, 0.3229166666666666900, 0.3333333333333333100, 0.3437500000000000000, 0.3541666666666666900, 0.3645833333333333100, 0.3750000000000000000, 0.3854166666666666900, 0.3958333333333333100, 0.4062500000000000000, 0.4166666666666666900, 0.4270833333333333100, 0.4375000000000000000, 0.4479166666666666900, 0.4583333333333333100, 0.4687500000000000000, 0.4791666666666666900, 0.4895833333333333100, 0.5000000000000000000, 0.5104166666666666300, 0.5208333333333333700, 0.5312500000000000000, 0.5416666666666666300, 0.5520833333333333700, 0.5625000000000000000, 0.5729166666666666300, 0.5833333333333333700, 0.5937500000000000000, 0.6041666666666666300, 0.6145833333333333700, 0.6250000000000000000, 0.6354166666666666300, 0.6458333333333333700, 0.6562500000000000000, 0.6666666666666666300, 0.6770833333333333700, 0.6875000000000000000, 0.6979166666666666300, 0.7083333333333333700, 0.7187500000000000000, 0.7291666666666666300, 0.7395833333333333700, 0.7500000000000000000, 0.7604166666666666300, 0.7708333333333333700, 0.7812500000000000000, 0.7916666666666666300, 0.8020833333333333700, 0.8125000000000000000, 0.8229166666666666300, 0.8333333333333333700, 0.8437500000000000000, 0.8541666666666666300, 0.8645833333333333700, 0.8750000000000000000, 0.8854166666666666300, 0.8958333333333333700, 0.9062500000000000000, 0.9166666666666666300, 0.9270833333333333700, 0.9375000000000000000, 0.9479166666666666300, 0.9553148519000864700 ),
 .UNSPECIFIED. ) 
 GEOMETRIC_REPRESENTATION_ITEM ( )  RATIONAL_B_SPLINE_SURFACE ( (
 ( 1.000000000000000000, 0.8660254037844387100, 1.000000000000000000, 0.8660254037844387100, 1.000000000000000000, 0.8660254037844387100, 1.000000000000000000, 0.8660254037844387100, 1.000000000000000000, 0.8660254037844387100, 1.000000000000000000, 0.8660254037844387100, 1.000000000000000000, 0.8660254037844387100, 1.000000000000000000, 0.8660254037844387100, 1.000000000000000000, 0.8660254037844387100, 1.000000000000000000, 0.8660254037844387100, 1.000000000000000000, 0.8660254037844387100, 1.000000000000000000, 0.8660254037844387100, 1.000000000000000000, 0.8660254037844387100, 1.000000000000000000, 0.8660254037844387100, 1.000000000000000000, 0.8660254037844387100, 1.000000000000000000, 0.8660254037844387100, 1.000000000000000000, 0.8660254037844387100, 1.000000000000000000, 0.8660254037844387100, 1.000000000000000000, 0.8660254037844387100, 1.000000000000000000, 0.8660254037844387100, 1.000000000000000000, 0.8660254037844387100, 1.000000000000000000, 0.8660254037844387100, 1.000000000000000000, 0.8660254037844387100, 1.000000000000000000, 0.8660254037844387100, 1.000000000000000000, 0.8660254037844387100, 1.000000000000000000, 0.8660254037844387100, 1.000000000000000000, 0.8660254037844387100, 1.000000000000000000, 0.8660254037844387100, 1.000000000000000000, 0.8660254037844387100, 1.000000000000000000, 0.8660254037844387100, 1.000000000000000000, 0.8660254037844387100, 1.000000000000000000, 0.8660254037844387100, 1.000000000000000000, 0.8660254037844387100, 1.000000000000000000, 0.8660254037844387100, 1.000000000000000000, 0.8660254037844387100, 1.000000000000000000, 0.8660254037844387100, 1.000000000000000000, 0.8660254037844387100, 1.000000000000000000, 0.8660254037844387100, 1.000000000000000000, 0.8660254037844387100, 1.000000000000000000, 0.8660254037844387100, 1.000000000000000000, 0.8660254037844387100, 1.000000000000000000, 0.8660254037844387100, 1.000000000000000000, 0.8660254037844387100, 1.000000000000000000, 0.8660254037844387100, 1.000000000000000000, 0.8660254037844387100, 1.000000000000000000, 0.8660254037844387100, 1.000000000000000000, 0.8660254037844387100, 1.000000000000000000, 0.8660254037844387100, 1.000000000000000000, 0.8660254037844387100, 1.000000000000000000, 0.8660254037844387100, 1.000000000000000000, 0.8660254037844387100, 1.000000000000000000, 0.8660254037844387100, 1.000000000000000000, 0.8660254037844387100, 1.000000000000000000, 0.8660254037844387100, 1.000000000000000000, 0.8660254037844387100, 1.000000000000000000, 0.8660254037844387100, 1.000000000000000000, 0.8660254037844387100, 1.000000000000000000, 0.8660254037844387100, 1.000000000000000000, 0.8660254037844387100, 1.000000000000000000, 0.8660254037844387100, 1.000000000000000000, 0.8660254037844387100, 1.000000000000000000, 0.8660254037844387100, 1.000000000000000000, 0.8660254037844387100, 1.000000000000000000, 0.8660254037844387100, 1.000000000000000000, 0.8660254037844387100, 1.000000000000000000, 0.8660254037844387100, 1.000000000000000000, 0.8660254037844387100, 1.000000000000000000, 0.8660254037844387100, 1.000000000000000000, 0.8660254037844387100, 1.000000000000000000, 0.8660254037844387100, 1.000000000000000000, 0.8660254037844387100, 1.000000000000000000, 0.8660254037844387100, 1.000000000000000000, 0.8660254037844387100, 1.000000000000000000, 0.8660254037844387100, 1.000000000000000000, 0.8660254037844387100, 1.000000000000000000, 0.8660254037844387100, 1.000000000000000000, 0.8660254037844387100, 1.000000000000000000, 0.8660254037844387100, 1.000000000000000000, 0.8660254037844387100, 1.000000000000000000, 0.8660254037844387100, 1.000000000000000000, 0.8660254037844387100, 1.000000000000000000, 0.8660254037844387100, 1.000000000000000000, 0.8660254037844387100, 1.000000000000000000, 0.8660254037844387100, 1.000000000000000000, 0.8660254037844387100, 1.000000000000000000, 0.8660254037844387100, 1.000000000000000000, 0.8660254037844387100, 1.000000000000000000, 0.8660254037844387100, 1.000000000000000000, 0.8660254037844387100, 1.000000000000000000, 0.8660254037844387100, 1.000000000000000000, 0.8660254037844387100, 1.000000000000000000, 0.9048477875799669800, 0.9448546841877312200),
 ( 1.000000000000000000, 0.8660254037844387100, 1.000000000000000000, 0.8660254037844387100, 1.000000000000000000, 0.8660254037844387100, 1.000000000000000000, 0.8660254037844387100, 1.000000000000000000, 0.8660254037844387100, 1.000000000000000000, 0.8660254037844387100, 1.000000000000000000, 0.8660254037844387100, 1.000000000000000000, 0.8660254037844387100, 1.000000000000000000, 0.8660254037844387100, 1.000000000000000000, 0.8660254037844387100, 1.000000000000000000, 0.8660254037844387100, 1.000000000000000000, 0.8660254037844387100, 1.000000000000000000, 0.8660254037844387100, 1.000000000000000000, 0.8660254037844387100, 1.000000000000000000, 0.8660254037844387100, 1.000000000000000000, 0.8660254037844387100, 1.000000000000000000, 0.8660254037844387100, 1.000000000000000000, 0.8660254037844387100, 1.000000000000000000, 0.8660254037844387100, 1.000000000000000000, 0.8660254037844387100, 1.000000000000000000, 0.8660254037844387100, 1.000000000000000000, 0.8660254037844387100, 1.000000000000000000, 0.8660254037844387100, 1.000000000000000000, 0.8660254037844387100, 1.000000000000000000, 0.8660254037844387100, 1.000000000000000000, 0.8660254037844387100, 1.000000000000000000, 0.8660254037844387100, 1.000000000000000000, 0.8660254037844387100, 1.000000000000000000, 0.8660254037844387100, 1.000000000000000000, 0.8660254037844387100, 1.000000000000000000, 0.8660254037844387100, 1.000000000000000000, 0.8660254037844387100, 1.000000000000000000, 0.8660254037844387100, 1.000000000000000000, 0.8660254037844387100, 1.000000000000000000, 0.8660254037844387100, 1.000000000000000000, 0.8660254037844387100, 1.000000000000000000, 0.8660254037844387100, 1.000000000000000000, 0.8660254037844387100, 1.000000000000000000, 0.8660254037844387100, 1.000000000000000000, 0.8660254037844387100, 1.000000000000000000, 0.8660254037844387100, 1.000000000000000000, 0.8660254037844387100, 1.000000000000000000, 0.8660254037844387100, 1.000000000000000000, 0.8660254037844387100, 1.000000000000000000, 0.8660254037844387100, 1.000000000000000000, 0.8660254037844387100, 1.000000000000000000, 0.8660254037844387100, 1.000000000000000000, 0.8660254037844387100, 1.000000000000000000, 0.8660254037844387100, 1.000000000000000000, 0.8660254037844387100, 1.000000000000000000, 0.8660254037844387100, 1.000000000000000000, 0.8660254037844387100, 1.000000000000000000, 0.8660254037844387100, 1.000000000000000000, 0.8660254037844387100, 1.000000000000000000, 0.8660254037844387100, 1.000000000000000000, 0.8660254037844387100, 1.000000000000000000, 0.8660254037844387100, 1.000000000000000000, 0.8660254037844387100, 1.000000000000000000, 0.8660254037844387100, 1.000000000000000000, 0.8660254037844387100, 1.000000000000000000, 0.8660254037844387100, 1.000000000000000000, 0.8660254037844387100, 1.000000000000000000, 0.8660254037844387100, 1.000000000000000000, 0.8660254037844387100, 1.000000000000000000, 0.8660254037844387100, 1.000000000000000000, 0.8660254037844387100, 1.000000000000000000, 0.8660254037844387100, 1.000000000000000000, 0.8660254037844387100, 1.000000000000000000, 0.8660254037844387100, 1.000000000000000000, 0.8660254037844387100, 1.000000000000000000, 0.8660254037844387100, 1.000000000000000000, 0.8660254037844387100, 1.000000000000000000, 0.8660254037844387100, 1.000000000000000000, 0.8660254037844387100, 1.000000000000000000, 0.8660254037844387100, 1.000000000000000000, 0.8660254037844387100, 1.000000000000000000, 0.8660254037844387100, 1.000000000000000000, 0.8660254037844387100, 1.000000000000000000, 0.8660254037844387100, 1.000000000000000000, 0.8660254037844387100, 1.000000000000000000, 0.8660254037844387100, 1.000000000000000000, 0.8660254037844387100, 1.000000000000000000, 0.8660254037844387100, 1.000000000000000000, 0.8660254037844387100, 1.000000000000000000, 0.8660254037844387100, 1.000000000000000000, 0.8660254037844387100, 1.000000000000000000, 0.8660254037844387100, 1.000000000000000000, 0.8660254037844387100, 1.000000000000000000, 0.8660254037844387100, 1.000000000000000000, 0.8660254037844387100, 1.000000000000000000, 0.8660254037844387100, 1.000000000000000000, 0.9048477875799669800, 0.9448546841877312200) ) ) 
 REPRESENTATION_ITEM ( '' )  SURFACE ( )  );
#3200 = CARTESIAN_POINT ( 'NONE',  ( 2.309401076758503800, -4.040663818609657100E-016, -5.874999999999999100 ) ) ;
#3201 = CARTESIAN_POINT ( 'NONE',  ( 1.338300807568874500, -0.7726683315065840900, -3.483333333333329400 ) ) ;
#3202 = CARTESIAN_POINT ( 'NONE',  ( 1.784401076758499900, -3.076254464281109500E-016, 2.262500000000004600 ) ) ;
#3203 = DIRECTION ( 'NONE',  ( 0.0000000000000000000, -1.000000000000000000, 0.0000000000000000000 ) ) ;
#3204 = CARTESIAN_POINT ( 'NONE',  ( -2.353151076758504900, 1.642526603321196800E-016, -2.659374999999999400 ) ) ;
#3205 = CONICAL_SURFACE ( 'NONE', #626, 2.000000000000000400, 0.7853981633974496100 ) ;
#3206 = EDGE_CURVE ( 'NONE', #3370, #2196, #3299, .T. ) ;
#3207 = CARTESIAN_POINT ( 'NONE',  ( -1.176575538379252000, 2.037888611415570800, -3.519791666666665100 ) ) ;
#3208 = CARTESIAN_POINT ( 'NONE',  ( -2.309401076758503800, 1.615737454589847100E-016, -6.137499999999999300 ) ) ;
#3209 = DIRECTION ( 'NONE',  ( 9.769962616701377600E-015, -0.08715574274765836000, 0.9961946980917456600 ) ) ;
#3210 = CARTESIAN_POINT ( 'NONE',  ( 1.784401076758499900, -3.076254464281110000E-016, -3.337499999999995000 ) ) ;
#3211 = AXIS2_PLACEMENT_3D ( 'NONE', #545, #2909, #1185 ) ;
#3212 = CARTESIAN_POINT ( 'NONE',  ( 2.074731665576413400, 0.3719445246109250900, 1.736319218647910600 ) ) ;
#3213 = FACE_OUTER_BOUND ( 'NONE', #2074, .T. ) ;
#3214 = CARTESIAN_POINT ( 'NONE',  ( 1.732050807568877200, -1.000000000000001100, -5.933333333333331800 ) ) ;
#3215 = CARTESIAN_POINT ( 'NONE',  ( 0.8922005383792508400, 1.545336663013166400, -4.708333333333330400 ) ) ;
#3216 = CARTESIAN_POINT ( 'NONE',  ( -1.545336663013175300, -0.05500683843667765500, -0.2625000000000010700 ) ) ;
#3217 = CARTESIAN_POINT ( 'NONE',  ( -1.764863307568878400, 1.018944305707785600, -1.317708333333332100 ) ) ;
#3218 = CARTESIAN_POINT ( 'NONE',  ( -1.176575538379253100, -2.037888611415570300, -5.386458333333330900 ) ) ;
#3219 = CARTESIAN_POINT ( 'NONE',  ( 0.0000000000000000000, 2.000000000000000400, -7.099999999999998800 ) ) ;
#3220 = B_SPLINE_CURVE_WITH_KNOTS ( 'NONE', 3,
 ( #341, #2320, #2601, #1182, #1474, #3489, #1768 ),
 .UNSPECIFIED., .F., .F.,
 ( 4, 3, 4 ),
 ( 0.001704201820518519700, 0.002262452142874524600, 0.002815446785278765700 ),
 .UNSPECIFIED. ) ;
#3221 = CARTESIAN_POINT ( 'NONE',  ( 1.154700538379251200, -2.000000000000000900, -3.191666666666666000 ) ) ;
#3222 = DIRECTION ( 'NONE',  ( 0.0000000000000000000, 0.0000000000000000000, 1.000000000000000000 ) ) ;
#3223 = CARTESIAN_POINT ( 'NONE',  ( -0.8922005383792505100, -1.545336663013166400, -2.258333333333329300 ) ) ;
#3224 = CARTESIAN_POINT ( 'NONE',  ( 1.154700538379251200, -2.000000000000000900, -0.3041666666666646400 ) ) ;
#3225 = EDGE_CURVE ( 'NONE', #1517, #1516, #3531, .T. ) ;
#3226 = CARTESIAN_POINT ( 'NONE',  ( 1.764863307568878200, -1.018944305707786300, -2.367708333333332900 ) ) ;
#3227 = VERTEX_POINT ( 'NONE', #2803 ) ;
#3228 = CARTESIAN_POINT ( 'NONE',  ( -1.892491597964127200E-016, -1.545336663013167100, -7.712499999999995000 ) ) ;
#3229 = CARTESIAN_POINT ( 'NONE',  ( -1.338300807568874900, -0.7726683315065832100, -7.216666666666663200 ) ) ;
#3230 = CARTESIAN_POINT ( 'NONE',  ( -1.176575538379253100, -2.037888611415570300, -1.186458333333331800 ) ) ;
#3231 = CARTESIAN_POINT ( 'NONE',  ( -1.650665194268489800, -0.3348718104150266700, 1.312576156383336200 ) ) ;
#3232 = EDGE_LOOP ( 'NONE', ( #3455, #2807, #1424, #1067 ) ) ;
#3233 = EDGE_CURVE ( 'NONE', #2451, #3600, #2003, .T. ) ;
#3234 = ORIENTED_EDGE ( 'NONE', *, *, #1580, .T. ) ;
#3235 = AXIS2_PLACEMENT_3D ( 'NONE', #1773, #80, #3532 ) ;
#3236 = DIRECTION ( 'NONE',  ( 0.3812272063696632900, -0.9203638919632202200, -0.08715574274765834600 ) ) ;
#3237 = CARTESIAN_POINT ( 'NONE',  ( -1.892491597964127000E-016, -1.545336663013166900, -4.299999999999995400 ) ) ;
#3238 = CARTESIAN_POINT ( 'NONE',  ( -1.154700538379251500, 2.000000000000000400, -4.941666666666664700 ) ) ;
#3239 = ORIENTED_EDGE ( 'NONE', *, *, #2652, .T. ) ;
#3240 = CARTESIAN_POINT ( 'NONE',  ( -2.495693764988923200E-016, -2.037888611415570800, -1.084374999999999400 ) ) ;
#3241 = VECTOR ( 'NONE', #1412, 1000.000000000000000 ) ;
#3242 = ORIENTED_EDGE ( 'NONE', *, *, #2331, .T. ) ;
#3243 = ORIENTED_EDGE ( 'NONE', *, *, #2457, .T. ) ;
#3244 = CARTESIAN_POINT ( 'NONE',  ( -1.311344638106114500, 0.8365557000897119200, -0.2625000000000007300 ) ) ;
#3245 = CARTESIAN_POINT ( 'NONE',  ( 1.176575538379251800, -2.037888611415571200, -1.769791666666665100 ) ) ;
#3246 = DIRECTION ( 'NONE',  ( -0.3812272063696473000, -0.9203638919632269900, -0.08715574274765836000 ) ) ;
#3247 = FACE_OUTER_BOUND ( 'NONE', #3675, .T. ) ;
#3248 = VECTOR ( 'NONE', #1918, 1000.000000000000000 ) ;
#3249 = VECTOR ( 'NONE', #1254, 1000.000000000000000 ) ;
#3250 = CARTESIAN_POINT ( 'NONE',  ( 0.1395303491872717800, -0.3368560613705551300, -4.363149274280720700 ) ) ;
#3251 = CARTESIAN_POINT ( 'NONE',  ( 0.0000000000000000000, 1.545336663013166900, -3.249999999999996000 ) ) ;
#3252 = CARTESIAN_POINT ( 'NONE',  ( -2.449293598294707400E-016, -2.000000000000000400, -0.3624999999999986000 ) ) ;
#3253 = CARTESIAN_POINT ( 'NONE',  ( -1.176575538379253100, -2.037888611415570300, -1.842708333333332500 ) ) ;
#3254 = EDGE_CURVE ( 'NONE', #1832, #3227, #1541, .T. ) ;
#3255 = CARTESIAN_POINT ( 'NONE',  ( 3.750000000000000000, 0.0000000000000000000, 2.200000000000001100 ) ) ;
#3256 = CARTESIAN_POINT ( 'NONE',  ( -2.495693764988923200E-016, -2.037888611415570800, 0.2718750000000013100 ) ) ;
#3257 = CARTESIAN_POINT ( 'NONE',  ( 1.338300807568874500, -0.7726683315065840900, -5.583333333333328600 ) ) ;
#3258 = CARTESIAN_POINT ( 'NONE',  ( 0.8922005383792507300, 1.545336663013166400, -6.108333333333329800 ) ) ;
#3259 = AXIS2_PLACEMENT_3D ( 'NONE', #2790, #3118, #1388 ) ;
#3260 = CIRCLE ( 'NONE', #2671, 7.529586274483599500 ) ;
#3261 = DIRECTION ( 'NONE',  ( 0.0000000000000000000, -0.7071067811865483500, 0.7071067811865465700 ) ) ;
#3262 = CARTESIAN_POINT ( 'NONE',  ( 0.0000000000000000000, 6.628682924999594700E-017, 2.200000000000000600 ) ) ;
#3263 = CARTESIAN_POINT ( 'NONE',  ( 2.449293598294707900E-016, 2.000000000000001300, 0.0000000000000000000 ) ) ;
#3264 = CARTESIAN_POINT ( 'NONE',  ( -2.353151076758504900, 1.642526603321196800E-016, 0.8406250000000011800 ) ) ;
#3265 = CARTESIAN_POINT ( 'NONE',  ( 0.8922005383792508400, 1.545336663013166600, 2.379166666666672200 ) ) ;
#3266 = EDGE_LOOP ( 'NONE', ( #1014, #1096, #1970, #663 ) ) ;
#3267 = CARTESIAN_POINT ( 'NONE',  ( 0.0000000000000000000, 1.545336663013167100, -3.862499999999995400 ) ) ;
#3268 = CARTESIAN_POINT ( 'NONE',  ( 1.764863307568878200, -1.018944305707786300, -1.711458333333332200 ) ) ;
#3269 = CARTESIAN_POINT ( 'NONE',  ( 1.784401076758499700, -3.076254464281109500E-016, -4.824999999999995700 ) ) ;
#3270 = CARTESIAN_POINT ( 'NONE',  ( 0.8922005383792494000, -1.545336663013167300, -5.641666666666662200 ) ) ;
#3271 = DIRECTION ( 'NONE',  ( 0.0000000000000000000, -1.000000000000000000, 0.0000000000000000000 ) ) ;
#3272 = CARTESIAN_POINT ( 'NONE',  ( 1.732050807568878300, 0.9999999999999986700, -5.729166666666666100 ) ) ;
#3273 = DIRECTION ( 'NONE',  ( -0.0000000000000000000, -2.585091490897066400E-018, 1.000000000000000000 ) ) ;
#3274 = EDGE_CURVE ( 'NONE', #1958, #2408, #3348, .T. ) ;
#3275 = CARTESIAN_POINT ( 'NONE',  ( 1.176575538379251800, -2.037888611415571200, 0.3739583333333337800 ) ) ;
#3276 = VERTEX_POINT ( 'NONE', #1982 ) ;
#3277 = CARTESIAN_POINT ( 'NONE',  ( -1.338300807568875200, -0.7726683315065832100, 1.970833333333338300 ) ) ;
#3278 = ORIENTED_EDGE ( 'NONE', *, *, #444, .F. ) ;
#3279 = CARTESIAN_POINT ( 'NONE',  ( 1.784401076758500100, -3.076254464281110000E-016, -6.137499999999995700 ) ) ;
#3280 = CARTESIAN_POINT ( 'NONE',  ( -1.176575538379252000, 2.037888611415570800, -0.01979166666666535400 ) ) ;
#3281 = CARTESIAN_POINT ( 'NONE',  ( 0.0000000000000000000, 1.545336663013166900, -2.549999999999995800 ) ) ;
#3282 = CARTESIAN_POINT ( 'NONE',  ( 0.8922005383792507300, 1.545336663013166400, -4.008333333333328400 ) ) ;
#3283 = VERTEX_POINT ( 'NONE', #1362 ) ;
#3284 = ORIENTED_EDGE ( 'NONE', *, *, #2140, .F. ) ;
#3285 = ORIENTED_EDGE ( 'NONE', *, *, #1286, .F. ) ;
#3286 = APPLICATION_PROTOCOL_DEFINITION ( 'international standard', 'config_control_design', 1994, #2739 ) ;
#3287 = CARTESIAN_POINT ( 'NONE',  ( -2.449293598294707400E-016, -2.000000000000000400, -2.549999999999998500 ) ) ;
#3288 = CIRCLE ( 'NONE', #2189, 7.529586274483599500 ) ;
#3289 = MANIFOLD_SOLID_BREP ( 'Draft2', #1152 ) ;
#3290 = CARTESIAN_POINT ( 'NONE',  ( 1.784401076758500100, -3.076254464281110000E-016, -6.837499999999995000 ) ) ;
#3291 = CARTESIAN_POINT ( 'NONE',  ( -0.8922005383792498400, 1.545336663013167100, -7.304166666666662700 ) ) ;
#3292 = CARTESIAN_POINT ( 'NONE',  ( -0.8922005383792497300, 1.545336663013166900, -3.891666666666662200 ) ) ;
#3293 = CARTESIAN_POINT ( 'NONE',  ( -0.8922005383792497300, 1.545336663013166900, -7.391666666666663100 ) ) ;
#3294 = FACE_OUTER_BOUND ( 'NONE', #420, .T. ) ;
#3295 = EDGE_CURVE ( 'NONE', #253, #430, #2653, .T. ) ;
#3296 = CARTESIAN_POINT ( 'NONE',  ( 1.338300807568875400, 0.7726683315065824300, -0.5666666666666623200 ) ) ;
#3297 = CARTESIAN_POINT ( 'NONE',  ( 0.0000000000000000000, 2.000000000000000400, -0.09999999999999853500 ) ) ;
#3298 = EDGE_CURVE ( 'NONE', #3276, #1210, #1777, .T. ) ;
#3299 = LINE ( 'NONE', #2231, #680 ) ;
#3300 = CARTESIAN_POINT ( 'NONE',  ( -1.784401076758500100, 1.294267669813664600E-016, -6.487499999999995400 ) ) ;
#3301 = CARTESIAN_POINT ( 'NONE',  ( 1.338300807568874500, -0.7726683315065842100, -6.195833333333328400 ) ) ;
#3302 = CARTESIAN_POINT ( 'NONE',  ( 0.0000000000000000000, 1.545336663013166900, -3.249999999999996000 ) ) ;
#3303 = CARTESIAN_POINT ( 'NONE',  ( 1.338300807568874500, -0.7726683315065840900, -6.983333333333329000 ) ) ;
#3304 = ADVANCED_FACE ( 'NONE', ( #767 ), #2213, .F. ) ;
#3305 = CARTESIAN_POINT ( 'NONE',  ( -0.8922005383792502900, -1.545336663013166400, -6.458333333333328600 ) ) ;
#3306 = B_SPLINE_CURVE_WITH_KNOTS ( 'NONE', 3,
 ( #1223, #2346, #2609, #2596, #2063, #622, #1189 ),
 .UNSPECIFIED., .F., .F.,
 ( 4, 3, 4 ),
 ( 0.001704201820518450500, 0.002262452142874470800, 0.002815446785278697600 ),
 .UNSPECIFIED. ) ;
#3307 = CARTESIAN_POINT ( 'NONE',  ( -0.3719445246096685400, 2.074731665572706200, 1.736319218633465100 ) ) ;
#3308 = CARTESIAN_POINT ( 'NONE',  ( 2.449293598294706900E-016, 2.000000000000000400, 2.200000000000000600 ) ) ;
#3309 = CARTESIAN_POINT ( 'NONE',  ( -1.892491597964127200E-016, -1.545336663013167100, -7.012499999999995700 ) ) ;
#3310 = CARTESIAN_POINT ( 'NONE',  ( -2.495693764988923200E-016, -2.037888611415570800, 1.671875000000001600 ) ) ;
#3311 = CARTESIAN_POINT ( 'NONE',  ( -1.338300807568874700, 0.7726683315065836500, -0.3333333333333296000 ) ) ;
#3312 = CARTESIAN_POINT ( 'NONE',  ( 1.338300807568875400, 0.7726683315065824300, -1.266666666666662400 ) ) ;
#3313 = ORIENTED_EDGE ( 'NONE', *, *, #1086, .F. ) ;
#3314 = CARTESIAN_POINT ( 'NONE',  ( 0.8922005383792508400, 1.545336663013166600, -1.120833333333328700 ) ) ;
#3315 = ORIENTED_EDGE ( 'NONE', *, *, #1195, .T. ) ;
#3316 = ORIENTED_EDGE ( 'NONE', *, *, #3615, .T. ) ;
#3317 = CARTESIAN_POINT ( 'NONE',  ( 1.732050807568878300, 0.9999999999999986700, -4.416666666666665200 ) ) ;
#3318 = DIRECTION ( 'NONE',  ( -0.0000000000000000000, -2.585091490897066400E-018, 1.000000000000000000 ) ) ;
#3319 = DIRECTION ( 'NONE',  ( -0.0000000000000000000, -0.0000000000000000000, -1.000000000000000000 ) ) ;
#3320 = VERTEX_POINT ( 'NONE', #2516 ) ;
#3321 = EDGE_CURVE ( 'NONE', #357, #1487, #1233, .T. ) ;
#3322 = DIRECTION ( 'NONE',  ( -0.0000000000000000000, -0.0000000000000000000, -1.000000000000000000 ) ) ;
#3323 = ORIENTED_EDGE ( 'NONE', *, *, #3612, .F. ) ;
#3324 = CARTESIAN_POINT ( 'NONE',  ( -0.8922005383792506200, -1.545336663013166600, -1.470833333333328300 ) ) ;
#3325 = CARTESIAN_POINT ( 'NONE',  ( -1.892491597964127200E-016, -1.545336663013167100, -7.712499999999995000 ) ) ;
#3326 = CARTESIAN_POINT ( 'NONE',  ( 1.338300807568874500, -0.7726683315065840900, -0.6833333333333292400 ) ) ;
#3327 = ORIENTED_EDGE ( 'NONE', *, *, #1896, .T. ) ;
#3328 = CARTESIAN_POINT ( 'NONE',  ( -1.338300807568874700, 0.7726683315065836500, -2.433333333333329100 ) ) ;
#3329 = AXIS2_PLACEMENT_3D ( 'NONE', #1070, #2240, #2218 ) ;
#3330 = VERTEX_POINT ( 'NONE', #269 ) ;
#3331 = ORIENTED_EDGE ( 'NONE', *, *, #1178, .T. ) ;
#3332 = FACE_OUTER_BOUND ( 'NONE', #3512, .T. ) ;
#3333 = CARTESIAN_POINT ( 'NONE',  ( -0.8922005383792506200, -1.545336663013166600, -2.170833333333328500 ) ) ;
#3334 = B_SPLINE_CURVE_WITH_KNOTS ( 'NONE', 3,
 ( #3663, #1933, #3094, #790, #2255, #3672, #1944, #217, #499, #2801, #1338, #1080, #3360, #3107, #204, #3119, #1373, #3688 ),
 .UNSPECIFIED., .F., .F.,
 ( 4, 2, 2, 2, 2, 2, 2, 2, 4 ),
 ( 0.005121679205737717300, 0.005526861215208812700, 0.005932043224679908100, 0.006337225234151002600, 0.006742407243622097900, 0.007147589253093193300, 0.007552771262564287800, 0.007957953272035384100, 0.008363135281506478600 ),
 .UNSPECIFIED. ) ;
#3335 = FACE_OUTER_BOUND ( 'NONE', #808, .T. ) ;
#3336 = CARTESIAN_POINT ( 'NONE',  ( 1.154700538379251200, -2.000000000000000900, -4.591666666666664100 ) ) ;
#3337 = CARTESIAN_POINT ( 'NONE',  ( 0.0000000000000000000, 2.000000000000000400, -0.7999999999999986000 ) ) ;
#3338 = VECTOR ( 'NONE', #2502, 1000.000000000000200 ) ;
#3339 = CARTESIAN_POINT ( 'NONE',  ( -1.892491597964127200E-016, -1.545336663013167100, -1.412499999999995400 ) ) ;
#3340 = CARTESIAN_POINT ( 'NONE',  ( -1.338300807568874900, 0.7726683315065837600, -7.945833333333329300 ) ) ;
#3341 = CARTESIAN_POINT ( 'NONE',  ( 1.784401076758499700, -3.076254464281109500E-016, 0.07500000000000388300 ) ) ;
#3342 = CARTESIAN_POINT ( 'NONE',  ( 0.8922005383792507300, 1.545336663013166400, -3.308333333333329100 ) ) ;
#3343 = ADVANCED_FACE ( 'NONE', ( #1044 ), #1404, .F. ) ;
#3344 = CARTESIAN_POINT ( 'NONE',  ( 1.338300807568875600, 0.7726683315065825400, 0.9208333333333377200 ) ) ;
#3345 = EDGE_CURVE ( 'NONE', #1875, #3557, #2843, .T. ) ;
#3346 = CARTESIAN_POINT ( 'NONE',  ( -2.449293598294707400E-016, -2.000000000000000400, -5.962499999999998600 ) ) ;
#3347 = CARTESIAN_POINT ( 'NONE',  ( 0.0000000000000000000, 3.252606517456513300E-016, 3.199999999999999700 ) ) ;
#3348 = LINE ( 'NONE', #3728, #21 ) ;
#3349 = CARTESIAN_POINT ( 'NONE',  ( -1.784401076758500100, 1.294267669813665100E-016, -2.987499999999995400 ) ) ;
#3350 = CARTESIAN_POINT ( 'NONE',  ( -1.338300807568874900, 0.7726683315065837600, -5.845833333333327900 ) ) ;
#3351 = CARTESIAN_POINT ( 'NONE',  ( -0.8922005383792497300, 1.545336663013166900, -0.3916666666666626100 ) ) ;
#3352 = CARTESIAN_POINT ( 'NONE',  ( 1.338300807568875400, 0.7726683315065824300, -0.5666666666666623200 ) ) ;
#3353 = AXIS2_PLACEMENT_3D ( 'NONE', #3109, #1375, #2256 ) ;
#3354 = CARTESIAN_POINT ( 'NONE',  ( -0.8922005383792498400, 1.545336663013167100, -0.3041666666666618100 ) ) ;
#3355 = ADVANCED_FACE ( 'NONE', ( #950 ), #614, .T. ) ;
#3356 = APPROVAL_ROLE ( '' ) ;
#3357 = CARTESIAN_POINT ( 'NONE',  ( -0.2506926357690401100, -1.524866749727282100, -7.729663336986830800 ) ) ;
#3358 = DIRECTION ( 'NONE',  ( 0.0000000000000000000, 1.000000000000000000, 0.0000000000000000000 ) ) ;
#3359 =( BOUNDED_CURVE ( )  B_SPLINE_CURVE ( 2, ( #1129, #1115, #276, #2568, #1720, #2553, #292 ),
 .UNSPECIFIED., .F., .T. ) 
 B_SPLINE_CURVE_WITH_KNOTS ( ( 3, 2, 2, 3 ),
 ( 0.3303148519000864700, 0.3407315185667531000, 0.3511481852334198400, 0.3615648519000864700 ),
 .UNSPECIFIED. ) 
 CURVE ( )  GEOMETRIC_REPRESENTATION_ITEM ( )  RATIONAL_B_SPLINE_CURVE ( ( 1.000000000000000000, 0.8660254037844387100, 1.000000000000000000, 0.8660254037844387100, 1.000000000000000000, 0.8660254037844387100, 1.000000000000000000 ) ) 
 REPRESENTATION_ITEM ( '' )  );
#3360 = CARTESIAN_POINT ( 'NONE',  ( 0.6895138282008314000, 1.834654010086333600, -0.02585022729592464200 ) ) ;
#3361 = CARTESIAN_POINT ( 'NONE',  ( 0.8922005383792495100, -1.545336663013167700, -1.354166666666661400 ) ) ;
#3362 = CARTESIAN_POINT ( 'NONE',  ( -0.8922005383792498400, 1.545336663013167100, -5.204166666666661300 ) ) ;
#3363 = CARTESIAN_POINT ( 'NONE',  ( 0.0000000000000000000, 1.545336663013166900, -1.149999999999995700 ) ) ;
#3364 = CARTESIAN_POINT ( 'NONE',  ( -1.892491597964127000E-016, -1.545336663013166900, 1.300000000000004300 ) ) ;
#3365 = ORIENTED_EDGE ( 'NONE', *, *, #3274, .T. ) ;
#3366 = ORIENTED_EDGE ( 'NONE', *, *, #94, .F. ) ;
#3367 = VERTEX_POINT ( 'NONE', #286 ) ;
#3368 = CARTESIAN_POINT ( 'NONE',  ( -2.164742718178902500, 0.3263328496305270600, 2.221942837698803100 ) ) ;
#3369 = CARTESIAN_POINT ( 'NONE',  ( 1.338300807568875600, 0.7726683315065825400, -0.4791666666666615800 ) ) ;
#3370 = VERTEX_POINT ( 'NONE', #848 ) ;
#3371 = VERTEX_POINT ( 'NONE', #1191 ) ;
#3372 = CARTESIAN_POINT ( 'NONE',  ( 0.3422234578546366500, 1.683312104531348800, -7.565719905198466900 ) ) ;
#3373 = CARTESIAN_POINT ( 'NONE',  ( -0.7800567096260733200, 0.7800567096260675500, 3.118766753137856500 ) ) ;
#3374 = EDGE_CURVE ( 'NONE', #354, #1655, #3662, .T. ) ;
#3375 = EDGE_LOOP ( 'NONE', ( #2318, #2722, #345, #2319 ) ) ;
#3376 = ORIENTED_EDGE ( 'NONE', *, *, #1606, .T. ) ;
#3377 = CARTESIAN_POINT ( 'NONE',  ( 0.8922005383792509500, 1.545336663013166600, -3.220833333333328300 ) ) ;
#3378 = CARTESIAN_POINT ( 'NONE',  ( -1.784401076758499900, 1.294267669813664600E-016, -5.087499999999995900 ) ) ;
#3379 = CARTESIAN_POINT ( 'NONE',  ( 0.0000000000000000000, 2.000000000000000400, -7.099999999999998800 ) ) ;
#3380 = CARTESIAN_POINT ( 'NONE',  ( 1.784401076758499700, -3.076254464281109000E-016, 2.175000000000002900 ) ) ;
#3381 = ADVANCED_FACE ( 'NONE', ( #1813 ), #1455, .T. ) ;
#3382 = CARTESIAN_POINT ( 'NONE',  ( 0.7744645569295124400, -1.347124926888464400, -7.729663336986845000 ) ) ;
#3383 = B_SPLINE_CURVE_WITH_KNOTS ( 'NONE', 3,
 ( #2588, #2896, #2728, #134 ),
 .UNSPECIFIED., .F., .F.,
 ( 4, 4 ),
 ( 0.0000000000000000000, 0.0009009551009949201600 ),
 .UNSPECIFIED. ) ;
#3384 = CARTESIAN_POINT ( 'NONE',  ( -0.7844737670695723900, 0.7844737670695667300, 3.184731455726980800 ) ) ;
#3385 = CARTESIAN_POINT ( 'NONE',  ( -2.349495442072247400, -0.4657886768156859200, 2.808962786656433500 ) ) ;
#3386 = CARTESIAN_POINT ( 'NONE',  ( 1.338300807568874500, -0.7726683315065842100, -5.495833333333328200 ) ) ;
#3387 = CARTESIAN_POINT ( 'NONE',  ( -1.154700538379252600, -2.000000000000000000, -5.408333333333330600 ) ) ;
#3388 = CARTESIAN_POINT ( 'NONE',  ( 0.8922005383792507300, 1.545336663013166400, 1.591666666666669900 ) ) ;
#3389 = LINE ( 'NONE', #1458, #596 ) ;
#3390 = DIRECTION ( 'NONE',  ( 0.0000000000000000000, 0.0000000000000000000, 1.000000000000000000 ) ) ;
#3391 = EDGE_CURVE ( 'NONE', #2007, #3136, #20, .T. ) ;
#3392 = CARTESIAN_POINT ( 'NONE',  ( 1.732050807568877200, -1.000000000000001100, -3.045833333333332100 ) ) ;
#3393 = CARTESIAN_POINT ( 'NONE',  ( -1.531852644570223200, -0.2736364277062112700, -0.2584491551106688500 ) ) ;
#3394 = DIRECTION ( 'NONE',  ( -0.0000000000000000000, -0.0000000000000000000, -1.000000000000000000 ) ) ;
#3395 = AXIS2_PLACEMENT_3D ( 'NONE', #2547, #1771, #3440 ) ;
#3396 = CARTESIAN_POINT ( 'NONE',  ( 1.306191568799570400, -1.513940538240809100, -7.279608788943420400 ) ) ;
#3397 = CARTESIAN_POINT ( 'NONE',  ( 0.0000000000000000000, 1.545336663013167100, -4.562499999999995600 ) ) ;
#3398 = CARTESIAN_POINT ( 'NONE',  ( -1.338300807568874900, -0.7726683315065832100, 1.883333333333337500 ) ) ;
#3399 = CARTESIAN_POINT ( 'NONE',  ( 0.8922005383792494000, -1.545336663013167300, 2.058333333333337600 ) ) ;
#3400 =( BOUNDED_CURVE ( )  B_SPLINE_CURVE ( 2, ( #945, #1855, #412, #2968, #1820, #1544, #3287 ),
 .UNSPECIFIED., .F., .T. ) 
 B_SPLINE_CURVE_WITH_KNOTS ( ( 3, 2, 2, 3 ),
 ( 0.4553148519000864700, 0.4657315185667531600, 0.4761481852334197900, 0.4865648519000864700 ),
 .UNSPECIFIED. ) 
 CURVE ( )  GEOMETRIC_REPRESENTATION_ITEM ( )  RATIONAL_B_SPLINE_CURVE ( ( 1.000000000000000000, 0.8660254037844387100, 1.000000000000000000, 0.8660254037844387100, 1.000000000000000000, 0.8660254037844387100, 1.000000000000000000 ) ) 
 REPRESENTATION_ITEM ( '' )  );
#3401 = CARTESIAN_POINT ( 'NONE',  ( 1.764863307568878200, -1.018944305707786300, 1.832291666666667800 ) ) ;
#3402 = CARTESIAN_POINT ( 'NONE',  ( 0.0000000000000000000, 2.000000000000000400, -0.09999999999999853500 ) ) ;
#3403 = ORIENTED_EDGE ( 'NONE', *, *, #375, .T. ) ;
#3404 = CARTESIAN_POINT ( 'NONE',  ( -1.338300807568875200, -0.7726683315065832100, -7.129166666666662000 ) ) ;
#3405 = ORIENTED_EDGE ( 'NONE', *, *, #1242, .T. ) ;
#3406 = CARTESIAN_POINT ( 'NONE',  ( -1.457622023005769700, -1.213949701243153700, -7.393169044114651800 ) ) ;
#3407 = VERTEX_POINT ( 'NONE', #2008 ) ;
#3408 = ORIENTED_EDGE ( 'NONE', *, *, #244, .F. ) ;
#3409 = CARTESIAN_POINT ( 'NONE',  ( 0.8922005383792495100, -1.545336663013167700, -0.6541666666666613400 ) ) ;
#3410 = DIRECTION ( 'NONE',  ( -0.0000000000000000000, -2.585091490897066400E-018, 1.000000000000000000 ) ) ;
#3411 = CARTESIAN_POINT ( 'NONE',  ( 1.338300807568874500, -0.7726683315065840900, 2.116666666666671100 ) ) ;
#3412 = AXIS2_PLACEMENT_3D ( 'NONE', #2103, #1819, #2978 ) ;
#3413 = VERTEX_POINT ( 'NONE', #1779 ) ;
#3414 = EDGE_CURVE ( 'NONE', #2962, #253, #1469, .T. ) ;
#3415 = ORIENTED_EDGE ( 'NONE', *, *, #1494, .T. ) ;
#3416 = DIRECTION ( 'NONE',  ( 0.7071067811865487900, 0.0000000000000000000, 0.7071067811865463500 ) ) ;
#3417 = DIRECTION ( 'NONE',  ( -0.0000000000000000000, -2.585091490897066400E-018, 1.000000000000000000 ) ) ;
#3418 = VERTEX_POINT ( 'NONE', #1137 ) ;
#3419 = VERTEX_POINT ( 'NONE', #2586 ) ;
#3420 = VECTOR ( 'NONE', #589, 1000.000000000000100 ) ;
#3421 = DIRECTION ( 'NONE',  ( 0.0000000000000000000, -1.000000000000000000, 0.0000000000000000000 ) ) ;
#3422 = EDGE_CURVE ( 'NONE', #2684, #924, #189, .T. ) ;
#3423 = CARTESIAN_POINT ( 'NONE',  ( -1.732050807568877600, -0.9999999999999997800, -5.379166666666664700 ) ) ;
#3424 = CIRCLE ( 'NONE', #3573, 7.529586274483599500 ) ;
#3425 = CARTESIAN_POINT ( 'NONE',  ( 0.3719445246096614900, 2.074731665572707500, 1.736319218633465100 ) ) ;
#3426 = CARTESIAN_POINT ( 'NONE',  ( -1.784401076758499900, 1.294267669813664600E-016, -5.174999999999995400 ) ) ;
#3427 = CARTESIAN_POINT ( 'NONE',  ( 0.8922005383792508400, 1.545336663013166600, 0.9791666666666716300 ) ) ;
#3428 = CARTESIAN_POINT ( 'NONE',  ( 1.176575538379251800, -2.037888611415571200, -5.926041666666666400 ) ) ;
#3429 = DIRECTION ( 'NONE',  ( 1.000000000000000000, 0.0000000000000000000, 0.0000000000000000000 ) ) ;
#3430 = CARTESIAN_POINT ( 'NONE',  ( -2.309401076758503800, 1.615737454589847100E-016, -4.037499999999998800 ) ) ;
#3431 = CARTESIAN_POINT ( 'NONE',  ( -1.764863307568878700, -1.018944305707784900, -6.844791666666665700 ) ) ;
#3432 = CARTESIAN_POINT ( 'NONE',  ( 0.0000000000000000000, 2.000000000000000400, -2.899999999999999000 ) ) ;
#3433 = CARTESIAN_POINT ( 'NONE',  ( -1.892491597964127200E-016, -1.545336663013167100, -7.012499999999995700 ) ) ;
#3434 = CARTESIAN_POINT ( 'NONE',  ( -1.536441143016778800, -0.1655717853334490700, -0.2624999999994951400 ) ) ;
#3435 = SHAPE_DEFINITION_REPRESENTATION ( #2868, #3631 ) ;
#3436 = DIRECTION ( 'NONE',  ( 0.8660254037844397100, 0.0000000000000000000, 0.4999999999999981700 ) ) ;
#3437 = LINE ( 'NONE', #2690, #1133 ) ;
#3438 = CARTESIAN_POINT ( 'NONE',  ( -1.892491597964127000E-016, -1.545336663013166900, -7.099999999999996100 ) ) ;
#3439 = CARTESIAN_POINT ( 'NONE',  ( -1.338300807568874900, 0.7726683315065837600, -2.345833333333328300 ) ) ;
#3440 = DIRECTION ( 'NONE',  ( 0.0000000000000000000, -1.000000000000000000, 0.0000000000000000000 ) ) ;
#3441 = CARTESIAN_POINT ( 'NONE',  ( 1.764863307568879300, 1.018944305707783800, -7.151041666666666100 ) ) ;
#3442 = CARTESIAN_POINT ( 'NONE',  ( -1.154700538379252600, -2.000000000000000000, -3.920833333333332900 ) ) ;
#3443 = CARTESIAN_POINT ( 'NONE',  ( -2.449293598294707400E-016, -2.000000000000000400, -0.4499999999999990100 ) ) ;
#3444 = DIRECTION ( 'NONE',  ( 0.0000000000000000000, -1.000000000000000000, 0.0000000000000000000 ) ) ;
#3445 = EDGE_CURVE ( 'NONE', #1752, #2409, #3220, .T. ) ;
#3446 = CARTESIAN_POINT ( 'NONE',  ( -1.892491597964127200E-016, -1.545336663013167100, -4.212499999999995000 ) ) ;
#3447 = CARTESIAN_POINT ( 'NONE',  ( -1.154700538379252600, -2.000000000000000000, -1.120833333333331600 ) ) ;
#3448 = AXIS2_PLACEMENT_3D ( 'NONE', #1990, #310, #3711 ) ;
#3449 = CARTESIAN_POINT ( 'NONE',  ( 1.338300807568874500, -0.7726683315065840900, -6.283333333333328800 ) ) ;
#3450 = CARTESIAN_POINT ( 'NONE',  ( 1.338300807568875600, 0.7726683315065825400, -1.879166666666661800 ) ) ;
#3451 = CARTESIAN_POINT ( 'NONE',  ( 1.764863307568879300, 1.018944305707783800, -5.051041666666665500 ) ) ;
#3452 = CARTESIAN_POINT ( 'NONE',  ( -1.338300807568874700, 0.7726683315065836500, -8.033333333333329700 ) ) ;
#3453 = CARTESIAN_POINT ( 'NONE',  ( 0.0000000000000000000, 2.037888611415570800, -2.878124999999998900 ) ) ;
#3454 = DIRECTION ( 'NONE',  ( 1.000000000000000000, 0.0000000000000000000, 0.0000000000000000000 ) ) ;
#3455 = ORIENTED_EDGE ( 'NONE', *, *, #3082, .F. ) ;
#3456 = CARTESIAN_POINT ( 'NONE',  ( -1.892491597964127200E-016, -1.545336663013167100, -2.812499999999994700 ) ) ;
#3457 = CARTESIAN_POINT ( 'NONE',  ( 1.016250575773981700, -1.436027063483535000, -0.1466163879602672700 ) ) ;
#3458 = ORIENTED_EDGE ( 'NONE', *, *, #438, .F. ) ;
#3459 = CARTESIAN_POINT ( 'NONE',  ( -2.449293598294707400E-016, -2.000000000000000400, -3.949999999999998800 ) ) ;
#3460 = CARTESIAN_POINT ( 'NONE',  ( 1.154700538379252800, 1.999999999999999600, -5.758333333333331100 ) ) ;
#3461 = CARTESIAN_POINT ( 'NONE',  ( 0.8922005383792494000, -1.545336663013167300, -7.041666666666662500 ) ) ;
#3462 = CARTESIAN_POINT ( 'NONE',  ( -1.338300807568875200, -0.7726683315065832100, -1.529166666666661200 ) ) ;
#3463 = DIRECTION ( 'NONE',  ( -0.3812272063696634000, 0.9203638919632203300, 0.08715574274765836000 ) ) ;
#3464 = ORIENTED_EDGE ( 'NONE', *, *, #306, .F. ) ;
#3465 = CARTESIAN_POINT ( 'NONE',  ( -1.764863307568878700, -1.018944305707784900, -6.801041666666665500 ) ) ;
#3466 = ORIENTED_EDGE ( 'NONE', *, *, #2224, .F. ) ;
#3467 = EDGE_CURVE ( 'NONE', #919, #2060, #3389, .T. ) ;
#3468 = CARTESIAN_POINT ( 'NONE',  ( 1.732050807568878300, 0.9999999999999986700, -3.716666666666665900 ) ) ;
#3469 = CARTESIAN_POINT ( 'NONE',  ( 0.0000000000000000000, 0.0000000000000000000, -4.331250000000005200 ) ) ;
#3470 = CARTESIAN_POINT ( 'NONE',  ( -1.641530488788072400, 0.2474591172720194400, 2.593817837698808100 ) ) ;
#3471 = CARTESIAN_POINT ( 'NONE',  ( -1.176575538379253100, -2.037888611415570300, -2.586458333333332000 ) ) ;
#3472 = CARTESIAN_POINT ( 'NONE',  ( -3.252606517456513300E-016, -1.135641495829896900E-030, 3.199999999999999700 ) ) ;
#3473 = CARTESIAN_POINT ( 'NONE',  ( 1.784401076758499900, -3.076254464281110000E-016, -4.737499999999994500 ) ) ;
#3474 = CARTESIAN_POINT ( 'NONE',  ( 1.191346272727779700, -1.310949508074162900, -0.1395561599796345500 ) ) ;
#3475 = LINE ( 'NONE', #3384, #3338 ) ;
#3476 =( BOUNDED_CURVE ( )  B_SPLINE_CURVE ( 2, ( #2304, #870, #1722, #2002, #1164, #279, #521 ),
 .UNSPECIFIED., .F., .T. ) 
 B_SPLINE_CURVE_WITH_KNOTS ( ( 3, 2, 2, 3 ),
 ( 0.4865648519000864700, 0.4969815185667531600, 0.5073981852334197300, 0.5178148519000864700 ),
 .UNSPECIFIED. ) 
 CURVE ( )  GEOMETRIC_REPRESENTATION_ITEM ( )  RATIONAL_B_SPLINE_CURVE ( ( 1.000000000000000000, 0.8660254037844387100, 1.000000000000000000, 0.8660254037844387100, 1.000000000000000000, 0.8660254037844387100, 1.000000000000000000 ) ) 
 REPRESENTATION_ITEM ( '' )  );
#3477 = CARTESIAN_POINT ( 'NONE',  ( 0.0000000000000000000, 6.628682924999594700E-017, 2.200000000000000600 ) ) ;
#3478 = CARTESIAN_POINT ( 'NONE',  ( -0.8922005383792497300, 1.545336663013166900, -6.691666666666662900 ) ) ;
#3479 = CARTESIAN_POINT ( 'NONE',  ( -0.8922005383792506200, -1.545336663013166600, 2.029166666666672100 ) ) ;
#3480 = CARTESIAN_POINT ( 'NONE',  ( 2.353151076758504900, -4.121031264803704200E-016, -5.809374999999998400 ) ) ;
#3481 = CARTESIAN_POINT ( 'NONE',  ( -2.309401076758503800, 1.615737454589847600E-016, -0.5374999999999984200 ) ) ;
#3482 = CARTESIAN_POINT ( 'NONE',  ( -1.154700538379251500, 2.000000000000000400, -3.541666666666665200 ) ) ;
#3483 = CARTESIAN_POINT ( 'NONE',  ( 1.338300807568875600, 0.7726683315065825400, 2.320833333333337700 ) ) ;
#3484 = CARTESIAN_POINT ( 'NONE',  ( 1.764863307568879300, 1.018944305707783800, -5.794791666666665000 ) ) ;
#3485 = CARTESIAN_POINT ( 'NONE',  ( -1.862752265771765900, -0.3534035141727039900, 1.524394499592850000 ) ) ;
#3486 = CARTESIAN_POINT ( 'NONE',  ( 0.0000000000000000000, 2.000000000000000400, -0.09999999999999853500 ) ) ;
#3487 = CIRCLE ( 'NONE', #559, 1.474999999999998100 ) ;
#3488 = CARTESIAN_POINT ( 'NONE',  ( -1.892491597964127200E-016, -1.545336663013167100, -5.612499999999995400 ) ) ;
#3489 = CARTESIAN_POINT ( 'NONE',  ( 2.303974247209653400, -0.4502207085258108100, 2.631020094855892800 ) ) ;
#3490 = CARTESIAN_POINT ( 'NONE',  ( 0.8922005383792494000, -1.545336663013167300, -2.141666666666662200 ) ) ;
#3491 = CARTESIAN_POINT ( 'NONE',  ( 0.0000000000000000000, 2.000000000000000400, -7.012499999999997500 ) ) ;
#3492 = CARTESIAN_POINT ( 'NONE',  ( 1.438218879622116000, -0.3163714390882306800, 1.101115944497856200 ) ) ;
#3493 = EDGE_CURVE ( 'NONE', #1928, #2438, #2842, .T. ) ;
#3494 = CARTESIAN_POINT ( 'NONE',  ( 1.176575538379253500, 2.037888611415570300, -1.492708333333333100 ) ) ;
#3495 = CARTESIAN_POINT ( 'NONE',  ( -1.514996536260548200, 0.3513661969416024300, -0.2624999999999903500 ) ) ;
#3496 = CARTESIAN_POINT ( 'NONE',  ( 1.176575538379251800, -2.037888611415571200, -3.869791666666665200 ) ) ;
#3497 = DIRECTION ( 'NONE',  ( -0.9203638919632243200, -0.3812272063696536300, 0.08715574274765837400 ) ) ;
#3498 = DIRECTION ( 'NONE',  ( 0.01733375049386026700, 0.08714264840443966500, 0.9960450290638855900 ) ) ;
#3499 = EDGE_CURVE ( 'NONE', #1296, #85, #2133, .T. ) ;
#3500 = CARTESIAN_POINT ( 'NONE',  ( -0.8922005383792506200, -1.545336663013166600, -2.870833333333328200 ) ) ;
#3501 = CARTESIAN_POINT ( 'NONE',  ( 1.154700538379252800, 1.999999999999999600, -2.958333333333331300 ) ) ;
#3502 = ORIENTED_EDGE ( 'NONE', *, *, #135, .F. ) ;
#3503 = EDGE_LOOP ( 'NONE', ( #3588, #205, #355, #3323 ) ) ;
#3504 = CARTESIAN_POINT ( 'NONE',  ( -1.338300807568874700, 0.7726683315065836500, -2.433333333333329100 ) ) ;
#3505 = CARTESIAN_POINT ( 'NONE',  ( -1.764863307568878700, -1.018944305707784900, -1.201041666666666300 ) ) ;
#3506 = ORIENTED_EDGE ( 'NONE', *, *, #3295, .T. ) ;
#3507 = DIRECTION ( 'NONE',  ( 1.000000000000000000, 0.0000000000000000000, 0.0000000000000000000 ) ) ;
#3508 = CARTESIAN_POINT ( 'NONE',  ( 1.176575538379253500, 2.037888611415570300, -3.636458333333331800 ) ) ;
#3509 = CARTESIAN_POINT ( 'NONE',  ( 0.0000000000000000000, 2.000000000000000400, -4.299999999999998900 ) ) ;
#3510 = ORIENTED_EDGE ( 'NONE', *, *, #3414, .T. ) ;
#3511 = ORIENTED_EDGE ( 'NONE', *, *, #1782, .F. ) ;
#3512 = EDGE_LOOP ( 'NONE', ( #1209, #720, #3150, #242 ) ) ;
#3513 = CARTESIAN_POINT ( 'NONE',  ( 0.0000000000000000000, 2.000000000000000400, -1.499999999999998700 ) ) ;
#3514 = EDGE_LOOP ( 'NONE', ( #313, #2622, #3315, #3405, #1701, #470 ) ) ;
#3515 = FACE_OUTER_BOUND ( 'NONE', #2333, .T. ) ;
#3516 = CARTESIAN_POINT ( 'NONE',  ( 0.9481777448371787600, -0.3927480814518839500, 3.199999999999999700 ) ) ;
#3517 = CARTESIAN_POINT ( 'NONE',  ( -0.8922005383792505100, -1.545336663013166400, -1.558333333333329100 ) ) ;
#3518 = CARTESIAN_POINT ( 'NONE',  ( 0.0000000000000000000, -2.000000000000000400, 2.200000000000000600 ) ) ;
#3519 = CARTESIAN_POINT ( 'NONE',  ( 1.176575538379251800, -2.037888611415571200, -1.026041666666665600 ) ) ;
#3520 = LINE ( 'NONE', #3725, #3160 ) ;
#3521 = EDGE_CURVE ( 'NONE', #3320, #1883, #2093, .T. ) ;
#3522 = CARTESIAN_POINT ( 'NONE',  ( 0.0000000000000000000, 2.000000000000000400, -2.112499999999998500 ) ) ;
#3523 = CARTESIAN_POINT ( 'NONE',  ( 1.764863307568879300, 1.018944305707783800, -0.8947916666666653200 ) ) ;
#3524 = CARTESIAN_POINT ( 'NONE',  ( -2.449293598294707400E-016, -2.000000000000000400, -1.762499999999998600 ) ) ;
#3525 = CARTESIAN_POINT ( 'NONE',  ( 2.000000000000001300, 0.0000000000000000000, 0.0000000000000000000 ) ) ;
#3526 =( BOUNDED_CURVE ( )  B_SPLINE_CURVE ( 2, ( #524, #200, #537, #1940, #3144, #2799, #2789 ),
 .UNSPECIFIED., .F., .T. ) 
 B_SPLINE_CURVE_WITH_KNOTS ( ( 3, 2, 2, 3 ),
 ( 0.8615648519000864700, 0.8719815185667531000, 0.8823981852334198400, 0.8928148519000864700 ),
 .UNSPECIFIED. ) 
 CURVE ( )  GEOMETRIC_REPRESENTATION_ITEM ( )  RATIONAL_B_SPLINE_CURVE ( ( 1.000000000000000000, 0.8660254037844387100, 1.000000000000000000, 0.8660254037844387100, 1.000000000000000000, 0.8660254037844387100, 1.000000000000000000 ) ) 
 REPRESENTATION_ITEM ( '' )  );
#3527 = ORIENTED_EDGE ( 'NONE', *, *, #3445, .F. ) ;
#3528 = CARTESIAN_POINT ( 'NONE',  ( 0.0000000000000000000, 9.213774415896661100E-017, -7.799999999999998000 ) ) ;
#3529 = CARTESIAN_POINT ( 'NONE',  ( 1.338300807568875400, 0.7726683315065824300, -1.266666666666662400 ) ) ;
#3530 = CARTESIAN_POINT ( 'NONE',  ( 2.353151076758504900, -4.121031264803704200E-016, -3.009374999999999000 ) ) ;
#3531 = LINE ( 'NONE', #3717, #2610 ) ;
#3532 = DIRECTION ( 'NONE',  ( 0.0000000000000000000, -1.000000000000000000, 0.0000000000000000000 ) ) ;
#3533 = CARTESIAN_POINT ( 'NONE',  ( 1.764863307568878200, -1.018944305707786300, -2.411458333333332100 ) ) ;
#3534 = CARTESIAN_POINT ( 'NONE',  ( 2.933300826315333500E-016, -2.395221894474073300, 2.808962786656433500 ) ) ;
#3535 = CARTESIAN_POINT ( 'NONE',  ( 1.338300807568875400, 0.7726683315065824300, -6.166666666666662500 ) ) ;
#3536 = AXIS2_PLACEMENT_3D ( 'NONE', #2623, #1531, #2952 ) ;
#3537 = DIRECTION ( 'NONE',  ( -1.000000000000000000, 0.0000000000000000000, 0.0000000000000000000 ) ) ;
#3538 = CARTESIAN_POINT ( 'NONE',  ( -1.338300807568874900, -0.7726683315065832100, -4.416666666666662500 ) ) ;
#3539 = CARTESIAN_POINT ( 'NONE',  ( 1.154700538379251200, -2.000000000000000900, -5.204166666666663900 ) ) ;
#3540 = EDGE_CURVE ( 'NONE', #1374, #3320, #3487, .T. ) ;
#3541 = CARTESIAN_POINT ( 'NONE',  ( 2.353151076758504900, -4.121031264803704200E-016, -0.2093749999999994800 ) ) ;
#3542 = CARTESIAN_POINT ( 'NONE',  ( 0.0000000000000000000, 6.628682924999594700E-017, 2.200000000000000600 ) ) ;
#3543 = CARTESIAN_POINT ( 'NONE',  ( 1.176575538379251800, -2.037888611415571200, -1.069791666666664900 ) ) ;
#3544 = CARTESIAN_POINT ( 'NONE',  ( -1.338300807568874900, -0.7726683315065832100, -3.016666666666662200 ) ) ;
#3545 = CARTESIAN_POINT ( 'NONE',  ( -0.8922005383792497300, 1.545336663013166900, -5.291666666666662500 ) ) ;
#3546 =( BOUNDED_CURVE ( )  B_SPLINE_CURVE ( 2, ( #3522, #928, #1354, #2220, #792, #2530, #2792 ),
 .UNSPECIFIED., .F., .F. ) 
 B_SPLINE_CURVE_WITH_KNOTS ( ( 3, 2, 2, 3 ),
 ( 0.5625000000000000000, 0.5729166666666666300, 0.5833333333333333700, 0.5937500000000000000 ),
 .UNSPECIFIED. ) 
 CURVE ( )  GEOMETRIC_REPRESENTATION_ITEM ( )  RATIONAL_B_SPLINE_CURVE ( ( 1.000000000000000000, 0.8660254037844387100, 1.000000000000000000, 0.8660254037844387100, 1.000000000000000000, 0.8660254037844387100, 1.000000000000000000 ) ) 
 REPRESENTATION_ITEM ( '' )  );
#3547 = AXIS2_PLACEMENT_3D ( 'NONE', #1894, #2725, #1038 ) ;
#3548 = ORIENTED_EDGE ( 'NONE', *, *, #1600, .T. ) ;
#3549 = VERTEX_POINT ( 'NONE', #637 ) ;
#3550 = ORIENTED_EDGE ( 'NONE', *, *, #151, .T. ) ;
#3551 = AXIS2_PLACEMENT_3D ( 'NONE', #2859, #2922, #2613 ) ;
#3552 = CARTESIAN_POINT ( 'NONE',  ( 0.0000000000000000000, 0.0000000000000000000, 2.808962786656433500 ) ) ;
#3553 = EDGE_LOOP ( 'NONE', ( #741, #2926, #2283, #3137 ) ) ;
#3554 = CARTESIAN_POINT ( 'NONE',  ( -1.176575538379252000, 2.037888611415570800, 0.7239583333333334800 ) ) ;
#3555 = CONICAL_SURFACE ( 'NONE', #509, 3.160744349011211300, 0.7853981633974499400 ) ;
#3556 = EDGE_LOOP ( 'NONE', ( #2106, #352, #2764, #1060 ) ) ;
#3557 = VERTEX_POINT ( 'NONE', #2054 ) ;
#3558 = CARTESIAN_POINT ( 'NONE',  ( -1.338300807568874900, 0.7726683315065837600, -3.745833333333328200 ) ) ;
#3559 = CARTESIAN_POINT ( 'NONE',  ( 2.353151076758504900, -4.121031264803704200E-016, -0.9531249999999982200 ) ) ;
#3560 = CARTESIAN_POINT ( 'NONE',  ( 0.0000000000000000000, 1.545336663013166900, -3.949999999999996200 ) ) ;
#3561 = ORIENTED_EDGE ( 'NONE', *, *, #2392, .F. ) ;
#3562 = CARTESIAN_POINT ( 'NONE',  ( -1.784401076758499700, 1.294267669813664600E-016, -5.874999999999996400 ) ) ;
#3563 = VECTOR ( 'NONE', #1603, 1000.000000000000000 ) ;
#3564 = DIRECTION ( 'NONE',  ( -0.9203638919632283200, 0.3812272063696440800, 0.08715574274765836000 ) ) ;
#3565 = DIRECTION ( 'NONE',  ( -0.9203638919632216600, -0.3812272063696601200, -0.08715574274765836000 ) ) ;
#3566 = CARTESIAN_POINT ( 'NONE',  ( 1.764863307568878200, -1.018944305707786300, 0.4322916666666676300 ) ) ;
#3567 = CARTESIAN_POINT ( 'NONE',  ( 0.5442153152410531500, 0.7627753099855970600, 0.5526932360220557800 ) ) ;
#3568 = CARTESIAN_POINT ( 'NONE',  ( 1.338300807568874500, -0.7726683315065842100, -4.795833333333328100 ) ) ;
#3569 = CARTESIAN_POINT ( 'NONE',  ( -1.764863307568878400, 1.018944305707785600, 0.03854166666666762600 ) ) ;
#3570 = CARTESIAN_POINT ( 'NONE',  ( -1.784401076758499700, 1.294267669813665100E-016, -2.374999999999996000 ) ) ;
#3571 = CARTESIAN_POINT ( 'NONE',  ( 0.8922005383792507300, 1.545336663013166400, -5.408333333333328800 ) ) ;
#3572 = PERSON_AND_ORGANIZATION ( #871, #911 ) ;
#3573 = AXIS2_PLACEMENT_3D ( 'NONE', #2871, #825, #856 ) ;
#3574 = CARTESIAN_POINT ( 'NONE',  ( 2.309401076758503800, -4.040663818609657100E-016, -5.174999999999998900 ) ) ;
#3575 = CARTESIAN_POINT ( 'NONE',  ( -3.750000000000000000, 4.592425496802574000E-016, 2.200000000000001100 ) ) ;
#3576 = EDGE_LOOP ( 'NONE', ( #1613, #568, #1428, #3415, #2373, #3002, #3683, #81, #3234, #1025 ) ) ;
#3577 = CARTESIAN_POINT ( 'NONE',  ( 0.8922005383792495100, -1.545336663013167700, -5.554166666666661800 ) ) ;
#3578 = CARTESIAN_POINT ( 'NONE',  ( -1.338300807568874900, 0.7726683315065837600, -7.245833333333328200 ) ) ;
#3579 = CARTESIAN_POINT ( 'NONE',  ( 1.784401076758499700, -3.076254464281109500E-016, -3.424999999999995400 ) ) ;
#3580 = CARTESIAN_POINT ( 'NONE',  ( 0.0000000000000000000, 1.545336663013166900, -5.349999999999995200 ) ) ;
#3581 = ADVANCED_FACE ( 'NONE', ( #1358 ), #2129, .T. ) ;
#3582 = CARTESIAN_POINT ( 'NONE',  ( 0.0000000000000000000, 2.000000000000000400, -4.999999999999998200 ) ) ;
#3583 = CARTESIAN_POINT ( 'NONE',  ( -1.338300807568874900, -0.7726683315065832100, -0.9166666666666628500 ) ) ;
#3584 = CARTESIAN_POINT ( 'NONE',  ( -0.4657886768156777600, 2.349495442072248700, 2.808962786656433500 ) ) ;
#3585 = EDGE_CURVE ( 'NONE', #2451, #1165, #2040, .T. ) ;
#3586 = ORIENTED_EDGE ( 'NONE', *, *, #2331, .F. ) ;
#3587 = CARTESIAN_POINT ( 'NONE',  ( 0.0000000000000000000, 0.0000000000000000000, 2.808962786656433500 ) ) ;
#3588 = ORIENTED_EDGE ( 'NONE', *, *, #2703, .F. ) ;
#3589 = CARTESIAN_POINT ( 'NONE',  ( -0.8922005383792499500, 1.545336663013167100, -4.504166666666661100 ) ) ;
#3590 = CARTESIAN_POINT ( 'NONE',  ( 0.0000000000000000000, 2.037888611415570800, 2.721875000000002000 ) ) ;
#3591 = CARTESIAN_POINT ( 'NONE',  ( 0.8922005383792494000, -1.545336663013167300, -3.541666666666663000 ) ) ;
#3592 = CARTESIAN_POINT ( 'NONE',  ( 1.338300807568875400, 0.7726683315065824300, -3.366666666666662700 ) ) ;
#3593 = VERTEX_POINT ( 'NONE', #75 ) ;
#3594 = CARTESIAN_POINT ( 'NONE',  ( -1.784401076758499700, 1.294267669813664600E-016, -6.574999999999995700 ) ) ;
#3595 = VERTEX_POINT ( 'NONE', #1203 ) ;
#3596 = VERTEX_POINT ( 'NONE', #1829 ) ;
#3597 = CARTESIAN_POINT ( 'NONE',  ( -2.000000000000001300, 2.449293598294708400E-016, 0.0000000000000000000 ) ) ;
#3598 = DIRECTION ( 'NONE',  ( 1.000000000000000000, 0.0000000000000000000, 0.0000000000000000000 ) ) ;
#3599 = DIRECTION ( 'NONE',  ( -0.0000000000000000000, -2.585091490897066400E-018, 1.000000000000000000 ) ) ;
#3600 = VERTEX_POINT ( 'NONE', #2935 ) ;
#3601 = CARTESIAN_POINT ( 'NONE',  ( -1.552639347747552900, 1.260678807558077000, -3.278118976877221800E-015 ) ) ;
#3602 = VECTOR ( 'NONE', #455, 1000.000000000000000 ) ;
#3603 = CARTESIAN_POINT ( 'NONE',  ( 0.0000000000000000000, 1.545336663013167100, -6.662499999999995200 ) ) ;
#3604 = CARTESIAN_POINT ( 'NONE',  ( 0.8922005383792508400, 1.545336663013166600, -7.420833333333328100 ) ) ;
#3605 = CARTESIAN_POINT ( 'NONE',  ( 0.8922005383792507300, 1.545336663013166400, -0.5083333333333294200 ) ) ;
#3606 = CARTESIAN_POINT ( 'NONE',  ( 0.8922005383792494000, -1.545336663013167300, -3.541666666666663000 ) ) ;
#3607 = ADVANCED_FACE ( 'NONE', ( #1906 ), #454, .T. ) ;
#3608 = LINE ( 'NONE', #442, #3563 ) ;
#3609 = CARTESIAN_POINT ( 'NONE',  ( 1.784401076758499900, -3.076254464281110000E-016, -2.637499999999995300 ) ) ;
#3610 = CARTESIAN_POINT ( 'NONE',  ( 0.8922005383792508400, 1.545336663013166600, -0.4208333333333286200 ) ) ;
#3611 =( GEOMETRIC_REPRESENTATION_CONTEXT ( 3 ) GLOBAL_UNCERTAINTY_ASSIGNED_CONTEXT ( ( #554 ) ) GLOBAL_UNIT_ASSIGNED_CONTEXT ( ( #440, #1880, #2440 ) ) REPRESENTATION_CONTEXT ( 'NONE', 'WORKASPACE' ) );
#3612 = EDGE_CURVE ( 'NONE', #2230, #1181, #3260, .T. ) ;
#3613 = CARTESIAN_POINT ( 'NONE',  ( -0.3163714390882507700, 1.438218879622111400, 1.101115944497855500 ) ) ;
#3614 = CARTESIAN_POINT ( 'NONE',  ( -1.154700538379251500, 2.000000000000000400, -6.341666666666665900 ) ) ;
#3615 = EDGE_CURVE ( 'NONE', #2060, #1928, #2699, .T. ) ;
#3616 = PERSON_AND_ORGANIZATION ( #871, #911 ) ;
#3617 = CARTESIAN_POINT ( 'NONE',  ( -1.338300807568874900, 0.7726683315065837600, -0.9458333333333280900 ) ) ;
#3618 = CARTESIAN_POINT ( 'NONE',  ( 0.0000000000000000000, 2.037888611415570800, 1.321875000000001900 ) ) ;
#3619 = CARTESIAN_POINT ( 'NONE',  ( -1.338300807568874900, -0.7726683315065832100, 0.4833333333333373300 ) ) ;
#3620 = CARTESIAN_POINT ( 'NONE',  ( -0.8922005383792502900, -1.545336663013166400, -2.958333333333329500 ) ) ;
#3621 = CARTESIAN_POINT ( 'NONE',  ( -1.338300807568875200, -0.7726683315065832100, -1.529166666666661200 ) ) ;
#3622 = B_SPLINE_CURVE_WITH_KNOTS ( 'NONE', 3,
 ( #3696, #3382, #485, #2787, #1689, #3088 ),
 .UNSPECIFIED., .F., .F.,
 ( 4, 2, 4 ),
 ( 0.0000000000000000000, 0.0004873533091894668300, 0.0009747066183789338800 ),
 .UNSPECIFIED. ) ;
#3623 = MECHANICAL_CONTEXT ( 'NONE', #2739, 'mechanical' ) ;
#3624 = CARTESIAN_POINT ( 'NONE',  ( 1.308175755335820900, 0.3590787774514356800, 0.9832845256590241300 ) ) ;
#3625 = CARTESIAN_POINT ( 'NONE',  ( 1.338300807568874500, -0.7726683315065842100, -1.995833333333328700 ) ) ;
#3626 = CARTESIAN_POINT ( 'NONE',  ( -0.8922005383792506200, -1.545336663013166600, -7.070833333333328400 ) ) ;
#3627 = CARTESIAN_POINT ( 'NONE',  ( -1.784401076758499700, 1.294267669813665100E-016, 1.125000000000004400 ) ) ;
#3628 = CARTESIAN_POINT ( 'NONE',  ( 0.8922005383792494000, -1.545336663013167300, -2.841666666666662300 ) ) ;
#3629 = CARTESIAN_POINT ( 'NONE',  ( -1.338300807568875200, -0.7726683315065832100, 1.270833333333337300 ) ) ;
#3630 = CARTESIAN_POINT ( 'NONE',  ( 1.435231277702523800, 0.8866191749796357200, -7.623472770883424200 ) ) ;
#3631 = ADVANCED_BREP_SHAPE_REPRESENTATION ( '90258A214_Phillips Oval Head Screws', ( #3289, #2177 ), #3611 ) ;
#3632 = ORIENTED_EDGE ( 'NONE', *, *, #560, .F. ) ;
#3633 = EDGE_CURVE ( 'NONE', #1181, #2452, #2470, .T. ) ;
#3634 = EDGE_LOOP ( 'NONE', ( #1828, #1839, #1788, #2577 ) ) ;
#3635 = ORIENTED_EDGE ( 'NONE', *, *, #560, .T. ) ;
#3636 = CARTESIAN_POINT ( 'NONE',  ( -1.338300807568874900, 0.7726683315065837600, -2.345833333333328300 ) ) ;
#3637 = CARTESIAN_POINT ( 'NONE',  ( 1.784401076758499900, -3.076254464281110000E-016, -5.437499999999994700 ) ) ;
#3638 = CARTESIAN_POINT ( 'NONE',  ( -1.892491597964127000E-016, -1.545336663013166900, 0.6000000000000033100 ) ) ;
#3639 = ORIENTED_EDGE ( 'NONE', *, *, #910, .F. ) ;
#3640 = CARTESIAN_POINT ( 'NONE',  ( 0.0000000000000000000, 1.545336663013166900, -1.849999999999995600 ) ) ;
#3641 = ADVANCED_FACE ( 'NONE', ( #2749 ), #1943, .T. ) ;
#3642 = AXIS2_PLACEMENT_3D ( 'NONE', #54, #3246, #1467 ) ;
#3643 = ORIENTED_EDGE ( 'NONE', *, *, #926, .F. ) ;
#3644 = VERTEX_POINT ( 'NONE', #1543 ) ;
#3645 = ORIENTED_EDGE ( 'NONE', *, *, #827, .F. ) ;
#3646 = CARTESIAN_POINT ( 'NONE',  ( 1.338300807568874500, -0.7726683315065842100, 0.1041666666666708100 ) ) ;
#3647 = B_SPLINE_CURVE_WITH_KNOTS ( 'NONE', 3,
 ( #922, #3216, #2095, #1493 ),
 .UNSPECIFIED., .F., .F.,
 ( 4, 4 ),
 ( 0.001061234493126807900, 0.001228057376349464900 ),
 .UNSPECIFIED. ) ;
#3648 = FACE_OUTER_BOUND ( 'NONE', #1434, .T. ) ;
#3649 = CARTESIAN_POINT ( 'NONE',  ( 1.226074851459980600, 1.176789526344817100, -7.610244239361689400 ) ) ;
#3650 = DIRECTION ( 'NONE',  ( 1.000000000000000000, 0.0000000000000000000, 0.0000000000000000000 ) ) ;
#3651 = CARTESIAN_POINT ( 'NONE',  ( -0.4728916633617432100, -1.872732345142851700, -7.347231683919112300 ) ) ;
#3652 = CYLINDRICAL_SURFACE ( 'NONE', #3395, 2.000000000000000400 ) ;
#3653 = CARTESIAN_POINT ( 'NONE',  ( 0.8922005383792495100, -1.545336663013167700, -0.6541666666666613400 ) ) ;
#3654 = CARTESIAN_POINT ( 'NONE',  ( -1.892491597964127200E-016, -1.545336663013167100, -4.212499999999995000 ) ) ;
#3655 = CARTESIAN_POINT ( 'NONE',  ( 0.0000000000000000000, 1.545336663013166900, 0.9500000000000046200 ) ) ;
#3656 = CARTESIAN_POINT ( 'NONE',  ( -1.338300807568874700, 0.7726683315065836500, 2.466666666666670800 ) ) ;
#3657 = CARTESIAN_POINT ( 'NONE',  ( -1.176575538379252000, 2.037888611415570800, 1.423958333333334500 ) ) ;
#3658 = CARTESIAN_POINT ( 'NONE',  ( 1.338300807568875600, 0.7726683315065825400, -1.879166666666661800 ) ) ;
#3659 = EDGE_CURVE ( 'NONE', #3371, #1516, #2669, .T. ) ;
#3660 = DIRECTION ( 'NONE',  ( -0.0000000000000000000, -0.0000000000000000000, -1.000000000000000000 ) ) ;
#3661 = CARTESIAN_POINT ( 'NONE',  ( -0.3534035141721307300, 1.862752265765280000, 1.524394499586372300 ) ) ;
#3662 = CIRCLE ( 'NONE', #3668, 2.000000000000001300 ) ;
#3663 = CARTESIAN_POINT ( 'NONE',  ( 1.837620236790420000, 2.024862342950431400E-014, -0.09374999999999818200 ) ) ;
#3664 = CARTESIAN_POINT ( 'NONE',  ( -1.338300807568874900, 0.7726683315065837600, -3.045833333333328500 ) ) ;
#3665 = CARTESIAN_POINT ( 'NONE',  ( -0.8922005383792506200, -1.545336663013166600, -2.870833333333328200 ) ) ;
#3666 = CARTESIAN_POINT ( 'NONE',  ( -1.641530488788072400, 0.2474591172720194400, 2.506317837698807300 ) ) ;
#3667 = CARTESIAN_POINT ( 'NONE',  ( -1.506607496211393800, -0.3438011844253944200, 2.550955598636195400 ) ) ;
#3668 = AXIS2_PLACEMENT_3D ( 'NONE', #569, #900, #1444 ) ;
#3669 = CARTESIAN_POINT ( 'NONE',  ( 1.891704707283689900, -0.4658728801474836300, -7.340967437146395500 ) ) ;
#3670 = B_SPLINE_CURVE_WITH_KNOTS ( 'NONE', 3,
 ( #2900, #1162, #3190, #2327, #2606, #632 ),
 .UNSPECIFIED., .F., .F.,
 ( 4, 2, 4 ),
 ( 0.0000000000000000000, 0.0005391034330947338800, 0.001078206866189467800 ),
 .UNSPECIFIED. ) ;
#3671 = CARTESIAN_POINT ( 'NONE',  ( -1.146893945087039900, -1.148906884100441500, -0.2255340973437882100 ) ) ;
#3672 = CARTESIAN_POINT ( 'NONE',  ( 1.653628723467044800, 0.9185576001855421100, -0.06533867974750397200 ) ) ;
#3673 = CARTESIAN_POINT ( 'NONE',  ( -1.338300807568874900, 0.7726683315065837600, -3.745833333333328200 ) ) ;
#3674 = CARTESIAN_POINT ( 'NONE',  ( -1.764863307568878700, -1.018944305707784900, -8.201041666666665000 ) ) ;
#3675 = EDGE_LOOP ( 'NONE', ( #348, #1327, #1962, #2958 ) ) ;
#3676 = ADVANCED_FACE ( 'NONE', ( #2563 ), #539, .T. ) ;
#3677 = VERTEX_POINT ( 'NONE', #3018 ) ;
#3678 = CC_DESIGN_APPROVAL ( #1677, ( #2550 ) ) ;
#3679 = EDGE_CURVE ( 'NONE', #2525, #3549, #2865, .T. ) ;
#3680 = CARTESIAN_POINT ( 'NONE',  ( 0.5894429792345643500, -1.575999341249861000, -7.596461492381307900 ) ) ;
#3681 = CARTESIAN_POINT ( 'NONE',  ( -1.338300807568875200, -0.7726683315065832100, 1.970833333333338300 ) ) ;
#3682 = CARTESIAN_POINT ( 'NONE',  ( 1.176575538379251800, -2.037888611415571200, -6.669791666666664100 ) ) ;
#3683 = ORIENTED_EDGE ( 'NONE', *, *, #2983, .T. ) ;
#3684 = CARTESIAN_POINT ( 'NONE',  ( 1.154700538379252800, 1.999999999999999600, -2.870833333333331800 ) ) ;
#3685 = CARTESIAN_POINT ( 'NONE',  ( 2.095581549050825400E-016, 1.474999999999998100, -7.799999999999998000 ) ) ;
#3686 = EDGE_CURVE ( 'NONE', #3595, #890, #3437, .T. ) ;
#3687 = ORIENTED_EDGE ( 'NONE', *, *, #224, .T. ) ;
#3688 = CARTESIAN_POINT ( 'NONE',  ( -0.2391509819967452300, 1.985650222926987500, -6.848822785271687700E-016 ) ) ;
#3689 = ORIENTED_EDGE ( 'NONE', *, *, #2352, .T. ) ;
#3690 = CARTESIAN_POINT ( 'NONE',  ( 0.9871144490824260700, -1.722561740469585700, -7.293719136656244800 ) ) ;
#3691 = CARTESIAN_POINT ( 'NONE',  ( 0.8922005383792495100, -1.545336663013167700, -2.754166666666661500 ) ) ;
#3692 = CARTESIAN_POINT ( 'NONE',  ( 0.8922005383792494000, -1.545336663013167300, 2.058333333333337600 ) ) ;
#3693 = ORIENTED_EDGE ( 'NONE', *, *, #1019, .F. ) ;
#3694 = CARTESIAN_POINT ( 'NONE',  ( 0.0000000000000000000, 1.545336663013166900, 0.9500000000000046200 ) ) ;
#3695 = CARTESIAN_POINT ( 'NONE',  ( -0.3163714390882356200, -1.438218879622114300, 1.101115944497855100 ) ) ;
#3696 = CARTESIAN_POINT ( 'NONE',  ( 0.9062599177584492700, -1.251702186431388900, -7.729663336986675400 ) ) ;
#3697 = CARTESIAN_POINT ( 'NONE',  ( -1.176575538379252000, 2.037888611415570800, -7.719791666666664800 ) ) ;
#3698 = CIRCLE ( 'NONE', #1562, 2.000000000000001300 ) ;
#3699 = ADVANCED_FACE ( 'NONE', ( #3213 ), #1227, .T. ) ;
#3700 = CARTESIAN_POINT ( 'NONE',  ( -0.8922005383792506200, -1.545336663013166600, -7.070833333333328400 ) ) ;
#3701 = DIRECTION ( 'NONE',  ( -0.0000000000000000000, -2.585091490897066400E-018, 1.000000000000000000 ) ) ;
#3702 = CARTESIAN_POINT ( 'NONE',  ( -1.736047943744014400, -0.6799515988088604700, -7.414378879125308700 ) ) ;
#3703 = CARTESIAN_POINT ( 'NONE',  ( -1.338300807568874900, 0.7726683315065837600, -1.645833333333328200 ) ) ;
#3704 = CARTESIAN_POINT ( 'NONE',  ( 0.0000000000000000000, 1.545336663013166900, 1.650000000000003900 ) ) ;
#3705 = CARTESIAN_POINT ( 'NONE',  ( -1.176575538379252000, 2.037888611415570800, -7.676041666666666400 ) ) ;
#3706 = EDGE_LOOP ( 'NONE', ( #2049, #250, #1200, #2584, #159, #2920, #1107, #2366, #2529, #1863, #3327, #1007, #2590, #920, #973, #3013, #1166, #562, #3550, #3010, #2818, #2774, #2810, #3548, #795, #474, #566, #2336 ) ) ;
#3707 = CALENDAR_DATE ( 2021, 8, 9 ) ;
#3708 = CARTESIAN_POINT ( 'NONE',  ( -1.536441143016778800, -0.1655717853334490700, -0.2624999999994951400 ) ) ;
#3709 = CARTESIAN_POINT ( 'NONE',  ( 1.423346139292815500, -1.146565370899774500, -7.451083929991385800 ) ) ;
#3710 = CARTESIAN_POINT ( 'NONE',  ( 2.353151076758504900, -4.121031264803704200E-016, -7.253124999999998900 ) ) ;
#3711 = DIRECTION ( 'NONE',  ( 1.000000000000000000, 0.0000000000000000000, 0.0000000000000000000 ) ) ;
#3712 = EDGE_CURVE ( 'NONE', #3677, #2486, #2791, .T. ) ;
#3713 = CARTESIAN_POINT ( 'NONE',  ( -0.8922005383792498400, 1.545336663013167100, -6.604166666666661600 ) ) ;
#3714 = CARTESIAN_POINT ( 'NONE',  ( 2.449293598294706900E-016, 2.000000000000000400, 2.200000000000000600 ) ) ;
#3715 = CARTESIAN_POINT ( 'NONE',  ( 0.0000000000000000000, -2.000000000000000400, 2.200000000000000600 ) ) ;
#3716 = AXIS2_PLACEMENT_3D ( 'NONE', #866, #259, #2882 ) ;
#3717 = CARTESIAN_POINT ( 'NONE',  ( 0.0000000000000000000, -2.000000000000000400, 2.200000000000000600 ) ) ;
#3718 = CARTESIAN_POINT ( 'NONE',  ( 0.8922005383792494000, -1.545336663013167300, -4.941666666666662000 ) ) ;
#3719 = CARTESIAN_POINT ( 'NONE',  ( -0.8922005383792506200, -1.545336663013166600, -0.7708333333333282600 ) ) ;
#3720 = CARTESIAN_POINT ( 'NONE',  ( 1.764863307568878200, -1.018944305707786300, -5.167708333333332700 ) ) ;
#3721 = DIRECTION ( 'NONE',  ( 1.000000000000000000, 1.224646799147353200E-016, -0.0000000000000000000 ) ) ;
#3722 = CARTESIAN_POINT ( 'NONE',  ( 2.353151076758504900, -4.121031264803704200E-016, -6.553124999999997900 ) ) ;
#3723 = CARTESIAN_POINT ( 'NONE',  ( 0.6034951918157754900, 0.6034951918157754900, 0.4819823870704101900 ) ) ;
#3724 = CARTESIAN_POINT ( 'NONE',  ( 0.8922005383792495100, -1.545336663013167700, -5.554166666666661800 ) ) ;
#3725 = CARTESIAN_POINT ( 'NONE',  ( -1.475096752303066900, -0.5017690248028269200, 3.220220046021074400 ) ) ;
#3726 = CARTESIAN_POINT ( 'NONE',  ( 0.0000000000000000000, -2.000000000000000400, 2.200000000000000600 ) ) ;
#3727 = VERTEX_POINT ( 'NONE', #3597 ) ;
#3728 = CARTESIAN_POINT ( 'NONE',  ( -1.474301771160632800, 0.4977723847099300700, 3.174538240724129200 ) ) ;
#3729 = CARTESIAN_POINT ( 'NONE',  ( -1.338300807568874900, 0.7726683315065837600, -2.345833333333328300 ) ) ;
#3730 = CARTESIAN_POINT ( 'NONE',  ( 0.8922005383792508400, 1.545336663013166600, 0.2791666666666723900 ) ) ;
#3731 = CARTESIAN_POINT ( 'NONE',  ( 0.9030146793692789300, -0.4957272733881931100, 0.6540797863656163700 ) ) ;
#3732 = CARTESIAN_POINT ( 'NONE',  ( -1.176575538379253100, -2.037888611415570300, -6.742708333333332000 ) ) ;
#3733 = ORIENTED_EDGE ( 'NONE', *, *, #1729, .F. ) ;
#3734 = AXIS2_PLACEMENT_3D ( 'NONE', #3552, #646, #3537 ) ;
#3735 = EDGE_LOOP ( 'NONE', ( #1797, #3632, #1554, #2287 ) ) ;
#3736 = EDGE_CURVE ( 'NONE', #3370, #3644, #1353, .T. ) ;
#3737 = VECTOR ( 'NONE', #1421, 1000.000000000000100 ) ;
#3738 = DIRECTION ( 'NONE',  ( 0.0000000000000000000, -0.08715574274765836000, 0.9961946980917455500 ) ) ;
#3739 = VERTEX_POINT ( 'NONE', #716 ) ;
#3740 = ORIENTED_EDGE ( 'NONE', *, *, #2887, .F. ) ;
ENDSEC;
END-ISO-10303-21;
