ISO-10303-21;
HEADER;
FILE_DESCRIPTION (( 'STEP AP203' ),
    '1' );
FILE_NAME ('90258A181_Phillips Oval Head Screws.STEP',
    '2021-09-09T02:42:24',
    ( 'Administrator' ),
    ( 'Managed by Terraform' ),
    'SwSTEP 2.0',
    'SolidWorks 2017',
    '' );
FILE_SCHEMA (( 'CONFIG_CONTROL_DESIGN' ));
ENDSEC;

DATA;
#1 = CARTESIAN_POINT ( 'NONE',  ( -1.017788105676655300, -0.5876202367904159700, -6.370833333333333600 ) ) ;
#2 = CARTESIAN_POINT ( 'NONE',  ( -0.6785254037844367100, 1.175240473580832200, -5.995833333333332700 ) ) ;
#3 = ADVANCED_FACE ( 'NONE', ( #865 ), #1482, .F. ) ;
#4 = ORIENTED_EDGE ( 'NONE', *, *, #3744, .T. ) ;
#5 = CARTESIAN_POINT ( 'NONE',  ( 2.067134548379470700E-011, -1.460376587737177300, -8.014623412262825000 ) ) ;
#6 = CARTESIAN_POINT ( 'NONE',  ( 0.3580250106946116800, -1.217369754312129600, -8.218445807847592400 ) ) ;
#7 = CARTESIAN_POINT ( 'NONE',  ( -1.439254484199186200E-016, -1.175240473580832400, 0.7124999999999995800 ) ) ;
#8 = CARTESIAN_POINT ( 'NONE',  ( 0.8816504037844369300, -1.527063293868262000, -5.011458333333330900 ) ) ;
#9 = CARTESIAN_POINT ( 'NONE',  ( 1.322475605676656900, 0.7635316469341297800, -5.417708333333338900 ) ) ;
#10 = LINE ( 'NONE', #3645, #745 ) ;
#11 = AXIS2_PLACEMENT_3D ( 'NONE', #3727, #4106, #4468 ) ;
#12 = CARTESIAN_POINT ( 'NONE',  ( 0.0000000000000000000, 1.175240473580832200, -5.100000000000000500 ) ) ;
#13 = CARTESIAN_POINT ( 'NONE',  ( 1.299038105676658000, -0.7500000000000007800, -3.016666666666669700 ) ) ;
#14 = CARTESIAN_POINT ( 'NONE',  ( 0.6785254037844362700, -1.175240473580832400, -7.808333333333333600 ) ) ;
#15 = CARTESIAN_POINT ( 'NONE',  ( 1.836970198721030400E-016, 1.500000000000000400, 1.649999999999999500 ) ) ;
#16 = CARTESIAN_POINT ( 'NONE',  ( 1.357050807568873400, -2.277006752164422900E-016, -5.725000000000000500 ) ) ;
#17 = CIRCLE ( 'NONE', #891, 1.572609826423775300 ) ;
#18 = ORIENTED_EDGE ( 'NONE', *, *, #1935, .F. ) ;
#19 = EDGE_CURVE ( 'NONE', #3018, #3678, #2168, .T. ) ;
#20 = CARTESIAN_POINT ( 'NONE',  ( -1.299038105676658200, 0.7500000000000004400, -5.204166666666666600 ) ) ;
#21 = EDGE_CURVE ( 'NONE', #1205, #3282, #1311, .T. ) ;
#22 = CARTESIAN_POINT ( 'NONE',  ( -1.685719358889125500, 0.3243449912819033600, 1.840060688126661000 ) ) ;
#23 = CARTESIAN_POINT ( 'NONE',  ( 0.6785254037844363800, -1.175240473580832600, -4.245833333333333600 ) ) ;
#24 = CARTESIAN_POINT ( 'NONE',  ( -0.6785254037844367100, 1.175240473580832200, -6.495833333333333600 ) ) ;
#25 = EDGE_LOOP ( 'NONE', ( #1303, #2162, #1239, #3188 ) ) ;
#26 = CARTESIAN_POINT ( 'NONE',  ( 1.836970198721030400E-016, 1.500000000000000400, 1.649999999999999500 ) ) ;
#27 = CARTESIAN_POINT ( 'NONE',  ( 0.8660254037844420400, -1.499999999999994900, -6.558333333333337100 ) ) ;
#28 = CARTESIAN_POINT ( 'NONE',  ( 0.0000000000000000000, 6.628682924999594700E-017, 1.649999999999999500 ) ) ;
#29 = CARTESIAN_POINT ( 'NONE',  ( -0.8816504037844380400, -1.527063293868261300, -4.094791666666665700 ) ) ;
#30 = CARTESIAN_POINT ( 'NONE',  ( -1.322475605676656200, -0.7635316469341305600, -6.167708333333338000 ) ) ;
#31 = CARTESIAN_POINT ( 'NONE',  ( 1.017788105676654900, -0.5876202367904166400, -6.266666666666666600 ) ) ;
#32 = CARTESIAN_POINT ( 'NONE',  ( -1.357050807568873400, 1.046809103374680900E-016, -5.974999999999999600 ) ) ;
#33 = CARTESIAN_POINT ( 'NONE',  ( -1.299038105676658400, -0.7499999999999998900, -0.1833333333333372900 ) ) ;
#34 = ADVANCED_FACE ( 'NONE', ( #2355 ), #4126, .T. ) ;
#35 = CARTESIAN_POINT ( 'NONE',  ( -0.6785254037844366000, 1.175240473580832400, -5.558333333333333600 ) ) ;
#36 = CARTESIAN_POINT ( 'NONE',  ( -1.357050807568873600, 1.046809103374681200E-016, -6.912500000000000500 ) ) ;
#37 = CARTESIAN_POINT ( 'NONE',  ( -0.9200331081748967000, -1.107616442587522600, -0.04665543172576675600 ) ) ;
#38 = CARTESIAN_POINT ( 'NONE',  ( 1.357050807568873600, -2.277006752164423400E-016, -5.162500000000000500 ) ) ;
#39 = CARTESIAN_POINT ( 'NONE',  ( 1.017788105676655800, 0.5876202367904153100, -5.120833333333333600 ) ) ;
#40 = CARTESIAN_POINT ( 'NONE',  ( 0.8660254037844521400, -1.499999999999976500, -3.995833333333333600 ) ) ;
#41 = APPROVAL_STATUS ( 'not_yet_approved' ) ;
#42 = CARTESIAN_POINT ( 'NONE',  ( -1.836970198721030700E-016, -1.500000000000000400, -7.037500000000000500 ) ) ;
#43 = CARTESIAN_POINT ( 'NONE',  ( -0.8660254037844524700, 1.499999999999976000, -6.745833333333331800 ) ) ;
#44 = CARTESIAN_POINT ( 'NONE',  ( -1.763300807568875000, 1.295565484451488300E-016, -3.678124999999998300 ) ) ;
#45 = CARTESIAN_POINT ( 'NONE',  ( 1.763300807568875000, -3.023275895394842700E-016, -5.959375000000005000 ) ) ;
#46 = CARTESIAN_POINT ( 'NONE',  ( -0.6785254037844366000, 1.175240473580832200, -2.058333333333334000 ) ) ;
#47 = CARTESIAN_POINT ( 'NONE',  ( 1.017788105676654900, -0.5876202367904166400, -6.766666666666666600 ) ) ;
#48 = CARTESIAN_POINT ( 'NONE',  ( 0.0000000000000000000, 0.0000000000000000000, 2.106932636468940200 ) ) ;
#49 = ORIENTED_EDGE ( 'NONE', *, *, #2210, .T. ) ;
#50 = EDGE_CURVE ( 'NONE', #1132, #3270, #478, .T. ) ;
#51 = CARTESIAN_POINT ( 'NONE',  ( 1.017788105676654900, -0.5876202367904166400, -5.766666666666666600 ) ) ;
#52 = CARTESIAN_POINT ( 'NONE',  ( -1.017788105676655300, 0.5876202367904163100, -7.954166666666666600 ) ) ;
#53 = ORIENTED_EDGE ( 'NONE', *, *, #4485, .F. ) ;
#54 = CARTESIAN_POINT ( 'NONE',  ( -1.357050807568873600, 1.046809103374681200E-016, -3.912500000000000500 ) ) ;
#55 = CC_DESIGN_APPROVAL ( #4513, ( #1575 ) ) ;
#56 = CARTESIAN_POINT ( 'NONE',  ( -1.017788105676655300, -0.5876202367904159700, -3.870833333333333600 ) ) ;
#57 = ADVANCED_FACE ( 'NONE', ( #2301 ), #243, .F. ) ;
#58 = CARTESIAN_POINT ( 'NONE',  ( 0.8660254037844293800, 1.500000000000018000, -2.829166666666665700 ) ) ;
#59 = DATE_AND_TIME ( #1864, #3015 ) ;
#60 = APPROVAL_ROLE ( '' ) ;
#61 = VERTEX_POINT ( 'NONE', #1254 ) ;
#62 = ORIENTED_EDGE ( 'NONE', *, *, #3066, .F. ) ;
#63 = CARTESIAN_POINT ( 'NONE',  ( 1.299038105676659100, 0.7499999999999991100, -1.370833333333334200 ) ) ;
#64 = CARTESIAN_POINT ( 'NONE',  ( -1.322475605676656200, -0.7635316469341305600, -4.636458333333331800 ) ) ;
#65 = CARTESIAN_POINT ( 'NONE',  ( -1.322475605676656200, -0.7635316469341305600, -6.667708333333338000 ) ) ;
#66 = CARTESIAN_POINT ( 'NONE',  ( -0.6785254037844371500, -1.175240473580831900, -3.391666666666667100 ) ) ;
#67 = VERTEX_POINT ( 'NONE', #931 ) ;
#68 = CARTESIAN_POINT ( 'NONE',  ( 1.017788105676655600, 0.5876202367904153100, -4.683333333333333600 ) ) ;
#69 = ORIENTED_EDGE ( 'NONE', *, *, #842, .F. ) ;
#70 = CARTESIAN_POINT ( 'NONE',  ( -1.836970198721030400E-016, -1.500000000000000400, -2.100000000000003600 ) ) ;
#71 = CARTESIAN_POINT ( 'NONE',  ( -1.017788105676655100, 0.5876202367904161900, -7.016666666666666600 ) ) ;
#72 = ORIENTED_EDGE ( 'NONE', *, *, #3528, .F. ) ;
#73 = CARTESIAN_POINT ( 'NONE',  ( -1.357050807568873600, 1.046809103374681200E-016, -7.912499999999999600 ) ) ;
#74 = CARTESIAN_POINT ( 'NONE',  ( 0.0000000000000000000, 1.500000000000000400, -4.787499999999999600 ) ) ;
#75 = CARTESIAN_POINT ( 'NONE',  ( -1.017788105676655300, 0.5876202367904163100, -2.954166666666666600 ) ) ;
#76 = CARTESIAN_POINT ( 'NONE',  ( 0.6785254037844366000, -1.175240473580832600, -3.245833333333332700 ) ) ;
#77 = CARTESIAN_POINT ( 'NONE',  ( 0.2773202059199997300, -1.547964847651380800, 1.302564931913726000 ) ) ;
#78 = CYLINDRICAL_SURFACE ( 'NONE', #3982, 1.500000000000000400 ) ;
#79 = CARTESIAN_POINT ( 'NONE',  ( 1.299038105676658000, -0.7500000000000008900, -1.454166666666667100 ) ) ;
#80 = CARTESIAN_POINT ( 'NONE',  ( -0.8816504037844373800, 1.527063293868261600, -4.261458333333331800 ) ) ;
#81 = CARTESIAN_POINT ( 'NONE',  ( -1.870113174931180700E-016, -1.527063293868261800, -4.584375000000005000 ) ) ;
#82 = CARTESIAN_POINT ( 'NONE',  ( 1.017788105676654900, -0.5876202367904166400, -1.266666666666666800 ) ) ;
#83 = CARTESIAN_POINT ( 'NONE',  ( 1.732050807568877900, -2.965870576684816500E-016, -2.975000000000004100 ) ) ;
#84 = CARTESIAN_POINT ( 'NONE',  ( -1.357050807568873400, 1.046809103374680900E-016, -3.975000000000000100 ) ) ;
#85 = CARTESIAN_POINT ( 'NONE',  ( -1.836970198721030400E-016, -1.500000000000000400, -7.600000000000002300 ) ) ;
#86 = FACE_OUTER_BOUND ( 'NONE', #1933, .T. ) ;
#87 = ADVANCED_FACE ( 'NONE', ( #2046 ), #2794, .T. ) ;
#88 = ORIENTED_EDGE ( 'NONE', *, *, #3197, .T. ) ;
#89 = CARTESIAN_POINT ( 'NONE',  ( 0.0000000000000000000, 1.500000000000000400, -6.287499999999999600 ) ) ;
#90 = CARTESIAN_POINT ( 'NONE',  ( -1.439254484199185900E-016, -1.175240473580832200, -3.350000000000000500 ) ) ;
#91 = PRODUCT_DEFINITION_FORMATION_WITH_SPECIFIED_SOURCE ( 'ANY', '', #2349, .NOT_KNOWN. ) ;
#92 = SPHERICAL_SURFACE ( 'NONE', #3742, 5.601666666666668300 ) ;
#93 = EDGE_CURVE ( 'NONE', #529, #1750, #2693, .T. ) ;
#94 = CARTESIAN_POINT ( 'NONE',  ( 1.017788105676655100, -0.5876202367904167500, -7.204166666666666600 ) ) ;
#95 = DIRECTION ( 'NONE',  ( -0.3812272063696534600, -0.9203638919632244300, 0.08715574274765836000 ) ) ;
#96 = CARTESIAN_POINT ( 'NONE',  ( 0.0000000000000000000, 1.175240473580832400, -5.037500000000000500 ) ) ;
#97 = CARTESIAN_POINT ( 'NONE',  ( -0.6785254037844372600, -1.175240473580832200, -4.329166666666666600 ) ) ;
#98 = CARTESIAN_POINT ( 'NONE',  ( 1.732050807568877600, -2.965870576684816000E-016, -2.912499999999999600 ) ) ;
#99 = CYLINDRICAL_SURFACE ( 'NONE', #1002, 1.500000000000000400 ) ;
#100 = ORIENTED_EDGE ( 'NONE', *, *, #443, .T. ) ;
#101 = DIRECTION ( 'NONE',  ( -0.0000000000000000000, -2.585091490897065700E-018, 1.000000000000000000 ) ) ;
#102 = CARTESIAN_POINT ( 'NONE',  ( -1.322475605676656200, 0.7635316469341311100, -3.719791666666665700 ) ) ;
#103 = CARTESIAN_POINT ( 'NONE',  ( -1.322475605676656200, 0.7635316469341311100, -2.751041666666671500 ) ) ;
#104 = CARTESIAN_POINT ( 'NONE',  ( -1.017788105676655100, 0.5876202367904161900, -3.016666666666666600 ) ) ;
#105 = CARTESIAN_POINT ( 'NONE',  ( 1.357050807568873400, -2.277006752164422900E-016, -3.225000000000000500 ) ) ;
#106 = DIRECTION ( 'NONE',  ( 0.0000000000000000000, 0.0000000000000000000, 1.000000000000000000 ) ) ;
#107 = CARTESIAN_POINT ( 'NONE',  ( -1.357050807568873400, 1.046809103374680900E-016, -2.475000000000000500 ) ) ;
#108 = CARTESIAN_POINT ( 'NONE',  ( 0.0000000000000000000, 1.175240473580832400, -7.037500000000000500 ) ) ;
#109 =( BOUNDED_CURVE ( )  B_SPLINE_CURVE ( 2, ( #3573, #3928, #4292, #1405, #2537, #2198, #1761 ),
 .UNSPECIFIED., .F., .F. ) 
 B_SPLINE_CURVE_WITH_KNOTS ( ( 3, 2, 2, 3 ),
 ( 0.5714285714285714000, 0.5793650793650794200, 0.5873015873015872100, 0.5952380952380951200 ),
 .UNSPECIFIED. ) 
 CURVE ( )  GEOMETRIC_REPRESENTATION_ITEM ( )  RATIONAL_B_SPLINE_CURVE ( ( 1.000000000000000000, 0.8660254037844386000, 1.000000000000000000, 0.8660254037844386000, 1.000000000000000000, 0.8660254037844404800, 0.9999999999999981100 ) ) 
 REPRESENTATION_ITEM ( '' )  );
#110 = DIRECTION ( 'NONE',  ( 1.000000000000000000, 0.0000000000000000000, 0.0000000000000000000 ) ) ;
#111 = CARTESIAN_POINT ( 'NONE',  ( -1.017788105676655300, 0.5876202367904163100, -2.454166666666667100 ) ) ;
#112 = CARTESIAN_POINT ( 'NONE',  ( 1.357050807568873600, -2.277006752164422900E-016, -4.662499999999999600 ) ) ;
#113 = ADVANCED_FACE ( 'NONE', ( #3293 ), #1015, .T. ) ;
#114 = CARTESIAN_POINT ( 'NONE',  ( 0.0000000000000000000, 1.500000000000000400, -1.350000000000003200 ) ) ;
#115 = ORIENTED_EDGE ( 'NONE', *, *, #3551, .T. ) ;
#116 = B_SPLINE_CURVE_WITH_KNOTS ( 'NONE', 3,
 ( #2037, #598, #275, #3101, #4188, #2427, #244 ),
 .UNSPECIFIED., .F., .F.,
 ( 4, 3, 4 ),
 ( 0.001312154219067334900, 0.001730781375488157500, 0.002145469335525509800 ),
 .UNSPECIFIED. ) ;
#117 = CARTESIAN_POINT ( 'NONE',  ( 0.8816504037844369300, -1.527063293868262000, -1.511458333333331600 ) ) ;
#118 = CARTESIAN_POINT ( 'NONE',  ( -0.8816504037844380400, -1.527063293868261300, -5.126041666666671000 ) ) ;
#119 = CARTESIAN_POINT ( 'NONE',  ( -1.017788105676655300, -0.5876202367904158600, -0.9333333333333337900 ) ) ;
#120 = ORIENTED_EDGE ( 'NONE', *, *, #2786, .F. ) ;
#121 = CARTESIAN_POINT ( 'NONE',  ( 1.357050807568873400, -2.277006752164422900E-016, -2.725000000000000500 ) ) ;
#122 = CARTESIAN_POINT ( 'NONE',  ( -0.8660254037844464800, -1.499999999999987600, -1.141666666666670600 ) ) ;
#123 = COORDINATED_UNIVERSAL_TIME_OFFSET ( 6, 0, .BEHIND. ) ;
#124 = EDGE_CURVE ( 'NONE', #1401, #2837, #1363, .T. ) ;
#125 = CARTESIAN_POINT ( 'NONE',  ( 0.6785254037844362700, -1.175240473580832400, -3.808333333333334000 ) ) ;
#126 = ORIENTED_EDGE ( 'NONE', *, *, #1503, .F. ) ;
#127 = EDGE_LOOP ( 'NONE', ( #2030, #229, #1988, #3064 ) ) ;
#128 = CARTESIAN_POINT ( 'NONE',  ( -1.017788105676655300, 0.5876202367904163100, -4.954166666666666600 ) ) ;
#129 = CARTESIAN_POINT ( 'NONE',  ( 1.073809935526931700, 0.2359215567864390300, 0.8293762070536469000 ) ) ;
#130 = CARTESIAN_POINT ( 'NONE',  ( 0.0000000000000000000, 1.175240473580832400, -2.537499999999999600 ) ) ;
#131 = ORIENTED_EDGE ( 'NONE', *, *, #2013, .F. ) ;
#132 = CARTESIAN_POINT ( 'NONE',  ( -0.6785254037844367100, 1.175240473580832200, -3.495833333333333600 ) ) ;
#133 = ORIENTED_EDGE ( 'NONE', *, *, #174, .F. ) ;
#134 = DIRECTION ( 'NONE',  ( -0.9203638919632216600, -0.3812272063696598400, -0.08715574274765836000 ) ) ;
#135 = CARTESIAN_POINT ( 'NONE',  ( -1.763300807568875000, 1.295565484451488300E-016, -1.178124999999998500 ) ) ;
#136 = CARTESIAN_POINT ( 'NONE',  ( 0.8816504037844382600, 1.527063293868261300, -3.876041666666671500 ) ) ;
#137 = ORIENTED_EDGE ( 'NONE', *, *, #4180, .F. ) ;
#138 = DIRECTION ( 'NONE',  ( -0.0000000000000000000, -2.585091490897065700E-018, 1.000000000000000000 ) ) ;
#139 = CARTESIAN_POINT ( 'NONE',  ( 0.6785254037844362700, -1.175240473580832400, -4.308333333333333600 ) ) ;
#140 = CARTESIAN_POINT ( 'NONE',  ( -0.8660254037844360400, -1.500000000000006000, -3.079166666666667100 ) ) ;
#141 = CARTESIAN_POINT ( 'NONE',  ( 1.732050807568877600, -2.965870576684816000E-016, -4.412500000000000500 ) ) ;
#142 = VECTOR ( 'NONE', #4182, 1000.000000000000200 ) ;
#143 = CARTESIAN_POINT ( 'NONE',  ( 1.357050807568873400, -2.277006752164422900E-016, -2.725000000000000500 ) ) ;
#144 = CARTESIAN_POINT ( 'NONE',  ( -1.017788105676655300, -0.5876202367904159700, -4.370833333333333600 ) ) ;
#145 = DIRECTION ( 'NONE',  ( -0.0000000000000000000, -0.0000000000000000000, -1.000000000000000000 ) ) ;
#146 = AXIS2_PLACEMENT_3D ( 'NONE', #4138, #4201, #2747 ) ;
#147 = FACE_OUTER_BOUND ( 'NONE', #333, .T. ) ;
#148 = ORIENTED_EDGE ( 'NONE', *, *, #3828, .T. ) ;
#149 = CARTESIAN_POINT ( 'NONE',  ( -1.732050807568877600, 1.276430378214812200E-016, -6.162500000000002300 ) ) ;
#150 = CARTESIAN_POINT ( 'NONE',  ( 0.0000000000000000000, 1.527063293868261800, -0.3031249999999995900 ) ) ;
#151 = FACE_OUTER_BOUND ( 'NONE', #3384, .T. ) ;
#152 = CARTESIAN_POINT ( 'NONE',  ( 1.763300807568875000, -3.023275895394842700E-016, -4.459375000000005000 ) ) ;
#153 = EDGE_CURVE ( 'NONE', #659, #502, #2031, .T. ) ;
#154 = CARTESIAN_POINT ( 'NONE',  ( 0.6785254037844362700, -1.175240473580832400, -0.3083333333333340700 ) ) ;
#155 = CARTESIAN_POINT ( 'NONE',  ( -1.299038105676658400, -0.7499999999999998900, -7.620833333333333600 ) ) ;
#156 = CONICAL_SURFACE ( 'NONE', #3462, 1.500000000000001100, 1.047197551196599900 ) ;
#157 = CARTESIAN_POINT ( 'NONE',  ( -0.6785254037844366000, 1.175240473580832400, -2.558333333333333600 ) ) ;
#158 = CARTESIAN_POINT ( 'NONE',  ( 0.6785254037844363800, -1.175240473580832600, -5.245833333333334500 ) ) ;
#159 = CARTESIAN_POINT ( 'NONE',  ( -1.836970198721030700E-016, -1.500000000000000400, -1.537500000000000500 ) ) ;
#160 = CARTESIAN_POINT ( 'NONE',  ( 0.8660254037844350400, -1.500000000000007300, -5.058333333333338000 ) ) ;
#161 = ADVANCED_FACE ( 'NONE', ( #2685 ), #3796, .T. ) ;
#162 = CARTESIAN_POINT ( 'NONE',  ( 0.8660254037844420400, -1.499999999999994900, -1.995833333333333300 ) ) ;
#163 = CARTESIAN_POINT ( 'NONE',  ( -0.8660254037844524700, 1.499999999999976000, -6.245833333333333600 ) ) ;
#164 = CARTESIAN_POINT ( 'NONE',  ( 1.763300807568875000, -3.023275895394842700E-016, 0.07187500000000075800 ) ) ;
#165 = CARTESIAN_POINT ( 'NONE',  ( 0.8816504037844369300, -1.527063293868262000, -0.5427083333333385700 ) ) ;
#166 = CARTESIAN_POINT ( 'NONE',  ( 1.017788105676655600, 0.5876202367904153100, -0.6833333333333344600 ) ) ;
#167 = DIRECTION ( 'NONE',  ( -0.0000000000000000000, -2.585091490897065700E-018, 1.000000000000000000 ) ) ;
#168 = CARTESIAN_POINT ( 'NONE',  ( -1.357050807568873400, 1.046809103374681200E-016, -0.9750000000000000900 ) ) ;
#169 = CARTESIAN_POINT ( 'NONE',  ( -1.017788105676655300, 0.5876202367904163100, -2.954166666666666600 ) ) ;
#170 = VERTEX_POINT ( 'NONE', #2595 ) ;
#171 = CARTESIAN_POINT ( 'NONE',  ( 0.2359215567864390600, 1.073809935526932200, 0.8293762070536472300 ) ) ;
#172 = DIRECTION ( 'NONE',  ( 0.0000000000000000000, -0.7071067811865500200, 0.7071067811865451300 ) ) ;
#173 = ORIENTED_EDGE ( 'NONE', *, *, #980, .F. ) ;
#174 = EDGE_CURVE ( 'NONE', #1586, #329, #1710, .T. ) ;
#175 = CARTESIAN_POINT ( 'NONE',  ( 0.0000000000000000000, 1.500000000000000400, -6.287499999999999600 ) ) ;
#176 = CARTESIAN_POINT ( 'NONE',  ( -0.8816504037844373800, 1.527063293868261600, -1.261458333333332200 ) ) ;
#177 = CARTESIAN_POINT ( 'NONE',  ( 0.8816504037844369300, -1.527063293868262000, -0.04270833333333903800 ) ) ;
#178 = ORIENTED_EDGE ( 'NONE', *, *, #1072, .F. ) ;
#179 = CARTESIAN_POINT ( 'NONE',  ( 0.6785254037844372600, 1.175240473580831900, -0.1416666666666666900 ) ) ;
#180 = CARTESIAN_POINT ( 'NONE',  ( -1.732050807568877600, 1.276430378214812400E-016, -3.162500000000000500 ) ) ;
#181 = ADVANCED_FACE ( 'NONE', ( #405 ), #427, .T. ) ;
#182 = ORIENTED_EDGE ( 'NONE', *, *, #408, .T. ) ;
#183 = CARTESIAN_POINT ( 'NONE',  ( 0.0000000000000000000, 0.0000000000000000000, 1.302564931913726000 ) ) ;
#184 = EDGE_CURVE ( 'NONE', #258, #3560, #3972, .T. ) ;
#185 = CARTESIAN_POINT ( 'NONE',  ( -1.017788105676655300, -0.5876202367904158600, -0.9333333333333337900 ) ) ;
#186 = ORIENTED_EDGE ( 'NONE', *, *, #415, .F. ) ;
#187 = CARTESIAN_POINT ( 'NONE',  ( -1.017788105676655300, 0.5876202367904163100, -3.954166666666666600 ) ) ;
#188 = CARTESIAN_POINT ( 'NONE',  ( 0.4060841390678297000, 0.5693373414808540200, 0.4196822488871898000 ) ) ;
#189 = CARTESIAN_POINT ( 'NONE',  ( 0.0000000000000000000, 1.500000000000000400, -1.787500000000000100 ) ) ;
#190 = VECTOR ( 'NONE', #337, 1000.000000000000000 ) ;
#191 = CARTESIAN_POINT ( 'NONE',  ( 0.1291031774965259700, 1.297345756299629600, -8.177654243700368800 ) ) ;
#192 = CARTESIAN_POINT ( 'NONE',  ( -1.763300807568875000, 1.295565484451488300E-016, -0.7093750000000052000 ) ) ;
#193 = CARTESIAN_POINT ( 'NONE',  ( -1.357050807568873400, 1.046809103374681200E-016, 0.02499999999999898100 ) ) ;
#194 = LINE ( 'NONE', #2136, #1215 ) ;
#195 = B_SPLINE_CURVE_WITH_KNOTS ( 'NONE', 3,
 ( #2494, #2137, #3208, #2533 ),
 .UNSPECIFIED., .F., .F.,
 ( 4, 4 ),
 ( 0.0000000000000000000, 0.0006711514718678063700 ),
 .UNSPECIFIED. ) ;
#196 = PLANE ( 'NONE',  #1927 ) ;
#197 = CARTESIAN_POINT ( 'NONE',  ( -1.357050807568873400, 1.046809103374680900E-016, -1.975000000000000100 ) ) ;
#198 = CARTESIAN_POINT ( 'NONE',  ( -1.017788105676655300, -0.5876202367904159700, -0.8708333333333336800 ) ) ;
#199 = ORIENTED_EDGE ( 'NONE', *, *, #2393, .T. ) ;
#200 = CARTESIAN_POINT ( 'NONE',  ( 0.0000000000000000000, 1.500000000000000400, -4.850000000000002300 ) ) ;
#201 = CARTESIAN_POINT ( 'NONE',  ( -1.836970198721030400E-016, -1.500000000000000400, -5.100000000000004100 ) ) ;
#202 = CARTESIAN_POINT ( 'NONE',  ( 1.357050807568873400, -2.277006752164422400E-016, -7.225000000000001400 ) ) ;
#203 = LINE ( 'NONE', #2369, #4170 ) ;
#204 = CARTESIAN_POINT ( 'NONE',  ( -1.322475605676656200, 0.7635316469341311100, -1.251041666666671900 ) ) ;
#205 = AXIS2_PLACEMENT_3D ( 'NONE', #2651, #1547, #2620 ) ;
#206 = DIRECTION ( 'NONE',  ( 0.0000000000000000000, -1.000000000000000000, 0.0000000000000000000 ) ) ;
#207 = VECTOR ( 'NONE', #3978, 1000.000000000000100 ) ;
#208 = EDGE_CURVE ( 'NONE', #2834, #3639, #3148, .T. ) ;
#209 = CARTESIAN_POINT ( 'NONE',  ( -1.357050807568873400, 1.046809103374680900E-016, -1.975000000000000100 ) ) ;
#210 = CARTESIAN_POINT ( 'NONE',  ( 1.732050807568877900, -2.965870576684816500E-016, -1.475000000000003400 ) ) ;
#211 = DIRECTION ( 'NONE',  ( 0.0000000000000000000, -1.000000000000000000, 0.0000000000000000000 ) ) ;
#212 = CARTESIAN_POINT ( 'NONE',  ( -0.6785254037844370400, -1.175240473580832200, -1.891666666666666400 ) ) ;
#213 = B_SPLINE_CURVE_WITH_KNOTS ( 'NONE', 3,
 ( #1959, #3063, #3868, #557 ),
 .UNSPECIFIED., .F., .F.,
 ( 4, 4 ),
 ( 0.004848650453953230400, 0.005681966014487246600 ),
 .UNSPECIFIED. ) ;
#214 = CARTESIAN_POINT ( 'NONE',  ( 1.017788105676655800, 0.5876202367904153100, -1.620833333333333600 ) ) ;
#215 = DIRECTION ( 'NONE',  ( 0.0000000000000000000, -1.000000000000000000, 0.0000000000000000000 ) ) ;
#216 = CARTESIAN_POINT ( 'NONE',  ( -0.3716700472500773500, -1.100811989133273300, 2.380988553074016200 ) ) ;
#217 = CARTESIAN_POINT ( 'NONE',  ( -1.017788105676655300, -0.5876202367904158600, -6.433333333333333600 ) ) ;
#218 =( BOUNDED_CURVE ( )  B_SPLINE_CURVE ( 2, ( #3574, #4613, #4644, #3593, #3532, #1778, #2097 ),
 .UNSPECIFIED., .F., .F. ) 
 B_SPLINE_CURVE_WITH_KNOTS ( ( 3, 2, 2, 3 ),
 ( 0.2380952380952382200, 0.2460317460317461000, 0.2539682539682539500, 0.2619047619047618600 ),
 .UNSPECIFIED. ) 
 CURVE ( )  GEOMETRIC_REPRESENTATION_ITEM ( )  RATIONAL_B_SPLINE_CURVE ( ( 0.9999999999999975600, 0.8660254037844408200, 1.000000000000000000, 0.8660254037844386000, 1.000000000000000000, 0.8660254037844394800, 0.9999999999999991100 ) ) 
 REPRESENTATION_ITEM ( '' )  );
#219 = CARTESIAN_POINT ( 'NONE',  ( -1.870113174931180700E-016, -1.527063293868261800, -1.084375000000005400 ) ) ;
#220 = ORIENTED_EDGE ( 'NONE', *, *, #3769, .F. ) ;
#221 = CARTESIAN_POINT ( 'NONE',  ( -1.017788105676655300, -0.5876202367904158600, 0.06666666666666626300 ) ) ;
#222 = CARTESIAN_POINT ( 'NONE',  ( -1.357050807568873400, 1.046809103374681200E-016, 0.02499999999999898100 ) ) ;
#223 = VERTEX_POINT ( 'NONE', #85 ) ;
#224 = CARTESIAN_POINT ( 'NONE',  ( 0.6785254037844363800, -1.175240473580832600, -2.245833333333333100 ) ) ;
#225 = LOCAL_TIME ( 21, 42, 24.00000000000000000, #1189 ) ;
#226 = DIRECTION ( 'NONE',  ( -0.0000000000000000000, -2.585091490897073400E-018, 1.000000000000000000 ) ) ;
#227 = DIRECTION ( 'NONE',  ( 0.0000000000000000000, 0.0000000000000000000, 1.000000000000000000 ) ) ;
#228 = EDGE_LOOP ( 'NONE', ( #3223, #2408, #3441, #3789 ) ) ;
#229 = ORIENTED_EDGE ( 'NONE', *, *, #4628, .T. ) ;
#230 = CARTESIAN_POINT ( 'NONE',  ( 1.357050807568873400, -2.277006752164422400E-016, -7.725000000000000500 ) ) ;
#231 = AXIS2_PLACEMENT_3D ( 'NONE', #1644, #2004, #4196 ) ;
#232 = EDGE_CURVE ( 'NONE', #894, #4324, #2574, .T. ) ;
#233 = EDGE_LOOP ( 'NONE', ( #2247, #2725, #566, #4636 ) ) ;
#234 = CARTESIAN_POINT ( 'NONE',  ( 0.6892176704428141200, -0.9519291851245443900, -8.299759526419165900 ) ) ;
#235 = CARTESIAN_POINT ( 'NONE',  ( 0.0000000000000000000, 1.527063293868261800, 1.165624999999994800 ) ) ;
#236 = EDGE_LOOP ( 'NONE', ( #1535, #4366 ) ) ;
#237 = CARTESIAN_POINT ( 'NONE',  ( 1.017788105676654900, -0.5876202367904166400, 0.2333333333333336700 ) ) ;
#238 = EDGE_LOOP ( 'NONE', ( #1359, #18, #3303, #3027, #1247, #2086, #754, #3673, #799, #62, #1873, #3617, #131, #2028, #1917, #4482, #1755, #4585, #788, #2386, #1192, #4419, #2677, #3512, #345, #1139, #2417, #3022, #2631, #3387, #4302, #2888, #3866, #3687, #3749, #1714, #973 ) ) ;
#239 = CARTESIAN_POINT ( 'NONE',  ( 1.017788105676655800, 0.5876202367904153100, -0.6208333333333343500 ) ) ;
#240 = CARTESIAN_POINT ( 'NONE',  ( -1.439254484199185900E-016, -1.175240473580832200, 1.650000000000000400 ) ) ;
#241 =( BOUNDED_CURVE ( )  B_SPLINE_CURVE ( 2, ( #988, #262, #4226, #4605, #3845, #934, #4557 ),
 .UNSPECIFIED., .F., .F. ) 
 B_SPLINE_CURVE_WITH_KNOTS ( ( 3, 2, 2, 3 ),
 ( 0.5952380952380951200, 0.6031746031746030300, 0.6111111111111111600, 0.6190476190476190700 ),
 .UNSPECIFIED. ) 
 CURVE ( )  GEOMETRIC_REPRESENTATION_ITEM ( )  RATIONAL_B_SPLINE_CURVE ( ( 1.000000000000001800, 0.8660254037844367100, 1.000000000000000000, 0.8660254037844386000, 1.000000000000000000, 0.8660254037844386000, 1.000000000000000000 ) ) 
 REPRESENTATION_ITEM ( '' )  );
#242 = CARTESIAN_POINT ( 'NONE',  ( 0.0000000000000000000, 1.175240473580832400, -0.5374999999999997600 ) ) ;
#243 = CONICAL_SURFACE ( 'NONE', #4556, 1.866666666666665800, 0.2617993877991500700 ) ;
#244 = CARTESIAN_POINT ( 'NONE',  ( 1.754010341813031500, -0.3476932613749163500, 2.106932636468940200 ) ) ;
#245 = CARTESIAN_POINT ( 'NONE',  ( 0.0000000000000000000, 6.628682924999594700E-017, 1.649999999999999500 ) ) ;
#246 = CARTESIAN_POINT ( 'NONE',  ( 0.0000000000000000000, -1.500000000000000400, 1.649999999999999500 ) ) ;
#247 = CARTESIAN_POINT ( 'NONE',  ( -1.299038105676658400, 0.7500000000000003300, -3.766666666666669700 ) ) ;
#248 = LINE ( 'NONE', #1996, #2414 ) ;
#249 = CARTESIAN_POINT ( 'NONE',  ( 1.763300807568875000, -3.023275895394842700E-016, 0.5406249999999942500 ) ) ;
#250 = CARTESIAN_POINT ( 'NONE',  ( 0.0000000000000000000, 1.500000000000000400, -6.287499999999999600 ) ) ;
#251 = CARTESIAN_POINT ( 'NONE',  ( 1.763300807568875000, -3.023275895394842700E-016, 1.571875000000000400 ) ) ;
#252 = CARTESIAN_POINT ( 'NONE',  ( -0.6785254037844370400, -1.175240473580832200, 0.6083333333333321700 ) ) ;
#253 = CARTESIAN_POINT ( 'NONE',  ( 0.8660254037844273800, 1.500000000000020900, -0.8291666666666658300 ) ) ;
#254 = CARTESIAN_POINT ( 'NONE',  ( -1.836970198721030400E-016, -1.500000000000000400, -2.600000000000003200 ) ) ;
#255 = FACE_OUTER_BOUND ( 'NONE', #2497, .T. ) ;
#256 = CARTESIAN_POINT ( 'NONE',  ( 1.357050807568873600, -2.277006752164423400E-016, -0.1624999999999994500 ) ) ;
#257 = CARTESIAN_POINT ( 'NONE',  ( 0.0000000000000000000, 1.527063293868261800, -8.303124999999997900 ) ) ;
#258 = VERTEX_POINT ( 'NONE', #1516 ) ;
#259 = CARTESIAN_POINT ( 'NONE',  ( 1.017788105676655100, -0.5876202367904167500, -1.204166666666666800 ) ) ;
#260 = DIRECTION ( 'NONE',  ( -0.0000000000000000000, -2.585091490897065700E-018, 1.000000000000000000 ) ) ;
#261 = AXIS2_PLACEMENT_3D ( 'NONE', #411, #379, #1800 ) ;
#262 = CARTESIAN_POINT ( 'NONE',  ( 0.8660254037844313800, -1.500000000000013300, -2.058333333333337100 ) ) ;
#263 = CARTESIAN_POINT ( 'NONE',  ( 0.6785254037844366000, -1.175240473580832600, -1.245833333333333100 ) ) ;
#264 = DIRECTION ( 'NONE',  ( 0.0000000000000000000, 2.585091490897065700E-018, -1.000000000000000000 ) ) ;
#265 = CARTESIAN_POINT ( 'NONE',  ( -0.8816504037844373800, 1.527063293868261600, 1.207291666666662000 ) ) ;
#266 = CARTESIAN_POINT ( 'NONE',  ( 1.017788105676655800, 0.5876202367904153100, -8.120833333333333600 ) ) ;
#267 = EDGE_CURVE ( 'NONE', #2389, #3735, #3483, .T. ) ;
#268 = CARTESIAN_POINT ( 'NONE',  ( 1.322475605676655800, -0.7635316469341314500, 0.5302083333333339500 ) ) ;
#269 = CARTESIAN_POINT ( 'NONE',  ( -0.5693373414808555700, 0.4060841390678274200, 0.4196822488871896400 ) ) ;
#270 = CARTESIAN_POINT ( 'NONE',  ( 2.523550736824199100E-015, -0.3733333333333335700, 2.399999999999999900 ) ) ;
#271 = CARTESIAN_POINT ( 'NONE',  ( -1.299038105676658400, 0.7500000000000003300, -2.766666666666669300 ) ) ;
#272 = CARTESIAN_POINT ( 'NONE',  ( -0.6785254037844371500, -1.175240473580832400, 0.1708333333333336100 ) ) ;
#273 = CARTESIAN_POINT ( 'NONE',  ( -1.439254484199185900E-016, -1.175240473580832200, 0.6499999999999995800 ) ) ;
#274 = CARTESIAN_POINT ( 'NONE',  ( 1.017788105676655800, 0.5876202367904153100, 0.8791666666666669800 ) ) ;
#275 = CARTESIAN_POINT ( 'NONE',  ( 1.617040769369052300, -0.3008872336786776500, 1.571937291816420700 ) ) ;
#276 = ORIENTED_EDGE ( 'NONE', *, *, #673, .F. ) ;
#277 = CARTESIAN_POINT ( 'NONE',  ( 0.0000000000000000000, 1.175240473580832400, -0.5374999999999997600 ) ) ;
#278 = CARTESIAN_POINT ( 'NONE',  ( 0.5824266820572220300, 0.5824266820572218100, 2.339111957723600800 ) ) ;
#279 = CARTESIAN_POINT ( 'NONE',  ( -1.870113174931180700E-016, -1.527063293868261800, 1.415624999999995000 ) ) ;
#280 = CARTESIAN_POINT ( 'NONE',  ( 0.0000000000000000000, 0.0000000000000000000, 1.302564931924501800 ) ) ;
#281 = CARTESIAN_POINT ( 'NONE',  ( -1.763300807568875000, 1.295565484451488300E-016, 1.321875000000001900 ) ) ;
#282 = ORIENTED_EDGE ( 'NONE', *, *, #3360, .T. ) ;
#283 = CARTESIAN_POINT ( 'NONE',  ( -1.017788105676655300, 0.5876202367904163100, 0.5458333333333339500 ) ) ;
#284 = CARTESIAN_POINT ( 'NONE',  ( -1.017788105676655100, 0.5876202367904161900, 0.9833333333333326200 ) ) ;
#285 = EDGE_CURVE ( 'NONE', #733, #3330, #3834, .T. ) ;
#286 = ORIENTED_EDGE ( 'NONE', *, *, #1468, .F. ) ;
#287 = ORIENTED_EDGE ( 'NONE', *, *, #925, .T. ) ;
#288 = CARTESIAN_POINT ( 'NONE',  ( -0.6785254037844367100, 1.175240473580832400, 0.5041666666666666500 ) ) ;
#289 = CARTESIAN_POINT ( 'NONE',  ( -1.836970198721030700E-016, -1.500000000000000400, -0.5374999999999996400 ) ) ;
#290 = DIRECTION ( 'NONE',  ( 0.06666269134683304500, -0.06666269134683162900, 0.9955461672694008200 ) ) ;
#291 = EDGE_LOOP ( 'NONE', ( #4372, #4019, #401, #3449, #1123, #1186 ) ) ;
#292 = EDGE_CURVE ( 'NONE', #2716, #1810, #4618, .T. ) ;
#293 = CARTESIAN_POINT ( 'NONE',  ( -1.017788105676655300, 0.5876202367904163100, -0.9541666666666665000 ) ) ;
#294 = CARTESIAN_POINT ( 'NONE',  ( 1.763300807568875000, -3.023275895394842700E-016, 1.040624999999994600 ) ) ;
#295 = DIRECTION ( 'NONE',  ( -0.0000000000000000000, -2.585091490897065700E-018, 1.000000000000000000 ) ) ;
#296 = CIRCLE ( 'NONE', #4254, 1.500000000000001100 ) ;
#297 = CARTESIAN_POINT ( 'NONE',  ( 0.0000000000000000000, 1.527063293868261800, 1.696875000000000400 ) ) ;
#298 = CARTESIAN_POINT ( 'NONE',  ( 0.0000000000000000000, 1.500000000000000400, -1.850000000000003400 ) ) ;
#299 = DIRECTION ( 'NONE',  ( 1.000000000000000000, 0.0000000000000000000, 0.0000000000000000000 ) ) ;
#300 = CARTESIAN_POINT ( 'NONE',  ( -1.357050807568873600, 1.046809103374681200E-016, -1.912500000000000300 ) ) ;
#301 = CARTESIAN_POINT ( 'NONE',  ( 1.357050807568873400, -2.277006752164421900E-016, 1.774999999999999000 ) ) ;
#302 = CIRCLE ( 'NONE', #639, 5.600459146698196600 ) ;
#303 = CARTESIAN_POINT ( 'NONE',  ( -1.439254484199186200E-016, -1.175240473580832400, 1.712500000000000600 ) ) ;
#304 = CARTESIAN_POINT ( 'NONE',  ( 0.4503631925185065900, -0.4503631925184971600, 0.3668648403299114000 ) ) ;
#305 = CARTESIAN_POINT ( 'NONE',  ( 1.017788105676654900, -0.5876202367904166400, -8.266666666666667500 ) ) ;
#306 = LINE ( 'NONE', #2819, #2469 ) ;
#307 = CARTESIAN_POINT ( 'NONE',  ( -0.6785254037844367100, 1.175240473580832200, -1.495833333333333300 ) ) ;
#308 = CARTESIAN_POINT ( 'NONE',  ( 0.0000000000000000000, 0.0000000000000000000, 1.302564931925244100 ) ) ;
#309 = CARTESIAN_POINT ( 'NONE',  ( 0.0000000000000000000, 1.175240473580832400, -8.037499999999999600 ) ) ;
#310 = VECTOR ( 'NONE', #2796, 1000.000000000000000 ) ;
#311 = CARTESIAN_POINT ( 'NONE',  ( 0.6892176704428141200, -0.9519291851245443900, -8.299759526419165900 ) ) ;
#312 = CARTESIAN_POINT ( 'NONE',  ( -1.299038105676658400, -0.7499999999999998900, -6.183333333333336200 ) ) ;
#313 = CARTESIAN_POINT ( 'NONE',  ( 0.8816504037844382600, 1.527063293868261300, -6.844791666666665700 ) ) ;
#314 = CARTESIAN_POINT ( 'NONE',  ( 1.017788105676654900, -0.5876202367904166400, -4.766666666666667500 ) ) ;
#315 = CARTESIAN_POINT ( 'NONE',  ( -0.6785254037844366000, 1.175240473580832400, -8.058333333333333600 ) ) ;
#316 = CARTESIAN_POINT ( 'NONE',  ( 1.299038105676658000, -0.7500000000000007800, -7.016666666666669300 ) ) ;
#317 = CARTESIAN_POINT ( 'NONE',  ( 0.8660254037844327100, 1.500000000000012700, -3.391666666666670200 ) ) ;
#318 = CARTESIAN_POINT ( 'NONE',  ( -0.6785254037844367100, 1.175240473580832400, -6.495833333333333600 ) ) ;
#319 = AXIS2_PLACEMENT_3D ( 'NONE', #3467, #3482, #4565 ) ;
#320 = CARTESIAN_POINT ( 'NONE',  ( 1.299038105676658000, -0.7500000000000007800, -5.516666666666669300 ) ) ;
#321 = EDGE_CURVE ( 'NONE', #958, #3547, #4484, .T. ) ;
#322 = CARTESIAN_POINT ( 'NONE',  ( -1.073809935526929700, -0.2359215567864465200, 0.8293762070536467900 ) ) ;
#323 = CARTESIAN_POINT ( 'NONE',  ( 1.732050807568877900, -2.965870576684816500E-016, -6.475000000000005000 ) ) ;
#324 = CARTESIAN_POINT ( 'NONE',  ( -1.017788105676655300, -0.5876202367904159700, 1.129166666666667300 ) ) ;
#325 = CARTESIAN_POINT ( 'NONE',  ( 0.8816504037844369300, -1.527063293868262000, -6.511458333333331800 ) ) ;
#326 = ORIENTED_EDGE ( 'NONE', *, *, #537, .T. ) ;
#327 = CARTESIAN_POINT ( 'NONE',  ( 0.6785254037844372600, 1.175240473580831700, -6.141666666666666600 ) ) ;
#328 = CARTESIAN_POINT ( 'NONE',  ( 0.6785254037844363800, -1.175240473580832600, 1.254166666666665500 ) ) ;
#329 = VERTEX_POINT ( 'NONE', #912 ) ;
#330 = CARTESIAN_POINT ( 'NONE',  ( -0.6785254037844366000, 1.175240473580832400, -8.058333333333333600 ) ) ;
#331 = PERSON_AND_ORGANIZATION ( #3414, #792 ) ;
#332 = DIRECTION ( 'NONE',  ( -0.9961946980917455500, -1.021198412071443300E-014, 0.08715574274765836000 ) ) ;
#333 = EDGE_LOOP ( 'NONE', ( #2895, #508, #2961, #3397 ) ) ;
#334 = CARTESIAN_POINT ( 'NONE',  ( -0.6785254037844367100, 1.175240473580832400, -5.995833333333334500 ) ) ;
#335 = ORIENTED_EDGE ( 'NONE', *, *, #2210, .F. ) ;
#336 = CARTESIAN_POINT ( 'NONE',  ( 1.017788105676655800, 0.5876202367904153100, -7.120833333333333600 ) ) ;
#337 = DIRECTION ( 'NONE',  ( -0.7071067811865492400, 8.659560562354953800E-017, 0.7071067811865458000 ) ) ;
#338 = ORIENTED_EDGE ( 'NONE', *, *, #2248, .T. ) ;
#339 = ORIENTED_EDGE ( 'NONE', *, *, #4053, .F. ) ;
#340 = CARTESIAN_POINT ( 'NONE',  ( -1.322475605676656200, -0.7635316469341305600, -5.636458333333331800 ) ) ;
#341 = CARTESIAN_POINT ( 'NONE',  ( 1.299038105676658000, -0.7500000000000007800, -0.01666666666666990300 ) ) ;
#342 = EDGE_CURVE ( 'NONE', #4428, #1219, #296, .T. ) ;
#343 = CARTESIAN_POINT ( 'NONE',  ( -0.6785254037844371500, -1.175240473580831900, -3.891666666666666600 ) ) ;
#344 = CARTESIAN_POINT ( 'NONE',  ( 0.6785254037844372600, 1.175240473580831900, -5.641666666666666600 ) ) ;
#345 = ORIENTED_EDGE ( 'NONE', *, *, #591, .F. ) ;
#346 = CARTESIAN_POINT ( 'NONE',  ( -0.8660254037844455900, 1.499999999999988000, -4.245833333333332700 ) ) ;
#347 = CARTESIAN_POINT ( 'NONE',  ( -0.6785254037844370400, -1.175240473580832200, -7.891666666666666600 ) ) ;
#348 = AXIS2_PLACEMENT_3D ( 'NONE', #1985, #4474, #3402 ) ;
#349 = EDGE_CURVE ( 'NONE', #2511, #2837, #1084, .T. ) ;
#350 = DIRECTION ( 'NONE',  ( 1.000000000000000000, 0.0000000000000000000, 0.0000000000000000000 ) ) ;
#351 = CARTESIAN_POINT ( 'NONE',  ( 0.8660254037844310500, 1.500000000000015500, -5.891666666666668400 ) ) ;
#352 = CARTESIAN_POINT ( 'NONE',  ( 1.357050807568873600, -2.277006752164423400E-016, -5.662499999999999600 ) ) ;
#353 = CARTESIAN_POINT ( 'NONE',  ( 0.6785254037844366000, -1.175240473580832600, -7.245833333333333600 ) ) ;
#354 = CARTESIAN_POINT ( 'NONE',  ( -0.8779254213204370500, -0.3005524195711873300, 0.6550607433842178300 ) ) ;
#355 = DIRECTION ( 'NONE',  ( -0.0000000000000000000, -2.585091490897065700E-018, 1.000000000000000000 ) ) ;
#356 = CC_DESIGN_PERSON_AND_ORGANIZATION_ASSIGNMENT ( #4577, #2257, ( #1575 ) ) ;
#357 = CONICAL_SURFACE ( 'NONE', #2372, 2.360022447261704800, 0.7853981633974507200 ) ;
#358 = CARTESIAN_POINT ( 'NONE',  ( 1.017788105676655100, -0.5876202367904167500, 0.7958333333333323900 ) ) ;
#359 = CARTESIAN_POINT ( 'NONE',  ( -0.8816504037844373800, 1.527063293868261600, -5.261458333333331800 ) ) ;
#360 = CARTESIAN_POINT ( 'NONE',  ( 0.8816504037844382600, 1.527063293868261300, -5.876041666666671000 ) ) ;
#361 = CARTESIAN_POINT ( 'NONE',  ( -1.017788105676655100, 0.5876202367904161900, -4.516666666666667500 ) ) ;
#362 = CARTESIAN_POINT ( 'NONE',  ( -1.017788105676655100, 0.5876202367904161900, -6.016666666666666600 ) ) ;
#363 = CYLINDRICAL_SURFACE ( 'NONE', #348, 1.500000000000000400 ) ;
#364 = ORIENTED_EDGE ( 'NONE', *, *, #321, .T. ) ;
#365 = PLANE ( 'NONE',  #4388 ) ;
#366 = CARTESIAN_POINT ( 'NONE',  ( 0.6785254037844362700, -1.175240473580832400, -6.308333333333333600 ) ) ;
#367 = VECTOR ( 'NONE', #2338, 1000.000000000000000 ) ;
#368 = PLANE ( 'NONE',  #3626 ) ;
#369 = CARTESIAN_POINT ( 'NONE',  ( -1.303454965849933900, -0.4822666152608211000, -0.06671962708861428600 ) ) ;
#370 = CARTESIAN_POINT ( 'NONE',  ( 0.6785254037844376000, 1.175240473580832200, -7.079166666666666600 ) ) ;
#371 = CARTESIAN_POINT ( 'NONE',  ( 1.017788105676655100, -0.5876202367904167500, -6.704166666666666600 ) ) ;
#372 = CARTESIAN_POINT ( 'NONE',  ( 0.6732596486383764000, 0.3701540462942964300, 0.4948264746952894500 ) ) ;
#373 = DIRECTION ( 'NONE',  ( 0.0000000000000000000, 0.0000000000000000000, 1.000000000000000000 ) ) ;
#374 = CARTESIAN_POINT ( 'NONE',  ( 0.0000000000000000000, 1.175240473580832400, 0.9624999999999998000 ) ) ;
#375 = CARTESIAN_POINT ( 'NONE',  ( -0.8816504037844380400, -1.527063293868261300, -6.594791666666664800 ) ) ;
#376 = CARTESIAN_POINT ( 'NONE',  ( 0.8816504037844382600, 1.527063293868261300, -5.376041666666671000 ) ) ;
#377 = CARTESIAN_POINT ( 'NONE',  ( -0.6785254037844366000, 1.175240473580832200, -5.058333333333333600 ) ) ;
#378 = CARTESIAN_POINT ( 'NONE',  ( -1.357050807568873400, 1.046809103374680900E-016, -5.475000000000000500 ) ) ;
#379 = DIRECTION ( 'NONE',  ( -0.0000000000000000000, -2.585091490897065700E-018, 1.000000000000000000 ) ) ;
#380 = CARTESIAN_POINT ( 'NONE',  ( 1.017788105676654900, -0.5876202367904166400, -6.266666666666666600 ) ) ;
#381 = CARTESIAN_POINT ( 'NONE',  ( 0.0000000000000000000, 1.500000000000000400, -5.287500000000000500 ) ) ;
#382 = CARTESIAN_POINT ( 'NONE',  ( -1.439254484199186200E-016, -1.175240473580832400, -3.787500000000000100 ) ) ;
#383 = CARTESIAN_POINT ( 'NONE',  ( -1.357050807568873600, 1.046809103374680900E-016, -5.412500000000000500 ) ) ;
#384 = ADVANCED_FACE ( 'NONE', ( #2103 ), #4296, .T. ) ;
#385 = VERTEX_POINT ( 'NONE', #928 ) ;
#386 = CARTESIAN_POINT ( 'NONE',  ( 0.0000000000000000000, 1.500000000000000400, -5.850000000000002300 ) ) ;
#387 = CARTESIAN_POINT ( 'NONE',  ( -0.8816504037844373800, 1.527063293868261600, -3.761458333333332700 ) ) ;
#388 = CARTESIAN_POINT ( 'NONE',  ( 0.8816504037844369300, -1.527063293868262000, -6.042708333333338000 ) ) ;
#389 = CARTESIAN_POINT ( 'NONE',  ( -0.6785254037844371500, -1.175240473580831900, -1.891666666666666400 ) ) ;
#390 = ORIENTED_EDGE ( 'NONE', *, *, #842, .T. ) ;
#391 = ORIENTED_EDGE ( 'NONE', *, *, #342, .F. ) ;
#392 = CARTESIAN_POINT ( 'NONE',  ( 0.6785254037844362700, -1.175240473580832400, -5.308333333333332700 ) ) ;
#393 = CARTESIAN_POINT ( 'NONE',  ( -1.836970198721030400E-016, -1.500000000000000400, -0.1000000000000027300 ) ) ;
#394 = DIRECTION ( 'NONE',  ( -0.06666269134683255900, 0.06666269134683212900, 0.9955461672694008200 ) ) ;
#395 = CARTESIAN_POINT ( 'NONE',  ( 0.6785254037844362700, -1.175240473580832400, -7.308333333333332700 ) ) ;
#396 = ORIENTED_EDGE ( 'NONE', *, *, #3227, .F. ) ;
#397 = ORIENTED_EDGE ( 'NONE', *, *, #3989, .F. ) ;
#398 = CARTESIAN_POINT ( 'NONE',  ( 1.017788105676655100, -0.5876202367904167500, -6.204166666666666600 ) ) ;
#399 = CARTESIAN_POINT ( 'NONE',  ( -1.017788105676655300, 0.5876202367904163100, -3.454166666666667100 ) ) ;
#400 = CARTESIAN_POINT ( 'NONE',  ( 0.6785254037844376000, 1.175240473580831900, -5.079166666666666600 ) ) ;
#401 = ORIENTED_EDGE ( 'NONE', *, *, #1656, .F. ) ;
#402 = DIRECTION ( 'NONE',  ( 0.08715574274765837400, 0.0000000000000000000, 0.9961946980917455500 ) ) ;
#403 = CARTESIAN_POINT ( 'NONE',  ( 0.0000000000000000000, 1.527063293868261800, -4.803124999999998800 ) ) ;
#404 = CARTESIAN_POINT ( 'NONE',  ( -1.870113174931180700E-016, -1.527063293868261800, -6.584375000000005000 ) ) ;
#405 = FACE_OUTER_BOUND ( 'NONE', #2157, .T. ) ;
#406 = AXIS2_PLACEMENT_3D ( 'NONE', #3719, #1127, #781 ) ;
#407 = CARTESIAN_POINT ( 'NONE',  ( -1.017788105676655300, -0.5876202367904158600, -1.933333333333333800 ) ) ;
#408 = EDGE_CURVE ( 'NONE', #3784, #2500, #3403, .T. ) ;
#409 = CARTESIAN_POINT ( 'NONE',  ( 0.6785254037844362700, -1.175240473580832400, -7.308333333333332700 ) ) ;
#410 = ADVANCED_FACE ( 'NONE', ( #3743 ), #1992, .T. ) ;
#411 = CARTESIAN_POINT ( 'NONE',  ( 0.0000000000000000000, 6.628682924999594700E-017, 1.649999999999999500 ) ) ;
#412 = CARTESIAN_POINT ( 'NONE',  ( 1.357050807568873400, -2.277006752164422900E-016, -7.225000000000001400 ) ) ;
#413 = FACE_OUTER_BOUND ( 'NONE', #3075, .T. ) ;
#414 =( BOUNDED_CURVE ( )  B_SPLINE_CURVE ( 2, ( #2058, #4603, #3879, #1298, #609, #1283, #3155 ),
 .UNSPECIFIED., .F., .F. ) 
 B_SPLINE_CURVE_WITH_KNOTS ( ( 3, 2, 2, 3 ),
 ( 0.7380952380952380300, 0.7460317460317459300, 0.7539682539682539500, 0.7619047619047618600 ),
 .UNSPECIFIED. ) 
 CURVE ( )  GEOMETRIC_REPRESENTATION_ITEM ( )  RATIONAL_B_SPLINE_CURVE ( ( 1.000000000000001800, 0.8660254037844367100, 1.000000000000000000, 0.8660254037844386000, 1.000000000000000000, 0.8660254037844386000, 1.000000000000000000 ) ) 
 REPRESENTATION_ITEM ( '' )  );
#415 = EDGE_CURVE ( 'NONE', #1739, #1586, #1258, .T. ) ;
#416 = CARTESIAN_POINT ( 'NONE',  ( -1.017788105676655300, 0.5876202367904163100, -6.954166666666666600 ) ) ;
#417 = CARTESIAN_POINT ( 'NONE',  ( 0.0000000000000000000, 1.500000000000000400, -7.350000000000003200 ) ) ;
#418 = CARTESIAN_POINT ( 'NONE',  ( 1.017788105676655800, 0.5876202367904153100, -3.120833333333333100 ) ) ;
#419 = CARTESIAN_POINT ( 'NONE',  ( 1.017788105676655100, -0.5876202367904167500, -3.704166666666666200 ) ) ;
#420 = VECTOR ( 'NONE', #2779, 1000.000000000000000 ) ;
#421 = CARTESIAN_POINT ( 'NONE',  ( 1.299038105676658000, -0.7500000000000008900, -3.954166666666666600 ) ) ;
#422 = CARTESIAN_POINT ( 'NONE',  ( 0.8816504037844369300, -1.527063293868262000, -4.011458333333332700 ) ) ;
#423 = FACE_OUTER_BOUND ( 'NONE', #795, .T. ) ;
#424 = CARTESIAN_POINT ( 'NONE',  ( 1.322475605676656900, 0.7635316469341297800, -6.417708333333338900 ) ) ;
#425 = CARTESIAN_POINT ( 'NONE',  ( 0.6785254037844372600, 1.175240473580831700, -1.641666666666667100 ) ) ;
#426 = CARTESIAN_POINT ( 'NONE',  ( 1.017788105676654900, -0.5876202367904166400, -5.266666666666666600 ) ) ;
#427 = PLANE ( 'NONE',  #1982 ) ;
#428 = CARTESIAN_POINT ( 'NONE',  ( 0.6785254037844362700, -1.175240473580832400, -5.308333333333332700 ) ) ;
#429 = VERTEX_POINT ( 'NONE', #2129 ) ;
#430 = CARTESIAN_POINT ( 'NONE',  ( 0.6785254037844376000, 1.175240473580832200, -7.579166666666668400 ) ) ;
#431 = CARTESIAN_POINT ( 'NONE',  ( -0.2497033349880528600, 1.232065576711167900, 0.9869026527230997400 ) ) ;
#432 = CARTESIAN_POINT ( 'NONE',  ( 0.6785254037844363800, -1.175240473580832600, -3.745833333333333600 ) ) ;
#433 = CARTESIAN_POINT ( 'NONE',  ( -0.6785254037844372600, -1.175240473580832200, -2.329166666666667100 ) ) ;
#434 = ADVANCED_FACE ( 'NONE', ( #4095 ), #3995, .T. ) ;
#435 = CARTESIAN_POINT ( 'NONE',  ( 0.9766824987611850700, 0.2678177940361229900, 0.7413558875187596900 ) ) ;
#436 = CARTESIAN_POINT ( 'NONE',  ( 1.050943903832999100, -1.070288237343687700, -7.975000000000003200 ) ) ;
#437 = CARTESIAN_POINT ( 'NONE',  ( -1.322475605676656200, -0.7635316469341305600, -3.636458333333331800 ) ) ;
#438 = CARTESIAN_POINT ( 'NONE',  ( -1.322475605676656200, -0.7635316469341305600, -4.167708333333338000 ) ) ;
#439 = CARTESIAN_POINT ( 'NONE',  ( 0.6785254037844372600, 1.175240473580831700, -2.641666666666667100 ) ) ;
#440 = CARTESIAN_POINT ( 'NONE',  ( 0.0000000000000000000, 1.175240473580832200, -5.100000000000000500 ) ) ;
#441 = CARTESIAN_POINT ( 'NONE',  ( 0.0000000000000000000, 3.252606517456513300E-016, 2.399999999999999500 ) ) ;
#442 = EDGE_LOOP ( 'NONE', ( #899, #2776, #1373, #1409 ) ) ;
#443 = EDGE_CURVE ( 'NONE', #4590, #2158, #830, .T. ) ;
#444 = CARTESIAN_POINT ( 'NONE',  ( 1.017788105676655600, 0.5876202367904153100, -3.683333333333333600 ) ) ;
#445 = CARTESIAN_POINT ( 'NONE',  ( -1.017788105676655300, -0.5876202367904159700, -5.870833333333333600 ) ) ;
#446 = ORIENTED_EDGE ( 'NONE', *, *, #3499, .F. ) ;
#447 = DIRECTION ( 'NONE',  ( -0.3812272063696631700, 0.9203638919632203300, 0.08715574274765833200 ) ) ;
#448 = CARTESIAN_POINT ( 'NONE',  ( -0.6785254037844371500, -1.175240473580832400, -5.329166666666665700 ) ) ;
#449 = CARTESIAN_POINT ( 'NONE',  ( -0.6785254037844367100, 1.175240473580832200, -2.995833333333334500 ) ) ;
#450 = CARTESIAN_POINT ( 'NONE',  ( 0.9797294349047779300, -1.135599964141687600, -7.978293359354879900 ) ) ;
#451 = ORIENTED_EDGE ( 'NONE', *, *, #2321, .T. ) ;
#452 = ORIENTED_EDGE ( 'NONE', *, *, #925, .F. ) ;
#453 = CARTESIAN_POINT ( 'NONE',  ( 1.299038105676658900, 0.7499999999999990000, -3.933333333333335300 ) ) ;
#454 = CARTESIAN_POINT ( 'NONE',  ( -1.870113174931180700E-016, -1.527063293868261800, -3.553124999999999200 ) ) ;
#455 = CARTESIAN_POINT ( 'NONE',  ( -0.8816504037844373800, 1.527063293868261600, -4.792708333333338900 ) ) ;
#456 = CARTESIAN_POINT ( 'NONE',  ( 0.0000000000000000000, 1.175240473580832200, -1.100000000000000300 ) ) ;
#457 = ORIENTED_EDGE ( 'NONE', *, *, #2139, .F. ) ;
#458 = CARTESIAN_POINT ( 'NONE',  ( 1.357050807568873400, -2.277006752164422900E-016, -4.725000000000000500 ) ) ;
#459 = CARTESIAN_POINT ( 'NONE',  ( -0.1049025604335714900, -0.2532571841263965300, -3.225649374138636700 ) ) ;
#460 = ADVANCED_FACE ( 'NONE', ( #914 ), #3217, .T. ) ;
#461 = ORIENTED_EDGE ( 'NONE', *, *, #4119, .T. ) ;
#462 = CARTESIAN_POINT ( 'NONE',  ( -0.3008872336783447500, -1.617040769368059500, 1.571937291812550900 ) ) ;
#463 = CARTESIAN_POINT ( 'NONE',  ( -0.6785254037844370400, -1.175240473580832200, -2.391666666666667500 ) ) ;
#464 = ORIENTED_EDGE ( 'NONE', *, *, #4074, .F. ) ;
#465 = CARTESIAN_POINT ( 'NONE',  ( 0.0000000000000000000, 1.175240473580832400, -6.537499999999999600 ) ) ;
#466 = DIRECTION ( 'NONE',  ( -0.9238795325112827400, -0.3826834323650994400, 0.0000000000000000000 ) ) ;
#467 = CARTESIAN_POINT ( 'NONE',  ( -1.357050807568873600, 1.046809103374681200E-016, -2.412500000000000500 ) ) ;
#468 = CARTESIAN_POINT ( 'NONE',  ( 1.017788105676655800, 0.5876202367904153100, -2.620833333333333600 ) ) ;
#469 = CARTESIAN_POINT ( 'NONE',  ( -1.836970198721030700E-016, -1.500000000000000400, -4.037500000000000500 ) ) ;
#470 = FACE_OUTER_BOUND ( 'NONE', #653, .T. ) ;
#471 = CARTESIAN_POINT ( 'NONE',  ( 0.3126715560647830300, 1.651542389413732400, 1.706632713042012000 ) ) ;
#472 = CARTESIAN_POINT ( 'NONE',  ( -1.322475605676656200, 0.7635316469341311100, -1.219791666666665100 ) ) ;
#473 = CARTESIAN_POINT ( 'NONE',  ( -0.8816504037844380400, -1.527063293868261300, -4.126041666666671900 ) ) ;
#474 = EDGE_CURVE ( 'NONE', #429, #907, #1956, .T. ) ;
#475 = CARTESIAN_POINT ( 'NONE',  ( -1.017788105676655100, 0.5876202367904161900, -3.016666666666666600 ) ) ;
#476 = VECTOR ( 'NONE', #3295, 1000.000000000000000 ) ;
#477 = ORIENTED_EDGE ( 'NONE', *, *, #2078, .F. ) ;
#478 =( BOUNDED_CURVE ( )  B_SPLINE_CURVE ( 2, ( #2232, #845, #1562, #4458, #2305, #3029, #3008 ),
 .UNSPECIFIED., .F., .F. ) 
 B_SPLINE_CURVE_WITH_KNOTS ( ( 3, 2, 2, 3 ),
 ( 0.3571428571428570400, 0.3650793650793650600, 0.3730158730158729100, 0.3809523809523808200 ),
 .UNSPECIFIED. ) 
 CURVE ( )  GEOMETRIC_REPRESENTATION_ITEM ( )  RATIONAL_B_SPLINE_CURVE ( ( 1.000000000000000900, 0.8660254037844377100, 1.000000000000000000, 0.8660254037844387100, 1.000000000000000000, 0.8660254037844405900, 0.9999999999999981100 ) ) 
 REPRESENTATION_ITEM ( '' )  );
#479 = CARTESIAN_POINT ( 'NONE',  ( 1.017788105676655600, 0.5876202367904153100, -4.683333333333333600 ) ) ;
#480 = AXIS2_PLACEMENT_3D ( 'NONE', #1116, #373, #2927 ) ;
#481 = CIRCLE ( 'NONE', #2044, 5.594903978236768400 ) ;
#482 = ORIENTED_EDGE ( 'NONE', *, *, #1107, .F. ) ;
#483 = CARTESIAN_POINT ( 'NONE',  ( -1.017788105676655300, 0.5876202367904163100, -4.454166666666666600 ) ) ;
#484 = CARTESIAN_POINT ( 'NONE',  ( -2.588960470431355700E-017, -0.1158621570531828300, -3.191530041392854700 ) ) ;
#485 = CARTESIAN_POINT ( 'NONE',  ( -0.6785254037844367100, 1.175240473580832200, -2.495833333333333600 ) ) ;
#486 = CARTESIAN_POINT ( 'NONE',  ( -0.2532571841263949200, -0.1049025604335749300, -3.225649374138636700 ) ) ;
#487 = CARTESIAN_POINT ( 'NONE',  ( 0.3008872336779686000, 1.617040769366922900, 1.571937291808122000 ) ) ;
#488 = CARTESIAN_POINT ( 'NONE',  ( 1.322475605676655800, -0.7635316469341314500, -0.4697916666666652200 ) ) ;
#489 = CARTESIAN_POINT ( 'NONE',  ( 1.322475605676656900, 0.7635316469341297800, -3.917708333333338000 ) ) ;
#490 = DIRECTION ( 'NONE',  ( 0.08715574274765837400, 0.0000000000000000000, -0.9961946980917455500 ) ) ;
#491 = CARTESIAN_POINT ( 'NONE',  ( -1.017788105676655300, -0.5876202367904158600, -0.9333333333333337900 ) ) ;
#492 = CARTESIAN_POINT ( 'NONE',  ( 0.0000000000000000000, 0.0000000000000000000, -3.201666666666668000 ) ) ;
#493 = CARTESIAN_POINT ( 'NONE',  ( -1.439254484199185900E-016, -1.175240473580832200, -4.350000000000000500 ) ) ;
#494 = CARTESIAN_POINT ( 'NONE',  ( -0.6785254037844371500, -1.175240473580832400, -4.829166666666667500 ) ) ;
#495 = CARTESIAN_POINT ( 'NONE',  ( -1.836970198721030400E-016, -1.500000000000000400, -4.100000000000004100 ) ) ;
#496 = CARTESIAN_POINT ( 'NONE',  ( 0.0000000000000000000, 1.500000000000000400, -7.350000000000003200 ) ) ;
#497 = CARTESIAN_POINT ( 'NONE',  ( 1.299038105676659100, 0.7499999999999991100, -1.870833333333333600 ) ) ;
#498 = DIRECTION ( 'NONE',  ( 0.0000000000000000000, -1.000000000000000000, 0.0000000000000000000 ) ) ;
#499 = CARTESIAN_POINT ( 'NONE',  ( -0.8816504037844380400, -1.527063293868261300, -1.094791666666665700 ) ) ;
#500 = CARTESIAN_POINT ( 'NONE',  ( -0.8816504037844373800, 1.527063293868261600, -4.292708333333338900 ) ) ;
#501 = CARTESIAN_POINT ( 'NONE',  ( -1.357050807568873600, 1.046809103374680900E-016, -1.912499999999999900 ) ) ;
#502 = VERTEX_POINT ( 'NONE', #731 ) ;
#503 = CARTESIAN_POINT ( 'NONE',  ( -1.439254484199185900E-016, -1.175240473580832200, -1.350000000000000500 ) ) ;
#504 = ADVANCED_FACE ( 'NONE', ( #3134 ), #4028, .T. ) ;
#505 = CARTESIAN_POINT ( 'NONE',  ( 0.0000000000000000000, 1.500000000000000400, -7.850000000000003200 ) ) ;
#506 = EDGE_CURVE ( 'NONE', #2558, #1070, #2946, .T. ) ;
#507 = CARTESIAN_POINT ( 'NONE',  ( -0.6785254037844366000, 1.175240473580832400, -3.558333333333333600 ) ) ;
#508 = ORIENTED_EDGE ( 'NONE', *, *, #3499, .T. ) ;
#509 = VERTEX_POINT ( 'NONE', #2898 ) ;
#510 = B_SPLINE_CURVE_WITH_KNOTS ( 'NONE', 3,
 ( #1289, #3870, #2064, #4595, #269, #2805 ),
 .UNSPECIFIED., .F., .F.,
 ( 4, 2, 4 ),
 ( 0.0000000000000000000, 0.0004026747511490881900, 0.0008053495022981763800 ),
 .UNSPECIFIED. ) ;
#511 = CARTESIAN_POINT ( 'NONE',  ( 1.017788105676655800, 0.5876202367904153100, -3.620833333333333600 ) ) ;
#512 = CARTESIAN_POINT ( 'NONE',  ( -1.732050807568877600, 1.276430378214812400E-016, -0.1625000000000010900 ) ) ;
#513 = VERTEX_POINT ( 'NONE', #4314 ) ;
#514 = CARTESIAN_POINT ( 'NONE',  ( 1.049523301869544700, 0.5288582131113669400, -0.1875000000000011900 ) ) ;
#515 = EDGE_LOOP ( 'NONE', ( #4523, #3790, #4432, #3354 ) ) ;
#516 = CARTESIAN_POINT ( 'NONE',  ( -1.836970198721030700E-016, -1.500000000000000400, -2.037500000000000100 ) ) ;
#517 = CARTESIAN_POINT ( 'NONE',  ( 0.0000000000000000000, 1.500000000000000400, -3.850000000000003200 ) ) ;
#518 = CARTESIAN_POINT ( 'NONE',  ( 1.322475605676656900, 0.7635316469341297800, 0.1135416666666680400 ) ) ;
#519 = CARTESIAN_POINT ( 'NONE',  ( -0.8816504037844373800, 1.527063293868261600, -0.2927083333333392900 ) ) ;
#520 = ORIENTED_EDGE ( 'NONE', *, *, #778, .T. ) ;
#521 = CARTESIAN_POINT ( 'NONE',  ( -1.232065576716243400, 0.2497033349884861500, 0.9869026527281501400 ) ) ;
#522 = CARTESIAN_POINT ( 'NONE',  ( 1.017788105676655600, 0.5876202367904153100, -2.183333333333333100 ) ) ;
#523 = CARTESIAN_POINT ( 'NONE',  ( 1.547964847654341900, -0.2773202059209751200, 1.302564931925244100 ) ) ;
#524 = CARTESIAN_POINT ( 'NONE',  ( -1.439254484199185900E-016, -1.175240473580832200, 0.1499999999999990800 ) ) ;
#525 = CARTESIAN_POINT ( 'NONE',  ( -1.357050807568873600, 1.046809103374681200E-016, -2.912499999999999600 ) ) ;
#526 = DIRECTION ( 'NONE',  ( -0.3826834323650792900, -0.9238795325112911800, 1.061935634343630200E-014 ) ) ;
#527 = LINE ( 'NONE', #4430, #4600 ) ;
#528 = ADVANCED_FACE ( 'NONE', ( #4154 ), #4651, .T. ) ;
#529 = VERTEX_POINT ( 'NONE', #2185 ) ;
#530 = CARTESIAN_POINT ( 'NONE',  ( 0.8923782719897533900, -0.8048364405048928900, -8.282068918985620700 ) ) ;
#531 = CARTESIAN_POINT ( 'NONE',  ( 0.8660254037844453700, -1.499999999999988700, -3.495833333333332700 ) ) ;
#532 = LINE ( 'NONE', #3973, #2244 ) ;
#533 = CARTESIAN_POINT ( 'NONE',  ( -0.8816504037844380400, -1.527063293868261300, -1.626041666666671500 ) ) ;
#534 = CARTESIAN_POINT ( 'NONE',  ( -0.3476932613749407200, 1.754010341813026000, 2.106932636468940200 ) ) ;
#535 =( BOUNDED_CURVE ( )  B_SPLINE_CURVE ( 2, ( #2435, #1056, #2128, #2821, #1365, #1793, #695 ),
 .UNSPECIFIED., .F., .F. ) 
 B_SPLINE_CURVE_WITH_KNOTS ( ( 3, 2, 2, 3 ),
 ( 0.9047619047619046600, 0.9126984126984125600, 0.9206349206349206900, 0.9227220928358682600 ),
 .UNSPECIFIED. ) 
 CURVE ( )  GEOMETRIC_REPRESENTATION_ITEM ( )  RATIONAL_B_SPLINE_CURVE ( ( 1.000000000000001800, 0.8660254037844368200, 1.000000000000000000, 0.8660254037844387100, 1.000000000000000000, 0.9647668653403589400, 0.9480652107226068500 ) ) 
 REPRESENTATION_ITEM ( '' )  );
#536 = EDGE_CURVE ( 'NONE', #2273, #2091, #3911, .T. ) ;
#537 = EDGE_CURVE ( 'NONE', #1063, #659, #1940, .T. ) ;
#538 = CARTESIAN_POINT ( 'NONE',  ( -0.6785254037844370400, -1.175240473580832200, -2.391666666666667500 ) ) ;
#539 = CARTESIAN_POINT ( 'NONE',  ( 1.299038105676658000, -0.7500000000000007800, -1.516666666666670400 ) ) ;
#540 = PLANE ( 'NONE',  #2246 ) ;
#541 = CARTESIAN_POINT ( 'NONE',  ( 0.0000000000000000000, 1.175240473580832200, -1.100000000000000300 ) ) ;
#542 = CARTESIAN_POINT ( 'NONE',  ( 0.6785254037844376000, 1.175240473580832200, -4.079166666666666600 ) ) ;
#543 = CARTESIAN_POINT ( 'NONE',  ( 1.357050807568873600, -2.277006752164422900E-016, -2.162500000000000500 ) ) ;
#544 = CARTESIAN_POINT ( 'NONE',  ( -0.6785254037844371500, -1.175240473580831900, -7.891666666666666600 ) ) ;
#545 = CARTESIAN_POINT ( 'NONE',  ( -1.322475605676656200, 0.7635316469341311100, -2.251041666666671900 ) ) ;
#546 = CARTESIAN_POINT ( 'NONE',  ( 0.0000000000000000000, 0.0000000000000000000, 2.106932636468940200 ) ) ;
#547 = CARTESIAN_POINT ( 'NONE',  ( 1.357050807568873400, -2.277006752164422900E-016, -0.7249999999999999800 ) ) ;
#548 = CARTESIAN_POINT ( 'NONE',  ( -1.303486366501436300E-015, 0.3733333333333332900, 2.399999999999999900 ) ) ;
#549 = CARTESIAN_POINT ( 'NONE',  ( -0.6785254037844366000, 1.175240473580832400, -0.5583333333333343500 ) ) ;
#550 = CARTESIAN_POINT ( 'NONE',  ( 1.357050807568873600, -2.277006752164423400E-016, -0.1624999999999994500 ) ) ;
#551 = ORIENTED_EDGE ( 'NONE', *, *, #4053, .T. ) ;
#552 = CARTESIAN_POINT ( 'NONE',  ( 1.732050807568877900, -2.965870576684816500E-016, -7.475000000000005000 ) ) ;
#553 = CARTESIAN_POINT ( 'NONE',  ( 0.0000000000000000000, 1.175240473580832200, -7.100000000000000500 ) ) ;
#554 =( BOUNDED_CURVE ( )  B_SPLINE_CURVE ( 2, ( #2450, #969, #3857, #3504, #3837, #580, #2528 ),
 .UNSPECIFIED., .F., .F. ) 
 B_SPLINE_CURVE_WITH_KNOTS ( ( 3, 2, 2, 3 ),
 ( 0.1428571428571427900, 0.1507936507936507600, 0.1587301587301587500, 0.1666666666666667100 ),
 .UNSPECIFIED. ) 
 CURVE ( )  GEOMETRIC_REPRESENTATION_ITEM ( )  RATIONAL_B_SPLINE_CURVE ( ( 1.000000000000001100, 0.8660254037844377100, 1.000000000000000000, 0.8660254037844386000, 1.000000000000000000, 0.8660254037844376000, 1.000000000000000900 ) ) 
 REPRESENTATION_ITEM ( '' )  );
#555 = EDGE_LOOP ( 'NONE', ( #1307, #950, #4239, #3301 ) ) ;
#556 = CARTESIAN_POINT ( 'NONE',  ( 1.322475605676656900, 0.7635316469341297800, -1.417708333333338500 ) ) ;
#557 = CARTESIAN_POINT ( 'NONE',  ( -0.3476932613749407200, 1.754010341813026000, 2.106932636468940200 ) ) ;
#558 = ORIENTED_EDGE ( 'NONE', *, *, #4649, .T. ) ;
#559 = CARTESIAN_POINT ( 'NONE',  ( -0.6785254037844366000, 1.175240473580832400, 1.441666666666666000 ) ) ;
#560 = CARTESIAN_POINT ( 'NONE',  ( 1.299038105676658900, 0.7499999999999990000, -1.433333333333336700 ) ) ;
#561 = EDGE_LOOP ( 'NONE', ( #2310, #4075, #1424, #3456 ) ) ;
#562 = CARTESIAN_POINT ( 'NONE',  ( -1.732050807568877600, 1.276430378214812200E-016, -7.662499999999998800 ) ) ;
#563 = AXIS2_PLACEMENT_3D ( 'NONE', #1287, #575, #938 ) ;
#564 = EDGE_CURVE ( 'NONE', #2227, #572, #1744, .T. ) ;
#565 = CARTESIAN_POINT ( 'NONE',  ( 0.0000000000000000000, 1.175240473580832200, -0.5999999999999998700 ) ) ;
#566 = ORIENTED_EDGE ( 'NONE', *, *, #19, .F. ) ;
#567 = ORIENTED_EDGE ( 'NONE', *, *, #897, .T. ) ;
#568 = CARTESIAN_POINT ( 'NONE',  ( -1.017788105676655300, 0.5876202367904163100, -0.4541666666666669400 ) ) ;
#569 = CARTESIAN_POINT ( 'NONE',  ( 1.157168051408759700, -0.2379083557158661300, -0.1875000000000016700 ) ) ;
#570 = CARTESIAN_POINT ( 'NONE',  ( 0.0000000000000000000, 6.628682924999594700E-017, 1.649999999999999500 ) ) ;
#571 = CARTESIAN_POINT ( 'NONE',  ( 0.0000000000000000000, 1.175240473580832200, -8.099999999999999600 ) ) ;
#572 = VERTEX_POINT ( 'NONE', #2144 ) ;
#573 = CARTESIAN_POINT ( 'NONE',  ( 0.6197313073244820100, 1.123463720655841300, -8.198474334568794900 ) ) ;
#574 = CARTESIAN_POINT ( 'NONE',  ( -1.763300807568875000, 1.295565484451488300E-016, -1.209375000000005600 ) ) ;
#575 = DIRECTION ( 'NONE',  ( -0.0000000000000000000, -2.585091490897065700E-018, 1.000000000000000000 ) ) ;
#576 = CARTESIAN_POINT ( 'NONE',  ( 0.6785254037844372600, 1.175240473580831900, 0.8583333333333326200 ) ) ;
#577 = CARTESIAN_POINT ( 'NONE',  ( -1.836970198721030700E-016, -1.500000000000000400, -1.037500000000000300 ) ) ;
#578 = LINE ( 'NONE', #2729, #1766 ) ;
#579 = B_SPLINE_CURVE_WITH_KNOTS ( 'NONE', 3,
 ( #1098, #751, #3279, #2588 ),
 .UNSPECIFIED., .F., .F.,
 ( 4, 4 ),
 ( 0.0000000000000000000, 0.0006711514718671446800 ),
 .UNSPECIFIED. ) ;
#580 = CARTESIAN_POINT ( 'NONE',  ( -0.8660254037844359300, -1.500000000000006700, -6.641666666666670200 ) ) ;
#581 = CARTESIAN_POINT ( 'NONE',  ( -1.017788105676655100, 0.5876202367904161900, -1.516666666666667100 ) ) ;
#582 = FACE_OUTER_BOUND ( 'NONE', #4307, .T. ) ;
#583 = CARTESIAN_POINT ( 'NONE',  ( 0.6785254037844363800, -1.175240473580832600, -1.245833333333333100 ) ) ;
#584 = CARTESIAN_POINT ( 'NONE',  ( 0.0000000000000000000, 0.0000000000000000000, 1.302564931900371400 ) ) ;
#585 = EDGE_CURVE ( 'NONE', #4558, #61, #3082, .T. ) ;
#586 = CARTESIAN_POINT ( 'NONE',  ( 0.3627590212688054900, 1.099039475859553200, 2.279135060036726400 ) ) ;
#587 = CARTESIAN_POINT ( 'NONE',  ( -1.439254484199185900E-016, -1.175240473580832200, -6.850000000000000500 ) ) ;
#588 = CIRCLE ( 'NONE', #1963, 5.594903978236769300 ) ;
#589 = CARTESIAN_POINT ( 'NONE',  ( 0.0000000000000000000, 6.628682924999594700E-017, 1.649999999999999500 ) ) ;
#590 = CARTESIAN_POINT ( 'NONE',  ( 0.0000000000000000000, 1.175240473580832400, -8.537499999999999600 ) ) ;
#591 = EDGE_CURVE ( 'NONE', #4699, #4440, #218, .T. ) ;
#592 = CARTESIAN_POINT ( 'NONE',  ( 0.8816504037844369300, -1.527063293868262000, -1.011458333333332000 ) ) ;
#593 = CARTESIAN_POINT ( 'NONE',  ( -1.017788105676655100, 0.5876202367904161900, 1.483333333333332900 ) ) ;
#594 = DIRECTION ( 'NONE',  ( -0.0000000000000000000, -0.0000000000000000000, -1.000000000000000000 ) ) ;
#595 = CARTESIAN_POINT ( 'NONE',  ( -1.017788105676655300, 0.5876202367904163100, -0.9541666666666665000 ) ) ;
#596 = CARTESIAN_POINT ( 'NONE',  ( -0.6785254037844366000, 1.175240473580832400, 0.4416666666666666000 ) ) ;
#597 = CARTESIAN_POINT ( 'NONE',  ( -0.6785254037844371500, -1.175240473580832400, -0.3291666666666668300 ) ) ;
#598 = CARTESIAN_POINT ( 'NONE',  ( 1.582516539542158100, -0.2891034138687542700, 1.437247615062677200 ) ) ;
#599 = DIRECTION ( 'NONE',  ( 0.0000000000000000000, -1.000000000000000000, 0.0000000000000000000 ) ) ;
#600 = CARTESIAN_POINT ( 'NONE',  ( 1.017788105676655100, -0.5876202367904167500, -0.2041666666666667200 ) ) ;
#601 = CARTESIAN_POINT ( 'NONE',  ( -1.299038105676658400, 0.7500000000000003300, -3.266666666666669700 ) ) ;
#602 = CARTESIAN_POINT ( 'NONE',  ( 0.6785254037844363800, -1.175240473580832600, -8.245833333333333600 ) ) ;
#603 = CARTESIAN_POINT ( 'NONE',  ( -0.8660254037844455900, 1.499999999999988000, -1.245833333333333300 ) ) ;
#604 = CARTESIAN_POINT ( 'NONE',  ( 0.0000000000000000000, 1.175240473580832200, 0.8999999999999998000 ) ) ;
#605 = CARTESIAN_POINT ( 'NONE',  ( 1.017788105676655800, 0.5876202367904153100, -1.620833333333333600 ) ) ;
#606 = CARTESIAN_POINT ( 'NONE',  ( -0.6785254037844370400, -1.175240473580832200, 0.6083333333333321700 ) ) ;
#607 = ORIENTED_EDGE ( 'NONE', *, *, #4656, .T. ) ;
#608 = CARTESIAN_POINT ( 'NONE',  ( 0.6785254037844363800, -1.175240473580832600, -1.745833333333333300 ) ) ;
#609 = CARTESIAN_POINT ( 'NONE',  ( 1.299038105676658900, 0.7499999999999990000, -0.4333333333333375100 ) ) ;
#610 = ORIENTED_EDGE ( 'NONE', *, *, #4180, .T. ) ;
#611 = ORIENTED_EDGE ( 'NONE', *, *, #3914, .F. ) ;
#612 = AXIS2_PLACEMENT_3D ( 'NONE', #4511, #3470, #1674 ) ;
#613 = ORIENTED_EDGE ( 'NONE', *, *, #3828, .F. ) ;
#614 = CARTESIAN_POINT ( 'NONE',  ( 1.017788105676655100, -0.5876202367904167500, -1.204166666666666800 ) ) ;
#615 = VERTEX_POINT ( 'NONE', #1080 ) ;
#616 = CARTESIAN_POINT ( 'NONE',  ( -0.8660254037844423700, 1.499999999999994400, -4.808333333333336200 ) ) ;
#617 = CARTESIAN_POINT ( 'NONE',  ( -1.870113174931180700E-016, -1.527063293868261800, 1.915624999999995500 ) ) ;
#618 = ORIENTED_EDGE ( 'NONE', *, *, #4317, .T. ) ;
#619 = CARTESIAN_POINT ( 'NONE',  ( 1.322475605676655800, -0.7635316469341314500, 1.530208333333334700 ) ) ;
#620 = AXIS2_PLACEMENT_3D ( 'NONE', #660, #4313, #2146 ) ;
#621 = ORIENTED_EDGE ( 'NONE', *, *, #1468, .T. ) ;
#622 = CARTESIAN_POINT ( 'NONE',  ( 0.6785254037844363800, -1.175240473580832600, -0.2458333333333340400 ) ) ;
#623 = CARTESIAN_POINT ( 'NONE',  ( 1.017788105676654900, -0.5876202367904166400, 1.733333333333333200 ) ) ;
#624 = CARTESIAN_POINT ( 'NONE',  ( 1.017788105676655100, -0.5876202367904167500, 0.2958333333333337300 ) ) ;
#625 = CARTESIAN_POINT ( 'NONE',  ( 0.3701540462943036500, -0.6732596486383724000, 0.4948264746952895600 ) ) ;
#626 = PLANE ( 'NONE',  #1261 ) ;
#627 = VECTOR ( 'NONE', #3825, 1000.000000000000100 ) ;
#628 = ORIENTED_EDGE ( 'NONE', *, *, #2514, .F. ) ;
#629 = CARTESIAN_POINT ( 'NONE',  ( -0.8816504037844380400, -1.527063293868261300, 1.373958333333327800 ) ) ;
#630 = CARTESIAN_POINT ( 'NONE',  ( 1.299038105676658900, 0.7499999999999990000, -5.433333333333336200 ) ) ;
#631 = CARTESIAN_POINT ( 'NONE',  ( 0.8816504037844382600, 1.527063293868261300, 0.6552083333333340600 ) ) ;
#632 = CARTESIAN_POINT ( 'NONE',  ( -0.2359215567864427800, 1.073809935526930600, 0.8293762070536465600 ) ) ;
#633 = CYLINDRICAL_SURFACE ( 'NONE', #2179, 1.500000000000000400 ) ;
#634 = CARTESIAN_POINT ( 'NONE',  ( 0.0000000000000000000, 1.175240473580832400, -0.03750000000000107400 ) ) ;
#635 = CARTESIAN_POINT ( 'NONE',  ( -1.322475605676656200, -0.7635316469341305600, -8.636458333333331800 ) ) ;
#636 = CARTESIAN_POINT ( 'NONE',  ( 0.0000000000000000000, 1.175240473580832400, 0.4624999999999993600 ) ) ;
#637 = FACE_OUTER_BOUND ( 'NONE', #1924, .T. ) ;
#638 = CARTESIAN_POINT ( 'NONE',  ( -0.6299769968670151400, 1.155657950221698600, -0.1238527135593061900 ) ) ;
#639 = AXIS2_PLACEMENT_3D ( 'NONE', #484, #1523, #815 ) ;
#640 = EDGE_CURVE ( 'NONE', #2422, #2563, #2803, .T. ) ;
#641 = CARTESIAN_POINT ( 'NONE',  ( 0.8660254037844326000, 1.500000000000012000, -5.829166666666664800 ) ) ;
#642 = CARTESIAN_POINT ( 'NONE',  ( 0.0000000000000000000, 1.500000000000000400, -2.787500000000000100 ) ) ;
#643 = CARTESIAN_POINT ( 'NONE',  ( -0.8816504037844380400, -1.527063293868261300, 1.873958333333328100 ) ) ;
#644 = AXIS2_PLACEMENT_3D ( 'NONE', #2486, #295, #1378 ) ;
#645 = CARTESIAN_POINT ( 'NONE',  ( 0.0000000000000000000, -1.124999999999999300, -8.350000000000001400 ) ) ;
#646 = EDGE_CURVE ( 'NONE', #4590, #2626, #10, .T. ) ;
#647 = DIRECTION ( 'NONE',  ( -0.0000000000000000000, -2.585091490897065700E-018, 1.000000000000000000 ) ) ;
#648 = CARTESIAN_POINT ( 'NONE',  ( 1.175240473580832200, -9.325406199240866600E-015, -0.1875000000000015300 ) ) ;
#649 = CARTESIAN_POINT ( 'NONE',  ( -1.357050807568873600, 1.046809103374681200E-016, -1.412500000000000300 ) ) ;
#650 = CARTESIAN_POINT ( 'NONE',  ( 1.322475605676655800, -0.7635316469341314500, -8.469791666666665700 ) ) ;
#651 = CARTESIAN_POINT ( 'NONE',  ( 1.357050807568873600, -2.277006752164423400E-016, 0.8374999999999995800 ) ) ;
#652 = CARTESIAN_POINT ( 'NONE',  ( 0.6785254037844372600, 1.175240473580831900, -8.141666666666665700 ) ) ;
#653 = EDGE_LOOP ( 'NONE', ( #1403, #2915, #4012, #3922, #461, #4191 ) ) ;
#654 = CARTESIAN_POINT ( 'NONE',  ( -1.357050807568873600, 1.046809103374681300E-016, -0.4124999999999996400 ) ) ;
#655 = CARTESIAN_POINT ( 'NONE',  ( 0.0000000000000000000, 9.213774415896661100E-017, -8.350000000000001400 ) ) ;
#656 = CARTESIAN_POINT ( 'NONE',  ( -1.439254484199186200E-016, -1.175240473580832400, -7.787500000000000500 ) ) ;
#657 = CARTESIAN_POINT ( 'NONE',  ( -0.1906536866924217800, -1.159672946348706100, -8.299759526419165900 ) ) ;
#658 = CARTESIAN_POINT ( 'NONE',  ( -1.322475605676656200, 0.7635316469341311100, 0.7802083333333341700 ) ) ;
#659 = VERTEX_POINT ( 'NONE', #3795 ) ;
#660 = CARTESIAN_POINT ( 'NONE',  ( 4.045305592293011200E-016, -0.1158621570531831000, -3.191530041392854700 ) ) ;
#661 = CARTESIAN_POINT ( 'NONE',  ( -0.6785254037844367100, 1.175240473580832400, 1.504166666666665800 ) ) ;
#662 = CARTESIAN_POINT ( 'NONE',  ( -1.870113174931180700E-016, -1.527063293868261800, -6.553124999999997900 ) ) ;
#663 = PERSON_AND_ORGANIZATION ( #3414, #792 ) ;
#664 = ADVANCED_BREP_SHAPE_REPRESENTATION ( '90258A181_Phillips Oval Head Screws', ( #1895, #480 ), #3094 ) ;
#665 = EDGE_CURVE ( 'NONE', #3553, #429, #1622, .T. ) ;
#666 = CARTESIAN_POINT ( 'NONE',  ( -1.017788105676655100, 0.5876202367904161900, -5.016666666666666600 ) ) ;
#667 = VERTEX_POINT ( 'NONE', #2130 ) ;
#668 = ORIENTED_EDGE ( 'NONE', *, *, #3065, .F. ) ;
#669 = CARTESIAN_POINT ( 'NONE',  ( -1.439254484199185900E-016, -1.175240473580832200, -8.349999999999999600 ) ) ;
#670 = CARTESIAN_POINT ( 'NONE',  ( -1.836970198721030700E-016, -1.500000000000000400, -5.537500000000000500 ) ) ;
#671 = EDGE_LOOP ( 'NONE', ( #364, #2568, #2212, #1760 ) ) ;
#672 = VERTEX_POINT ( 'NONE', #1732 ) ;
#673 = EDGE_CURVE ( 'NONE', #67, #3175, #4375, .T. ) ;
#674 = DIRECTION ( 'NONE',  ( 0.0000000000000000000, -1.000000000000000000, 0.0000000000000000000 ) ) ;
#675 = CARTESIAN_POINT ( 'NONE',  ( -1.439254484199186200E-016, -1.175240473580832400, -6.287499999999999600 ) ) ;
#676 = CARTESIAN_POINT ( 'NONE',  ( 0.8660254037844350400, -1.500000000000007300, -5.558333333333338900 ) ) ;
#677 = VERTEX_POINT ( 'NONE', #3781 ) ;
#678 = CARTESIAN_POINT ( 'NONE',  ( 0.0000000000000000000, 1.301882938682636700, -8.173117061317363200 ) ) ;
#679 = CARTESIAN_POINT ( 'NONE',  ( -0.2932519008174088700, -0.7079727161450920500, 2.399999999999999900 ) ) ;
#680 = CC_DESIGN_PERSON_AND_ORGANIZATION_ASSIGNMENT ( #4695, #4415, ( #91 ) ) ;
#681 = CARTESIAN_POINT ( 'NONE',  ( 0.6785254037844363800, -1.175240473580832600, 1.754166666666666000 ) ) ;
#682 = CARTESIAN_POINT ( 'NONE',  ( 0.0000000000000000000, 1.527063293868261800, -5.803124999999998800 ) ) ;
#683 = CARTESIAN_POINT ( 'NONE',  ( 0.6785254037844363800, -1.175240473580832200, -3.808333333333333600 ) ) ;
#684 = FACE_OUTER_BOUND ( 'NONE', #2336, .T. ) ;
#685 = CARTESIAN_POINT ( 'NONE',  ( 1.017788105676654900, -0.5876202367904166400, -6.266666666666666600 ) ) ;
#686 = CARTESIAN_POINT ( 'NONE',  ( 0.0000000000000000000, -1.500000000000000400, 1.649999999999999500 ) ) ;
#687 = CARTESIAN_POINT ( 'NONE',  ( 1.732050807568877600, -2.965870576684816000E-016, -5.912500000000001400 ) ) ;
#688 = LINE ( 'NONE', #4118, #4392 ) ;
#689 = CARTESIAN_POINT ( 'NONE',  ( -0.6785254037844367100, 1.175240473580832400, -8.495833333333331800 ) ) ;
#690 = CARTESIAN_POINT ( 'NONE',  ( 1.299038105676658000, -0.7500000000000008900, -7.454166666666667500 ) ) ;
#691 = CARTESIAN_POINT ( 'NONE',  ( -1.017788105676655300, 0.5876202367904163100, -5.954166666666666600 ) ) ;
#692 = CARTESIAN_POINT ( 'NONE',  ( -0.6785254037844372600, -1.175240473580832200, -7.329166666666664800 ) ) ;
#693 = CIRCLE ( 'NONE', #205, 1.500000000000000400 ) ;
#694 =( BOUNDED_CURVE ( )  B_SPLINE_CURVE ( 2, ( #2014, #2471, #2798, #2079, #3200, #317, #1375 ),
 .UNSPECIFIED., .F., .F. ) 
 B_SPLINE_CURVE_WITH_KNOTS ( ( 3, 2, 2, 3 ),
 ( 0.4523809523809524400, 0.4603174603174603500, 0.4682539682539683700, 0.4761904761904762800 ),
 .UNSPECIFIED. ) 
 CURVE ( )  GEOMETRIC_REPRESENTATION_ITEM ( )  RATIONAL_B_SPLINE_CURVE ( ( 0.9999999999999991100, 0.8660254037844394800, 1.000000000000000000, 0.8660254037844386000, 1.000000000000000000, 0.8660254037844367100, 1.000000000000001800 ) ) 
 REPRESENTATION_ITEM ( '' )  );
#695 = CARTESIAN_POINT ( 'NONE',  ( 1.050943903832999100, -1.070288237343687700, -7.975000000000004100 ) ) ;
#696 = CARTESIAN_POINT ( 'NONE',  ( 1.836970198721030400E-016, 1.500000000000000400, 1.649999999999999500 ) ) ;
#697 = DIRECTION ( 'NONE',  ( -0.08714264840443973500, 0.01733375049385991000, 0.9960450290638855900 ) ) ;
#698 = CARTESIAN_POINT ( 'NONE',  ( 1.763300807568875000, -3.023275895394842700E-016, -6.428124999999997900 ) ) ;
#699 = FACE_OUTER_BOUND ( 'NONE', #238, .T. ) ;
#700 = CARTESIAN_POINT ( 'NONE',  ( -0.8816504037844380400, -1.527063293868261300, -8.126041666666672800 ) ) ;
#701 = CARTESIAN_POINT ( 'NONE',  ( 1.357050807568873400, -2.277006752164422400E-016, -5.225000000000000500 ) ) ;
#702 = CARTESIAN_POINT ( 'NONE',  ( 1.017788105676655600, 0.5876202367904153100, -6.683333333333333600 ) ) ;
#703 = CARTESIAN_POINT ( 'NONE',  ( 0.0000000000000000000, 1.500000000000000400, -4.287500000000000500 ) ) ;
#704 = EDGE_CURVE ( 'NONE', #1557, #4195, #4256, .T. ) ;
#705 = CARTESIAN_POINT ( 'NONE',  ( 0.0000000000000000000, 1.788139503280600700, 2.106932636468940200 ) ) ;
#706 = CARTESIAN_POINT ( 'NONE',  ( -0.6785254037844371500, -1.175240473580832400, -8.329166666666667500 ) ) ;
#707 = CARTESIAN_POINT ( 'NONE',  ( 0.0000000000000000000, 1.500000000000000400, -5.850000000000002300 ) ) ;
#708 = CARTESIAN_POINT ( 'NONE',  ( 1.017788105676655100, -0.5876202367904167500, -7.704166666666666600 ) ) ;
#709 = AXIS2_PLACEMENT_3D ( 'NONE', #3133, #2045, #2432 ) ;
#710 = CARTESIAN_POINT ( 'NONE',  ( -1.439254484199186200E-016, -1.175240473580832400, -6.787500000000000500 ) ) ;
#711 = ADVANCED_FACE ( 'NONE', ( #4492 ), #4212, .T. ) ;
#712 = CARTESIAN_POINT ( 'NONE',  ( -0.9184854631871369700, 0.9803571247988781500, -8.134660845373682400 ) ) ;
#713 =( NAMED_UNIT ( * ) SI_UNIT ( $, .STERADIAN. ) SOLID_ANGLE_UNIT ( ) );
#714 = CARTESIAN_POINT ( 'NONE',  ( 1.299038105676658900, 0.7499999999999990000, -6.433333333333337100 ) ) ;
#715 = CARTESIAN_POINT ( 'NONE',  ( 1.049523301869544700, 0.5288582131113669400, -0.1875000000000011900 ) ) ;
#716 = CARTESIAN_POINT ( 'NONE',  ( -1.322475605676656200, 0.7635316469341311100, -5.219791666666664800 ) ) ;
#717 = CARTESIAN_POINT ( 'NONE',  ( -0.8816504037844380400, -1.527063293868261300, -5.626041666666671900 ) ) ;
#718 = CARTESIAN_POINT ( 'NONE',  ( 1.357050807568873400, -2.277006752164422400E-016, -4.225000000000000500 ) ) ;
#719 = CARTESIAN_POINT ( 'NONE',  ( -1.017788105676655100, 0.5876202367904161900, -7.516666666666666600 ) ) ;
#720 = DIRECTION ( 'NONE',  ( 0.0000000000000000000, -1.000000000000000000, 0.0000000000000000000 ) ) ;
#721 = ORIENTED_EDGE ( 'NONE', *, *, #2759, .F. ) ;
#722 = CARTESIAN_POINT ( 'NONE',  ( 1.017788105676655600, 0.5876202367904153100, -5.183333333333333600 ) ) ;
#723 = CARTESIAN_POINT ( 'NONE',  ( 0.0000000000000000000, 1.175240473580832400, -8.037499999999999600 ) ) ;
#724 = ORIENTED_EDGE ( 'NONE', *, *, #1209, .T. ) ;
#725 = CARTESIAN_POINT ( 'NONE',  ( 0.5721124013939603600, -1.385677444992646100, -0.003407498530503400000 ) ) ;
#726 = CARTESIAN_POINT ( 'NONE',  ( 0.6785254037844363800, -1.175240473580832600, -7.245833333333333600 ) ) ;
#727 = ORIENTED_EDGE ( 'NONE', *, *, #2759, .T. ) ;
#728 = CARTESIAN_POINT ( 'NONE',  ( -1.439254484199186200E-016, -1.175240473580832400, -6.287499999999999600 ) ) ;
#729 = DIRECTION ( 'NONE',  ( 6.733788922472633500E-015, -0.9961946980917455500, -0.08715574274765836000 ) ) ;
#730 = APPLICATION_PROTOCOL_DEFINITION ( 'international standard', 'config_control_design', 1994, #3663 ) ;
#731 = CARTESIAN_POINT ( 'NONE',  ( -1.836970198721030700E-016, -1.500000000000000400, -5.037499999999999600 ) ) ;
#732 = VERTEX_POINT ( 'NONE', #4162 ) ;
#733 = VERTEX_POINT ( 'NONE', #1905 ) ;
#734 = CARTESIAN_POINT ( 'NONE',  ( 1.357050807568873600, -2.277006752164422900E-016, 1.337500000000000100 ) ) ;
#735 = CARTESIAN_POINT ( 'NONE',  ( 0.8816504037844382600, 1.527063293868261300, -6.344791666666665700 ) ) ;
#736 = CARTESIAN_POINT ( 'NONE',  ( 1.763300807568875000, -3.023275895394842700E-016, -6.959375000000005900 ) ) ;
#737 = AXIS2_PLACEMENT_3D ( 'NONE', #923, #1016, #2072 ) ;
#738 = CARTESIAN_POINT ( 'NONE',  ( 1.017788105676655600, 0.5876202367904153100, -4.183333333333333600 ) ) ;
#739 = CARTESIAN_POINT ( 'NONE',  ( 1.357050807568873400, -2.277006752164422900E-016, -7.725000000000000500 ) ) ;
#740 = ADVANCED_FACE ( 'NONE', ( #4497 ), #1145, .T. ) ;
#741 = DIRECTION ( 'NONE',  ( 1.000000000000000000, -1.598721155460225400E-014, 0.0000000000000000000 ) ) ;
#742 = ORIENTED_EDGE ( 'NONE', *, *, #809, .F. ) ;
#743 = DIRECTION ( 'NONE',  ( -0.0000000000000000000, -2.585091490897065700E-018, 1.000000000000000000 ) ) ;
#744 = CARTESIAN_POINT ( 'NONE',  ( -1.017788105676655300, -0.5876202367904158600, -6.433333333333333600 ) ) ;
#745 = VECTOR ( 'NONE', #2602, 1000.000000000000000 ) ;
#746 = EDGE_CURVE ( 'NONE', #615, #659, #1388, .T. ) ;
#747 = CARTESIAN_POINT ( 'NONE',  ( 1.732050807568877900, -2.965870576684816500E-016, -4.475000000000004100 ) ) ;
#748 = CARTESIAN_POINT ( 'NONE',  ( -1.719874119373885800, 0.3360189205355153000, 1.973494310074182600 ) ) ;
#749 = CARTESIAN_POINT ( 'NONE',  ( 1.017788105676655100, -0.5876202367904167500, -3.704166666666666200 ) ) ;
#750 = CARTESIAN_POINT ( 'NONE',  ( 0.6785254037844376000, 1.175240473580831900, -6.079166666666666600 ) ) ;
#751 = CARTESIAN_POINT ( 'NONE',  ( -1.232065576716236700, -0.2497033349884986700, 0.9869026527281462600 ) ) ;
#752 = DATE_TIME_ROLE ( 'creation_date' ) ;
#753 = CONICAL_SURFACE ( 'NONE', #406, 1.866666666666665800, 0.2617993877991500700 ) ;
#754 = ORIENTED_EDGE ( 'NONE', *, *, #1628, .F. ) ;
#755 = CARTESIAN_POINT ( 'NONE',  ( -1.299038105676658400, -0.7499999999999998900, -6.620833333333333600 ) ) ;
#756 = CARTESIAN_POINT ( 'NONE',  ( 0.0000000000000000000, 1.527063293868261800, -2.803124999999998300 ) ) ;
#757 = ORIENTED_EDGE ( 'NONE', *, *, #2479, .T. ) ;
#758 = CARTESIAN_POINT ( 'NONE',  ( -1.870113174931180700E-016, -1.527063293868261800, -7.584375000000005000 ) ) ;
#759 = CARTESIAN_POINT ( 'NONE',  ( -0.6785254037844366000, 1.175240473580832200, -3.558333333333333600 ) ) ;
#760 = CARTESIAN_POINT ( 'NONE',  ( -0.6785254037844366000, 1.175240473580832400, -6.058333333333333600 ) ) ;
#761 = LINE ( 'NONE', #246, #420 ) ;
#762 = CARTESIAN_POINT ( 'NONE',  ( 0.8782971197407919400, -0.3004295733969389900, 0.6553893317992687300 ) ) ;
#763 = CARTESIAN_POINT ( 'NONE',  ( -0.6785254037844370400, -1.175240473580832200, -5.891666666666666600 ) ) ;
#764 = FACE_OUTER_BOUND ( 'NONE', #3954, .T. ) ;
#765 = CARTESIAN_POINT ( 'NONE',  ( -0.6785254037844367100, 1.175240473580832400, -5.495833333333333600 ) ) ;
#766 = DIRECTION ( 'NONE',  ( -0.0000000000000000000, -0.0000000000000000000, -1.000000000000000000 ) ) ;
#767 = CARTESIAN_POINT ( 'NONE',  ( -1.357050807568873600, 1.046809103374681200E-016, -4.912499999999999600 ) ) ;
#768 = CARTESIAN_POINT ( 'NONE',  ( -0.6785254037844367100, 1.175240473580832200, -4.995833333333332700 ) ) ;
#769 = ADVANCED_FACE ( 'NONE', ( #4160 ), #2269, .T. ) ;
#770 = AXIS2_PLACEMENT_3D ( 'NONE', #270, #2806, #3886 ) ;
#771 = CARTESIAN_POINT ( 'NONE',  ( 0.0000000000000000000, 1.527063293868261800, -3.803124999999998300 ) ) ;
#772 = CARTESIAN_POINT ( 'NONE',  ( -1.322475605676656200, 0.7635316469341311100, -6.751041666666671900 ) ) ;
#773 = CARTESIAN_POINT ( 'NONE',  ( -1.017788105676655100, 0.5876202367904161900, -3.516666666666667100 ) ) ;
#774 = CARTESIAN_POINT ( 'NONE',  ( -0.6785254037844370400, -1.175240473580832200, -3.891666666666666600 ) ) ;
#775 = DIRECTION ( 'NONE',  ( -0.3812272063696470800, -0.9203638919632269900, -0.08715574274765834600 ) ) ;
#776 = DIRECTION ( 'NONE',  ( -0.0000000000000000000, -2.585091490897065700E-018, 1.000000000000000000 ) ) ;
#777 = AXIS2_PLACEMENT_3D ( 'NONE', #4260, #1757, #674 ) ;
#778 = EDGE_CURVE ( 'NONE', #4602, #502, #4033, .T. ) ;
#779 = CARTESIAN_POINT ( 'NONE',  ( -1.017788105676655300, -0.5876202367904158600, -5.933333333333333600 ) ) ;
#780 = CARTESIAN_POINT ( 'NONE',  ( -1.439254484199186200E-016, -1.175240473580832400, -5.787500000000000500 ) ) ;
#781 = DIRECTION ( 'NONE',  ( 1.000000000000000000, 0.0000000000000000000, 0.0000000000000000000 ) ) ;
#782 = CARTESIAN_POINT ( 'NONE',  ( -1.439254484199186200E-016, -1.175240473580832400, -3.287500000000000500 ) ) ;
#783 = CARTESIAN_POINT ( 'NONE',  ( 1.357050807568873600, -2.277006752164422900E-016, -3.162500000000000500 ) ) ;
#784 = VERTEX_POINT ( 'NONE', #3010 ) ;
#785 = CARTESIAN_POINT ( 'NONE',  ( -1.763300807568875000, 1.295565484451488000E-016, -4.678124999999997900 ) ) ;
#786 = CARTESIAN_POINT ( 'NONE',  ( 0.8816504037844369300, -1.527063293868262000, -6.542708333333337100 ) ) ;
#787 = CARTESIAN_POINT ( 'NONE',  ( 1.017788105676654900, -0.5876202367904166400, -2.766666666666667500 ) ) ;
#788 = ORIENTED_EDGE ( 'NONE', *, *, #3043, .F. ) ;
#789 = CARTESIAN_POINT ( 'NONE',  ( -1.357050807568873400, 1.046809103374680900E-016, -4.474999999999999600 ) ) ;
#790 = ADVANCED_FACE ( 'NONE', ( #413 ), #1089, .T. ) ;
#791 = CARTESIAN_POINT ( 'NONE',  ( -1.732050807568877900, 1.276430378214812400E-016, -1.225000000000003900 ) ) ;
#792 = ORGANIZATION ( 'UNSPECIFIED', 'UNSPECIFIED', '' ) ;
#793 = CARTESIAN_POINT ( 'NONE',  ( -1.439254484199185900E-016, -1.175240473580832200, -6.850000000000000500 ) ) ;
#794 = EDGE_LOOP ( 'NONE', ( #4427, #3628, #1301, #3945 ) ) ;
#795 = EDGE_LOOP ( 'NONE', ( #4240, #4671, #1196, #2621 ) ) ;
#796 = CARTESIAN_POINT ( 'NONE',  ( 0.6785254037844376000, 1.175240473580832200, -6.579166666666667500 ) ) ;
#797 = PLANE ( 'NONE',  #1458 ) ;
#798 = CARTESIAN_POINT ( 'NONE',  ( 0.0000000000000000000, 1.175240473580832400, -4.537499999999999600 ) ) ;
#799 = ORIENTED_EDGE ( 'NONE', *, *, #3744, .F. ) ;
#800 = CARTESIAN_POINT ( 'NONE',  ( 0.0000000000000000000, 1.175240473580832400, -4.037500000000000500 ) ) ;
#801 = ORIENTED_EDGE ( 'NONE', *, *, #704, .T. ) ;
#802 = CARTESIAN_POINT ( 'NONE',  ( -2.799999999999999800, 3.429011037612588800E-016, 1.649999999999999900 ) ) ;
#803 = CARTESIAN_POINT ( 'NONE',  ( -0.8660254037844256100, -1.500000000000024400, -6.079166666666666600 ) ) ;
#804 = CARTESIAN_POINT ( 'NONE',  ( 0.8816504037844382600, 1.527063293868261300, -3.344791666666664800 ) ) ;
#805 = CARTESIAN_POINT ( 'NONE',  ( 1.322475605676655800, -0.7635316469341314500, -3.001041666666671900 ) ) ;
#806 = VERTEX_POINT ( 'NONE', #417 ) ;
#807 = AXIS2_PLACEMENT_3D ( 'NONE', #441, #106, #1934 ) ;
#808 = CARTESIAN_POINT ( 'NONE',  ( 1.357050807568873400, -2.277006752164422400E-016, -1.724999999999999900 ) ) ;
#809 = EDGE_CURVE ( 'NONE', #4531, #3115, #1229, .T. ) ;
#810 = CARTESIAN_POINT ( 'NONE',  ( -1.439254484199185900E-016, -1.175240473580832200, -3.850000000000000100 ) ) ;
#811 = CARTESIAN_POINT ( 'NONE',  ( 1.299038105676658000, -0.7500000000000008900, -4.454166666666666600 ) ) ;
#812 = CARTESIAN_POINT ( 'NONE',  ( -0.6785254037844370400, -1.175240473580832200, -4.891666666666667500 ) ) ;
#813 = EDGE_CURVE ( 'NONE', #3346, #3165, #527, .T. ) ;
#814 = CARTESIAN_POINT ( 'NONE',  ( 1.357050807568873600, -2.277006752164423400E-016, -5.662499999999999600 ) ) ;
#815 = DIRECTION ( 'NONE',  ( 0.0000000000000000000, -0.08715574274765836000, -0.9961946980917455500 ) ) ;
#816 = CARTESIAN_POINT ( 'NONE',  ( -1.439254484199186200E-016, -1.175240473580832400, -4.787499999999999600 ) ) ;
#817 = CARTESIAN_POINT ( 'NONE',  ( -0.6785254037844372600, -1.175240473580832200, -2.829166666666667100 ) ) ;
#818 = CYLINDRICAL_SURFACE ( 'NONE', #2285, 1.500000000000000400 ) ;
#819 = ADVANCED_FACE ( 'NONE', ( #147 ), #797, .T. ) ;
#820 = ORIENTED_EDGE ( 'NONE', *, *, #19, .T. ) ;
#821 = CARTESIAN_POINT ( 'NONE',  ( 0.8660254037844420400, -1.499999999999994900, -2.995833333333334500 ) ) ;
#822 = CARTESIAN_POINT ( 'NONE',  ( -1.870113174931180700E-016, -1.527063293868261800, -4.553124999999998800 ) ) ;
#823 = FACE_OUTER_BOUND ( 'NONE', #2145, .T. ) ;
#824 = ORIENTED_EDGE ( 'NONE', *, *, #3769, .T. ) ;
#825 = CARTESIAN_POINT ( 'NONE',  ( -1.870113174931180700E-016, -1.527063293868261800, -3.084375000000005400 ) ) ;
#826 = CARTESIAN_POINT ( 'NONE',  ( -0.6785254037844366000, 1.175240473580832200, -1.058333333333333800 ) ) ;
#827 = CARTESIAN_POINT ( 'NONE',  ( -1.017788105676655300, -0.5876202367904158600, -4.433333333333333600 ) ) ;
#828 = CARTESIAN_POINT ( 'NONE',  ( -1.836970198721030700E-016, -1.500000000000000400, -3.037500000000000100 ) ) ;
#829 = CYLINDRICAL_SURFACE ( 'NONE', #4507, 1.500000000000000400 ) ;
#830 =( BOUNDED_CURVE ( )  B_SPLINE_CURVE ( 2, ( #2504, #27, #2928, #323, #714, #2165, #1843 ),
 .UNSPECIFIED., .F., .F. ) 
 B_SPLINE_CURVE_WITH_KNOTS ( ( 3, 2, 2, 3 ),
 ( 0.1666666666666667100, 0.1746031746031746500, 0.1825396825396826100, 0.1904761904761905500 ),
 .UNSPECIFIED. ) 
 CURVE ( )  GEOMETRIC_REPRESENTATION_ITEM ( )  RATIONAL_B_SPLINE_CURVE ( ( 0.9999999999999991100, 0.8660254037844394800, 1.000000000000000000, 0.8660254037844386000, 1.000000000000000000, 0.8660254037844371500, 1.000000000000001300 ) ) 
 REPRESENTATION_ITEM ( '' )  );
#831 = CARTESIAN_POINT ( 'NONE',  ( 1.357050807568873400, -2.277006752164422900E-016, -4.725000000000000500 ) ) ;
#832 = CARTESIAN_POINT ( 'NONE',  ( 0.6785254037844376000, 1.175240473580832200, -7.079166666666666600 ) ) ;
#833 = CARTESIAN_POINT ( 'NONE',  ( 0.6785254037844376000, 1.175240473580832200, -2.079166666666666600 ) ) ;
#834 = CARTESIAN_POINT ( 'NONE',  ( 0.0000000000000000000, 1.175240473580832400, -4.537499999999999600 ) ) ;
#835 = B_SPLINE_CURVE_WITH_KNOTS ( 'NONE', 3,
 ( #2052, #1425, #1382, #1781, #4647, #715 ),
 .UNSPECIFIED., .F., .F.,
 ( 4, 2, 4 ),
 ( 0.0003600891906256521100, 0.0006364207979339606100, 0.0009127524052422691800 ),
 .UNSPECIFIED. ) ;
#836 = CARTESIAN_POINT ( 'NONE',  ( 0.3476932613749347300, 1.754010341813027300, 2.106932636468940200 ) ) ;
#837 = CARTESIAN_POINT ( 'NONE',  ( -0.8816504037844373800, 1.527063293868261600, -2.261458333333332200 ) ) ;
#838 = CARTESIAN_POINT ( 'NONE',  ( 1.322475605676656900, 0.7635316469341297800, -3.417708333333338500 ) ) ;
#839 = CARTESIAN_POINT ( 'NONE',  ( -1.017788105676655100, 0.5876202367904161900, -0.5166666666666670500 ) ) ;
#840 = CARTESIAN_POINT ( 'NONE',  ( 1.017788105676655600, 0.5876202367904153100, -2.683333333333333600 ) ) ;
#841 = AXIS2_PLACEMENT_3D ( 'NONE', #3375, #3722, #4094 ) ;
#842 = EDGE_CURVE ( 'NONE', #4024, #2525, #302, .T. ) ;
#843 = CARTESIAN_POINT ( 'NONE',  ( 0.0000000000000000000, 1.175240473580832200, -3.600000000000000100 ) ) ;
#844 = CARTESIAN_POINT ( 'NONE',  ( 0.0000000000000000000, 1.175240473580832400, -5.037500000000000500 ) ) ;
#845 = CARTESIAN_POINT ( 'NONE',  ( -0.8660254037844360400, -1.500000000000006000, -2.079166666666666200 ) ) ;
#846 = ORIENTED_EDGE ( 'NONE', *, *, #3558, .F. ) ;
#847 = CARTESIAN_POINT ( 'NONE',  ( -1.732050807568877900, 1.276430378214812200E-016, -7.725000000000003200 ) ) ;
#848 = PRODUCT_RELATED_PRODUCT_CATEGORY ( 'detail', '', ( #2349 ) ) ;
#849 = CARTESIAN_POINT ( 'NONE',  ( -1.017788105676655300, 0.5876202367904163100, -3.954166666666666600 ) ) ;
#850 = DATE_AND_TIME ( #3338, #3552 ) ;
#851 = ORIENTED_EDGE ( 'NONE', *, *, #4282, .T. ) ;
#852 = ORIENTED_EDGE ( 'NONE', *, *, #2111, .T. ) ;
#853 = CARTESIAN_POINT ( 'NONE',  ( -0.8816504037844380400, -1.527063293868261300, -1.594791666666665300 ) ) ;
#854 = CARTESIAN_POINT ( 'NONE',  ( 1.763300807568875000, -3.023275895394842700E-016, -3.959375000000005400 ) ) ;
#855 = CARTESIAN_POINT ( 'NONE',  ( -1.073809935526932600, 0.2359215567864352500, 0.8293762070536467900 ) ) ;
#856 = ORIENTED_EDGE ( 'NONE', *, *, #1072, .T. ) ;
#857 = CARTESIAN_POINT ( 'NONE',  ( 1.017788105676654900, -0.5876202367904166400, -1.766666666666667300 ) ) ;
#858 = ORIENTED_EDGE ( 'NONE', *, *, #3177, .F. ) ;
#859 = CARTESIAN_POINT ( 'NONE',  ( 0.6785254037844362700, -1.175240473580832400, -3.308333333333333600 ) ) ;
#860 = ORIENTED_EDGE ( 'NONE', *, *, #3412, .T. ) ;
#861 = CARTESIAN_POINT ( 'NONE',  ( -1.017788105676655300, -0.5876202367904159700, -4.870833333333332700 ) ) ;
#862 = CARTESIAN_POINT ( 'NONE',  ( -1.299038105676658400, -0.7499999999999998900, -1.620833333333333300 ) ) ;
#863 = CARTESIAN_POINT ( 'NONE',  ( -1.299038105676658400, 0.7500000000000003300, -5.266666666666668400 ) ) ;
#864 = CARTESIAN_POINT ( 'NONE',  ( 1.732050807568877600, -2.965870576684816000E-016, -1.912499999999999900 ) ) ;
#865 = FACE_OUTER_BOUND ( 'NONE', #1529, .T. ) ;
#866 = CARTESIAN_POINT ( 'NONE',  ( 1.732050807568877600, -2.965870576684816000E-016, -0.4124999999999995900 ) ) ;
#867 = CARTESIAN_POINT ( 'NONE',  ( -1.322475605676656200, 0.7635316469341311100, -0.2197916666666650000 ) ) ;
#868 = CARTESIAN_POINT ( 'NONE',  ( 1.763300807568875000, -3.023275895394842700E-016, -3.459375000000005400 ) ) ;
#869 = AXIS2_PLACEMENT_3D ( 'NONE', #308, #4640, #4243 ) ;
#870 = CARTESIAN_POINT ( 'NONE',  ( -1.017788105676655300, -0.5876202367904158600, -0.4333333333333341800 ) ) ;
#871 = EDGE_CURVE ( 'NONE', #2667, #4285, #3522, .T. ) ;
#872 = CARTESIAN_POINT ( 'NONE',  ( 0.0000000000000000000, 1.175240473580832200, -1.599999999999999900 ) ) ;
#873 = CYLINDRICAL_SURFACE ( 'NONE', #261, 1.500000000000000400 ) ;
#874 = VERTEX_POINT ( 'NONE', #129 ) ;
#875 = CARTESIAN_POINT ( 'NONE',  ( 0.0000000000000000000, 1.175240473580832200, -3.100000000000000500 ) ) ;
#876 = CIRCLE ( 'NONE', #2700, 5.594903978236769300 ) ;
#877 = CARTESIAN_POINT ( 'NONE',  ( -0.6785254037844367100, 1.175240473580832400, -4.495833333333333600 ) ) ;
#878 = CARTESIAN_POINT ( 'NONE',  ( 1.500000000000001100, 0.0000000000000000000, 0.0000000000000000000 ) ) ;
#879 = CARTESIAN_POINT ( 'NONE',  ( -1.836970198721030700E-016, -1.500000000000000400, -3.537500000000000500 ) ) ;
#880 = CARTESIAN_POINT ( 'NONE',  ( 0.8816504037844382600, 1.527063293868261300, 0.1552083333333353100 ) ) ;
#881 = CARTESIAN_POINT ( 'NONE',  ( -1.322475605676656200, -0.7635316469341305600, -0.1677083333333391500 ) ) ;
#882 = CARTESIAN_POINT ( 'NONE',  ( -0.8660254037844323800, -1.500000000000012400, -5.579166666666663100 ) ) ;
#883 = CARTESIAN_POINT ( 'NONE',  ( 0.0000000000000000000, 1.175240473580832200, -0.1000000000000011300 ) ) ;
#884 = ADVANCED_FACE ( 'NONE', ( #582 ), #753, .F. ) ;
#885 = CARTESIAN_POINT ( 'NONE',  ( -0.7079727161450911600, 0.2932519008174113200, 2.399999999999999900 ) ) ;
#886 = CARTESIAN_POINT ( 'NONE',  ( 1.017788105676654900, -0.5876202367904166400, 0.2333333333333336700 ) ) ;
#887 = CARTESIAN_POINT ( 'NONE',  ( -0.6785254037844371500, -1.175240473580832400, -2.829166666666666600 ) ) ;
#888 = CARTESIAN_POINT ( 'NONE',  ( 0.2497033349880485900, 1.232065576711169200, 0.9869026527231001800 ) ) ;
#889 = CARTESIAN_POINT ( 'NONE',  ( -1.299038105676658400, -0.7499999999999998900, -0.1208333333333337600 ) ) ;
#890 = CARTESIAN_POINT ( 'NONE',  ( -1.073809935526932600, 0.2359215567864352500, 0.8293762070536467900 ) ) ;
#891 = AXIS2_PLACEMENT_3D ( 'NONE', #584, #1678, #1664 ) ;
#892 = EDGE_CURVE ( 'NONE', #3560, #3447, #2309, .T. ) ;
#893 = CARTESIAN_POINT ( 'NONE',  ( -1.870113174931180700E-016, -1.527063293868261800, -2.584375000000005000 ) ) ;
#894 = VERTEX_POINT ( 'NONE', #4127 ) ;
#895 = CARTESIAN_POINT ( 'NONE',  ( -0.6785254037844370400, -1.175240473580832200, -1.391666666666667100 ) ) ;
#896 = APPROVAL ( #3630, 'UNSPECIFIED' ) ;
#897 = EDGE_CURVE ( 'NONE', #1750, #3784, #3033, .T. ) ;
#898 = CARTESIAN_POINT ( 'NONE',  ( 1.357050807568873400, -2.277006752164422900E-016, -1.225000000000000500 ) ) ;
#899 = ORIENTED_EDGE ( 'NONE', *, *, #3412, .F. ) ;
#900 = CARTESIAN_POINT ( 'NONE',  ( 1.017788105676655100, -0.5876202367904167500, -0.7041666666666671600 ) ) ;
#901 = APPROVAL_PERSON_ORGANIZATION ( #331, #4513, #4381 ) ;
#902 = ORIENTED_EDGE ( 'NONE', *, *, #4682, .T. ) ;
#903 = CARTESIAN_POINT ( 'NONE',  ( 0.0000000000000000000, 6.628682924999594700E-017, 1.649999999999999500 ) ) ;
#904 = ORIENTED_EDGE ( 'NONE', *, *, #4017, .T. ) ;
#905 = CARTESIAN_POINT ( 'NONE',  ( 0.0000000000000000000, 1.175240473580832200, -7.599999999999999600 ) ) ;
#906 =( BOUNDED_CURVE ( )  B_SPLINE_CURVE ( 2, ( #4085, #4051, #2988, #791, #3025, #122, #1158 ),
 .UNSPECIFIED., .F., .F. ) 
 B_SPLINE_CURVE_WITH_KNOTS ( ( 3, 2, 2, 3 ),
 ( 0.6666666666666666300, 0.6746031746031746500, 0.6825396825396824500, 0.6904761904761903500 ),
 .UNSPECIFIED. ) 
 CURVE ( )  GEOMETRIC_REPRESENTATION_ITEM ( )  RATIONAL_B_SPLINE_CURVE ( ( 1.000000000000000000, 0.8660254037844386000, 1.000000000000000000, 0.8660254037844386000, 1.000000000000000000, 0.8660254037844404800, 0.9999999999999981100 ) ) 
 REPRESENTATION_ITEM ( '' )  );
#907 = VERTEX_POINT ( 'NONE', #1544 ) ;
#908 = CARTESIAN_POINT ( 'NONE',  ( -1.500000000000001100, 1.836970198721031200E-016, 0.0000000000000000000 ) ) ;
#909 = CARTESIAN_POINT ( 'NONE',  ( -1.322475605676656200, 0.7635316469341311100, -1.751041666666671500 ) ) ;
#910 = VERTEX_POINT ( 'NONE', #3430 ) ;
#911 = CARTESIAN_POINT ( 'NONE',  ( -1.017788105676655100, 0.5876202367904161900, -2.016666666666666600 ) ) ;
#912 = CARTESIAN_POINT ( 'NONE',  ( -1.099039475859549600, -0.3627590212688132100, 2.279135060036726800 ) ) ;
#913 = CARTESIAN_POINT ( 'NONE',  ( 0.0000000000000000000, 6.628682924999594700E-017, 1.649999999999999500 ) ) ;
#914 = FACE_OUTER_BOUND ( 'NONE', #228, .T. ) ;
#915 = CARTESIAN_POINT ( 'NONE',  ( -1.017788105676655100, 0.5876202367904161900, -2.016666666666666600 ) ) ;
#916 = CARTESIAN_POINT ( 'NONE',  ( 1.017788105676655800, 0.5876202367904153100, -1.120833333333334000 ) ) ;
#917 = CARTESIAN_POINT ( 'NONE',  ( 0.0000000000000000000, 6.628682924999594700E-017, 1.649999999999999500 ) ) ;
#918 = EDGE_CURVE ( 'NONE', #1826, #223, #960, .T. ) ;
#919 = FACE_OUTER_BOUND ( 'NONE', #561, .T. ) ;
#920 = CARTESIAN_POINT ( 'NONE',  ( -1.017788105676655100, 0.5876202367904161900, -8.016666666666667500 ) ) ;
#921 = CARTESIAN_POINT ( 'NONE',  ( 0.5030185239337619000, 1.186210666598882500, -8.193022049621028200 ) ) ;
#922 = VECTOR ( 'NONE', #2476, 1000.000000000000000 ) ;
#923 = CARTESIAN_POINT ( 'NONE',  ( 0.0000000000000000000, 6.628682924999594700E-017, 1.649999999999999500 ) ) ;
#924 = CARTESIAN_POINT ( 'NONE',  ( 0.8816504037844382600, 1.527063293868261300, -1.876041666666671700 ) ) ;
#925 = EDGE_CURVE ( 'NONE', #962, #3180, #1954, .T. ) ;
#926 = EDGE_CURVE ( 'NONE', #667, #672, #2238, .T. ) ;
#927 = CARTESIAN_POINT ( 'NONE',  ( -1.836970198721030400E-016, -1.500000000000000400, -5.600000000000003200 ) ) ;
#928 = CARTESIAN_POINT ( 'NONE',  ( -1.073809935526929700, -0.2359215567864465200, 0.8293762070536467900 ) ) ;
#929 = CARTESIAN_POINT ( 'NONE',  ( -0.6785254037844370400, -1.175240473580832200, -0.8916666666666673800 ) ) ;
#930 = CARTESIAN_POINT ( 'NONE',  ( 1.357050807568873600, -2.277006752164423400E-016, -2.662499999999999600 ) ) ;
#931 = CARTESIAN_POINT ( 'NONE',  ( -1.836970198721030400E-016, -1.500000000000000400, -3.600000000000002800 ) ) ;
#932 = CIRCLE ( 'NONE', #2341, 1.124999999999999300 ) ;
#933 = CARTESIAN_POINT ( 'NONE',  ( -1.500000000000001100, 1.836970198721031200E-016, 0.0000000000000000000 ) ) ;
#934 = CARTESIAN_POINT ( 'NONE',  ( 0.8660254037844399300, 1.500000000000000400, -1.891666666666670200 ) ) ;
#935 = CARTESIAN_POINT ( 'NONE',  ( -1.017788105676655300, -0.5876202367904158600, -7.933333333333333600 ) ) ;
#936 = CARTESIAN_POINT ( 'NONE',  ( 1.088845033913771900, 0.6685512284932602100, -8.224042394707964800 ) ) ;
#937 = CARTESIAN_POINT ( 'NONE',  ( 1.322475605676655800, -0.7635316469341314500, -0.5010416666666721600 ) ) ;
#938 = DIRECTION ( 'NONE',  ( 0.0000000000000000000, -1.000000000000000000, 0.0000000000000000000 ) ) ;
#939 = CARTESIAN_POINT ( 'NONE',  ( 0.6785254037844362700, -1.175240473580832400, 1.691666666666666000 ) ) ;
#940 = CARTESIAN_POINT ( 'NONE',  ( -1.836970198721030400E-016, -1.500000000000000400, -1.100000000000003600 ) ) ;
#941 = CARTESIAN_POINT ( 'NONE',  ( 0.8816504037844369300, -1.527063293868262000, -8.042708333333338900 ) ) ;
#942 = CARTESIAN_POINT ( 'NONE',  ( 1.017788105676655600, 0.5876202367904153100, -1.183333333333334000 ) ) ;
#943 = CARTESIAN_POINT ( 'NONE',  ( 1.357050807568873600, -2.277006752164423400E-016, -2.162500000000000500 ) ) ;
#944 = CARTESIAN_POINT ( 'NONE',  ( -1.017788105676655100, 0.5876202367904161900, -6.516666666666667500 ) ) ;
#945 = VERTEX_POINT ( 'NONE', #495 ) ;
#946 = CARTESIAN_POINT ( 'NONE',  ( 1.114347364824378700, -0.4693168517170668300, -8.272966007685651500 ) ) ;
#947 = CARTESIAN_POINT ( 'NONE',  ( 0.8816504037844369300, -1.527063293868262000, 0.9572916666666618800 ) ) ;
#948 = CARTESIAN_POINT ( 'NONE',  ( -1.836970198721030700E-016, -1.500000000000000400, -1.037500000000000300 ) ) ;
#949 = CARTESIAN_POINT ( 'NONE',  ( 0.2438668537150393000, -1.175240473580832600, -8.299759526419169500 ) ) ;
#950 = ORIENTED_EDGE ( 'NONE', *, *, #3119, .T. ) ;
#951 = CARTESIAN_POINT ( 'NONE',  ( 0.0000000000000000000, 1.175240473580832200, 0.3999999999999993000 ) ) ;
#952 = CARTESIAN_POINT ( 'NONE',  ( 1.299038105676658000, -0.7500000000000007800, -1.016666666666669900 ) ) ;
#953 = ORIENTED_EDGE ( 'NONE', *, *, #2321, .F. ) ;
#954 = CARTESIAN_POINT ( 'NONE',  ( 1.430908802125790300, -0.4499999999988186200, 6.259750041902911900E-014 ) ) ;
#955 = CARTESIAN_POINT ( 'NONE',  ( 0.6785254037844376000, 1.175240473580832200, -0.5791666666666670500 ) ) ;
#956 = CARTESIAN_POINT ( 'NONE',  ( -1.017788105676655300, -0.5876202367904158600, 1.566666666666665800 ) ) ;
#957 = ORIENTED_EDGE ( 'NONE', *, *, #3324, .T. ) ;
#958 = VERTEX_POINT ( 'NONE', #2735 ) ;
#959 = CARTESIAN_POINT ( 'NONE',  ( 1.017788105676655800, 0.5876202367904153100, -2.120833333333333100 ) ) ;
#960 =( BOUNDED_CURVE ( )  B_SPLINE_CURVE ( 2, ( #3057, #2381, #2353, #847, #1951, #2334, #2368 ),
 .UNSPECIFIED., .F., .F. ) 
 B_SPLINE_CURVE_WITH_KNOTS ( ( 3, 2, 2, 3 ),
 ( 0.04761904761904765800, 0.05555555555555560100, 0.06349206349206354400, 0.07142857142857149400 ),
 .UNSPECIFIED. ) 
 CURVE ( )  GEOMETRIC_REPRESENTATION_ITEM ( )  RATIONAL_B_SPLINE_CURVE ( ( 0.9999999999999993300, 0.8660254037844392600, 1.000000000000000000, 0.8660254037844386000, 1.000000000000000000, 0.8660254037844374900, 1.000000000000001100 ) ) 
 REPRESENTATION_ITEM ( '' )  );
#961 = CARTESIAN_POINT ( 'NONE',  ( -0.3733333333333332900, -2.606972733002872500E-015, 2.399999999999999900 ) ) ;
#962 = VERTEX_POINT ( 'NONE', #159 ) ;
#963 = EDGE_LOOP ( 'NONE', ( #3215, #2790, #520, #618 ) ) ;
#964 = CARTESIAN_POINT ( 'NONE',  ( 0.0000000000000000000, 0.0000000000000000000, 2.106932636468940200 ) ) ;
#965 = CARTESIAN_POINT ( 'NONE',  ( -1.763300807568875000, 1.295565484451488300E-016, 1.790624999999995500 ) ) ;
#966 = DIRECTION ( 'NONE',  ( 0.0000000000000000000, -1.000000000000000000, 0.0000000000000000000 ) ) ;
#967 = VECTOR ( 'NONE', #2200, 1000.000000000000000 ) ;
#968 = CARTESIAN_POINT ( 'NONE',  ( -0.8816504037844380400, -1.527063293868261300, 0.9052083333333342800 ) ) ;
#969 = CARTESIAN_POINT ( 'NONE',  ( -0.8660254037844353800, 1.500000000000006400, -6.808333333333335300 ) ) ;
#970 = CARTESIAN_POINT ( 'NONE',  ( -0.6785254037844367100, 1.175240473580832400, -0.9958333333333337900 ) ) ;
#971 = CARTESIAN_POINT ( 'NONE',  ( -1.017788105676655300, -0.5876202367904158600, 0.5666666666666666500 ) ) ;
#972 = FACE_OUTER_BOUND ( 'NONE', #4076, .T. ) ;
#973 = ORIENTED_EDGE ( 'NONE', *, *, #4259, .T. ) ;
#974 = CARTESIAN_POINT ( 'NONE',  ( -0.6785254037844371500, -1.175240473580832400, 0.1708333333333336100 ) ) ;
#975 = CARTESIAN_POINT ( 'NONE',  ( 0.1049025604335759400, -0.2532571841263948100, -3.225649374138636700 ) ) ;
#976 = CARTESIAN_POINT ( 'NONE',  ( 0.6785254037844366000, -1.175240473580832600, -0.2458333333333340400 ) ) ;
#977 = CARTESIAN_POINT ( 'NONE',  ( -0.8816504037844380400, -1.527063293868261300, 0.3739583333333285600 ) ) ;
#978 = CARTESIAN_POINT ( 'NONE',  ( 0.0000000000000000000, 1.500000000000000400, -4.350000000000002300 ) ) ;
#979 = VECTOR ( 'NONE', #697, 1000.000000000000100 ) ;
#980 = EDGE_CURVE ( 'NONE', #170, #3120, #3917, .T. ) ;
#981 = CARTESIAN_POINT ( 'NONE',  ( -1.754010341813024600, -0.3476932613749468300, 2.106932636468940200 ) ) ;
#982 = DIRECTION ( 'NONE',  ( -0.0000000000000000000, -2.585091490897065700E-018, 1.000000000000000000 ) ) ;
#983 = DIRECTION ( 'NONE',  ( 0.9238795325112870700, -0.3826834323650888400, 1.061935634343630200E-014 ) ) ;
#984 = CARTESIAN_POINT ( 'NONE',  ( 1.357050807568873600, -2.277006752164423400E-016, 0.3374999999999992500 ) ) ;
#985 = CARTESIAN_POINT ( 'NONE',  ( -1.763300807568875000, 1.295565484451488000E-016, -7.678124999999998800 ) ) ;
#986 = CARTESIAN_POINT ( 'NONE',  ( -1.357050807568873600, 1.046809103374681300E-016, 1.087500000000000100 ) ) ;
#987 = CARTESIAN_POINT ( 'NONE',  ( -0.2161254854709544200, 1.251441716257558800, -0.1373673352265170100 ) ) ;
#988 = CARTESIAN_POINT ( 'NONE',  ( -1.836970198721030400E-016, -1.500000000000000400, -2.100000000000003600 ) ) ;
#989 = CARTESIAN_POINT ( 'NONE',  ( 1.357050807568873600, -2.277006752164422900E-016, -1.162500000000000300 ) ) ;
#990 = CARTESIAN_POINT ( 'NONE',  ( -1.763300807568875000, 1.295565484451488300E-016, 0.2906249999999939700 ) ) ;
#991 = CARTESIAN_POINT ( 'NONE',  ( 0.0000000000000000000, 1.500000000000000400, -5.350000000000002300 ) ) ;
#992 = DIRECTION ( 'NONE',  ( 1.000000000000000000, 0.0000000000000000000, 0.0000000000000000000 ) ) ;
#993 = CARTESIAN_POINT ( 'NONE',  ( -0.8660254037844323800, -1.500000000000012400, -3.579166666666665700 ) ) ;
#994 = CARTESIAN_POINT ( 'NONE',  ( 0.0000000000000000000, 0.0000000000000000000, 0.0000000000000000000 ) ) ;
#995 = CARTESIAN_POINT ( 'NONE',  ( -1.357050807568873600, 1.046809103374681300E-016, -0.4124999999999997000 ) ) ;
#996 = CARTESIAN_POINT ( 'NONE',  ( 0.6785254037844372600, 1.175240473580831900, 0.8583333333333326200 ) ) ;
#997 = ORIENTED_EDGE ( 'NONE', *, *, #1869, .T. ) ;
#998 = EDGE_CURVE ( 'NONE', #3639, #170, #3865, .T. ) ;
#999 = CARTESIAN_POINT ( 'NONE',  ( -1.357050807568873600, 1.046809103374681300E-016, 0.5874999999999994700 ) ) ;
#1000 = CARTESIAN_POINT ( 'NONE',  ( -1.299038105676658400, -0.7499999999999998900, -0.6208333333333341300 ) ) ;
#1001 = ORIENTED_EDGE ( 'NONE', *, *, #3000, .T. ) ;
#1002 = AXIS2_PLACEMENT_3D ( 'NONE', #3881, #4228, #1332 ) ;
#1003 = DATE_AND_TIME ( #2890, #225 ) ;
#1004 = EDGE_CURVE ( 'NONE', #1540, #2558, #3086, .T. ) ;
#1005 = CARTESIAN_POINT ( 'NONE',  ( -1.439254484199186200E-016, -1.175240473580832400, -0.7874999999999999800 ) ) ;
#1006 = ORIENTED_EDGE ( 'NONE', *, *, #1099, .F. ) ;
#1007 = CARTESIAN_POINT ( 'NONE',  ( -1.017788105676655300, -0.5876202367904159700, -8.370833333333331800 ) ) ;
#1008 = ORIENTED_EDGE ( 'NONE', *, *, #232, .F. ) ;
#1009 = DIRECTION ( 'NONE',  ( 0.0000000000000000000, -1.000000000000000000, 0.0000000000000000000 ) ) ;
#1010 = CARTESIAN_POINT ( 'NONE',  ( 0.0000000000000000000, 1.500000000000000400, -3.787500000000000100 ) ) ;
#1011 = ORIENTED_EDGE ( 'NONE', *, *, #1074, .T. ) ;
#1012 = CARTESIAN_POINT ( 'NONE',  ( 0.6785254037844376000, 1.175240473580832200, -1.579166666666666800 ) ) ;
#1013 = CARTESIAN_POINT ( 'NONE',  ( -1.322475605676656200, -0.7635316469341305600, -8.136458333333331800 ) ) ;
#1014 = CARTESIAN_POINT ( 'NONE',  ( -1.017788105676655300, -0.5876202367904159700, 1.129166666666667300 ) ) ;
#1015 = CONICAL_SURFACE ( 'NONE', #1338, 1.500000000000000400, 0.7853981633974517200 ) ;
#1016 = DIRECTION ( 'NONE',  ( -0.0000000000000000000, -2.585091490897065700E-018, 1.000000000000000000 ) ) ;
#1017 = CARTESIAN_POINT ( 'NONE',  ( 1.299038105676659100, 0.7499999999999991100, -5.870833333333333600 ) ) ;
#1018 = CARTESIAN_POINT ( 'NONE',  ( -1.836970198721030400E-016, -1.500000000000000400, -4.600000000000003200 ) ) ;
#1019 = CARTESIAN_POINT ( 'NONE',  ( -1.357050807568873600, 1.046809103374681200E-016, -6.912500000000000500 ) ) ;
#1020 = CARTESIAN_POINT ( 'NONE',  ( -0.6785254037844372600, -1.175240473580832200, -7.829166666666666600 ) ) ;
#1021 = CARTESIAN_POINT ( 'NONE',  ( -0.4503631925184986000, -0.4503631925185048200, 0.3668648403299107400 ) ) ;
#1022 = DIRECTION ( 'NONE',  ( -0.01733375049386056200, 0.08714264840443961000, 0.9960450290638855900 ) ) ;
#1023 = CIRCLE ( 'NONE', #1291, 1.500000000000001100 ) ;
#1024 = VERTEX_POINT ( 'NONE', #4515 ) ;
#1025 = CARTESIAN_POINT ( 'NONE',  ( 0.0000000000000000000, 1.175240473580832400, 1.462500000000000400 ) ) ;
#1026 = CARTESIAN_POINT ( 'NONE',  ( -0.8816504037844380400, -1.527063293868261300, -7.594791666666664800 ) ) ;
#1027 = VERTEX_POINT ( 'NONE', #1255 ) ;
#1028 = CARTESIAN_POINT ( 'NONE',  ( 1.357050807568873400, -2.277006752164422400E-016, -5.724999999999999600 ) ) ;
#1029 = CARTESIAN_POINT ( 'NONE',  ( -1.017788105676655100, 0.5876202367904161900, -8.016666666666667500 ) ) ;
#1030 = CYLINDRICAL_SURFACE ( 'NONE', #2545, 1.500000000000000400 ) ;
#1031 = ORIENTED_EDGE ( 'NONE', *, *, #3199, .T. ) ;
#1032 = CARTESIAN_POINT ( 'NONE',  ( 0.0000000000000000000, 1.500000000000000400, -5.287500000000000500 ) ) ;
#1033 = AXIS2_PLACEMENT_3D ( 'NONE', #48, #1849, #1066 ) ;
#1034 = CARTESIAN_POINT ( 'NONE',  ( 1.299038105676658000, -0.7500000000000008900, -5.954166666666666600 ) ) ;
#1035 = DIRECTION ( 'NONE',  ( 1.000000000000000000, 0.0000000000000000000, 0.0000000000000000000 ) ) ;
#1036 = LINE ( 'NONE', #3131, #3758 ) ;
#1037 = CARTESIAN_POINT ( 'NONE',  ( 1.732050807568877900, -2.965870576684816500E-016, -5.975000000000005000 ) ) ;
#1038 = CARTESIAN_POINT ( 'NONE',  ( 0.6785254037844363800, -1.175240473580832600, -7.745833333333333600 ) ) ;
#1039 = CARTESIAN_POINT ( 'NONE',  ( -1.439254484199186200E-016, -1.175240473580832400, -8.287499999999999600 ) ) ;
#1040 =( BOUNDED_CURVE ( )  B_SPLINE_CURVE ( 2, ( #4078, #2694, #4504, #866, #3076, #3406, #4097 ),
 .UNSPECIFIED., .F., .F. ) 
 B_SPLINE_CURVE_WITH_KNOTS ( ( 3, 2, 2, 3 ),
 ( 0.1904761904761904700, 0.1984126984126983200, 0.2063492063492062800, 0.2142857142857141400 ),
 .UNSPECIFIED. ) 
 CURVE ( )  GEOMETRIC_REPRESENTATION_ITEM ( )  RATIONAL_B_SPLINE_CURVE ( ( 1.000000000000000000, 0.8660254037844387100, 1.000000000000000000, 0.8660254037844387100, 1.000000000000000000, 0.8660254037844414800, 0.9999999999999972200 ) ) 
 REPRESENTATION_ITEM ( '' )  );
#1041 = EDGE_CURVE ( 'NONE', #572, #2563, #248, .T. ) ;
#1042 = CARTESIAN_POINT ( 'NONE',  ( 0.5683621456238666700, 0.4064470813528374700, 0.4192493202350443000 ) ) ;
#1043 = CARTESIAN_POINT ( 'NONE',  ( -1.299038105676658400, -0.7499999999999998900, -7.120833333333333600 ) ) ;
#1044 = CARTESIAN_POINT ( 'NONE',  ( -0.06349988120591759700, -1.175240473580832600, -8.299759526419169500 ) ) ;
#1045 = CARTESIAN_POINT ( 'NONE',  ( 1.763300807568875000, -3.023275895394842700E-016, -6.928124999999998800 ) ) ;
#1046 = CARTESIAN_POINT ( 'NONE',  ( 1.017788105676654900, -0.5876202367904166400, -3.766666666666666600 ) ) ;
#1047 = CARTESIAN_POINT ( 'NONE',  ( 0.0000000000000000000, 1.175240473580832200, -7.100000000000000500 ) ) ;
#1048 = CARTESIAN_POINT ( 'NONE',  ( 1.017788105676654900, -0.5876202367904166400, -7.766666666666666600 ) ) ;
#1049 = VERTEX_POINT ( 'NONE', #3762 ) ;
#1050 = CARTESIAN_POINT ( 'NONE',  ( -1.017788105676655300, -0.5876202367904159700, -8.370833333333331800 ) ) ;
#1051 = CARTESIAN_POINT ( 'NONE',  ( 0.8660254037844326000, 1.500000000000012000, -7.329166666666665700 ) ) ;
#1052 = CARTESIAN_POINT ( 'NONE',  ( -1.017788105676655300, -0.5876202367904159700, -5.870833333333333600 ) ) ;
#1053 = CARTESIAN_POINT ( 'NONE',  ( -0.6785254037844372600, -1.175240473580832200, -6.829166666666666600 ) ) ;
#1054 = CARTESIAN_POINT ( 'NONE',  ( -0.8441971391339343500, -1.166356603810361400, -8.046479801534458100 ) ) ;
#1055 = EDGE_LOOP ( 'NONE', ( #4306, #3248, #3555, #2905 ) ) ;
#1056 = CARTESIAN_POINT ( 'NONE',  ( 0.8660254037844326000, 1.500000000000012000, -7.829166666666664800 ) ) ;
#1057 = CARTESIAN_POINT ( 'NONE',  ( 1.070440175187992600, -0.8657551703940413700, -8.101141248614744900 ) ) ;
#1058 = CARTESIAN_POINT ( 'NONE',  ( 0.0000000000000000000, -1.500000000000000400, -7.975000000000003200 ) ) ;
#1059 = CARTESIAN_POINT ( 'NONE',  ( -1.870113174931180700E-016, -1.527063293868261800, -5.553124999999998800 ) ) ;
#1060 = CARTESIAN_POINT ( 'NONE',  ( -1.322475605676656200, 0.7635316469341311100, -8.251041666666672800 ) ) ;
#1061 = CARTESIAN_POINT ( 'NONE',  ( 0.6785254037844372600, 1.175240473580831700, -5.641666666666666600 ) ) ;
#1062 = ORIENTED_EDGE ( 'NONE', *, *, #3463, .F. ) ;
#1063 = VERTEX_POINT ( 'NONE', #200 ) ;
#1064 = CARTESIAN_POINT ( 'NONE',  ( -1.017788105676655300, -0.5876202367904158600, -6.933333333333332700 ) ) ;
#1065 = ADVANCED_FACE ( 'NONE', ( #4383 ), #1150, .T. ) ;
#1066 = DIRECTION ( 'NONE',  ( -1.000000000000000000, 0.0000000000000000000, 0.0000000000000000000 ) ) ;
#1067 = CARTESIAN_POINT ( 'NONE',  ( 0.8660254037844521400, -1.499999999999976500, -5.995833333333332700 ) ) ;
#1068 = CLOSED_SHELL ( 'NONE', ( #4354, #3439, #790, #410, #3968, #1932, #3637, #3103, #3255, #3607, #2586, #3686, #3662, #2226, #1500, #2255, #528, #1447, #4063, #87, #4039, #2171, #1556, #4015, #504, #3993, #4169, #1834, #1526, #161, #2560, #2396, #711, #3013, #2987, #1096, #3308, #2960, #1065, #113, #2635, #3357, #3707, #1854, #2017, #3278, #4434, #3328, #1977, #3419, #884, #460, #1473, #819, #2610, #1600, #1122, #57, #1812, #34, #1882, #740, #3, #1148, #1908, #434, #384, #181, #769, #4406, #4379 ) ) ;
#1069 =( BOUNDED_CURVE ( )  B_SPLINE_CURVE ( 2, ( #3812, #160, #2689, #3058, #3777, #1969, #3763 ),
 .UNSPECIFIED., .F., .F. ) 
 B_SPLINE_CURVE_WITH_KNOTS ( ( 3, 2, 2, 3 ),
 ( 0.3095238095238094800, 0.3174603174603174400, 0.3253968253968254100, 0.3333333333333333700 ),
 .UNSPECIFIED. ) 
 CURVE ( )  GEOMETRIC_REPRESENTATION_ITEM ( )  RATIONAL_B_SPLINE_CURVE ( ( 1.000000000000001100, 0.8660254037844377100, 1.000000000000000000, 0.8660254037844386000, 1.000000000000000000, 0.8660254037844376000, 1.000000000000000900 ) ) 
 REPRESENTATION_ITEM ( '' )  );
#1070 = VERTEX_POINT ( 'NONE', #2022 ) ;
#1071 = AXIS2_PLACEMENT_3D ( 'NONE', #2487, #647, #1321 ) ;
#1072 = EDGE_CURVE ( 'NONE', #1826, #1408, #2914, .T. ) ;
#1073 = CARTESIAN_POINT ( 'NONE',  ( 1.299038105676658000, -0.7500000000000008900, -2.454166666666667100 ) ) ;
#1074 = EDGE_CURVE ( 'NONE', #3115, #529, #17, .T. ) ;
#1075 = CARTESIAN_POINT ( 'NONE',  ( 0.2157135156765127600, -1.466121037330535600, -0.01331466808745877100 ) ) ;
#1076 = CARTESIAN_POINT ( 'NONE',  ( 0.0000000000000000000, 1.175240473580832400, -5.537499999999999600 ) ) ;
#1077 = CARTESIAN_POINT ( 'NONE',  ( 1.357050807568873600, -2.277006752164422900E-016, -6.162499999999999600 ) ) ;
#1078 = ORIENTED_EDGE ( 'NONE', *, *, #153, .F. ) ;
#1079 = DIRECTION ( 'NONE',  ( 0.0000000000000000000, 1.000000000000000000, 0.0000000000000000000 ) ) ;
#1080 = CARTESIAN_POINT ( 'NONE',  ( -1.836970198721030700E-016, -1.500000000000000400, -4.537500000000000500 ) ) ;
#1081 = CARTESIAN_POINT ( 'NONE',  ( 0.6785254037844363800, -1.175240473580832600, 0.7541666666666668700 ) ) ;
#1082 = CARTESIAN_POINT ( 'NONE',  ( -1.763300807568875000, 1.295565484451488000E-016, -5.178124999999997900 ) ) ;
#1083 = CARTESIAN_POINT ( 'NONE',  ( 1.322475605676655800, -0.7635316469341314500, -5.501041666666671000 ) ) ;
#1084 = LINE ( 'NONE', #2727, #142 ) ;
#1085 = CARTESIAN_POINT ( 'NONE',  ( -0.6785254037844366000, 1.175240473580832200, -6.058333333333332700 ) ) ;
#1086 = CARTESIAN_POINT ( 'NONE',  ( -1.017788105676655300, -0.5876202367904158600, -5.433333333333333600 ) ) ;
#1087 = CARTESIAN_POINT ( 'NONE',  ( -1.299038105676658200, 0.7500000000000004400, -4.204166666666666600 ) ) ;
#1088 = CARTESIAN_POINT ( 'NONE',  ( 0.0000000000000000000, 1.175240473580832200, -5.100000000000000500 ) ) ;
#1089 = SPHERICAL_SURFACE ( 'NONE', #1567, 5.601666666666668300 ) ;
#1090 = ORIENTED_EDGE ( 'NONE', *, *, #4539, .T. ) ;
#1091 = ORIENTED_EDGE ( 'NONE', *, *, #3836, .F. ) ;
#1092 = CARTESIAN_POINT ( 'NONE',  ( -1.359270871885027900, 1.743066579297358300E-016, -0.08125000000000089100 ) ) ;
#1093 = CARTESIAN_POINT ( 'NONE',  ( 1.017788105676655800, 0.5876202367904153100, -7.120833333333333600 ) ) ;
#1094 = CARTESIAN_POINT ( 'NONE',  ( -0.6785254037844367100, 1.175240473580832200, -6.995833333333332700 ) ) ;
#1095 = LINE ( 'NONE', #1682, #1492 ) ;
#1096 = ADVANCED_FACE ( 'NONE', ( #2581 ), #1608, .T. ) ;
#1097 = EDGE_LOOP ( 'NONE', ( #2828, #628, #1596, #1522, #1349, #1937, #2692 ) ) ;
#1098 = CARTESIAN_POINT ( 'NONE',  ( -1.073809935526929700, -0.2359215567864465200, 0.8293762070536467900 ) ) ;
#1099 = EDGE_CURVE ( 'NONE', #1867, #1401, #116, .T. ) ;
#1100 = CARTESIAN_POINT ( 'NONE',  ( -1.017788105676655300, 0.5876202367904163100, 1.545833333333333200 ) ) ;
#1101 = CARTESIAN_POINT ( 'NONE',  ( -1.763300807568875000, 1.295565484451488300E-016, -3.178124999999998800 ) ) ;
#1102 = FACE_OUTER_BOUND ( 'NONE', #2089, .T. ) ;
#1103 = CARTESIAN_POINT ( 'NONE',  ( 1.322475605676656900, 0.7635316469341297800, -7.917708333333338900 ) ) ;
#1104 = CARTESIAN_POINT ( 'NONE',  ( -1.439254484199185900E-016, -1.175240473580832200, -5.350000000000000500 ) ) ;
#1105 = CARTESIAN_POINT ( 'NONE',  ( 1.357050807568873400, -2.277006752164422900E-016, -6.724999999999999600 ) ) ;
#1106 = DIRECTION ( 'NONE',  ( -0.0000000000000000000, -2.585091490897065700E-018, 1.000000000000000000 ) ) ;
#1107 = EDGE_CURVE ( 'NONE', #4428, #1191, #3915, .T. ) ;
#1108 = CARTESIAN_POINT ( 'NONE',  ( -0.6785254037844366000, 1.175240473580832400, -6.558333333333334500 ) ) ;
#1109 = CARTESIAN_POINT ( 'NONE',  ( 0.0000000000000000000, 1.175240473580832400, -6.037499999999999600 ) ) ;
#1110 = DIRECTION ( 'NONE',  ( 1.000000000000000000, 1.224646799147353200E-016, -0.0000000000000000000 ) ) ;
#1111 = CARTESIAN_POINT ( 'NONE',  ( -0.6785254037844371500, -1.175240473580832400, -3.829166666666666600 ) ) ;
#1112 = CC_DESIGN_PERSON_AND_ORGANIZATION_ASSIGNMENT ( #2281, #1477, ( #2349 ) ) ;
#1113 = CARTESIAN_POINT ( 'NONE',  ( 0.0000000000000000000, 1.175240473580832400, -6.037499999999999600 ) ) ;
#1114 = CARTESIAN_POINT ( 'NONE',  ( 0.2359215567864502700, -1.073809935526929500, 0.8293762070536467900 ) ) ;
#1115 = CARTESIAN_POINT ( 'NONE',  ( -1.836970198721030700E-016, -1.500000000000000400, -2.537500000000000100 ) ) ;
#1116 = CARTESIAN_POINT ( 'NONE',  ( 0.0000000000000000000, 0.0000000000000000000, 0.0000000000000000000 ) ) ;
#1117 = CARTESIAN_POINT ( 'NONE',  ( -1.732050807568877600, 1.276430378214812200E-016, -6.662499999999998800 ) ) ;
#1118 = CARTESIAN_POINT ( 'NONE',  ( 1.763300807568875000, -3.023275895394842700E-016, -4.428124999999998800 ) ) ;
#1119 = CARTESIAN_POINT ( 'NONE',  ( -1.870113174931180700E-016, -1.527063293868261800, -7.084375000000005000 ) ) ;
#1120 = CARTESIAN_POINT ( 'NONE',  ( 1.357050807568873400, -2.277006752164422400E-016, -3.225000000000000500 ) ) ;
#1121 = CARTESIAN_POINT ( 'NONE',  ( -1.439254484199185900E-016, -1.175240473580832200, -7.349999999999999600 ) ) ;
#1122 = ADVANCED_FACE ( 'NONE', ( #2973 ), #357, .F. ) ;
#1123 = ORIENTED_EDGE ( 'NONE', *, *, #2484, .F. ) ;
#1124 = CARTESIAN_POINT ( 'NONE',  ( -1.439254484199185900E-016, -1.175240473580832200, -7.349999999999999600 ) ) ;
#1125 = CARTESIAN_POINT ( 'NONE',  ( -1.017788105676655300, 0.5876202367904163100, -6.454166666666667500 ) ) ;
#1126 = ORIENTED_EDGE ( 'NONE', *, *, #267, .F. ) ;
#1127 = DIRECTION ( 'NONE',  ( 0.0000000000000000000, 0.0000000000000000000, 1.000000000000000000 ) ) ;
#1128 = CARTESIAN_POINT ( 'NONE',  ( 0.6785254037844363800, -1.175240473580832600, -4.745833333333332700 ) ) ;
#1129 = CARTESIAN_POINT ( 'NONE',  ( 1.357050807568873600, -2.277006752164422900E-016, -7.162500000000000500 ) ) ;
#1130 = CARTESIAN_POINT ( 'NONE',  ( 0.0000000000000000000, 1.500000000000000400, -2.787500000000000100 ) ) ;
#1131 = ORIENTED_EDGE ( 'NONE', *, *, #342, .T. ) ;
#1132 = VERTEX_POINT ( 'NONE', #3127 ) ;
#1133 = CARTESIAN_POINT ( 'NONE',  ( 1.299038105676658000, -0.7500000000000007800, -2.516666666666670200 ) ) ;
#1134 = CARTESIAN_POINT ( 'NONE',  ( -1.322475605676656200, 0.7635316469341311100, -3.219791666666665300 ) ) ;
#1135 = CARTESIAN_POINT ( 'NONE',  ( -1.763300807568875000, 1.295565484451488000E-016, -7.209375000000005000 ) ) ;
#1136 = CARTESIAN_POINT ( 'NONE',  ( 0.6785254037844372600, 1.175240473580831700, -2.141666666666666600 ) ) ;
#1137 = CARTESIAN_POINT ( 'NONE',  ( 1.017788105676655600, 0.5876202367904153100, -3.183333333333333100 ) ) ;
#1138 = DIRECTION ( 'NONE',  ( -1.043458559472539600E-014, 0.9961946980917455500, 0.08715574274765836000 ) ) ;
#1139 = ORIENTED_EDGE ( 'NONE', *, *, #2645, .F. ) ;
#1140 = DIRECTION ( 'NONE',  ( 0.0000000000000000000, 0.0000000000000000000, 1.000000000000000000 ) ) ;
#1141 = CARTESIAN_POINT ( 'NONE',  ( 1.357050807568873400, -2.277006752164422900E-016, -6.224999999999999600 ) ) ;
#1142 = CC_DESIGN_DATE_AND_TIME_ASSIGNMENT ( #2217, #752, ( #1438 ) ) ;
#1143 = EDGE_CURVE ( 'NONE', #4529, #4574, #3405, .T. ) ;
#1144 = CARTESIAN_POINT ( 'NONE',  ( -0.6785254037844367100, 1.175240473580832400, -7.995833333333333600 ) ) ;
#1145 = PLANE ( 'NONE',  #1859 ) ;
#1146 = CARTESIAN_POINT ( 'NONE',  ( 0.6785254037844376000, 1.175240473580832200, -3.079166666666667100 ) ) ;
#1147 = CARTESIAN_POINT ( 'NONE',  ( 0.0000000000000000000, 1.175240473580832400, -3.037500000000000100 ) ) ;
#1148 = ADVANCED_FACE ( 'NONE', ( #1316 ), #4571, .T. ) ;
#1149 = CARTESIAN_POINT ( 'NONE',  ( -0.1906536866924217800, -1.159672946348706100, -8.299759526419165900 ) ) ;
#1150 = CYLINDRICAL_SURFACE ( 'NONE', #3891, 1.500000000000000400 ) ;
#1151 = CARTESIAN_POINT ( 'NONE',  ( 0.0000000000000000000, 1.500000000000000400, -1.287500000000000300 ) ) ;
#1152 = CARTESIAN_POINT ( 'NONE',  ( 1.763300807568875000, -3.023275895394842700E-016, -3.428124999999998800 ) ) ;
#1153 = CARTESIAN_POINT ( 'NONE',  ( 0.0000000000000000000, 1.527063293868261800, -5.834375000000004100 ) ) ;
#1154 = CARTESIAN_POINT ( 'NONE',  ( 1.357050807568873400, -2.277006752164422400E-016, -2.724999999999999600 ) ) ;
#1155 = CARTESIAN_POINT ( 'NONE',  ( 0.6785254037844372600, 1.175240473580831900, -3.641666666666667100 ) ) ;
#1156 = CONICAL_SURFACE ( 'NONE', #2520, 2.360022447261704800, 0.7853981633974507200 ) ;
#1157 = EDGE_LOOP ( 'NONE', ( #3786, #4, #3003, #287 ) ) ;
#1158 = CARTESIAN_POINT ( 'NONE',  ( -1.836970198721030400E-016, -1.500000000000000400, -1.100000000000003600 ) ) ;
#1159 = CARTESIAN_POINT ( 'NONE',  ( -1.017788105676655100, 0.5876202367904161900, -6.516666666666667500 ) ) ;
#1160 = FACE_OUTER_BOUND ( 'NONE', #3729, .T. ) ;
#1161 = CARTESIAN_POINT ( 'NONE',  ( -0.6785254037844367100, 1.175240473580832400, -7.495833333333332700 ) ) ;
#1162 = DIRECTION ( 'NONE',  ( -0.0000000000000000000, -2.585091490897065700E-018, 1.000000000000000000 ) ) ;
#1163 = CARTESIAN_POINT ( 'NONE',  ( -1.017788105676655300, -0.5876202367904159700, -4.870833333333332700 ) ) ;
#1164 = CARTESIAN_POINT ( 'NONE',  ( 0.6785254037844376000, 1.175240473580831900, -4.579166666666667500 ) ) ;
#1165 = CARTESIAN_POINT ( 'NONE',  ( -1.836970198721030400E-016, -1.500000000000000400, -0.1000000000000027300 ) ) ;
#1166 = CARTESIAN_POINT ( 'NONE',  ( -0.06449966490999763100, -1.195101255382209100, -8.279898744617336000 ) ) ;
#1167 = CARTESIAN_POINT ( 'NONE',  ( 0.0000000000000000000, 1.500000000000000400, -2.350000000000003200 ) ) ;
#1168 = CARTESIAN_POINT ( 'NONE',  ( 0.0000000000000000000, 1.527063293868261800, -3.303124999999998800 ) ) ;
#1169 = CARTESIAN_POINT ( 'NONE',  ( 0.8816504037844382600, 1.527063293868261300, -4.376041666666671900 ) ) ;
#1170 = CARTESIAN_POINT ( 'NONE',  ( -1.017788105676655100, 0.5876202367904161900, -2.516666666666667100 ) ) ;
#1171 = CARTESIAN_POINT ( 'NONE',  ( -1.017788105676655300, -0.5876202367904158600, -4.933333333333332700 ) ) ;
#1172 = CARTESIAN_POINT ( 'NONE',  ( 0.8660254037844453700, -1.499999999999988700, -4.495833333333333600 ) ) ;
#1173 =( BOUNDED_CURVE ( )  B_SPLINE_CURVE ( 2, ( #1390, #2866, #2878, #4295, #3235, #3594, #1421 ),
 .UNSPECIFIED., .F., .F. ) 
 B_SPLINE_CURVE_WITH_KNOTS ( ( 3, 2, 2, 3 ),
 ( 0.7142857142857141900, 0.7222222222222221000, 0.7301587301587300100, 0.7380952380952380300 ),
 .UNSPECIFIED. ) 
 CURVE ( )  GEOMETRIC_REPRESENTATION_ITEM ( )  RATIONAL_B_SPLINE_CURVE ( ( 1.000000000000001800, 0.8660254037844367100, 1.000000000000000000, 0.8660254037844386000, 1.000000000000000000, 0.8660254037844404800, 0.9999999999999981100 ) ) 
 REPRESENTATION_ITEM ( '' )  );
#1174 = EDGE_CURVE ( 'NONE', #2731, #2466, #1998, .T. ) ;
#1175 = CARTESIAN_POINT ( 'NONE',  ( 1.017788105676654900, -0.5876202367904166400, -3.766666666666666600 ) ) ;
#1176 = CARTESIAN_POINT ( 'NONE',  ( -1.017788105676655300, 0.5876202367904163100, -7.454166666666666600 ) ) ;
#1177 = DIRECTION ( 'NONE',  ( 0.3812272063696566800, -0.9203638919632229900, 0.08715574274765837400 ) ) ;
#1178 = CARTESIAN_POINT ( 'NONE',  ( -1.357050807568873600, 1.046809103374681200E-016, -4.412499999999999600 ) ) ;
#1179 = CARTESIAN_POINT ( 'NONE',  ( 1.357050807568873600, -2.277006752164422900E-016, -4.162500000000000500 ) ) ;
#1180 = CARTESIAN_POINT ( 'NONE',  ( 0.09527769063366006700, -1.463361610184005200, -8.011638389814496700 ) ) ;
#1181 = ORIENTED_EDGE ( 'NONE', *, *, #4017, .F. ) ;
#1182 = CARTESIAN_POINT ( 'NONE',  ( 0.0000000000000000000, 6.628682924999594700E-017, 1.649999999999999500 ) ) ;
#1183 = CARTESIAN_POINT ( 'NONE',  ( 0.8816504037844382600, 1.527063293868261300, -0.8447916666666656100 ) ) ;
#1184 = CARTESIAN_POINT ( 'NONE',  ( 0.8816504037844369300, -1.527063293868262000, -3.542708333333338500 ) ) ;
#1185 = CARTESIAN_POINT ( 'NONE',  ( -1.017788105676655100, 0.5876202367904161900, -1.016666666666666600 ) ) ;
#1186 = ORIENTED_EDGE ( 'NONE', *, *, #2018, .T. ) ;
#1187 = CARTESIAN_POINT ( 'NONE',  ( 0.0000000000000000000, 1.175240473580832200, -3.100000000000000500 ) ) ;
#1188 = CARTESIAN_POINT ( 'NONE',  ( 0.0000000000000000000, 1.500000000000000400, -4.287500000000000500 ) ) ;
#1189 = COORDINATED_UNIVERSAL_TIME_OFFSET ( 6, 0, .BEHIND. ) ;
#1190 = CARTESIAN_POINT ( 'NONE',  ( 1.017788105676654900, -0.5876202367904166400, -4.766666666666667500 ) ) ;
#1191 = VERTEX_POINT ( 'NONE', #3112 ) ;
#1192 = ORIENTED_EDGE ( 'NONE', *, *, #2579, .F. ) ;
#1193 = CARTESIAN_POINT ( 'NONE',  ( 1.357050807568873600, -2.277006752164423400E-016, -5.162500000000000500 ) ) ;
#1194 = CARTESIAN_POINT ( 'NONE',  ( -1.836970198721030700E-016, -1.500000000000000400, -4.537500000000000500 ) ) ;
#1195 = CARTESIAN_POINT ( 'NONE',  ( 1.017788105676655800, 0.5876202367904153100, -2.620833333333333600 ) ) ;
#1196 = ORIENTED_EDGE ( 'NONE', *, *, #3521, .F. ) ;
#1197 = CARTESIAN_POINT ( 'NONE',  ( 0.6785254037844366000, -1.175240473580832600, -4.745833333333333600 ) ) ;
#1198 = VERTEX_POINT ( 'NONE', #3863 ) ;
#1199 = CARTESIAN_POINT ( 'NONE',  ( -1.732050807568877900, 1.276430378214812400E-016, -1.725000000000003600 ) ) ;
#1200 = B_SPLINE_CURVE_WITH_KNOTS ( 'NONE', 3,
 ( #1699, #2107, #2122, #4287 ),
 .UNSPECIFIED., .F., .F.,
 ( 4, 4 ),
 ( 0.004848650453979003200, 0.005681966014487248300 ),
 .UNSPECIFIED. ) ;
#1201 = CARTESIAN_POINT ( 'NONE',  ( 0.0000000000000000000, 1.500000000000000400, -7.850000000000003200 ) ) ;
#1202 = CARTESIAN_POINT ( 'NONE',  ( 1.322475605676656900, 0.7635316469341297800, -1.386458333333332500 ) ) ;
#1203 =( BOUNDED_CURVE ( )  B_SPLINE_CURVE ( 2, ( #3612, #2131, #4663, #2526, #312, #3578, #2852 ),
 .UNSPECIFIED., .F., .F. ) 
 B_SPLINE_CURVE_WITH_KNOTS ( ( 3, 2, 2, 3 ),
 ( 0.1904761904761905500, 0.1984126984126984600, 0.2063492063492063700, 0.2142857142857142700 ),
 .UNSPECIFIED. ) 
 CURVE ( )  GEOMETRIC_REPRESENTATION_ITEM ( )  RATIONAL_B_SPLINE_CURVE ( ( 0.9999999999999986700, 0.8660254037844401500, 1.000000000000000000, 0.8660254037844386000, 1.000000000000000000, 0.8660254037844386000, 1.000000000000000000 ) ) 
 REPRESENTATION_ITEM ( '' )  );
#1204 = CARTESIAN_POINT ( 'NONE',  ( 1.763300807568875000, -3.023275895394842700E-016, -4.959375000000005900 ) ) ;
#1205 = VERTEX_POINT ( 'NONE', #2071 ) ;
#1206 = CARTESIAN_POINT ( 'NONE',  ( 0.6785254037844372600, 1.175240473580831700, -0.6416666666666670500 ) ) ;
#1207 = EDGE_CURVE ( 'NONE', #2721, #2834, #414, .T. ) ;
#1208 = CARTESIAN_POINT ( 'NONE',  ( 0.6785254037844372600, 1.175240473580831900, -2.641666666666667500 ) ) ;
#1209 = EDGE_CURVE ( 'NONE', #2892, #4140, #2174, .T. ) ;
#1210 = CARTESIAN_POINT ( 'NONE',  ( -1.439254484199185900E-016, -1.175240473580832200, -2.350000000000000500 ) ) ;
#1211 = CYLINDRICAL_SURFACE ( 'NONE', #1768, 1.500000000000000400 ) ;
#1212 = CARTESIAN_POINT ( 'NONE',  ( 0.6785254037844363800, -1.175240473580832600, -4.245833333333333600 ) ) ;
#1213 = CARTESIAN_POINT ( 'NONE',  ( 0.0000000000000000000, -1.500000000000000400, 1.649999999999999500 ) ) ;
#1214 = CARTESIAN_POINT ( 'NONE',  ( 1.017788105676655800, 0.5876202367904153100, -3.620833333333333600 ) ) ;
#1215 = VECTOR ( 'NONE', #4652, 1000.000000000000100 ) ;
#1216 = CARTESIAN_POINT ( 'NONE',  ( -1.836970198721030700E-016, -1.500000000000000400, -7.037500000000000500 ) ) ;
#1217 = CARTESIAN_POINT ( 'NONE',  ( 1.299038105676658900, 0.7499999999999990000, -7.933333333333337100 ) ) ;
#1218 = CARTESIAN_POINT ( 'NONE',  ( 1.322475605676655800, -0.7635316469341314500, -0.9697916666666657200 ) ) ;
#1219 = VERTEX_POINT ( 'NONE', #2088 ) ;
#1220 = CARTESIAN_POINT ( 'NONE',  ( 0.8816504037844369300, -1.527063293868262000, -5.042708333333338900 ) ) ;
#1221 = CARTESIAN_POINT ( 'NONE',  ( 1.121107958840558800, -0.3525721420742929400, -0.1875000000000029700 ) ) ;
#1222 = CARTESIAN_POINT ( 'NONE',  ( 0.0000000000000000000, 1.175240473580832200, -0.5999999999999998700 ) ) ;
#1223 = CARTESIAN_POINT ( 'NONE',  ( -1.836970198721030700E-016, -1.500000000000000400, -0.5374999999999996400 ) ) ;
#1224 = CARTESIAN_POINT ( 'NONE',  ( -1.357050807568873400, 1.046809103374680900E-016, -4.474999999999999600 ) ) ;
#1225 = CARTESIAN_POINT ( 'NONE',  ( 0.6785254037844363800, -1.175240473580832600, -4.745833333333332700 ) ) ;
#1226 = CARTESIAN_POINT ( 'NONE',  ( 0.0000000000000000000, 1.500000000000000400, -0.2875000000000012000 ) ) ;
#1227 = DIRECTION ( 'NONE',  ( -0.0000000000000000000, -2.585091490897065700E-018, 1.000000000000000000 ) ) ;
#1228 = CARTESIAN_POINT ( 'NONE',  ( 0.0000000000000000000, -1.500000000000000400, -7.975000000000003200 ) ) ;
#1229 = B_SPLINE_CURVE_WITH_KNOTS ( 'NONE', 3,
 ( #4410, #431, #4459, #2975 ),
 .UNSPECIFIED., .F., .F.,
 ( 4, 4 ),
 ( 0.0000000000000000000, 0.0006711514718456278200 ),
 .UNSPECIFIED. ) ;
#1230 = CARTESIAN_POINT ( 'NONE',  ( 1.299038105676658000, -0.7500000000000008900, -3.454166666666667100 ) ) ;
#1231 = CARTESIAN_POINT ( 'NONE',  ( -0.8816504037844380400, -1.527063293868261300, -0.09479166666666491400 ) ) ;
#1232 = CARTESIAN_POINT ( 'NONE',  ( 0.8816504037844369300, -1.527063293868262000, -3.042708333333338500 ) ) ;
#1233 = CARTESIAN_POINT ( 'NONE',  ( -1.390055189989087600, 0.2635083148466204600, 1.144694294545198800 ) ) ;
#1234 = CARTESIAN_POINT ( 'NONE',  ( -0.6785254037844366000, 1.175240473580832400, -1.058333333333333800 ) ) ;
#1235 = DIRECTION ( 'NONE',  ( -0.0000000000000000000, -2.585091490897065700E-018, 1.000000000000000000 ) ) ;
#1236 = EDGE_CURVE ( 'NONE', #1592, #2716, #3980, .T. ) ;
#1237 = CARTESIAN_POINT ( 'NONE',  ( 0.0000000000000000000, 1.175240473580832200, -2.600000000000000100 ) ) ;
#1238 = CARTESIAN_POINT ( 'NONE',  ( 1.017788105676655100, -0.5876202367904167500, -4.204166666666666600 ) ) ;
#1239 = ORIENTED_EDGE ( 'NONE', *, *, #3658, .T. ) ;
#1240 = CARTESIAN_POINT ( 'NONE',  ( 0.0000000000000000000, 6.628682924999594700E-017, 1.649999999999999500 ) ) ;
#1241 = DIRECTION ( 'NONE',  ( -0.0000000000000000000, -2.585091490897065700E-018, 1.000000000000000000 ) ) ;
#1242 = VERTEX_POINT ( 'NONE', #2512 ) ;
#1243 = CARTESIAN_POINT ( 'NONE',  ( 1.500000000000000400, -5.983454197899959000E-015, -7.975000000000002300 ) ) ;
#1244 = CARTESIAN_POINT ( 'NONE',  ( -1.322475605676656200, 0.7635316469341311100, 0.2802083333333354500 ) ) ;
#1245 = CARTESIAN_POINT ( 'NONE',  ( -0.8816504037844380400, -1.527063293868261300, -2.126041666666671900 ) ) ;
#1246 = CARTESIAN_POINT ( 'NONE',  ( -1.357050807568873400, 1.046809103374680900E-016, -0.9750000000000000900 ) ) ;
#1247 = ORIENTED_EDGE ( 'NONE', *, *, #4682, .F. ) ;
#1248 = CARTESIAN_POINT ( 'NONE',  ( 1.357050807568873400, -2.277006752164422900E-016, -0.2249999999999995300 ) ) ;
#1249 = ORIENTED_EDGE ( 'NONE', *, *, #3258, .F. ) ;
#1250 = DIRECTION ( 'NONE',  ( 0.3826834323650866200, 0.9238795325112881800, 0.0000000000000000000 ) ) ;
#1251 = CARTESIAN_POINT ( 'NONE',  ( -1.439254484199185900E-016, -1.175240473580832200, -1.350000000000000500 ) ) ;
#1252 = ORIENTED_EDGE ( 'NONE', *, *, #2018, .F. ) ;
#1253 = CARTESIAN_POINT ( 'NONE',  ( 0.6785254037844363800, -1.175240473580832600, -2.745833333333333600 ) ) ;
#1254 = CARTESIAN_POINT ( 'NONE',  ( -1.572609826447905600, 1.925891590267102600E-016, 1.302564931924501800 ) ) ;
#1255 = CARTESIAN_POINT ( 'NONE',  ( 0.0000000000000000000, 1.500000000000000400, -2.350000000000003200 ) ) ;
#1256 = EDGE_CURVE ( 'NONE', #874, #4024, #194, .T. ) ;
#1257 = CARTESIAN_POINT ( 'NONE',  ( -1.836970198721030400E-016, -1.500000000000000400, -1.600000000000003200 ) ) ;
#1258 = LINE ( 'NONE', #4266, #1603 ) ;
#1259 = CARTESIAN_POINT ( 'NONE',  ( -1.299038105676658400, -0.7499999999999998900, -3.683333333333336700 ) ) ;
#1260 = CARTESIAN_POINT ( 'NONE',  ( -1.763300807568875000, 1.295565484451488300E-016, -2.209375000000005400 ) ) ;
#1261 = AXIS2_PLACEMENT_3D ( 'NONE', #1361, #3896, #3925 ) ;
#1262 = CARTESIAN_POINT ( 'NONE',  ( 0.6785254037844363800, -1.175240473580832200, -0.3083333333333340700 ) ) ;
#1263 = EDGE_CURVE ( 'NONE', #2979, #2731, #2373, .T. ) ;
#1264 = EDGE_CURVE ( 'NONE', #3348, #1191, #4104, .T. ) ;
#1265 = CARTESIAN_POINT ( 'NONE',  ( -0.6785254037844370400, -1.175240473580832200, -0.8916666666666673800 ) ) ;
#1266 = CARTESIAN_POINT ( 'NONE',  ( 0.0000000000000000000, 1.500000000000000400, -1.350000000000003200 ) ) ;
#1267 = VECTOR ( 'NONE', #1633, 1000.000000000000000 ) ;
#1268 = CARTESIAN_POINT ( 'NONE',  ( -0.3360189205355086900, -1.719874119373885100, 1.973494310074174900 ) ) ;
#1269 = CARTESIAN_POINT ( 'NONE',  ( 1.017788105676655600, 0.5876202367904153100, -2.183333333333333100 ) ) ;
#1270 = B_SPLINE_CURVE_WITH_KNOTS ( 'NONE', 3,
 ( #3391, #1233, #521, #855 ),
 .UNSPECIFIED., .F., .F.,
 ( 4, 4 ),
 ( 0.0000000000000000000, 0.0006711514718671445700 ),
 .UNSPECIFIED. ) ;
#1271 = LINE ( 'NONE', #1822, #2059 ) ;
#1272 = CARTESIAN_POINT ( 'NONE',  ( 0.0000000000000000000, 1.175240473580832400, -1.537499999999999900 ) ) ;
#1273 = CARTESIAN_POINT ( 'NONE',  ( -0.4503631925185033700, 0.4503631925185000400, 0.3668648403299106800 ) ) ;
#1274 = CARTESIAN_POINT ( 'NONE',  ( 1.357050807568873400, -2.277006752164422400E-016, -8.224999999999999600 ) ) ;
#1275 = CYLINDRICAL_SURFACE ( 'NONE', #1900, 1.500000000000000400 ) ;
#1276 = CARTESIAN_POINT ( 'NONE',  ( -1.763300807568875000, 1.295565484451488300E-016, -1.709375000000005200 ) ) ;
#1277 = DIRECTION ( 'NONE',  ( -0.0000000000000000000, -0.0000000000000000000, -1.000000000000000000 ) ) ;
#1278 = CARTESIAN_POINT ( 'NONE',  ( 1.357050807568873400, -2.277006752164422900E-016, -2.225000000000000100 ) ) ;
#1279 = B_SPLINE_CURVE_WITH_KNOTS ( 'NONE', 3,
 ( #2897, #1042, #372, #3629, #435, #2256 ),
 .UNSPECIFIED., .F., .F.,
 ( 4, 2, 4 ),
 ( 0.0000000000000000000, 0.0004027052821109770000, 0.0008054105642219539900 ),
 .UNSPECIFIED. ) ;
#1280 = CARTESIAN_POINT ( 'NONE',  ( -0.4503631925184986000, -0.4503631925185048200, 0.3668648403299107400 ) ) ;
#1281 = CARTESIAN_POINT ( 'NONE',  ( -0.6785254037844366000, 1.175240473580832400, -2.058333333333333600 ) ) ;
#1282 = CARTESIAN_POINT ( 'NONE',  ( -1.017788105676655300, -0.5876202367904159700, -1.370833333333333300 ) ) ;
#1283 = CARTESIAN_POINT ( 'NONE',  ( 0.8660254037844399300, 1.500000000000000400, -0.3916666666666703300 ) ) ;
#1284 = CARTESIAN_POINT ( 'NONE',  ( -1.357050807568873400, 1.046809103374680800E-016, -7.975000000000000500 ) ) ;
#1285 = CARTESIAN_POINT ( 'NONE',  ( 0.2595482801275987800, 1.272539469187697900, -8.182689629136207900 ) ) ;
#1286 = CARTESIAN_POINT ( 'NONE',  ( 0.0000000000000000000, 1.527063293868261800, -2.334375000000005000 ) ) ;
#1287 = CARTESIAN_POINT ( 'NONE',  ( 0.0000000000000000000, 6.628682924999594700E-017, 1.649999999999999500 ) ) ;
#1288 = ORIENTED_EDGE ( 'NONE', *, *, #1935, .T. ) ;
#1289 = CARTESIAN_POINT ( 'NONE',  ( -1.073809935526932600, 0.2359215567864352500, 0.8293762070536467900 ) ) ;
#1290 = CARTESIAN_POINT ( 'NONE',  ( 0.8660254037844313800, -1.500000000000013300, -1.058333333333337100 ) ) ;
#1291 = AXIS2_PLACEMENT_3D ( 'NONE', #1743, #1404, #3530 ) ;
#1292 = EDGE_CURVE ( 'NONE', #3221, #1947, #2095, .T. ) ;
#1293 = CARTESIAN_POINT ( 'NONE',  ( -1.017788105676655300, -0.5876202367904158600, -1.933333333333333800 ) ) ;
#1294 = VERTEX_POINT ( 'NONE', #4635 ) ;
#1295 = CARTESIAN_POINT ( 'NONE',  ( -1.017788105676655300, 0.5876202367904163100, -1.954166666666666600 ) ) ;
#1296 = PERSON_AND_ORGANIZATION ( #3414, #792 ) ;
#1297 = CARTESIAN_POINT ( 'NONE',  ( 1.299038105676659100, 0.7499999999999991100, -4.870833333333333600 ) ) ;
#1298 = CARTESIAN_POINT ( 'NONE',  ( 1.732050807568877900, -2.965870576684816500E-016, -0.4750000000000030900 ) ) ;
#1299 = VERTEX_POINT ( 'NONE', #304 ) ;
#1300 = DIRECTION ( 'NONE',  ( -0.0000000000000000000, -2.585091490897065700E-018, 1.000000000000000000 ) ) ;
#1301 = ORIENTED_EDGE ( 'NONE', *, *, #3950, .T. ) ;
#1302 = CARTESIAN_POINT ( 'NONE',  ( -1.017788105676655100, 0.5876202367904161900, -7.016666666666666600 ) ) ;
#1303 = ORIENTED_EDGE ( 'NONE', *, *, #564, .T. ) ;
#1304 = CARTESIAN_POINT ( 'NONE',  ( 1.322475605676655800, -0.7635316469341314500, -1.001041666666671700 ) ) ;
#1305 = ORIENTED_EDGE ( 'NONE', *, *, #2724, .T. ) ;
#1306 = CARTESIAN_POINT ( 'NONE',  ( -0.6785254037844366000, 1.175240473580832400, 0.4416666666666666000 ) ) ;
#1307 = ORIENTED_EDGE ( 'NONE', *, *, #3199, .F. ) ;
#1308 = CARTESIAN_POINT ( 'NONE',  ( 1.017788105676655600, 0.5876202367904153100, 1.316666666666665500 ) ) ;
#1309 = CARTESIAN_POINT ( 'NONE',  ( 1.357050807568873600, -2.277006752164423400E-016, -1.162500000000000300 ) ) ;
#1310 =( BOUNDED_SURFACE ( )  B_SPLINE_SURFACE ( 1, 2, ( 
 ( #2882, #2789, #1060, #2769, #2406, #700, #2758, #941, #2420, #3634, #1103, #4027, #3665, #3266, #2555, #4369, #1497, #4010, #758, #1457, #3286, #1444, #2902, #2240, #1846, #3997, #4696, #1135, #1858, #3651, #1119, #1481, #2592, #736, #2573, #1878, #2947, #3682, #772, #4403, #65, #4417, #404, #786, #4387, #2223, #424, #2606, #1513, #1830, #3304, #2202, #30, #3981, #2966, #388, #2932, #45, #3317, #360, #1153, #4047, #2189, #2540, #1816, #717, #4351, #3252, #1083, #3615, #9, #376, #2918, #3378, #1926, #1911, #2296, #118, #2276, #1220, #4465, #1204, #4451, #3021, #1569, #455, #4478, #2327, #2655, #3697, #81, #3738, #2261, #152, #2624, #1169, #3753, #500, #1943, #2680, #438, #473, #4080, #1595, #2998, #854, #489, #136, #4131, #3051, #4099, #2983, #3333, #1958, #3724, #1184, #3712, #868, #838, #2315, #2665, #3036, #1579, #3369, #3390, #4116, #825, #1232, #805, #1533, #4060, #2640, #1896, #4439, #103, #3353, #1552, #3423, #893, #3816, #3451, #3077, #2358, #4166, #1286, #3800, #545, #1260, #3092, #1245, #2697, #2015, #1638, #3782, #4495, #924, #1653, #3435, #909, #1276, #2385, #533, #2375, #1669, #2739, #3466, #556, #4192, #4547, #4206, #204, #574, #4177, #2001, #219, #2401, #1304, #1624, #3106, #1987, #4519, #3767, #2754, #192, #2723, #4533, #3117, #165, #937, #3831, #1973, #2340, #1613, #519, #4148, #3061, #881, #3408, #4506, #177, #2709, #3174, #1715, #1700, #2061, #4593, #2043, #990, #4244, #977, #4229, #2801, #1346, #249, #4263, #2093, #2444, #3481, #4563, #3529, #2027, #4624, #2415, #947, #3542, #294, #1729, #2472, #235, #265, #3867, #1376, #2782, #629, #279, #4610, #3910, #2831, #3882, #2766, #3132, #1742, #3515, #965, #3496, #643, #617, #2080, #2459, #2818, #1362, #3159, #3186 ),
 ( #590, #1318, #2431, #3897, #1007, #3852, #4219, #602, #3146, #1684, #4576, #1333, #309, #4344, #1419, #3201, #1451, #3554, #656, #1038, #708, #3590, #3260, #3625, #1773, #3974, #4275, #2109, #1386, #2847, #4641, #726, #2485, #3213, #1093, #370, #3991, #3926, #3572, #1019, #2862, #3939, #1758, #4288, #3605, #2123, #4660, #4686, #2499, #318, #2535, #2876, #1, #1402, #675, #4309, #2141, #2910, #4672, #2160, #2519, #334, #691, #3231, #1052, #3955, #1790, #1437, #4329, #352, #2894, #3246, #1076, #1809, #2178, #2549, #3326, #448, #1507, #3705, #4055, #38, #2584, #2958, #96, #4022, #2993, #767, #1163, #2633, #816, #1128, #2234, #4036, #3345, #1524, #798, #2196, #3296, #1178, #1545, #4377, #1872, #23, #3660, #1824, #2924, #2599, #4358, #2566, #3675, #54, #1471, #1111, #382, #432, #749, #3275, #2214, #1490, #4003, #1840, #399, #3312, #2941, #3692, #782, #1852, #3642, #4399, #418, #1146, #4411, #2253, #75, #2618, #2976, #1888, #4431, #2270, #1906, #1919, #1195, #4446, #130, #2289, #111, #467, #1564, #3364, #2307, #4071, #4092, #2649, #3011, #833, #4460, #3720, #4210, #300, #1675, #2791, #2835, #4631, #3192, #3488, #605, #1012, #2436, #3505, #4568, #649, #3181, #1326, #3545, #4252, #3859, #3838, #2084, #2451, #4268, #970, #595, #4223, #4583, #2477, #3152, #1723, #1336, #3139, #239, #955, #1689, #2032, #2423, #995, #2770, #2053, #2066, #622, #1352, #256, #4234, #3875, #634, #1707, #3519, #4598, #1366, #272, #2809, #3163, #2100, #984, #3887, #4615, #3534, #2464, #283, #2822, #3901, #1733, #7, #1081, #358, #1748, #2867, #2553, #374, #3930, #3597, #4278, #324, #3264, #2489, #2149, #2916, #734, #3237, #4315, #1025, #661, #1100, #4693, #4349, #2186, #1763, #681, #3562, #1391, #4297, #2880, #2507 ) ),
 .UNSPECIFIED., .F., .F., .F. ) 
 B_SPLINE_SURFACE_WITH_KNOTS ( ( 2, 2 ),
 ( 3, 2, 2, 2, 2, 2, 2, 2, 2, 2, 2, 2, 2, 2, 2, 2, 2, 2, 2, 2, 2, 2, 2, 2, 2, 2, 2, 2, 2, 2, 2, 2, 2, 2, 2, 2, 2, 2, 2, 2, 2, 2, 2, 2, 2, 2, 2, 2, 2, 2, 2, 2, 2, 2, 2, 2, 2, 2, 2, 2, 2, 2, 2, 2, 2, 2, 2, 2, 2, 2, 2, 2, 2, 2, 2, 2, 2, 2, 2, 2, 2, 2, 2, 2, 2, 2, 2, 2, 2, 2, 2, 2, 2, 2, 2, 2, 2, 2, 2, 2, 2, 2, 2, 2, 2, 2, 2, 2, 2, 2, 2, 2, 2, 2, 2, 2, 2, 2, 2, 2, 2, 2, 2, 2, 2, 2, 3 ),
 ( 0.0000000000000000000, 1.000000000000000000 ),
 ( 0.0000000000000000000, 0.007936507936507936100, 0.01587301587301587200, 0.02380952380952380800, 0.03174603174603174400, 0.03968253968253968000, 0.04761904761904761600, 0.05555555555555555200, 0.06349206349206348900, 0.07142857142857142500, 0.07936507936507936100, 0.08730158730158729700, 0.09523809523809523300, 0.1031746031746031700, 0.1111111111111111000, 0.1190476190476190400, 0.1269841269841269800, 0.1349206349206349100, 0.1428571428571428500, 0.1507936507936507900, 0.1587301587301587200, 0.1666666666666666600, 0.1746031746031745900, 0.1825396825396825300, 0.1904761904761904700, 0.1984126984126984000, 0.2063492063492063400, 0.2142857142857142700, 0.2222222222222222100, 0.2301587301587301500, 0.2380952380952380800, 0.2460317460317460200, 0.2539682539682539500, 0.2619047619047619200, 0.2698412698412698300, 0.2777777777777777900, 0.2857142857142857000, 0.2936507936507936600, 0.3015873015873015700, 0.3095238095238095300, 0.3174603174603174400, 0.3253968253968254100, 0.3333333333333333100, 0.3412698412698412800, 0.3492063492063491900, 0.3571428571428571500, 0.3650793650793650600, 0.3730158730158730200, 0.3809523809523809300, 0.3888888888888889000, 0.3968253968253968000, 0.4047619047619047700, 0.4126984126984126800, 0.4206349206349206400, 0.4285714285714285500, 0.4365079365079365100, 0.4444444444444444200, 0.4523809523809523800, 0.4603174603174602900, 0.4682539682539682600, 0.4761904761904761600, 0.4841269841269841300, 0.4920634920634920400, 0.5000000000000000000, 0.5079365079365079100, 0.5158730158730159300, 0.5238095238095238400, 0.5317460317460317400, 0.5396825396825396500, 0.5476190476190476700, 0.5555555555555555800, 0.5634920634920634900, 0.5714285714285714000, 0.5793650793650794200, 0.5873015873015873200, 0.5952380952380952300, 0.6031746031746031400, 0.6111111111111111600, 0.6190476190476190700, 0.6269841269841269800, 0.6349206349206348900, 0.6428571428571429000, 0.6507936507936508100, 0.6587301587301587200, 0.6666666666666666300, 0.6746031746031746500, 0.6825396825396825600, 0.6904761904761904700, 0.6984126984126983700, 0.7063492063492063900, 0.7142857142857143000, 0.7222222222222222100, 0.7301587301587301200, 0.7380952380952381400, 0.7460317460317460500, 0.7539682539682539500, 0.7619047619047618600, 0.7698412698412698800, 0.7777777777777777900, 0.7857142857142857000, 0.7936507936507936100, 0.8015873015873016300, 0.8095238095238095300, 0.8174603174603174400, 0.8253968253968253500, 0.8333333333333333700, 0.8412698412698412800, 0.8492063492063491900, 0.8571428571428571000, 0.8650793650793651100, 0.8730158730158730200, 0.8809523809523809300, 0.8888888888888888400, 0.8968253968253968600, 0.9047619047619047700, 0.9126984126984126800, 0.9206349206349205800, 0.9285714285714286000, 0.9365079365079365100, 0.9444444444444444200, 0.9523809523809523300, 0.9603174603174603500, 0.9682539682539682600, 0.9761904761904761600, 0.9841269841269840700, 0.9920634920634920900, 1.000000000000000000 ),
 .UNSPECIFIED. ) 
 GEOMETRIC_REPRESENTATION_ITEM ( )  RATIONAL_B_SPLINE_SURFACE ( (
 ( 1.000000000000000000, 0.8660254037844387100, 1.000000000000000000, 0.8660254037844387100, 1.000000000000000000, 0.8660254037844387100, 1.000000000000000000, 0.8660254037844387100, 1.000000000000000000, 0.8660254037844387100, 1.000000000000000000, 0.8660254037844387100, 1.000000000000000000, 0.8660254037844387100, 1.000000000000000000, 0.8660254037844387100, 1.000000000000000000, 0.8660254037844387100, 1.000000000000000000, 0.8660254037844387100, 1.000000000000000000, 0.8660254037844387100, 1.000000000000000000, 0.8660254037844387100, 1.000000000000000000, 0.8660254037844387100, 1.000000000000000000, 0.8660254037844387100, 1.000000000000000000, 0.8660254037844387100, 1.000000000000000000, 0.8660254037844387100, 1.000000000000000000, 0.8660254037844387100, 1.000000000000000000, 0.8660254037844387100, 1.000000000000000000, 0.8660254037844387100, 1.000000000000000000, 0.8660254037844387100, 1.000000000000000000, 0.8660254037844387100, 1.000000000000000000, 0.8660254037844387100, 1.000000000000000000, 0.8660254037844387100, 1.000000000000000000, 0.8660254037844387100, 1.000000000000000000, 0.8660254037844387100, 1.000000000000000000, 0.8660254037844387100, 1.000000000000000000, 0.8660254037844387100, 1.000000000000000000, 0.8660254037844387100, 1.000000000000000000, 0.8660254037844387100, 1.000000000000000000, 0.8660254037844387100, 1.000000000000000000, 0.8660254037844387100, 1.000000000000000000, 0.8660254037844387100, 1.000000000000000000, 0.8660254037844387100, 1.000000000000000000, 0.8660254037844387100, 1.000000000000000000, 0.8660254037844387100, 1.000000000000000000, 0.8660254037844387100, 1.000000000000000000, 0.8660254037844387100, 1.000000000000000000, 0.8660254037844387100, 1.000000000000000000, 0.8660254037844387100, 1.000000000000000000, 0.8660254037844387100, 1.000000000000000000, 0.8660254037844387100, 1.000000000000000000, 0.8660254037844387100, 1.000000000000000000, 0.8660254037844387100, 1.000000000000000000, 0.8660254037844387100, 1.000000000000000000, 0.8660254037844387100, 1.000000000000000000, 0.8660254037844387100, 1.000000000000000000, 0.8660254037844387100, 1.000000000000000000, 0.8660254037844387100, 1.000000000000000000, 0.8660254037844387100, 1.000000000000000000, 0.8660254037844387100, 1.000000000000000000, 0.8660254037844387100, 1.000000000000000000, 0.8660254037844387100, 1.000000000000000000, 0.8660254037844387100, 1.000000000000000000, 0.8660254037844387100, 1.000000000000000000, 0.8660254037844387100, 1.000000000000000000, 0.8660254037844387100, 1.000000000000000000, 0.8660254037844387100, 1.000000000000000000, 0.8660254037844387100, 1.000000000000000000, 0.8660254037844387100, 1.000000000000000000, 0.8660254037844387100, 1.000000000000000000, 0.8660254037844387100, 1.000000000000000000, 0.8660254037844387100, 1.000000000000000000, 0.8660254037844387100, 1.000000000000000000, 0.8660254037844387100, 1.000000000000000000, 0.8660254037844387100, 1.000000000000000000, 0.8660254037844387100, 1.000000000000000000, 0.8660254037844387100, 1.000000000000000000, 0.8660254037844387100, 1.000000000000000000, 0.8660254037844387100, 1.000000000000000000, 0.8660254037844387100, 1.000000000000000000, 0.8660254037844387100, 1.000000000000000000, 0.8660254037844387100, 1.000000000000000000, 0.8660254037844387100, 1.000000000000000000, 0.8660254037844387100, 1.000000000000000000, 0.8660254037844387100, 1.000000000000000000, 0.8660254037844387100, 1.000000000000000000, 0.8660254037844387100, 1.000000000000000000, 0.8660254037844387100, 1.000000000000000000, 0.8660254037844387100, 1.000000000000000000, 0.8660254037844387100, 1.000000000000000000, 0.8660254037844387100, 1.000000000000000000, 0.8660254037844387100, 1.000000000000000000, 0.8660254037844387100, 1.000000000000000000, 0.8660254037844387100, 1.000000000000000000, 0.8660254037844387100, 1.000000000000000000, 0.8660254037844387100, 1.000000000000000000, 0.8660254037844387100, 1.000000000000000000, 0.8660254037844387100, 1.000000000000000000, 0.8660254037844387100, 1.000000000000000000, 0.8660254037844387100, 1.000000000000000000, 0.8660254037844387100, 1.000000000000000000, 0.8660254037844387100, 1.000000000000000000, 0.8660254037844387100, 1.000000000000000000, 0.8660254037844387100, 1.000000000000000000, 0.8660254037844387100, 1.000000000000000000, 0.8660254037844387100, 1.000000000000000000, 0.8660254037844387100, 1.000000000000000000, 0.8660254037844387100, 1.000000000000000000, 0.8660254037844387100, 1.000000000000000000, 0.8660254037844387100, 1.000000000000000000, 0.8660254037844387100, 1.000000000000000000, 0.8660254037844387100, 1.000000000000000000, 0.8660254037844387100, 1.000000000000000000, 0.8660254037844387100, 1.000000000000000000, 0.8660254037844387100, 1.000000000000000000, 0.8660254037844387100, 1.000000000000000000, 0.8660254037844387100, 1.000000000000000000, 0.8660254037844387100, 1.000000000000000000, 0.8660254037844387100, 1.000000000000000000, 0.8660254037844387100, 1.000000000000000000, 0.8660254037844387100, 1.000000000000000000, 0.8660254037844387100, 1.000000000000000000, 0.8660254037844387100, 1.000000000000000000, 0.8660254037844387100, 1.000000000000000000, 0.8660254037844387100, 1.000000000000000000, 0.8660254037844387100, 1.000000000000000000, 0.8660254037844387100, 1.000000000000000000, 0.8660254037844387100, 1.000000000000000000, 0.8660254037844387100, 1.000000000000000000, 0.8660254037844387100, 1.000000000000000000, 0.8660254037844387100, 1.000000000000000000, 0.8660254037844387100, 1.000000000000000000, 0.8660254037844387100, 1.000000000000000000, 0.8660254037844387100, 1.000000000000000000, 0.8660254037844387100, 1.000000000000000000, 0.8660254037844387100, 1.000000000000000000),
 ( 1.000000000000000000, 0.8660254037844387100, 1.000000000000000000, 0.8660254037844387100, 1.000000000000000000, 0.8660254037844387100, 1.000000000000000000, 0.8660254037844387100, 1.000000000000000000, 0.8660254037844387100, 1.000000000000000000, 0.8660254037844387100, 1.000000000000000000, 0.8660254037844387100, 1.000000000000000000, 0.8660254037844387100, 1.000000000000000000, 0.8660254037844387100, 1.000000000000000000, 0.8660254037844387100, 1.000000000000000000, 0.8660254037844387100, 1.000000000000000000, 0.8660254037844387100, 1.000000000000000000, 0.8660254037844387100, 1.000000000000000000, 0.8660254037844387100, 1.000000000000000000, 0.8660254037844387100, 1.000000000000000000, 0.8660254037844387100, 1.000000000000000000, 0.8660254037844387100, 1.000000000000000000, 0.8660254037844387100, 1.000000000000000000, 0.8660254037844387100, 1.000000000000000000, 0.8660254037844387100, 1.000000000000000000, 0.8660254037844387100, 1.000000000000000000, 0.8660254037844387100, 1.000000000000000000, 0.8660254037844387100, 1.000000000000000000, 0.8660254037844387100, 1.000000000000000000, 0.8660254037844387100, 1.000000000000000000, 0.8660254037844387100, 1.000000000000000000, 0.8660254037844387100, 1.000000000000000000, 0.8660254037844387100, 1.000000000000000000, 0.8660254037844387100, 1.000000000000000000, 0.8660254037844387100, 1.000000000000000000, 0.8660254037844387100, 1.000000000000000000, 0.8660254037844387100, 1.000000000000000000, 0.8660254037844387100, 1.000000000000000000, 0.8660254037844387100, 1.000000000000000000, 0.8660254037844387100, 1.000000000000000000, 0.8660254037844387100, 1.000000000000000000, 0.8660254037844387100, 1.000000000000000000, 0.8660254037844387100, 1.000000000000000000, 0.8660254037844387100, 1.000000000000000000, 0.8660254037844387100, 1.000000000000000000, 0.8660254037844387100, 1.000000000000000000, 0.8660254037844387100, 1.000000000000000000, 0.8660254037844387100, 1.000000000000000000, 0.8660254037844387100, 1.000000000000000000, 0.8660254037844387100, 1.000000000000000000, 0.8660254037844387100, 1.000000000000000000, 0.8660254037844387100, 1.000000000000000000, 0.8660254037844387100, 1.000000000000000000, 0.8660254037844387100, 1.000000000000000000, 0.8660254037844387100, 1.000000000000000000, 0.8660254037844387100, 1.000000000000000000, 0.8660254037844387100, 1.000000000000000000, 0.8660254037844387100, 1.000000000000000000, 0.8660254037844387100, 1.000000000000000000, 0.8660254037844387100, 1.000000000000000000, 0.8660254037844387100, 1.000000000000000000, 0.8660254037844387100, 1.000000000000000000, 0.8660254037844387100, 1.000000000000000000, 0.8660254037844387100, 1.000000000000000000, 0.8660254037844387100, 1.000000000000000000, 0.8660254037844387100, 1.000000000000000000, 0.8660254037844387100, 1.000000000000000000, 0.8660254037844387100, 1.000000000000000000, 0.8660254037844387100, 1.000000000000000000, 0.8660254037844387100, 1.000000000000000000, 0.8660254037844387100, 1.000000000000000000, 0.8660254037844387100, 1.000000000000000000, 0.8660254037844387100, 1.000000000000000000, 0.8660254037844387100, 1.000000000000000000, 0.8660254037844387100, 1.000000000000000000, 0.8660254037844387100, 1.000000000000000000, 0.8660254037844387100, 1.000000000000000000, 0.8660254037844387100, 1.000000000000000000, 0.8660254037844387100, 1.000000000000000000, 0.8660254037844387100, 1.000000000000000000, 0.8660254037844387100, 1.000000000000000000, 0.8660254037844387100, 1.000000000000000000, 0.8660254037844387100, 1.000000000000000000, 0.8660254037844387100, 1.000000000000000000, 0.8660254037844387100, 1.000000000000000000, 0.8660254037844387100, 1.000000000000000000, 0.8660254037844387100, 1.000000000000000000, 0.8660254037844387100, 1.000000000000000000, 0.8660254037844387100, 1.000000000000000000, 0.8660254037844387100, 1.000000000000000000, 0.8660254037844387100, 1.000000000000000000, 0.8660254037844387100, 1.000000000000000000, 0.8660254037844387100, 1.000000000000000000, 0.8660254037844387100, 1.000000000000000000, 0.8660254037844387100, 1.000000000000000000, 0.8660254037844387100, 1.000000000000000000, 0.8660254037844387100, 1.000000000000000000, 0.8660254037844387100, 1.000000000000000000, 0.8660254037844387100, 1.000000000000000000, 0.8660254037844387100, 1.000000000000000000, 0.8660254037844387100, 1.000000000000000000, 0.8660254037844387100, 1.000000000000000000, 0.8660254037844387100, 1.000000000000000000, 0.8660254037844387100, 1.000000000000000000, 0.8660254037844387100, 1.000000000000000000, 0.8660254037844387100, 1.000000000000000000, 0.8660254037844387100, 1.000000000000000000, 0.8660254037844387100, 1.000000000000000000, 0.8660254037844387100, 1.000000000000000000, 0.8660254037844387100, 1.000000000000000000, 0.8660254037844387100, 1.000000000000000000, 0.8660254037844387100, 1.000000000000000000, 0.8660254037844387100, 1.000000000000000000, 0.8660254037844387100, 1.000000000000000000, 0.8660254037844387100, 1.000000000000000000, 0.8660254037844387100, 1.000000000000000000, 0.8660254037844387100, 1.000000000000000000, 0.8660254037844387100, 1.000000000000000000, 0.8660254037844387100, 1.000000000000000000, 0.8660254037844387100, 1.000000000000000000, 0.8660254037844387100, 1.000000000000000000, 0.8660254037844387100, 1.000000000000000000, 0.8660254037844387100, 1.000000000000000000, 0.8660254037844387100, 1.000000000000000000, 0.8660254037844387100, 1.000000000000000000, 0.8660254037844387100, 1.000000000000000000, 0.8660254037844387100, 1.000000000000000000, 0.8660254037844387100, 1.000000000000000000, 0.8660254037844387100, 1.000000000000000000, 0.8660254037844387100, 1.000000000000000000, 0.8660254037844387100, 1.000000000000000000) ) ) 
 REPRESENTATION_ITEM ( '' )  SURFACE ( )  );
#1311 = LINE ( 'NONE', #4398, #2849 ) ;
#1312 = CIRCLE ( 'NONE', #231, 2.799999999999999800 ) ;
#1313 = CARTESIAN_POINT ( 'NONE',  ( 0.6785254037844372600, 1.175240473580831700, -7.641666666666666600 ) ) ;
#1314 = CARTESIAN_POINT ( 'NONE',  ( 1.017788105676655800, 0.5876202367904153100, -1.120833333333334000 ) ) ;
#1315 = CARTESIAN_POINT ( 'NONE',  ( 1.390055189998397700, 0.2635083148458682300, 1.144694294536544800 ) ) ;
#1316 = FACE_OUTER_BOUND ( 'NONE', #4633, .T. ) ;
#1317 = ORIENTED_EDGE ( 'NONE', *, *, #3528, .T. ) ;
#1318 = CARTESIAN_POINT ( 'NONE',  ( -0.6785254037844367100, 1.175240473580832400, -8.495833333333331800 ) ) ;
#1319 = CARTESIAN_POINT ( 'NONE',  ( 0.0000000000000000000, 6.628682924999594700E-017, 1.649999999999999500 ) ) ;
#1320 = EDGE_CURVE ( 'NONE', #1540, #1636, #4560, .T. ) ;
#1321 = DIRECTION ( 'NONE',  ( 0.0000000000000000000, -1.000000000000000000, 0.0000000000000000000 ) ) ;
#1322 = CARTESIAN_POINT ( 'NONE',  ( 1.017788105676654900, -0.5876202367904166400, 1.233333333333332700 ) ) ;
#1323 = CARTESIAN_POINT ( 'NONE',  ( 0.0000000000000000000, 1.500000000000000400, -0.7874999999999998700 ) ) ;
#1324 = CIRCLE ( 'NONE', #4325, 1.500000000000001100 ) ;
#1325 = ORIENTED_EDGE ( 'NONE', *, *, #3898, .T. ) ;
#1326 = CARTESIAN_POINT ( 'NONE',  ( -0.6785254037844371500, -1.175240473580832400, -1.329166666666666800 ) ) ;
#1327 = CARTESIAN_POINT ( 'NONE',  ( -0.8816504037844380400, -1.527063293868261300, -8.094791666666665700 ) ) ;
#1328 = CARTESIAN_POINT ( 'NONE',  ( -1.439254484199186200E-016, -1.175240473580832400, -1.787500000000000100 ) ) ;
#1329 = LINE ( 'NONE', #1479, #1671 ) ;
#1330 = DIRECTION ( 'NONE',  ( 0.0000000000000000000, 2.585091490897065700E-018, -1.000000000000000000 ) ) ;
#1331 = CARTESIAN_POINT ( 'NONE',  ( 1.017788105676655800, 0.5876202367904153100, -1.620833333333333600 ) ) ;
#1332 = DIRECTION ( 'NONE',  ( 0.0000000000000000000, -1.000000000000000000, 0.0000000000000000000 ) ) ;
#1333 = CARTESIAN_POINT ( 'NONE',  ( 0.6785254037844376000, 1.175240473580832200, -8.079166666666667500 ) ) ;
#1334 = DIRECTION ( 'NONE',  ( 0.0000000000000000000, 0.0000000000000000000, 1.000000000000000000 ) ) ;
#1335 = DIRECTION ( 'NONE',  ( 1.000000000000000000, 0.0000000000000000000, 0.0000000000000000000 ) ) ;
#1336 = CARTESIAN_POINT ( 'NONE',  ( 1.017788105676655100, -0.5876202367904167500, -0.7041666666666671600 ) ) ;
#1337 = CARTESIAN_POINT ( 'NONE',  ( 0.6785254037844362700, -1.175240473580832400, 1.691666666666666000 ) ) ;
#1338 = AXIS2_PLACEMENT_3D ( 'NONE', #4173, #226, #2367 ) ;
#1339 = CARTESIAN_POINT ( 'NONE',  ( -0.6785254037844371500, -1.175240473580832400, 1.670833333333333200 ) ) ;
#1340 = CARTESIAN_POINT ( 'NONE',  ( 1.175240473580831500, -0.1185456294207804900, -0.1875000000000016700 ) ) ;
#1341 = CARTESIAN_POINT ( 'NONE',  ( 0.0000000000000000000, 1.500000000000000400, -4.350000000000002300 ) ) ;
#1342 = ORIENTED_EDGE ( 'NONE', *, *, #3431, .T. ) ;
#1343 = EDGE_CURVE ( 'NONE', #2892, #1739, #3764, .T. ) ;
#1344 = DIRECTION ( 'NONE',  ( -0.0000000000000000000, -2.585091490897065700E-018, 1.000000000000000000 ) ) ;
#1345 = CARTESIAN_POINT ( 'NONE',  ( -1.299038105676658400, 0.7500000000000003300, -4.766666666666669300 ) ) ;
#1346 = CARTESIAN_POINT ( 'NONE',  ( 1.322475605676655800, -0.7635316469341314500, 0.4989583333333286700 ) ) ;
#1347 = CARTESIAN_POINT ( 'NONE',  ( 1.357050807568873600, -2.277006752164422900E-016, -8.162499999999999600 ) ) ;
#1348 = CARTESIAN_POINT ( 'NONE',  ( 1.322475605676656900, 0.7635316469341297800, 0.6135416666666684300 ) ) ;
#1349 = ORIENTED_EDGE ( 'NONE', *, *, #665, .T. ) ;
#1350 = CARTESIAN_POINT ( 'NONE',  ( 1.017788105676655600, 0.5876202367904153100, 0.8166666666666668700 ) ) ;
#1351 = ORIENTED_EDGE ( 'NONE', *, *, #1862, .T. ) ;
#1352 = CARTESIAN_POINT ( 'NONE',  ( 1.017788105676655100, -0.5876202367904167500, -0.2041666666666667200 ) ) ;
#1353 = CARTESIAN_POINT ( 'NONE',  ( 1.357050807568873400, -2.277006752164422900E-016, 0.7749999999999995800 ) ) ;
#1354 = ORIENTED_EDGE ( 'NONE', *, *, #1236, .T. ) ;
#1355 = ORIENTED_EDGE ( 'NONE', *, *, #4485, .T. ) ;
#1356 = CARTESIAN_POINT ( 'NONE',  ( 0.6785254037844376000, 1.175240473580832200, 1.920833333333333200 ) ) ;
#1357 = CARTESIAN_POINT ( 'NONE',  ( 0.7158346367413956900, 0.9825228224447071200, -0.1689907325794884100 ) ) ;
#1358 = DIRECTION ( 'NONE',  ( 0.0000000000000000000, -1.000000000000000000, 0.0000000000000000000 ) ) ;
#1359 = ORIENTED_EDGE ( 'NONE', *, *, #3923, .F. ) ;
#1360 = CARTESIAN_POINT ( 'NONE',  ( -1.732050807568877600, 1.276430378214812200E-016, -5.162500000000000500 ) ) ;
#1361 = CARTESIAN_POINT ( 'NONE',  ( 8.342199617867562800E-017, 0.3733333333333335700, 2.399999999999999900 ) ) ;
#1362 = CARTESIAN_POINT ( 'NONE',  ( 1.322475605676656900, 0.7635316469341297800, 2.082291666666661100 ) ) ;
#1363 = CIRCLE ( 'NONE', #146, 5.600459146698196600 ) ;
#1364 = CARTESIAN_POINT ( 'NONE',  ( 1.836970198721030900E-016, 1.500000000000001100, 0.0000000000000000000 ) ) ;
#1365 = CARTESIAN_POINT ( 'NONE',  ( 1.299038105676658000, -0.7500000000000008900, -7.954166666666666600 ) ) ;
#1366 = CARTESIAN_POINT ( 'NONE',  ( -1.017788105676655300, -0.5876202367904159700, 0.1291666666666663200 ) ) ;
#1367 = CARTESIAN_POINT ( 'NONE',  ( -1.763300807568875000, 1.295565484451488000E-016, -8.678124999999997900 ) ) ;
#1368 = CARTESIAN_POINT ( 'NONE',  ( -1.017788105676655300, -0.5876202367904159700, 0.6291666666666667600 ) ) ;
#1369 = CARTESIAN_POINT ( 'NONE',  ( -0.8660254037844290500, -1.500000000000018000, -0.5791666666666659400 ) ) ;
#1370 = AXIS2_PLACEMENT_3D ( 'NONE', #917, #4202, #2456 ) ;
#1371 = CARTESIAN_POINT ( 'NONE',  ( -1.616743081801765600, -0.3007757356204322500, 1.570662863178698100 ) ) ;
#1372 = CIRCLE ( 'NONE', #4360, 5.594903978236769300 ) ;
#1373 = ORIENTED_EDGE ( 'NONE', *, *, #2133, .T. ) ;
#1374 = CARTESIAN_POINT ( 'NONE',  ( 3.429011037612589800E-016, -2.800000000000000300, 1.649999999999999500 ) ) ;
#1375 = CARTESIAN_POINT ( 'NONE',  ( 0.0000000000000000000, 1.500000000000000400, -3.350000000000002800 ) ) ;
#1376 = CARTESIAN_POINT ( 'NONE',  ( -1.763300807568875000, 1.295565484451488300E-016, 1.290624999999994600 ) ) ;
#1377 = AXIS2_PLACEMENT_3D ( 'NONE', #2403, #1702, #1670 ) ;
#1378 = DIRECTION ( 'NONE',  ( 0.0000000000000000000, -1.000000000000000000, 0.0000000000000000000 ) ) ;
#1379 = EDGE_CURVE ( 'NONE', #2511, #1299, #2720, .T. ) ;
#1380 = CARTESIAN_POINT ( 'NONE',  ( 0.0000000000000000000, 1.175240473580832400, -2.037500000000000100 ) ) ;
#1381 = CARTESIAN_POINT ( 'NONE',  ( 0.5857404127452785500, 0.5857404127452782200, 2.388599486942812400 ) ) ;
#1382 = CARTESIAN_POINT ( 'NONE',  ( 1.164425097352040500, 0.1833756777831726200, -0.1875000000000022800 ) ) ;
#1383 = CARTESIAN_POINT ( 'NONE',  ( -1.763300807568875000, 1.295565484451488000E-016, -6.178124999999999600 ) ) ;
#1384 = CARTESIAN_POINT ( 'NONE',  ( -1.017788105676655300, -0.5876202367904158600, -8.433333333333331800 ) ) ;
#1385 = CARTESIAN_POINT ( 'NONE',  ( 0.0000000000000000000, 1.500000000000000400, -2.287500000000000500 ) ) ;
#1386 = CARTESIAN_POINT ( 'NONE',  ( -1.017788105676655300, -0.5876202367904159700, -7.370833333333333600 ) ) ;
#1387 = CARTESIAN_POINT ( 'NONE',  ( 1.017788105676655100, -0.5876202367904167500, -7.704166666666666600 ) ) ;
#1388 =( BOUNDED_CURVE ( )  B_SPLINE_CURVE ( 2, ( #1194, #2617, #2233, #3674, #4035, #4091, #74 ),
 .UNSPECIFIED., .F., .F. ) 
 B_SPLINE_CURVE_WITH_KNOTS ( ( 3, 2, 2, 3 ),
 ( 0.5952380952380951200, 0.6031746031746031400, 0.6111111111111110500, 0.6190476190476189600 ),
 .UNSPECIFIED. ) 
 CURVE ( )  GEOMETRIC_REPRESENTATION_ITEM ( )  RATIONAL_B_SPLINE_CURVE ( ( 1.000000000000001800, 0.8660254037844368200, 1.000000000000000000, 0.8660254037844387100, 1.000000000000000000, 0.8660254037844405900, 0.9999999999999981100 ) ) 
 REPRESENTATION_ITEM ( '' )  );
#1389 = CARTESIAN_POINT ( 'NONE',  ( -0.8484878780030746800, 1.037020932309313100, -8.138143932285164100 ) ) ;
#1390 = CARTESIAN_POINT ( 'NONE',  ( 0.0000000000000000000, 1.500000000000000400, -0.8500000000000033100 ) ) ;
#1391 = CARTESIAN_POINT ( 'NONE',  ( 1.357050807568873600, -2.277006752164422900E-016, 1.837499999999998800 ) ) ;
#1392 = CARTESIAN_POINT ( 'NONE',  ( -1.322475605676656200, 0.7635316469341311100, -6.719791666666665700 ) ) ;
#1393 = ORIENTED_EDGE ( 'NONE', *, *, #50, .T. ) ;
#1394 = CARTESIAN_POINT ( 'NONE',  ( 1.017788105676655600, 0.5876202367904153100, -6.183333333333333600 ) ) ;
#1395 = CARTESIAN_POINT ( 'NONE',  ( -1.357050807568873400, 1.046809103374680800E-016, -7.974999999999998800 ) ) ;
#1396 = CARTESIAN_POINT ( 'NONE',  ( 1.299038105676659100, 0.7499999999999991100, -5.370833333333333600 ) ) ;
#1397 = ORIENTED_EDGE ( 'NONE', *, *, #2479, .F. ) ;
#1398 = CARTESIAN_POINT ( 'NONE',  ( 0.0000000000000000000, 1.175240473580832200, -8.099999999999999600 ) ) ;
#1399 = EDGE_CURVE ( 'NONE', #4040, #2422, #2360, .T. ) ;
#1400 = CARTESIAN_POINT ( 'NONE',  ( -1.357050807568873600, 1.046809103374681200E-016, -8.412499999999999600 ) ) ;
#1401 = VERTEX_POINT ( 'NONE', #3669 ) ;
#1402 = CARTESIAN_POINT ( 'NONE',  ( -0.6785254037844371500, -1.175240473580832400, -6.329166666666666600 ) ) ;
#1403 = ORIENTED_EDGE ( 'NONE', *, *, #813, .F. ) ;
#1404 = DIRECTION ( 'NONE',  ( -0.0000000000000000000, -0.0000000000000000000, -1.000000000000000000 ) ) ;
#1405 = CARTESIAN_POINT ( 'NONE',  ( -1.732050807568877900, 1.276430378214812400E-016, -2.225000000000004100 ) ) ;
#1406 = CARTESIAN_POINT ( 'NONE',  ( 1.836970198721030400E-016, 1.500000000000000400, 1.649999999999999500 ) ) ;
#1407 = CARTESIAN_POINT ( 'NONE',  ( -2.360022447261704800, 2.890193935954950600E-016, 2.089977552738297100 ) ) ;
#1408 = VERTEX_POINT ( 'NONE', #2245 ) ;
#1409 = ORIENTED_EDGE ( 'NONE', *, *, #3836, .T. ) ;
#1410 = CARTESIAN_POINT ( 'NONE',  ( 0.0000000000000000000, 1.527063293868261800, -6.303124999999997900 ) ) ;
#1411 = CARTESIAN_POINT ( 'NONE',  ( 0.0000000000000000000, 1.500000000000000400, -2.850000000000003600 ) ) ;
#1412 = CARTESIAN_POINT ( 'NONE',  ( -1.357050807568873400, 1.046809103374680900E-016, -4.474999999999999600 ) ) ;
#1413 = CARTESIAN_POINT ( 'NONE',  ( 0.8660254037844313800, -1.500000000000013300, -3.058333333333337600 ) ) ;
#1414 = CARTESIAN_POINT ( 'NONE',  ( -1.017788105676655300, -0.5876202367904158600, -5.933333333333333600 ) ) ;
#1415 = ORIENTED_EDGE ( 'NONE', *, *, #3197, .F. ) ;
#1416 = CARTESIAN_POINT ( 'NONE',  ( -0.2678159961287086000, -0.9766879735806969200, 0.7413608489943261900 ) ) ;
#1417 = CARTESIAN_POINT ( 'NONE',  ( -1.439254484199185900E-016, -1.175240473580832200, -8.349999999999999600 ) ) ;
#1418 = CARTESIAN_POINT ( 'NONE',  ( 0.6785254037844363800, -1.175240473580832600, -8.245833333333333600 ) ) ;
#1419 = CARTESIAN_POINT ( 'NONE',  ( -1.017788105676655300, 0.5876202367904163100, -7.954166666666666600 ) ) ;
#1420 = CARTESIAN_POINT ( 'NONE',  ( 0.0000000000000000000, 1.175240473580832400, -6.537499999999999600 ) ) ;
#1421 = CARTESIAN_POINT ( 'NONE',  ( -1.836970198721030400E-016, -1.500000000000000400, -0.6000000000000032000 ) ) ;
#1422 = CARTESIAN_POINT ( 'NONE',  ( 1.132886690922246100, -0.8024118014592585000, -8.089553070713209900 ) ) ;
#1423 = VECTOR ( 'NONE', #4238, 1000.000000000000000 ) ;
#1424 = ORIENTED_EDGE ( 'NONE', *, *, #1099, .T. ) ;
#1425 = CARTESIAN_POINT ( 'NONE',  ( 1.175240473580833100, 0.09097164027695026100, -0.1875000000000017500 ) ) ;
#1426 = CARTESIAN_POINT ( 'NONE',  ( 1.763300807568875000, -3.023275895394842700E-016, -5.428124999999998800 ) ) ;
#1427 = CARTESIAN_POINT ( 'NONE',  ( 0.0000000000000000000, 0.0000000000000000000, 1.649999999999999900 ) ) ;
#1428 = CARTESIAN_POINT ( 'NONE',  ( -1.439254484199185900E-016, -1.175240473580832200, -3.850000000000000100 ) ) ;
#1429 = CARTESIAN_POINT ( 'NONE',  ( -0.6785254037844370400, -1.175240473580832200, -6.391666666666667500 ) ) ;
#1430 = CIRCLE ( 'NONE', #4423, 5.600459146698196600 ) ;
#1431 = CARTESIAN_POINT ( 'NONE',  ( -1.732050807568877600, 1.276430378214812200E-016, -4.162500000000000500 ) ) ;
#1432 = EDGE_CURVE ( 'NONE', #2466, #4428, #1946, .T. ) ;
#1433 = DIRECTION ( 'NONE',  ( -0.0000000000000000000, -2.585091490897065700E-018, 1.000000000000000000 ) ) ;
#1434 = CONICAL_SURFACE ( 'NONE', #3713, 2.799999999999999800, 0.7853981633974507200 ) ;
#1435 = CARTESIAN_POINT ( 'NONE',  ( 0.8660254037844453700, -1.499999999999988700, -2.495833333333333100 ) ) ;
#1436 = CARTESIAN_POINT ( 'NONE',  ( 0.0000000000000000000, 1.500000000000000400, -0.7874999999999998700 ) ) ;
#1437 = CARTESIAN_POINT ( 'NONE',  ( 0.6785254037844363800, -1.175240473580832600, -5.745833333333334500 ) ) ;
#1438 = PRODUCT_DEFINITION ( 'UNKNOWN', '', #91, #2820 ) ;
#1439 = CARTESIAN_POINT ( 'NONE',  ( -0.6785254037844372600, -1.175240473580832200, -5.829166666666666600 ) ) ;
#1440 = CARTESIAN_POINT ( 'NONE',  ( -1.732050807568877600, 1.276430378214812400E-016, -2.662500000000000500 ) ) ;
#1441 = CARTESIAN_POINT ( 'NONE',  ( 0.1762355302912986800, -1.229235702069268100, -8.245764297931243500 ) ) ;
#1442 = CARTESIAN_POINT ( 'NONE',  ( -0.3746542051861068100, 1.101405575052957200, 2.415097634362402000 ) ) ;
#1443 = CARTESIAN_POINT ( 'NONE',  ( -1.870113174931180700E-016, -1.527063293868261800, -5.053124999999998800 ) ) ;
#1444 = CARTESIAN_POINT ( 'NONE',  ( 1.763300807568875000, -3.023275895394842700E-016, -7.459375000000005000 ) ) ;
#1445 = CARTESIAN_POINT ( 'NONE',  ( 0.0000000000000000000, 1.175240473580832200, -5.599999999999999600 ) ) ;
#1446 = CARTESIAN_POINT ( 'NONE',  ( -0.6785254037844366000, 1.175240473580832400, -5.558333333333333600 ) ) ;
#1447 = ADVANCED_FACE ( 'NONE', ( #3977 ), #3300, .T. ) ;
#1448 = CARTESIAN_POINT ( 'NONE',  ( 1.017788105676655600, 0.5876202367904153100, -6.683333333333333600 ) ) ;
#1449 = CARTESIAN_POINT ( 'NONE',  ( 1.357050807568873600, -2.277006752164423400E-016, -8.162499999999999600 ) ) ;
#1450 = CARTESIAN_POINT ( 'NONE',  ( 0.6841100080451124600, -1.334913291900458300, 4.754144145919155100E-016 ) ) ;
#1451 = CARTESIAN_POINT ( 'NONE',  ( -1.017788105676655300, -0.5876202367904159700, -7.870833333333333600 ) ) ;
#1452 = CARTESIAN_POINT ( 'NONE',  ( 1.017788105676655100, -0.5876202367904167500, -7.204166666666666600 ) ) ;
#1453 = CARTESIAN_POINT ( 'NONE',  ( -0.1799822918508837700, -1.454737794669900300, -8.020262205332475200 ) ) ;
#1454 = ORIENTED_EDGE ( 'NONE', *, *, #184, .F. ) ;
#1455 = DIRECTION ( 'NONE',  ( -0.0000000000000000000, -2.585091490897065700E-018, 1.000000000000000000 ) ) ;
#1456 = CARTESIAN_POINT ( 'NONE',  ( -0.8816504037844373800, 1.527063293868261600, -3.261458333333332200 ) ) ;
#1457 = CARTESIAN_POINT ( 'NONE',  ( 0.8816504037844369300, -1.527063293868262000, -7.542708333333338000 ) ) ;
#1458 = AXIS2_PLACEMENT_3D ( 'NONE', #2306, #95, #4070 ) ;
#1459 = CARTESIAN_POINT ( 'NONE',  ( -1.017788105676655100, 0.5876202367904161900, -5.516666666666666600 ) ) ;
#1460 = VERTEX_POINT ( 'NONE', #70 ) ;
#1461 = ORIENTED_EDGE ( 'NONE', *, *, #4293, .T. ) ;
#1462 = CARTESIAN_POINT ( 'NONE',  ( 1.357050807568873400, -2.277006752164422900E-016, -6.224999999999999600 ) ) ;
#1463 = DIRECTION ( 'NONE',  ( 0.3826834323650897300, -0.9238795325112868500, 0.0000000000000000000 ) ) ;
#1464 = CARTESIAN_POINT ( 'NONE',  ( -1.017788105676655100, 0.5876202367904161900, -7.516666666666666600 ) ) ;
#1465 = ORIENTED_EDGE ( 'NONE', *, *, #1379, .F. ) ;
#1466 = ORIENTED_EDGE ( 'NONE', *, *, #1902, .F. ) ;
#1467 = AXIS2_PLACEMENT_3D ( 'NONE', #2440, #3864, #2457 ) ;
#1468 = EDGE_CURVE ( 'NONE', #3229, #513, #1487, .T. ) ;
#1469 = CARTESIAN_POINT ( 'NONE',  ( -1.017788105676655300, -0.5876202367904159700, -6.870833333333332700 ) ) ;
#1470 = CARTESIAN_POINT ( 'NONE',  ( 0.6785254037844366000, -1.175240473580832600, -1.745833333333333300 ) ) ;
#1471 = CARTESIAN_POINT ( 'NONE',  ( -1.017788105676655300, -0.5876202367904159700, -3.870833333333333600 ) ) ;
#1472 = CARTESIAN_POINT ( 'NONE',  ( 0.0000000000000000000, 1.175240473580832400, -5.537499999999999600 ) ) ;
#1473 = ADVANCED_FACE ( 'NONE', ( #972 ), #365, .T. ) ;
#1474 = ORIENTED_EDGE ( 'NONE', *, *, #4119, .F. ) ;
#1475 = CARTESIAN_POINT ( 'NONE',  ( 0.7402758276122243200, -1.292719911913987400, -7.988387134520224600 ) ) ;
#1476 = CARTESIAN_POINT ( 'NONE',  ( -1.299038105676658200, 0.7500000000000004400, -2.704166666666667100 ) ) ;
#1477 = PERSON_AND_ORGANIZATION_ROLE ( 'design_owner' ) ;
#1478 = DIRECTION ( 'NONE',  ( -0.9238795325112894000, 0.3826834323650832900, 0.0000000000000000000 ) ) ;
#1479 = CARTESIAN_POINT ( 'NONE',  ( 0.0000000000000000000, -1.500000000000000400, 1.649999999999999500 ) ) ;
#1480 = CARTESIAN_POINT ( 'NONE',  ( -0.8816504037844380400, -1.527063293868261300, -3.094791666666664800 ) ) ;
#1481 = CARTESIAN_POINT ( 'NONE',  ( 0.8816504037844369300, -1.527063293868262000, -7.042708333333338000 ) ) ;
#1482 = CONICAL_SURFACE ( 'NONE', #4348, 1.866666666666665800, 0.2617993877991500700 ) ;
#1483 = CARTESIAN_POINT ( 'NONE',  ( 0.6785254037844363800, -1.175240473580832200, -2.808333333333333600 ) ) ;
#1484 = CARTESIAN_POINT ( 'NONE',  ( -0.6785254037844366000, 1.175240473580832400, -7.558333333333333600 ) ) ;
#1485 =( BOUNDED_CURVE ( )  B_SPLINE_CURVE ( 2, ( #3102, #4473, #863, #1620, #3418, #3432, #201 ),
 .UNSPECIFIED., .F., .F. ) 
 B_SPLINE_CURVE_WITH_KNOTS ( ( 3, 2, 2, 3 ),
 ( 0.2857142857142858100, 0.2936507936507937200, 0.3015873015873015700, 0.3095238095238094800 ),
 .UNSPECIFIED. ) 
 CURVE ( )  GEOMETRIC_REPRESENTATION_ITEM ( )  RATIONAL_B_SPLINE_CURVE ( ( 0.9999999999999981100, 0.8660254037844404800, 1.000000000000000000, 0.8660254037844386000, 1.000000000000000000, 0.8660254037844394800, 0.9999999999999991100 ) ) 
 REPRESENTATION_ITEM ( '' )  );
#1486 = CARTESIAN_POINT ( 'NONE',  ( -0.6785254037844370400, -1.175240473580832200, -7.391666666666665700 ) ) ;
#1487 = CIRCLE ( 'NONE', #1033, 1.788139503280600000 ) ;
#1488 = ORIENTED_EDGE ( 'NONE', *, *, #3006, .F. ) ;
#1489 = CARTESIAN_POINT ( 'NONE',  ( 1.017788105676655100, -0.5876202367904167500, -6.704166666666666600 ) ) ;
#1490 = CARTESIAN_POINT ( 'NONE',  ( 0.6785254037844376000, 1.175240473580832200, -3.579166666666667500 ) ) ;
#1491 = CARTESIAN_POINT ( 'NONE',  ( 0.6785254037844366000, -1.175240473580832600, -5.745833333333333600 ) ) ;
#1492 = VECTOR ( 'NONE', #2042, 1000.000000000000000 ) ;
#1493 = ORIENTED_EDGE ( 'NONE', *, *, #124, .F. ) ;
#1494 = AXIS2_PLACEMENT_3D ( 'NONE', #3774, #1631, #215 ) ;
#1495 = CARTESIAN_POINT ( 'NONE',  ( -1.322475605676656200, 0.7635316469341311100, -4.719791666666665700 ) ) ;
#1496 = CONICAL_SURFACE ( 'NONE', #777, 1.500000000000000400, 0.7853981633974517200 ) ;
#1497 = CARTESIAN_POINT ( 'NONE',  ( -1.322475605676656200, -0.7635316469341305600, -7.667708333333338000 ) ) ;
#1498 = CARTESIAN_POINT ( 'NONE',  ( 0.6785254037844363800, -1.175240473580832200, -3.308333333333333100 ) ) ;
#1499 = CARTESIAN_POINT ( 'NONE',  ( -1.439254484199185900E-016, -1.175240473580832200, -3.350000000000000500 ) ) ;
#1500 = ADVANCED_FACE ( 'NONE', ( #3411 ), #873, .T. ) ;
#1501 = DIRECTION ( 'NONE',  ( 1.000000000000000000, 0.0000000000000000000, 0.0000000000000000000 ) ) ;
#1502 = AXIS2_PLACEMENT_3D ( 'NONE', #1602, #3395, #211 ) ;
#1503 = EDGE_CURVE ( 'NONE', #385, #329, #2055, .T. ) ;
#1504 = CARTESIAN_POINT ( 'NONE',  ( 1.017788105676654900, -0.5876202367904166400, -7.266666666666666600 ) ) ;
#1505 = CARTESIAN_POINT ( 'NONE',  ( -1.439254484199186200E-016, -1.175240473580832400, -7.287499999999999600 ) ) ;
#1506 = CARTESIAN_POINT ( 'NONE',  ( -0.3733333333333335700, -1.220064370322761600E-015, 2.399999999999999900 ) ) ;
#1507 = CARTESIAN_POINT ( 'NONE',  ( -1.439254484199186200E-016, -1.175240473580832400, -5.287500000000000500 ) ) ;
#1508 = CARTESIAN_POINT ( 'NONE',  ( 0.6785254037844366000, -1.175240473580832600, -4.245833333333333600 ) ) ;
#1509 = CARTESIAN_POINT ( 'NONE',  ( 1.299038105676659100, 0.7499999999999991100, -3.870833333333333100 ) ) ;
#1510 =( NAMED_UNIT ( * ) PLANE_ANGLE_UNIT ( ) SI_UNIT ( $, .RADIAN. ) );
#1511 = CARTESIAN_POINT ( 'NONE',  ( -1.836970198721030700E-016, -1.500000000000000400, -1.537500000000000500 ) ) ;
#1512 = CARTESIAN_POINT ( 'NONE',  ( -1.870113174931180700E-016, -1.527063293868261800, -3.053124999999998800 ) ) ;
#1513 = CARTESIAN_POINT ( 'NONE',  ( 0.0000000000000000000, 1.527063293868261800, -6.334375000000005000 ) ) ;
#1514 = CARTESIAN_POINT ( 'NONE',  ( -1.017788105676655300, -0.5876202367904158600, -3.433333333333333600 ) ) ;
#1515 = CARTESIAN_POINT ( 'NONE',  ( -0.6785254037844370400, -1.175240473580832200, -4.891666666666667500 ) ) ;
#1516 = CARTESIAN_POINT ( 'NONE',  ( -1.500000000000001100, 2.632990618166810200E-016, 0.3500000000000074200 ) ) ;
#1517 = CARTESIAN_POINT ( 'NONE',  ( 0.0000000000000000000, 1.500000000000000400, -6.850000000000004100 ) ) ;
#1518 =( BOUNDED_CURVE ( )  B_SPLINE_CURVE ( 1, ( #4167, #1221 ),
 .UNSPECIFIED., .F., .F. ) 
 B_SPLINE_CURVE_WITH_KNOTS ( ( 2, 2 ),
 ( 0.0000000000000000000, 0.0003750000000001795500 ),
 .UNSPECIFIED. ) 
 CURVE ( )  GEOMETRIC_REPRESENTATION_ITEM ( )  RATIONAL_B_SPLINE_CURVE ( ( 0.9550068919397514100, 0.9550068919397514100 ) ) 
 REPRESENTATION_ITEM ( '' )  );
#1519 = ORIENTED_EDGE ( 'NONE', *, *, #2811, .T. ) ;
#1520 = CARTESIAN_POINT ( 'NONE',  ( -1.017788105676655100, 0.5876202367904161900, -4.016666666666666600 ) ) ;
#1521 = CARTESIAN_POINT ( 'NONE',  ( -0.6785254037844367100, 1.175240473580832400, -6.495833333333333600 ) ) ;
#1522 = ORIENTED_EDGE ( 'NONE', *, *, #2049, .T. ) ;
#1523 = DIRECTION ( 'NONE',  ( 2.226014740109637600E-016, 0.9961946980917455500, -0.08715574274765836000 ) ) ;
#1524 = CARTESIAN_POINT ( 'NONE',  ( 0.6785254037844376000, 1.175240473580832200, -4.579166666666667500 ) ) ;
#1525 = CARTESIAN_POINT ( 'NONE',  ( -1.017788105676655300, -0.5876202367904159700, -3.370833333333333100 ) ) ;
#1526 = ADVANCED_FACE ( 'NONE', ( #3748 ), #78, .T. ) ;
#1527 = CARTESIAN_POINT ( 'NONE',  ( 1.050943903832999100, -1.070288237343687700, -7.975000000000003200 ) ) ;
#1528 = PERSON_AND_ORGANIZATION ( #3414, #792 ) ;
#1529 = EDGE_LOOP ( 'NONE', ( #397, #3733, #3623, #1008, #2333 ) ) ;
#1530 = ORIENTED_EDGE ( 'NONE', *, *, #292, .T. ) ;
#1531 = CARTESIAN_POINT ( 'NONE',  ( 0.8660254037844313800, -1.500000000000013300, -4.058333333333337100 ) ) ;
#1532 = CARTESIAN_POINT ( 'NONE',  ( 0.8816504037844382600, 1.527063293868261300, -2.344791666666665300 ) ) ;
#1533 = CARTESIAN_POINT ( 'NONE',  ( 1.763300807568875000, -3.023275895394842700E-016, -2.959375000000005400 ) ) ;
#1534 = CARTESIAN_POINT ( 'NONE',  ( 1.357050807568873400, -2.277006752164422400E-016, -1.225000000000000500 ) ) ;
#1535 = ORIENTED_EDGE ( 'NONE', *, *, #2514, .T. ) ;
#1536 = CARTESIAN_POINT ( 'NONE',  ( 0.0000000000000000000, 1.175240473580832200, -4.100000000000000500 ) ) ;
#1537 = ORIENTED_EDGE ( 'NONE', *, *, #537, .F. ) ;
#1538 = CARTESIAN_POINT ( 'NONE',  ( 1.017788105676655600, 0.5876202367904153100, -3.183333333333333100 ) ) ;
#1539 = AXIS2_PLACEMENT_3D ( 'NONE', #1319, #3833, #966 ) ;
#1540 = VERTEX_POINT ( 'NONE', #3986 ) ;
#1541 = EDGE_CURVE ( 'NONE', #784, #2284, #3427, .T. ) ;
#1542 = CARTESIAN_POINT ( 'NONE',  ( 1.017788105676655800, 0.5876202367904153100, -7.120833333333333600 ) ) ;
#1543 = DIRECTION ( 'NONE',  ( 1.000000000000000000, 0.0000000000000000000, 0.0000000000000000000 ) ) ;
#1544 = CARTESIAN_POINT ( 'NONE',  ( 1.500000000000000400, -5.983454197899959000E-015, -7.975000000000003200 ) ) ;
#1545 = CARTESIAN_POINT ( 'NONE',  ( -1.017788105676655300, -0.5876202367904159700, -4.370833333333333600 ) ) ;
#1546 = CARTESIAN_POINT ( 'NONE',  ( -1.017788105676655300, -0.5876202367904159700, -2.370833333333333100 ) ) ;
#1547 = DIRECTION ( 'NONE',  ( -0.0000000000000000000, -2.585091490897073400E-018, 1.000000000000000000 ) ) ;
#1548 = VECTOR ( 'NONE', #1883, 1000.000000000000000 ) ;
#1549 = DIRECTION ( 'NONE',  ( 0.0000000000000000000, -1.000000000000000000, 0.0000000000000000000 ) ) ;
#1550 = CARTESIAN_POINT ( 'NONE',  ( -0.8816504037844373800, 1.527063293868261600, -1.761458333333331800 ) ) ;
#1551 =( BOUNDED_CURVE ( )  B_SPLINE_CURVE ( 2, ( #4218, #3799, #601, #3450, #3145, #1668, #3780 ),
 .UNSPECIFIED., .F., .F. ) 
 B_SPLINE_CURVE_WITH_KNOTS ( ( 3, 2, 2, 3 ),
 ( 0.4761904761904762800, 0.4841269841269841800, 0.4920634920634919800, 0.4999999999999998900 ),
 .UNSPECIFIED. ) 
 CURVE ( )  GEOMETRIC_REPRESENTATION_ITEM ( )  RATIONAL_B_SPLINE_CURVE ( ( 0.9999999999999981100, 0.8660254037844404800, 1.000000000000000000, 0.8660254037844386000, 1.000000000000000000, 0.8660254037844404800, 0.9999999999999981100 ) ) 
 REPRESENTATION_ITEM ( '' )  );
#1552 = CARTESIAN_POINT ( 'NONE',  ( -1.322475605676656200, -0.7635316469341305600, -2.667708333333338900 ) ) ;
#1553 = CARTESIAN_POINT ( 'NONE',  ( 0.0000000000000000000, 1.175240473580832200, -3.600000000000000100 ) ) ;
#1554 = CARTESIAN_POINT ( 'NONE',  ( -1.017788105676655300, -0.5876202367904158600, -2.933333333333334000 ) ) ;
#1555 = DIRECTION ( 'NONE',  ( -1.000000000000000000, 0.0000000000000000000, 0.0000000000000000000 ) ) ;
#1556 = ADVANCED_FACE ( 'NONE', ( #2637 ), #1211, .T. ) ;
#1557 = VERTEX_POINT ( 'NONE', #3290 ) ;
#1558 = CARTESIAN_POINT ( 'NONE',  ( 0.6785254037844372600, 1.175240473580831900, -3.641666666666667100 ) ) ;
#1559 = VECTOR ( 'NONE', #2382, 1000.000000000000100 ) ;
#1560 = EDGE_LOOP ( 'NONE', ( #3341, #856, #4359, #1632 ) ) ;
#1561 = CARTESIAN_POINT ( 'NONE',  ( 1.357050807568873600, -2.277006752164423400E-016, -3.662500000000000500 ) ) ;
#1562 = CARTESIAN_POINT ( 'NONE',  ( -1.299038105676658400, -0.7499999999999998900, -2.120833333333333600 ) ) ;
#1563 = DIRECTION ( 'NONE',  ( 0.9961946980917455500, 3.255593724230834800E-015, 0.08715574274765836000 ) ) ;
#1564 = CARTESIAN_POINT ( 'NONE',  ( -1.017788105676655300, -0.5876202367904159700, -2.370833333333333100 ) ) ;
#1565 = CARTESIAN_POINT ( 'NONE',  ( -1.017788105676655300, 0.5876202367904163100, -2.454166666666667100 ) ) ;
#1566 = CARTESIAN_POINT ( 'NONE',  ( 0.8660254037844259400, 1.500000000000024400, -6.829166666666666600 ) ) ;
#1567 = AXIS2_PLACEMENT_3D ( 'NONE', #1871, #110, #2288 ) ;
#1568 = CARTESIAN_POINT ( 'NONE',  ( 1.322475605676656900, 0.7635316469341297800, -1.886458333333332000 ) ) ;
#1569 = CARTESIAN_POINT ( 'NONE',  ( 0.0000000000000000000, 1.527063293868261800, -4.834375000000005000 ) ) ;
#1570 = CARTESIAN_POINT ( 'NONE',  ( -1.017788105676655100, 0.5876202367904161900, -4.516666666666667500 ) ) ;
#1571 = EDGE_CURVE ( 'NONE', #2041, #3846, #2741, .T. ) ;
#1572 = CARTESIAN_POINT ( 'NONE',  ( -0.6785254037844366000, 1.175240473580832400, -4.558333333333333600 ) ) ;
#1573 = EDGE_CURVE ( 'NONE', #2834, #3120, #3460, .T. ) ;
#1574 = CARTESIAN_POINT ( 'NONE',  ( -1.357050807568873600, 1.046809103374681200E-016, -3.412500000000000100 ) ) ;
#1575 = SECURITY_CLASSIFICATION ( '', '', #3610 ) ;
#1576 = CARTESIAN_POINT ( 'NONE',  ( 0.6785254037844376000, 1.175240473580831900, -3.079166666666666600 ) ) ;
#1577 = CARTESIAN_POINT ( 'NONE',  ( 1.732050807568877600, -2.965870576684816000E-016, -3.412500000000001000 ) ) ;
#1578 = CARTESIAN_POINT ( 'NONE',  ( 0.8816504037844382600, 1.527063293868261300, -1.344791666666665100 ) ) ;
#1579 = CARTESIAN_POINT ( 'NONE',  ( -1.322475605676656200, 0.7635316469341311100, -3.251041666666671900 ) ) ;
#1580 = CARTESIAN_POINT ( 'NONE',  ( -1.836970198721030700E-016, -1.500000000000000400, -5.537500000000000500 ) ) ;
#1581 =( BOUNDED_CURVE ( )  B_SPLINE_CURVE ( 2, ( #3171, #2429, #4592, #1360, #20, #1771, #381 ),
 .UNSPECIFIED., .F., .F. ) 
 B_SPLINE_CURVE_WITH_KNOTS ( ( 3, 2, 2, 3 ),
 ( 0.6428571428571426800, 0.6507936507936507000, 0.6587301587301585000, 0.6666666666666665200 ),
 .UNSPECIFIED. ) 
 CURVE ( )  GEOMETRIC_REPRESENTATION_ITEM ( )  RATIONAL_B_SPLINE_CURVE ( ( 1.000000000000001800, 0.8660254037844368200, 1.000000000000000000, 0.8660254037844387100, 1.000000000000000000, 0.8660254037844424800, 0.9999999999999962300 ) ) 
 REPRESENTATION_ITEM ( '' )  );
#1582 = ORIENTED_EDGE ( 'NONE', *, *, #640, .F. ) ;
#1583 = CARTESIAN_POINT ( 'NONE',  ( -1.017788105676655100, 0.5876202367904161900, -0.5166666666666670500 ) ) ;
#1584 = CARTESIAN_POINT ( 'NONE',  ( 0.3716700472500849600, 1.100811989133271100, 2.380988553074016200 ) ) ;
#1585 = CARTESIAN_POINT ( 'NONE',  ( -1.017788105676655100, 0.5876202367904161900, -3.016666666666666600 ) ) ;
#1586 = VERTEX_POINT ( 'NONE', #2611 ) ;
#1587 = ORIENTED_EDGE ( 'NONE', *, *, #3914, .T. ) ;
#1588 = CARTESIAN_POINT ( 'NONE',  ( 1.017788105676655100, -0.5876202367904167500, -4.704166666666667500 ) ) ;
#1589 = DIRECTION ( 'NONE',  ( -1.000000000000000000, 0.0000000000000000000, 0.0000000000000000000 ) ) ;
#1590 = EDGE_CURVE ( 'NONE', #2284, #615, #2605, .T. ) ;
#1591 = ORIENTED_EDGE ( 'NONE', *, *, #2702, .F. ) ;
#1592 = VERTEX_POINT ( 'NONE', #1223 ) ;
#1593 = CARTESIAN_POINT ( 'NONE',  ( 1.299038105676659100, 0.7499999999999991100, -6.870833333333333600 ) ) ;
#1594 = CARTESIAN_POINT ( 'NONE',  ( -1.870113174931180700E-016, -1.527063293868261800, -0.05312499999999935300 ) ) ;
#1595 = CARTESIAN_POINT ( 'NONE',  ( 0.8816504037844369300, -1.527063293868262000, -4.042708333333338900 ) ) ;
#1596 = ORIENTED_EDGE ( 'NONE', *, *, #2078, .T. ) ;
#1597 = CARTESIAN_POINT ( 'NONE',  ( 1.017788105676654900, -0.5876202367904166400, -0.7666666666666672700 ) ) ;
#1598 = EDGE_CURVE ( 'NONE', #1750, #3169, #4659, .T. ) ;
#1599 = CARTESIAN_POINT ( 'NONE',  ( -1.357050807568873400, 1.046809103374681200E-016, -0.4749999999999997600 ) ) ;
#1600 = ADVANCED_FACE ( 'NONE', ( #919 ), #2518, .F. ) ;
#1601 = CARTESIAN_POINT ( 'NONE',  ( -0.2359215567864315100, -1.073809935526933700, 0.8293762070536470100 ) ) ;
#1602 = CARTESIAN_POINT ( 'NONE',  ( 0.0000000000000000000, 6.628682924999594700E-017, 1.649999999999999500 ) ) ;
#1603 = VECTOR ( 'NONE', #1747, 1000.000000000000200 ) ;
#1604 = CARTESIAN_POINT ( 'NONE',  ( -1.017788105676655300, -0.5876202367904158600, -1.433333333333333300 ) ) ;
#1605 = CARTESIAN_POINT ( 'NONE',  ( 0.6785254037844363800, -1.175240473580832600, -3.245833333333333600 ) ) ;
#1606 = CARTESIAN_POINT ( 'NONE',  ( -1.836970198721030700E-016, -1.500000000000000400, -1.537500000000000500 ) ) ;
#1607 = CARTESIAN_POINT ( 'NONE',  ( 0.2532571841263969700, -0.1049025604335706300, -3.225649374138636700 ) ) ;
#1608 = CYLINDRICAL_SURFACE ( 'NONE', #1370, 1.500000000000000400 ) ;
#1609 = DIRECTION ( 'NONE',  ( -0.3826834323650976600, 0.9238795325112834100, 1.945590103797453900E-014 ) ) ;
#1610 = CARTESIAN_POINT ( 'NONE',  ( -1.299038105676658200, 0.7500000000000004400, -6.204166666666666600 ) ) ;
#1611 = CARTESIAN_POINT ( 'NONE',  ( -1.763300807568875000, 1.295565484451488300E-016, -0.6781249999999982000 ) ) ;
#1612 = CIRCLE ( 'NONE', #1803, 1.788139503280600000 ) ;
#1613 = CARTESIAN_POINT ( 'NONE',  ( 0.0000000000000000000, 1.527063293868261800, -0.3343750000000048100 ) ) ;
#1614 = CARTESIAN_POINT ( 'NONE',  ( 0.6785254037844363800, -1.175240473580832200, -0.8083333333333335700 ) ) ;
#1615 = CARTESIAN_POINT ( 'NONE',  ( 0.0000000000000000000, 1.175240473580832200, -2.600000000000000100 ) ) ;
#1616 = B_SPLINE_CURVE_WITH_KNOTS ( 'NONE', 3,
 ( #3511, #3892, #625, #3827, #1665, #2023 ),
 .UNSPECIFIED., .F., .F.,
 ( 4, 2, 4 ),
 ( 0.0000000000000000000, 0.0004027052821109771000, 0.0008054105642219542100 ),
 .UNSPECIFIED. ) ;
#1617 = CIRCLE ( 'NONE', #4153, 5.594903978236769300 ) ;
#1618 = CARTESIAN_POINT ( 'NONE',  ( 0.6785254037844372600, 1.175240473580831900, -1.141666666666666600 ) ) ;
#1619 = CARTESIAN_POINT ( 'NONE',  ( 1.017788105676655100, -0.5876202367904167500, -2.704166666666667100 ) ) ;
#1620 = CARTESIAN_POINT ( 'NONE',  ( -1.732050807568877900, 1.276430378214812200E-016, -5.225000000000005000 ) ) ;
#1621 = AXIS2_PLACEMENT_3D ( 'NONE', #1780, #355, #2147 ) ;
#1622 = B_SPLINE_CURVE_WITH_KNOTS ( 'NONE', 3,
 ( #2992, #3756, #1166, #3647 ),
 .UNSPECIFIED., .F., .F.,
 ( 4, 4 ),
 ( 5.311174355597131200E-017, 0.0001973365888114193200 ),
 .UNSPECIFIED. ) ;
#1623 = DIRECTION ( 'NONE',  ( -0.0000000000000000000, -2.585091490897065700E-018, 1.000000000000000000 ) ) ;
#1624 = CARTESIAN_POINT ( 'NONE',  ( 1.763300807568875000, -3.023275895394842700E-016, -0.9593750000000053100 ) ) ;
#1625 = EDGE_CURVE ( 'NONE', #4088, #2626, #2324, .T. ) ;
#1626 = CARTESIAN_POINT ( 'NONE',  ( 0.6785254037844362700, -1.175240473580832400, -0.8083333333333335700 ) ) ;
#1627 = AXIS2_PLACEMENT_3D ( 'NONE', #964, #3494, #2060 ) ;
#1628 = EDGE_CURVE ( 'NONE', #3547, #733, #906, .T. ) ;
#1629 = CARTESIAN_POINT ( 'NONE',  ( 1.357050807568873400, -2.277006752164422900E-016, -2.225000000000000100 ) ) ;
#1630 = CARTESIAN_POINT ( 'NONE',  ( -1.017788105676655300, -0.5876202367904159700, -0.3708333333333341300 ) ) ;
#1631 = DIRECTION ( 'NONE',  ( -0.0000000000000000000, -2.585091490897065700E-018, 1.000000000000000000 ) ) ;
#1632 = ORIENTED_EDGE ( 'NONE', *, *, #3521, .T. ) ;
#1633 = DIRECTION ( 'NONE',  ( -0.0000000000000000000, -2.585091490897065700E-018, 1.000000000000000000 ) ) ;
#1634 = CARTESIAN_POINT ( 'NONE',  ( -0.3701540462942989300, 0.6732596486383748400, 0.4948264746952890100 ) ) ;
#1635 = CARTESIAN_POINT ( 'NONE',  ( 1.017788105676654900, -0.5876202367904166400, -7.766666666666666600 ) ) ;
#1636 = VERTEX_POINT ( 'NONE', #1517 ) ;
#1637 = CARTESIAN_POINT ( 'NONE',  ( 0.8941070860432430700, -0.7911507905477298500, -8.288310133518733000 ) ) ;
#1638 = CARTESIAN_POINT ( 'NONE',  ( 1.322475605676655800, -0.7635316469341314500, -2.001041666666671900 ) ) ;
#1639 = CARTESIAN_POINT ( 'NONE',  ( 0.3242336736456151200, -1.685413603369718500, 1.838788321721398900 ) ) ;
#1640 = ORIENTED_EDGE ( 'NONE', *, *, #4317, .F. ) ;
#1641 = CARTESIAN_POINT ( 'NONE',  ( -1.357050807568873400, 1.046809103374681200E-016, -0.9750000000000000900 ) ) ;
#1642 = CARTESIAN_POINT ( 'NONE',  ( 0.0000000000000000000, 1.500000000000000400, -0.8500000000000033100 ) ) ;
#1643 = ORIENTED_EDGE ( 'NONE', *, *, #1573, .F. ) ;
#1644 = CARTESIAN_POINT ( 'NONE',  ( 0.0000000000000000000, 0.0000000000000000000, 1.649999999999999900 ) ) ;
#1645 = CARTESIAN_POINT ( 'NONE',  ( 1.017788105676654900, -0.5876202367904166400, -0.7666666666666672700 ) ) ;
#1646 = ORIENTED_EDGE ( 'NONE', *, *, #2816, .F. ) ;
#1647 = ORIENTED_EDGE ( 'NONE', *, *, #4086, .T. ) ;
#1648 = EDGE_LOOP ( 'NONE', ( #3078, #1090, #4262, #1948 ) ) ;
#1649 = CARTESIAN_POINT ( 'NONE',  ( -0.6785254037844371500, -1.175240473580832400, -0.8291666666666672700 ) ) ;
#1650 = AXIS2_PLACEMENT_3D ( 'NONE', #994, #1720, #4249 ) ;
#1651 = CARTESIAN_POINT ( 'NONE',  ( 1.017788105676655600, 0.5876202367904153100, -6.683333333333333600 ) ) ;
#1652 = EDGE_LOOP ( 'NONE', ( #2622, #2290, #2644, #1751 ) ) ;
#1653 = CARTESIAN_POINT ( 'NONE',  ( 0.0000000000000000000, 1.527063293868261800, -1.834375000000005200 ) ) ;
#1654 = AXIS2_PLACEMENT_3D ( 'NONE', #570, #1300, #1358 ) ;
#1655 = CARTESIAN_POINT ( 'NONE',  ( 0.2773202059199997300, -1.547964847651380800, 1.302564931913726000 ) ) ;
#1656 = EDGE_CURVE ( 'NONE', #3346, #2466, #1885, .T. ) ;
#1657 = CARTESIAN_POINT ( 'NONE',  ( 1.017788105676654900, -0.5876202367904166400, 1.733333333333333200 ) ) ;
#1658 = VECTOR ( 'NONE', #4122, 1000.000000000000100 ) ;
#1659 = CARTESIAN_POINT ( 'NONE',  ( 0.0000000000000000000, 1.500000000000000400, -7.787500000000000500 ) ) ;
#1660 = CARTESIAN_POINT ( 'NONE',  ( 0.6785254037844372600, 1.175240473580831900, -0.1416666666666666900 ) ) ;
#1661 = CIRCLE ( 'NONE', #2911, 5.600459146698196600 ) ;
#1662 = EDGE_LOOP ( 'NONE', ( #2344, #3908, #148, #49 ) ) ;
#1663 = CARTESIAN_POINT ( 'NONE',  ( 0.0000000000000000000, 1.175240473580832400, -2.037500000000000100 ) ) ;
#1664 = DIRECTION ( 'NONE',  ( 1.000000000000000000, 0.0000000000000000000, 0.0000000000000000000 ) ) ;
#1665 = CARTESIAN_POINT ( 'NONE',  ( 0.2678177940361333700, -0.9766824987611820700, 0.7413558875187596900 ) ) ;
#1666 = CARTESIAN_POINT ( 'NONE',  ( -1.439254484199185900E-016, -1.175240473580832200, -7.349999999999999600 ) ) ;
#1667 = CONICAL_SURFACE ( 'NONE', #4178, 2.799999999999999800, 0.7853981633974507200 ) ;
#1668 = CARTESIAN_POINT ( 'NONE',  ( -0.8660254037844464800, -1.499999999999987600, -3.141666666666671000 ) ) ;
#1669 = CARTESIAN_POINT ( 'NONE',  ( 0.8816504037844369300, -1.527063293868262000, -1.542708333333338700 ) ) ;
#1670 = DIRECTION ( 'NONE',  ( 1.000000000000000000, 0.0000000000000000000, 0.0000000000000000000 ) ) ;
#1671 = VECTOR ( 'NONE', #3695, 1000.000000000000000 ) ;
#1672 = CARTESIAN_POINT ( 'NONE',  ( -1.017788105676655100, 0.5876202367904161900, 0.9833333333333326200 ) ) ;
#1673 = ORIENTED_EDGE ( 'NONE', *, *, #1343, .T. ) ;
#1674 = DIRECTION ( 'NONE',  ( -0.3826834323650961700, 0.9238795325112841800, 0.0000000000000000000 ) ) ;
#1675 = CARTESIAN_POINT ( 'NONE',  ( -1.017788105676655300, -0.5876202367904159700, -1.870833333333333800 ) ) ;
#1676 = CARTESIAN_POINT ( 'NONE',  ( 0.6785254037844362700, -1.175240473580832400, 0.6916666666666668700 ) ) ;
#1677 = CARTESIAN_POINT ( 'NONE',  ( 1.357050807568873600, -2.277006752164423400E-016, -0.6624999999999999800 ) ) ;
#1678 = DIRECTION ( 'NONE',  ( -0.0000000000000000000, -0.0000000000000000000, -1.000000000000000000 ) ) ;
#1679 = CARTESIAN_POINT ( 'NONE',  ( 0.0000000000000000000, 1.500000000000000400, -0.2875000000000012000 ) ) ;
#1680 = CARTESIAN_POINT ( 'NONE',  ( 1.017788105676654900, -0.5876202367904166400, -8.266666666666667500 ) ) ;
#1681 = EDGE_CURVE ( 'NONE', #3229, #3447, #4208, .T. ) ;
#1682 = CARTESIAN_POINT ( 'NONE',  ( 1.836970198721030400E-016, 1.500000000000000400, 1.649999999999999500 ) ) ;
#1683 = CARTESIAN_POINT ( 'NONE',  ( 1.232065576716394800, 0.2497033349885036100, 0.9869026527283018000 ) ) ;
#1684 = CARTESIAN_POINT ( 'NONE',  ( 1.357050807568873600, -2.277006752164423400E-016, -8.162499999999999600 ) ) ;
#1685 = CARTESIAN_POINT ( 'NONE',  ( -0.6785254037844372600, -1.175240473580832200, -1.829166666666666400 ) ) ;
#1686 = CARTESIAN_POINT ( 'NONE',  ( 0.0000000000000000000, 0.0000000000000000000, 1.649999999999999900 ) ) ;
#1687 = CARTESIAN_POINT ( 'NONE',  ( 0.0000000000000000000, 1.175240473580832200, 1.899999999999999000 ) ) ;
#1688 = CARTESIAN_POINT ( 'NONE',  ( 0.0000000000000000000, 0.0000000000000000000, 1.302564931925244100 ) ) ;
#1689 = CARTESIAN_POINT ( 'NONE',  ( 0.0000000000000000000, 1.175240473580832400, -0.5374999999999997600 ) ) ;
#1690 = CARTESIAN_POINT ( 'NONE',  ( 1.322475605676655800, -0.7635316469341314500, -7.969791666666664800 ) ) ;
#1691 = ORIENTED_EDGE ( 'NONE', *, *, #3989, .T. ) ;
#1692 = CARTESIAN_POINT ( 'NONE',  ( -0.6785254037844367100, 1.175240473580832400, -1.995833333333333800 ) ) ;
#1693 = DIRECTION ( 'NONE',  ( 0.0000000000000000000, -1.000000000000000000, 0.0000000000000000000 ) ) ;
#1694 = ORIENTED_EDGE ( 'NONE', *, *, #1776, .F. ) ;
#1695 = CARTESIAN_POINT ( 'NONE',  ( 0.0000000000000000000, 9.213774415896661100E-017, -8.350000000000001400 ) ) ;
#1696 = ORIENTED_EDGE ( 'NONE', *, *, #1541, .T. ) ;
#1697 = CARTESIAN_POINT ( 'NONE',  ( -0.3476932613749224600, -1.754010341813029500, 2.106932636468940200 ) ) ;
#1698 = ORIENTED_EDGE ( 'NONE', *, *, #2378, .F. ) ;
#1699 = CARTESIAN_POINT ( 'NONE',  ( 1.547964847654338800, 0.2773202059209912100, 1.302564931925244100 ) ) ;
#1700 = CARTESIAN_POINT ( 'NONE',  ( 0.8816504037844382600, 1.527063293868261300, 0.1239583333333283500 ) ) ;
#1701 = ORIENTED_EDGE ( 'NONE', *, *, #4626, .F. ) ;
#1702 = DIRECTION ( 'NONE',  ( 0.0000000000000000000, 0.0000000000000000000, 1.000000000000000000 ) ) ;
#1703 = CARTESIAN_POINT ( 'NONE',  ( -1.322475605676656200, -0.7635316469341305600, 0.3635416666666682600 ) ) ;
#1704 = CARTESIAN_POINT ( 'NONE',  ( -0.6785254037844370400, -1.175240473580832200, 0.1083333333333335300 ) ) ;
#1705 = CARTESIAN_POINT ( 'NONE',  ( 0.0000000000000000000, 0.0000000000000000000, 1.302564931924501800 ) ) ;
#1706 = ORIENTED_EDGE ( 'NONE', *, *, #3066, .T. ) ;
#1707 = CARTESIAN_POINT ( 'NONE',  ( -0.6785254037844367100, 1.175240473580832400, 0.004166666666666207800 ) ) ;
#1708 = CARTESIAN_POINT ( 'NONE',  ( -1.017788105676655100, 0.5876202367904161900, 1.483333333333332900 ) ) ;
#1709 = CARTESIAN_POINT ( 'NONE',  ( -1.357050807568873400, 1.046809103374680800E-016, -8.474999999999999600 ) ) ;
#1710 = CIRCLE ( 'NONE', #1735, 5.594903978236768400 ) ;
#1711 = CARTESIAN_POINT ( 'NONE',  ( -1.299038105676658400, 0.7500000000000003300, -4.266666666666670200 ) ) ;
#1712 = CARTESIAN_POINT ( 'NONE',  ( -1.357050807568873600, 1.046809103374680900E-016, -1.412500000000000300 ) ) ;
#1713 = CARTESIAN_POINT ( 'NONE',  ( -1.732050807568877900, 1.276430378214812200E-016, -4.725000000000004100 ) ) ;
#1714 = ORIENTED_EDGE ( 'NONE', *, *, #665, .F. ) ;
#1715 = CARTESIAN_POINT ( 'NONE',  ( 1.322475605676656900, 0.7635316469341297800, 0.08229166666666107300 ) ) ;
#1716 = CARTESIAN_POINT ( 'NONE',  ( -1.439254484199186200E-016, -1.175240473580832400, -7.787500000000000500 ) ) ;
#1717 = EDGE_CURVE ( 'NONE', #3392, #4324, #3059, .T. ) ;
#1718 = CARTESIAN_POINT ( 'NONE',  ( -1.870113174931180700E-016, -1.527063293868261800, 1.446875000000001900 ) ) ;
#1719 = CARTESIAN_POINT ( 'NONE',  ( 1.017788105676655600, 0.5876202367904153100, 0.3166666666666664900 ) ) ;
#1720 = DIRECTION ( 'NONE',  ( 0.0000000000000000000, 0.0000000000000000000, 1.000000000000000000 ) ) ;
#1721 = FACE_OUTER_BOUND ( 'NONE', #671, .T. ) ;
#1722 = ORIENTED_EDGE ( 'NONE', *, *, #1209, .F. ) ;
#1723 = CARTESIAN_POINT ( 'NONE',  ( 0.6785254037844363800, -1.175240473580832600, -0.7458333333333335700 ) ) ;
#1724 = CARTESIAN_POINT ( 'NONE',  ( -1.439254484199185900E-016, -1.175240473580832200, 1.149999999999999900 ) ) ;
#1725 = CARTESIAN_POINT ( 'NONE',  ( -0.6785254037844371500, -1.175240473580832400, 0.6708333333333321700 ) ) ;
#1726 = CARTESIAN_POINT ( 'NONE',  ( 0.0000000000000000000, 1.500000000000000400, -6.850000000000004100 ) ) ;
#1727 = CARTESIAN_POINT ( 'NONE',  ( -0.6785254037844372600, -1.175240473580832200, -0.3291666666666668300 ) ) ;
#1728 = CARTESIAN_POINT ( 'NONE',  ( -1.836970198721030700E-016, -1.500000000000000400, -7.037500000000000500 ) ) ;
#1729 = CARTESIAN_POINT ( 'NONE',  ( 1.322475605676656900, 0.7635316469341297800, 1.082291666666662000 ) ) ;
#1730 = CARTESIAN_POINT ( 'NONE',  ( 0.0000000000000000000, 1.175240473580832400, -8.037499999999999600 ) ) ;
#1731 = CARTESIAN_POINT ( 'NONE',  ( 0.8816504037844369300, -1.527063293868262000, 0.9885416666666671000 ) ) ;
#1732 = CARTESIAN_POINT ( 'NONE',  ( 1.788139503280600700, 3.252606517456513300E-016, 2.106932636468940200 ) ) ;
#1733 = CARTESIAN_POINT ( 'NONE',  ( -0.6785254037844371500, -1.175240473580832400, 0.6708333333333321700 ) ) ;
#1734 = CARTESIAN_POINT ( 'NONE',  ( 0.8816504037844382600, 1.527063293868261300, -7.844791666666664800 ) ) ;
#1735 = AXIS2_PLACEMENT_3D ( 'NONE', #459, #775, #2609 ) ;
#1736 = CARTESIAN_POINT ( 'NONE',  ( 1.357050807568873600, -2.277006752164422900E-016, 1.337500000000000100 ) ) ;
#1737 = CARTESIAN_POINT ( 'NONE',  ( -1.239917236635640400, 0.5590930026725284800, -0.09795272209174624200 ) ) ;
#1738 = AXIS2_PLACEMENT_3D ( 'NONE', #4209, #2167, #983 ) ;
#1739 = VERTEX_POINT ( 'NONE', #1280 ) ;
#1740 = EDGE_CURVE ( 'NONE', #2158, #4088, #3137, .T. ) ;
#1741 = CARTESIAN_POINT ( 'NONE',  ( -1.017788105676655300, -0.5876202367904159700, -0.8708333333333336800 ) ) ;
#1742 = CARTESIAN_POINT ( 'NONE',  ( -0.8816504037844373800, 1.527063293868261600, 1.707291666666660900 ) ) ;
#1743 = CARTESIAN_POINT ( 'NONE',  ( 0.0000000000000000000, 0.0000000000000000000, 0.3500000000000074200 ) ) ;
#1744 =( BOUNDED_CURVE ( )  B_SPLINE_CURVE ( 2, ( #3222, #1413, #13, #83, #4101, #4579, #2434 ),
 .UNSPECIFIED., .F., .F. ) 
 B_SPLINE_CURVE_WITH_KNOTS ( ( 3, 2, 2, 3 ),
 ( 0.4999999999999998900, 0.5079365079365078000, 0.5158730158730158200, 0.5238095238095237200 ),
 .UNSPECIFIED. ) 
 CURVE ( )  GEOMETRIC_REPRESENTATION_ITEM ( )  RATIONAL_B_SPLINE_CURVE ( ( 1.000000000000001800, 0.8660254037844367100, 1.000000000000000000, 0.8660254037844386000, 1.000000000000000000, 0.8660254037844404800, 0.9999999999999981100 ) ) 
 REPRESENTATION_ITEM ( '' )  );
#1745 = CARTESIAN_POINT ( 'NONE',  ( -0.8816504037844380400, -1.527063293868261300, 0.4052083333333337800 ) ) ;
#1746 = ORIENTED_EDGE ( 'NONE', *, *, #3097, .F. ) ;
#1747 = DIRECTION ( 'NONE',  ( -0.06666269134683190700, -0.06666269134683278100, 0.9955461672694008200 ) ) ;
#1748 = CARTESIAN_POINT ( 'NONE',  ( 1.357050807568873600, -2.277006752164423400E-016, 0.8374999999999995800 ) ) ;
#1749 = CARTESIAN_POINT ( 'NONE',  ( -0.8816504037844380400, -1.527063293868261300, -7.094791666666666600 ) ) ;
#1750 = VERTEX_POINT ( 'NONE', #2742 ) ;
#1751 = ORIENTED_EDGE ( 'NONE', *, *, #1399, .F. ) ;
#1752 = CARTESIAN_POINT ( 'NONE',  ( 1.357050807568873400, -2.277006752164422900E-016, -8.224999999999999600 ) ) ;
#1753 = EDGE_LOOP ( 'NONE', ( #1488, #1519, #4198, #2099, #477 ) ) ;
#1754 = CARTESIAN_POINT ( 'NONE',  ( 0.0000000000000000000, 0.0000000000000000000, 0.0000000000000000000 ) ) ;
#1755 = ORIENTED_EDGE ( 'NONE', *, *, #2343, .F. ) ;
#1756 = CARTESIAN_POINT ( 'NONE',  ( 0.3733333333333335200, 3.827037103325636100E-015, 2.399999999999999900 ) ) ;
#1757 = DIRECTION ( 'NONE',  ( -0.0000000000000000000, -2.585091490897073400E-018, 1.000000000000000000 ) ) ;
#1758 = CARTESIAN_POINT ( 'NONE',  ( -1.439254484199186200E-016, -1.175240473580832400, -6.787500000000000500 ) ) ;
#1759 = CARTESIAN_POINT ( 'NONE',  ( 0.0000000000000000000, 1.175240473580832400, -7.537499999999999600 ) ) ;
#1760 = ORIENTED_EDGE ( 'NONE', *, *, #2374, .F. ) ;
#1761 = CARTESIAN_POINT ( 'NONE',  ( -1.836970198721030400E-016, -1.500000000000000400, -2.100000000000003600 ) ) ;
#1762 = DIRECTION ( 'NONE',  ( 0.0000000000000000000, 0.0000000000000000000, 1.000000000000000000 ) ) ;
#1763 = CARTESIAN_POINT ( 'NONE',  ( -1.439254484199186200E-016, -1.175240473580832400, 1.712500000000000600 ) ) ;
#1764 = CARTESIAN_POINT ( 'NONE',  ( -1.322475605676656200, 0.7635316469341311100, -7.219791666666664800 ) ) ;
#1765 = CARTESIAN_POINT ( 'NONE',  ( -0.6785254037844366000, 1.175240473580832200, -4.558333333333333600 ) ) ;
#1766 = VECTOR ( 'NONE', #2347, 1000.000000000000000 ) ;
#1767 = CARTESIAN_POINT ( 'NONE',  ( -1.017788105676655300, 0.5876202367904163100, 1.045833333333332700 ) ) ;
#1768 = AXIS2_PLACEMENT_3D ( 'NONE', #2921, #743, #3970 ) ;
#1769 = CARTESIAN_POINT ( 'NONE',  ( -1.439254484199185900E-016, -1.175240473580832200, -7.849999999999999600 ) ) ;
#1770 = LINE ( 'NONE', #1406, #2690 ) ;
#1771 = CARTESIAN_POINT ( 'NONE',  ( -0.8660254037844524700, 1.499999999999976000, -5.245833333333331800 ) ) ;
#1772 = CARTESIAN_POINT ( 'NONE',  ( 2.799999999999999800, 0.0000000000000000000, 1.649999999999999900 ) ) ;
#1773 = CARTESIAN_POINT ( 'NONE',  ( 0.0000000000000000000, 1.175240473580832400, -7.537499999999999600 ) ) ;
#1774 = CARTESIAN_POINT ( 'NONE',  ( -0.09596241433444464800, -1.175240473580832400, -8.293392828637367500 ) ) ;
#1775 = CYLINDRICAL_SURFACE ( 'NONE', #4230, 1.500000000000000400 ) ;
#1776 = EDGE_CURVE ( 'NONE', #509, #1408, #3096, .T. ) ;
#1777 = CARTESIAN_POINT ( 'NONE',  ( 0.0000000000000000000, 2.800000000000000300, 1.649999999999999500 ) ) ;
#1778 = CARTESIAN_POINT ( 'NONE',  ( -0.8660254037844429300, -1.499999999999994200, -5.641666666666671900 ) ) ;
#1779 = CARTESIAN_POINT ( 'NONE',  ( -1.836970198721030400E-016, -1.500000000000000400, -7.100000000000002300 ) ) ;
#1780 = CARTESIAN_POINT ( 'NONE',  ( 0.0000000000000000000, 6.628682924999594700E-017, 1.649999999999999500 ) ) ;
#1781 = CARTESIAN_POINT ( 'NONE',  ( 1.122178712348117700, 0.3608703147925376700, -0.1875000000000023300 ) ) ;
#1782 = CARTESIAN_POINT ( 'NONE',  ( -1.763300807568875000, 1.295565484451488000E-016, -6.678124999999998800 ) ) ;
#1783 = VECTOR ( 'NONE', #3541, 1000.000000000000000 ) ;
#1784 = CARTESIAN_POINT ( 'NONE',  ( -1.299038105676658400, -0.7499999999999998900, -2.683333333333336700 ) ) ;
#1785 = CARTESIAN_POINT ( 'NONE',  ( 0.6785254037844372600, 1.175240473580831700, -4.141666666666666600 ) ) ;
#1786 = VERTEX_POINT ( 'NONE', #3081 ) ;
#1787 = CARTESIAN_POINT ( 'NONE',  ( -1.439254484199185900E-016, -1.175240473580832200, -5.850000000000000500 ) ) ;
#1788 = CARTESIAN_POINT ( 'NONE',  ( -0.07341270199716516700, 1.260720853231311400, -0.1415175318725736300 ) ) ;
#1789 = CARTESIAN_POINT ( 'NONE',  ( 0.6785254037844372600, 1.175240473580831900, -7.641666666666665700 ) ) ;
#1790 = CARTESIAN_POINT ( 'NONE',  ( -1.439254484199186200E-016, -1.175240473580832400, -5.787500000000000500 ) ) ;
#1791 = CARTESIAN_POINT ( 'NONE',  ( -1.357050807568873600, 1.046809103374680900E-016, -6.412499999999999600 ) ) ;
#1792 = CARTESIAN_POINT ( 'NONE',  ( -1.239850603224739400, 0.6607023177180301200, -8.117630613994542400 ) ) ;
#1793 = CARTESIAN_POINT ( 'NONE',  ( 1.196817672909223300, -0.9270509831248757700, -7.964002832395825800 ) ) ;
#1794 = DIRECTION ( 'NONE',  ( 0.3812272063696470800, 0.9203638919632269900, 0.08715574274765834600 ) ) ;
#1795 = CARTESIAN_POINT ( 'NONE',  ( -0.1270503360172141300, -1.170129526654730000, -8.299759526419169500 ) ) ;
#1796 = CARTESIAN_POINT ( 'NONE',  ( 1.322475605676656900, 0.7635316469341297800, -5.386458333333331800 ) ) ;
#1797 = DIRECTION ( 'NONE',  ( 1.000000000000000000, 0.0000000000000000000, 0.0000000000000000000 ) ) ;
#1798 = CARTESIAN_POINT ( 'NONE',  ( -1.017788105676655300, -0.5876202367904158600, -5.933333333333333600 ) ) ;
#1799 = CARTESIAN_POINT ( 'NONE',  ( 0.6785254037844362700, -1.175240473580832400, -5.808333333333332700 ) ) ;
#1800 = DIRECTION ( 'NONE',  ( 0.0000000000000000000, -1.000000000000000000, 0.0000000000000000000 ) ) ;
#1801 = ORIENTED_EDGE ( 'NONE', *, *, #4396, .F. ) ;
#1802 = CARTESIAN_POINT ( 'NONE',  ( 1.017788105676654900, -0.5876202367904166400, -6.766666666666666600 ) ) ;
#1803 = AXIS2_PLACEMENT_3D ( 'NONE', #3079, #1928, #4466 ) ;
#1804 = COORDINATED_UNIVERSAL_TIME_OFFSET ( 6, 0, .BEHIND. ) ;
#1805 = EDGE_CURVE ( 'NONE', #4285, #3560, #1312, .T. ) ;
#1806 = CARTESIAN_POINT ( 'NONE',  ( -1.836970198721030700E-016, -1.500000000000000400, -2.537500000000000100 ) ) ;
#1807 = ORIENTED_EDGE ( 'NONE', *, *, #2971, .T. ) ;
#1808 = CARTESIAN_POINT ( 'NONE',  ( -1.582516539542027800, 0.2891034138687214000, 1.437247615062175100 ) ) ;
#1809 = CARTESIAN_POINT ( 'NONE',  ( -0.6785254037844367100, 1.175240473580832400, -5.495833333333333600 ) ) ;
#1810 = VERTEX_POINT ( 'NONE', #4183 ) ;
#1811 = CARTESIAN_POINT ( 'NONE',  ( 1.017788105676655100, -0.5876202367904167500, -5.704166666666666600 ) ) ;
#1812 = ADVANCED_FACE ( 'NONE', ( #3240 ), #540, .T. ) ;
#1813 = VERTEX_POINT ( 'NONE', #3787 ) ;
#1814 = ORIENTED_EDGE ( 'NONE', *, *, #918, .T. ) ;
#1815 = CARTESIAN_POINT ( 'NONE',  ( 0.8816504037844369300, -1.527063293868262000, -6.011458333333332700 ) ) ;
#1816 = CARTESIAN_POINT ( 'NONE',  ( -1.322475605676656200, -0.7635316469341305600, -5.667708333333338900 ) ) ;
#1817 = CARTESIAN_POINT ( 'NONE',  ( 0.6785254037844363800, -1.175240473580832200, -5.808333333333332700 ) ) ;
#1818 = CARTESIAN_POINT ( 'NONE',  ( -1.017788105676655300, -0.5876202367904158600, -7.933333333333333600 ) ) ;
#1819 = ORIENTED_EDGE ( 'NONE', *, *, #892, .T. ) ;
#1820 = CARTESIAN_POINT ( 'NONE',  ( 0.5693373414808582400, -0.4060841390678237000, 0.4196822488871897500 ) ) ;
#1821 = CARTESIAN_POINT ( 'NONE',  ( -1.357050807568873400, 1.046809103374680800E-016, -6.474999999999998800 ) ) ;
#1822 = CARTESIAN_POINT ( 'NONE',  ( 1.836970198721030400E-016, 1.500000000000000400, 1.649999999999999500 ) ) ;
#1823 = CARTESIAN_POINT ( 'NONE',  ( 0.3619740381476749800, -1.500000000000000200, -0.02008451596964933400 ) ) ;
#1824 = CARTESIAN_POINT ( 'NONE',  ( 1.357050807568873600, -2.277006752164423400E-016, -4.162500000000000500 ) ) ;
#1825 = CARTESIAN_POINT ( 'NONE',  ( -0.6785254037844367100, 1.175240473580832200, -5.495833333333333600 ) ) ;
#1826 = VERTEX_POINT ( 'NONE', #505 ) ;
#1827 = CARTESIAN_POINT ( 'NONE',  ( -1.836970198721030400E-016, -1.500000000000000400, -4.100000000000004100 ) ) ;
#1828 = CARTESIAN_POINT ( 'NONE',  ( 0.8816504037844369300, -1.527063293868262000, -3.011458333333331800 ) ) ;
#1829 = ORIENTED_EDGE ( 'NONE', *, *, #2342, .F. ) ;
#1830 = CARTESIAN_POINT ( 'NONE',  ( -0.8816504037844373800, 1.527063293868261600, -6.292708333333338900 ) ) ;
#1831 = CARTESIAN_POINT ( 'NONE',  ( 0.6785254037844363800, -1.175240473580832200, -5.308333333333333600 ) ) ;
#1832 = CARTESIAN_POINT ( 'NONE',  ( 0.6785254037844372600, 1.175240473580831900, -6.141666666666666600 ) ) ;
#1833 = CYLINDRICAL_SURFACE ( 'NONE', #563, 1.500000000000000400 ) ;
#1834 = ADVANCED_FACE ( 'NONE', ( #3804 ), #3694, .T. ) ;
#1835 = EDGE_CURVE ( 'NONE', #1460, #1132, #3362, .T. ) ;
#1836 = CARTESIAN_POINT ( 'NONE',  ( -0.6785254037844366000, 1.175240473580832400, -7.558333333333333600 ) ) ;
#1837 = CYLINDRICAL_SURFACE ( 'NONE', #2075, 1.500000000000000400 ) ;
#1838 = CARTESIAN_POINT ( 'NONE',  ( 1.017788105676655100, -0.5876202367904167500, -5.704166666666666600 ) ) ;
#1839 = CARTESIAN_POINT ( 'NONE',  ( 0.0000000000000000000, 1.500000000000000400, -7.287500000000000500 ) ) ;
#1840 = CARTESIAN_POINT ( 'NONE',  ( -0.6785254037844367100, 1.175240473580832400, -3.495833333333333600 ) ) ;
#1841 = CARTESIAN_POINT ( 'NONE',  ( -1.357050807568873600, 1.046809103374680900E-016, -5.912500000000000500 ) ) ;
#1842 = CARTESIAN_POINT ( 'NONE',  ( 0.2497033349883058000, -1.232065576713972300, 0.9869026527258926200 ) ) ;
#1843 = CARTESIAN_POINT ( 'NONE',  ( 0.0000000000000000000, 1.500000000000000400, -6.350000000000002300 ) ) ;
#1844 = CARTESIAN_POINT ( 'NONE',  ( 0.8660254037844399300, 1.500000000000000400, -2.391666666666670600 ) ) ;
#1845 = CARTESIAN_POINT ( 'NONE',  ( 1.322475605676655800, -0.7635316469341314500, -4.969791666666665700 ) ) ;
#1846 = CARTESIAN_POINT ( 'NONE',  ( 0.0000000000000000000, 1.527063293868261800, -7.334375000000005000 ) ) ;
#1847 = CARTESIAN_POINT ( 'NONE',  ( -0.6785254037844366000, 1.175240473580832200, -2.558333333333333600 ) ) ;
#1848 = CARTESIAN_POINT ( 'NONE',  ( 0.6785254037844362700, -1.175240473580832400, -6.308333333333333600 ) ) ;
#1849 = DIRECTION ( 'NONE',  ( -0.0000000000000000000, -0.0000000000000000000, -1.000000000000000000 ) ) ;
#1850 = CARTESIAN_POINT ( 'NONE',  ( 0.0000000000000000000, 1.175240473580832200, -6.099999999999999600 ) ) ;
#1851 = CARTESIAN_POINT ( 'NONE',  ( 1.357050807568873600, -2.277006752164423400E-016, -6.162499999999999600 ) ) ;
#1852 = CARTESIAN_POINT ( 'NONE',  ( 0.6785254037844363800, -1.175240473580832600, -3.245833333333333600 ) ) ;
#1853 = CARTESIAN_POINT ( 'NONE',  ( -1.017788105676655300, 0.5876202367904163100, -5.454166666666666600 ) ) ;
#1854 = ADVANCED_FACE ( 'NONE', ( #470 ), #2412, .T. ) ;
#1855 = ORIENTED_EDGE ( 'NONE', *, *, #1264, .F. ) ;
#1856 = CARTESIAN_POINT ( 'NONE',  ( -1.836970198721030700E-016, -1.500000000000000400, -6.537499999999999600 ) ) ;
#1857 = CARTESIAN_POINT ( 'NONE',  ( 1.322475605676656900, 0.7635316469341297800, -3.886458333333332200 ) ) ;
#1858 = CARTESIAN_POINT ( 'NONE',  ( -1.322475605676656200, -0.7635316469341305600, -7.167708333333338000 ) ) ;
#1859 = AXIS2_PLACEMENT_3D ( 'NONE', #1506, #1563, #2252 ) ;
#1860 = CARTESIAN_POINT ( 'NONE',  ( 1.017788105676654900, -0.5876202367904166400, -3.266666666666667100 ) ) ;
#1861 = EDGE_LOOP ( 'NONE', ( #4528, #757, #1530, #1829 ) ) ;
#1862 = EDGE_CURVE ( 'NONE', #223, #509, #4542, .T. ) ;
#1863 = CARTESIAN_POINT ( 'NONE',  ( 0.0000000000000000000, 1.175240473580832200, -3.600000000000000100 ) ) ;
#1864 = CALENDAR_DATE ( 2021, 8, 9 ) ;
#1865 = CARTESIAN_POINT ( 'NONE',  ( -1.357050807568873400, 1.046809103374680900E-016, -5.475000000000000500 ) ) ;
#1866 = ORIENTED_EDGE ( 'NONE', *, *, #4205, .F. ) ;
#1867 = VERTEX_POINT ( 'NONE', #523 ) ;
#1868 = AXIS2_PLACEMENT_3D ( 'NONE', #2316, #2666, #490 ) ;
#1869 = EDGE_CURVE ( 'NONE', #945, #784, #578, .T. ) ;
#1870 = CARTESIAN_POINT ( 'NONE',  ( -1.017788105676655300, -0.5876202367904159700, -7.370833333333333600 ) ) ;
#1871 = CARTESIAN_POINT ( 'NONE',  ( 0.0000000000000000000, 0.0000000000000000000, -3.201666666666668000 ) ) ;
#1872 = CARTESIAN_POINT ( 'NONE',  ( -1.439254484199186200E-016, -1.175240473580832400, -4.287500000000000500 ) ) ;
#1873 = ORIENTED_EDGE ( 'NONE', *, *, #3360, .F. ) ;
#1874 = CARTESIAN_POINT ( 'NONE',  ( 0.6785254037844366000, -1.175240473580832600, -2.745833333333333600 ) ) ;
#1875 = ORIENTED_EDGE ( 'NONE', *, *, #2482, .F. ) ;
#1876 = CARTESIAN_POINT ( 'NONE',  ( 0.3812738332521846100, -1.426084541079484700, -8.001931397632864300 ) ) ;
#1877 = CARTESIAN_POINT ( 'NONE',  ( 0.8816504037844382600, 1.527063293868261300, -4.344791666666665700 ) ) ;
#1878 = CARTESIAN_POINT ( 'NONE',  ( 0.8816504037844382600, 1.527063293868261300, -6.876041666666671000 ) ) ;
#1879 = VECTOR ( 'NONE', #4421, 1000.000000000000000 ) ;
#1880 = CARTESIAN_POINT ( 'NONE',  ( 0.6785254037844372600, 1.175240473580831700, -3.641666666666667100 ) ) ;
#1881 = CARTESIAN_POINT ( 'NONE',  ( -1.439254484199185900E-016, -1.175240473580832200, -4.350000000000000500 ) ) ;
#1882 = ADVANCED_FACE ( 'NONE', ( #684 ), #196, .T. ) ;
#1883 = DIRECTION ( 'NONE',  ( -0.0000000000000000000, -2.585091490897065700E-018, 1.000000000000000000 ) ) ;
#1884 = CARTESIAN_POINT ( 'NONE',  ( 0.6785254037844372600, 1.175240473580831900, -4.641666666666666600 ) ) ;
#1885 = CIRCLE ( 'NONE', #11, 1.500000000000001100 ) ;
#1886 = CARTESIAN_POINT ( 'NONE',  ( -0.6785254037844367100, 1.175240473580832400, -5.995833333333334500 ) ) ;
#1887 = CARTESIAN_POINT ( 'NONE',  ( -3.252606517456513300E-016, -1.135641495829896900E-030, 2.399999999999999500 ) ) ;
#1888 = CARTESIAN_POINT ( 'NONE',  ( -0.6785254037844371500, -1.175240473580832400, -2.829166666666666600 ) ) ;
#1889 = CARTESIAN_POINT ( 'NONE',  ( -1.017788105676655300, -0.5876202367904159700, -4.370833333333333600 ) ) ;
#1890 = VECTOR ( 'NONE', #982, 1000.000000000000000 ) ;
#1891 = CARTESIAN_POINT ( 'NONE',  ( 0.9032828058557163000, -1.193043255396018900, -7.981629055858986600 ) ) ;
#1892 = AXIS2_PLACEMENT_3D ( 'NONE', #679, #1794, #1478 ) ;
#1893 = CARTESIAN_POINT ( 'NONE',  ( 1.763300807568875000, -3.023275895394842700E-016, -4.928124999999997900 ) ) ;
#1894 = FACE_OUTER_BOUND ( 'NONE', #1055, .T. ) ;
#1895 = MANIFOLD_SOLID_BREP ( 'Draft2', #1068 ) ;
#1896 = CARTESIAN_POINT ( 'NONE',  ( 0.0000000000000000000, 1.527063293868261800, -2.834375000000005400 ) ) ;
#1897 = CARTESIAN_POINT ( 'NONE',  ( -1.357050807568873400, 1.046809103374680900E-016, -1.975000000000000100 ) ) ;
#1898 = CARTESIAN_POINT ( 'NONE',  ( -1.017788105676655300, -0.5876202367904158600, -3.433333333333333600 ) ) ;
#1899 = CARTESIAN_POINT ( 'NONE',  ( 1.299038105676659100, 0.7499999999999991100, -6.370833333333333600 ) ) ;
#1900 = AXIS2_PLACEMENT_3D ( 'NONE', #245, #2777, #3170 ) ;
#1901 = CIRCLE ( 'NONE', #1738, 5.594903978236769300 ) ;
#1902 = EDGE_CURVE ( 'NONE', #2900, #3392, #4096, .T. ) ;
#1903 = CARTESIAN_POINT ( 'NONE',  ( -1.017788105676655300, -0.5876202367904158600, -2.933333333333334000 ) ) ;
#1904 = CARTESIAN_POINT ( 'NONE',  ( -0.6785254037844371500, -1.175240473580832400, -7.329166666666666600 ) ) ;
#1905 = CARTESIAN_POINT ( 'NONE',  ( -1.836970198721030400E-016, -1.500000000000000400, -1.100000000000003600 ) ) ;
#1906 = CARTESIAN_POINT ( 'NONE',  ( 1.017788105676655100, -0.5876202367904167500, -2.704166666666667100 ) ) ;
#1907 = CARTESIAN_POINT ( 'NONE',  ( 1.017788105676655100, -0.5876202367904167500, -3.204166666666666600 ) ) ;
#1908 = ADVANCED_FACE ( 'NONE', ( #4319 ), #4152, .T. ) ;
#1909 = CARTESIAN_POINT ( 'NONE',  ( 1.732050807568877600, -2.965870576684816000E-016, -3.912500000000000100 ) ) ;
#1910 = CARTESIAN_POINT ( 'NONE',  ( 1.322475605676655800, -0.7635316469341314500, -1.969791666666665700 ) ) ;
#1911 = CARTESIAN_POINT ( 'NONE',  ( -1.763300807568875000, 1.295565484451488000E-016, -5.209375000000005000 ) ) ;
#1912 = CARTESIAN_POINT ( 'NONE',  ( 0.6785254037844363800, -1.175240473580832200, -2.308333333333333100 ) ) ;
#1913 = CARTESIAN_POINT ( 'NONE',  ( 1.357050807568873400, -2.277006752164422900E-016, -5.225000000000000500 ) ) ;
#1914 = CARTESIAN_POINT ( 'NONE',  ( -1.299038105676658200, 0.7500000000000004400, -3.204166666666666200 ) ) ;
#1915 = CARTESIAN_POINT ( 'NONE',  ( -1.439254484199185900E-016, -1.175240473580832200, -3.850000000000000100 ) ) ;
#1916 = CARTESIAN_POINT ( 'NONE',  ( 1.017788105676655800, 0.5876202367904153100, -3.120833333333333100 ) ) ;
#1917 = ORIENTED_EDGE ( 'NONE', *, *, #2393, .F. ) ;
#1918 = CARTESIAN_POINT ( 'NONE',  ( 0.2932519008174212000, -0.7079727161450870600, 2.399999999999999900 ) ) ;
#1919 = CARTESIAN_POINT ( 'NONE',  ( 1.357050807568873600, -2.277006752164423400E-016, -2.662499999999999600 ) ) ;
#1920 = CARTESIAN_POINT ( 'NONE',  ( -0.6785254037844367100, 1.175240473580832200, -3.995833333333333600 ) ) ;
#1921 =( BOUNDED_SURFACE ( )  B_SPLINE_SURFACE ( 1, 2, ( 
 ( #4258, #4322, #2468, #4273, #4637, #4683, #1417, #2156, #305, #4654, #4283, #652, #1398, #330, #4668, #4305, #3936, #347, #1769, #2515, #1048, #3585, #3951, #1789, #2889, #1836, #1464, #3292, #2936, #1486, #1124, #395, #1504, #412, #4341, #4374, #4394, #2209, #71, #4356, #3322, #4000, #793, #3656, #1802, #2923, #1448, #2249, #4018, #1108, #1159, #1821, #744, #3271, #2544, #366, #380, #1141, #2173, #4032, #1850, #3638, #3971, #2953, #779, #763, #2580, #2230, #51, #16, #4701, #2597, #3309, #35, #3671, #1865, #4408, #3690, #2613, #428, #2972, #2907, #722, #3257, #1088, #3621, #3987, #2193, #2561, #812, #3382, #3361, #1190, #831, #479, #1884, #4469, #1572, #3702, #1224, #3339, #2658, #493, #3055, #3745, #4052, #1936, #4426, #3004, #2670, #1520, #3026, #3044, #3717, #1915, #125, #1175, #4107, #444, #1558, #843, #507, #2282, #3728, #2990, #2266, #90, #859, #2630, #4123, #1538, #4066, #875, #4486, #1585, #1949, #1903, #4456, #4087, #3396, #4443, #143, #2320, #2331, #1237, #157, #3372, #107, #2646, #463, #1210, #2302, #2686, #1629, #1269, #3098, #2730, #1281, #915, #197, #1293, #212, #4135, #4171, #4184, #1993, #4552, #4156, #3123, #3788, #581, #3440, #1604, #2713, #1251, #2019, #3808, #898, #942, #1618, #541, #3083, #2348, #168, #185, #929, #1965, #3822, #1645, #3428, #3759, #2744, #565, #549, #2379, #2006, #4540, #4512, #4498, #2388, #3109, #4522, #3457, #1660, #4197, #3473, #2409, #222, #2760, #2703, #524, #3069, #886, #3413, #3772, #1978, #2363, #596, #3182, #3153, #971, #606, #273, #1676, #4253, #1353, #3489, #996, #3140, #2452, #284, #2836, #3535, #3839, #1724, #4211, #2792, #2465, #1308, #2810, #2823, #3506, #1708, #4599, #956, #3888, #240, #1337, #623, #301, #2054, #3520, #2771 ),
 ( #4235, #2085, #4632, #1367, #635, #2033, #3876, #2478, #650, #3860, #4616, #4569, #257, #3193, #2424, #2067, #1013, #1327, #3902, #3164, #1690, #4224, #4584, #1734, #4269, #2101, #2437, #985, #3204, #1026, #4648, #3964, #4279, #3579, #4677, #3931, #2115, #2490, #1764, #2881, #2554, #1749, #4298, #4664, #2527, #1045, #3563, #313, #2853, #2132, #1392, #1782, #4316, #375, #662, #325, #4694, #698, #2917, #735, #1410, #3251, #3546, #1383, #2508, #2868, #2539, #1815, #3979, #3265, #3913, #4350, #682, #3218, #3944, #2150, #340, #3238, #1059, #3598, #2901, #1426, #1796, #4335, #2166, #359, #716, #1082, #2187, #3613, #1443, #8, #1845, #1893, #2591, #3681, #403, #2572, #1495, #785, #64, #3649, #822, #2982, #2201, #1118, #2945, #1877, #3332, #80, #2604, #4438, #3633, #29, #3316, #422, #2623, #4059, #1857, #2275, #771, #387, #102, #44, #437, #2639, #454, #3302, #4026, #1152, #2997, #804, #1168, #1456, #1134, #1101, #3996, #1480, #1512, #1828, #3664, #4368, #2931, #4402, #756, #3285, #4416, #2239, #4009, #4386, #2222, #2259, #2965, #4045, #3696, #1532, #3020, #837, #4449, #3750, #4079, #3377, #4477, #3723, #1910, #2295, #1568, #2679, #2357, #1550, #4098, #4464, #2326, #853, #3367, #117, #2654, #1925, #1202, #1578, #4115, #176, #472, #135, #4494, #499, #2708, #592, #1218, #3060, #3352, #1183, #2313, #2664, #2339, #1611, #3766, #3135, #3711, #4147, #488, #3035, #3737, #1942, #150, #3050, #867, #3389, #2695, #1231, #1594, #4130, #1957, #164, #518, #880, #1972, #3407, #1244, #4505, #1703, #1745, #2446, #3531, #268, #2433, #1348, #631, #4612, #3500, #658, #2833, #2048, #968, #2804, #1731, #3189, #4627, #2462, #4277, #3484, #4578, #3178, #281, #2475, #3912, #1718, #2112, #619, #251, #4643, #4594, #297 ) ),
 .UNSPECIFIED., .F., .F., .F. ) 
 B_SPLINE_SURFACE_WITH_KNOTS ( ( 2, 2 ),
 ( 3, 2, 2, 2, 2, 2, 2, 2, 2, 2, 2, 2, 2, 2, 2, 2, 2, 2, 2, 2, 2, 2, 2, 2, 2, 2, 2, 2, 2, 2, 2, 2, 2, 2, 2, 2, 2, 2, 2, 2, 2, 2, 2, 2, 2, 2, 2, 2, 2, 2, 2, 2, 2, 2, 2, 2, 2, 2, 2, 2, 2, 2, 2, 2, 2, 2, 2, 2, 2, 2, 2, 2, 2, 2, 2, 2, 2, 2, 2, 2, 2, 2, 2, 2, 2, 2, 2, 2, 2, 2, 2, 2, 2, 2, 2, 2, 2, 2, 2, 2, 2, 2, 2, 2, 2, 2, 2, 2, 2, 2, 2, 2, 2, 2, 2, 2, 2, 2, 2, 2, 2, 2, 2, 2, 2, 2, 3 ),
 ( 0.0000000000000000000, 1.000000000000000000 ),
 ( 0.0000000000000000000, 0.007936507936507936100, 0.01587301587301587200, 0.02380952380952380800, 0.03174603174603174400, 0.03968253968253968000, 0.04761904761904761600, 0.05555555555555555200, 0.06349206349206348900, 0.07142857142857142500, 0.07936507936507936100, 0.08730158730158729700, 0.09523809523809523300, 0.1031746031746031700, 0.1111111111111111000, 0.1190476190476190400, 0.1269841269841269800, 0.1349206349206349100, 0.1428571428571428500, 0.1507936507936507900, 0.1587301587301587200, 0.1666666666666666600, 0.1746031746031745900, 0.1825396825396825300, 0.1904761904761904700, 0.1984126984126984000, 0.2063492063492063400, 0.2142857142857142700, 0.2222222222222222100, 0.2301587301587301500, 0.2380952380952380800, 0.2460317460317460200, 0.2539682539682539500, 0.2619047619047619200, 0.2698412698412698300, 0.2777777777777777900, 0.2857142857142857000, 0.2936507936507936600, 0.3015873015873015700, 0.3095238095238095300, 0.3174603174603174400, 0.3253968253968254100, 0.3333333333333333100, 0.3412698412698412800, 0.3492063492063491900, 0.3571428571428571500, 0.3650793650793650600, 0.3730158730158730200, 0.3809523809523809300, 0.3888888888888889000, 0.3968253968253968000, 0.4047619047619047700, 0.4126984126984126800, 0.4206349206349206400, 0.4285714285714285500, 0.4365079365079365100, 0.4444444444444444200, 0.4523809523809523800, 0.4603174603174602900, 0.4682539682539682600, 0.4761904761904761600, 0.4841269841269841300, 0.4920634920634920400, 0.5000000000000000000, 0.5079365079365079100, 0.5158730158730159300, 0.5238095238095238400, 0.5317460317460317400, 0.5396825396825396500, 0.5476190476190476700, 0.5555555555555555800, 0.5634920634920634900, 0.5714285714285714000, 0.5793650793650794200, 0.5873015873015873200, 0.5952380952380952300, 0.6031746031746031400, 0.6111111111111111600, 0.6190476190476190700, 0.6269841269841269800, 0.6349206349206348900, 0.6428571428571429000, 0.6507936507936508100, 0.6587301587301587200, 0.6666666666666666300, 0.6746031746031746500, 0.6825396825396825600, 0.6904761904761904700, 0.6984126984126983700, 0.7063492063492063900, 0.7142857142857143000, 0.7222222222222222100, 0.7301587301587301200, 0.7380952380952381400, 0.7460317460317460500, 0.7539682539682539500, 0.7619047619047618600, 0.7698412698412698800, 0.7777777777777777900, 0.7857142857142857000, 0.7936507936507936100, 0.8015873015873016300, 0.8095238095238095300, 0.8174603174603174400, 0.8253968253968253500, 0.8333333333333333700, 0.8412698412698412800, 0.8492063492063491900, 0.8571428571428571000, 0.8650793650793651100, 0.8730158730158730200, 0.8809523809523809300, 0.8888888888888888400, 0.8968253968253968600, 0.9047619047619047700, 0.9126984126984126800, 0.9206349206349205800, 0.9285714285714286000, 0.9365079365079365100, 0.9444444444444444200, 0.9523809523809523300, 0.9603174603174603500, 0.9682539682539682600, 0.9761904761904761600, 0.9841269841269840700, 0.9920634920634920900, 1.000000000000000000 ),
 .UNSPECIFIED. ) 
 GEOMETRIC_REPRESENTATION_ITEM ( )  RATIONAL_B_SPLINE_SURFACE ( (
 ( 1.000000000000000000, 0.8660254037844387100, 1.000000000000000000, 0.8660254037844387100, 1.000000000000000000, 0.8660254037844387100, 1.000000000000000000, 0.8660254037844387100, 1.000000000000000000, 0.8660254037844387100, 1.000000000000000000, 0.8660254037844387100, 1.000000000000000000, 0.8660254037844387100, 1.000000000000000000, 0.8660254037844387100, 1.000000000000000000, 0.8660254037844387100, 1.000000000000000000, 0.8660254037844387100, 1.000000000000000000, 0.8660254037844387100, 1.000000000000000000, 0.8660254037844387100, 1.000000000000000000, 0.8660254037844387100, 1.000000000000000000, 0.8660254037844387100, 1.000000000000000000, 0.8660254037844387100, 1.000000000000000000, 0.8660254037844387100, 1.000000000000000000, 0.8660254037844387100, 1.000000000000000000, 0.8660254037844387100, 1.000000000000000000, 0.8660254037844387100, 1.000000000000000000, 0.8660254037844387100, 1.000000000000000000, 0.8660254037844387100, 1.000000000000000000, 0.8660254037844387100, 1.000000000000000000, 0.8660254037844387100, 1.000000000000000000, 0.8660254037844387100, 1.000000000000000000, 0.8660254037844387100, 1.000000000000000000, 0.8660254037844387100, 1.000000000000000000, 0.8660254037844387100, 1.000000000000000000, 0.8660254037844387100, 1.000000000000000000, 0.8660254037844387100, 1.000000000000000000, 0.8660254037844387100, 1.000000000000000000, 0.8660254037844387100, 1.000000000000000000, 0.8660254037844387100, 1.000000000000000000, 0.8660254037844387100, 1.000000000000000000, 0.8660254037844387100, 1.000000000000000000, 0.8660254037844387100, 1.000000000000000000, 0.8660254037844387100, 1.000000000000000000, 0.8660254037844387100, 1.000000000000000000, 0.8660254037844387100, 1.000000000000000000, 0.8660254037844387100, 1.000000000000000000, 0.8660254037844387100, 1.000000000000000000, 0.8660254037844387100, 1.000000000000000000, 0.8660254037844387100, 1.000000000000000000, 0.8660254037844387100, 1.000000000000000000, 0.8660254037844387100, 1.000000000000000000, 0.8660254037844387100, 1.000000000000000000, 0.8660254037844387100, 1.000000000000000000, 0.8660254037844387100, 1.000000000000000000, 0.8660254037844387100, 1.000000000000000000, 0.8660254037844387100, 1.000000000000000000, 0.8660254037844387100, 1.000000000000000000, 0.8660254037844387100, 1.000000000000000000, 0.8660254037844387100, 1.000000000000000000, 0.8660254037844387100, 1.000000000000000000, 0.8660254037844387100, 1.000000000000000000, 0.8660254037844387100, 1.000000000000000000, 0.8660254037844387100, 1.000000000000000000, 0.8660254037844387100, 1.000000000000000000, 0.8660254037844387100, 1.000000000000000000, 0.8660254037844387100, 1.000000000000000000, 0.8660254037844387100, 1.000000000000000000, 0.8660254037844387100, 1.000000000000000000, 0.8660254037844387100, 1.000000000000000000, 0.8660254037844387100, 1.000000000000000000, 0.8660254037844387100, 1.000000000000000000, 0.8660254037844387100, 1.000000000000000000, 0.8660254037844387100, 1.000000000000000000, 0.8660254037844387100, 1.000000000000000000, 0.8660254037844387100, 1.000000000000000000, 0.8660254037844387100, 1.000000000000000000, 0.8660254037844387100, 1.000000000000000000, 0.8660254037844387100, 1.000000000000000000, 0.8660254037844387100, 1.000000000000000000, 0.8660254037844387100, 1.000000000000000000, 0.8660254037844387100, 1.000000000000000000, 0.8660254037844387100, 1.000000000000000000, 0.8660254037844387100, 1.000000000000000000, 0.8660254037844387100, 1.000000000000000000, 0.8660254037844387100, 1.000000000000000000, 0.8660254037844387100, 1.000000000000000000, 0.8660254037844387100, 1.000000000000000000, 0.8660254037844387100, 1.000000000000000000, 0.8660254037844387100, 1.000000000000000000, 0.8660254037844387100, 1.000000000000000000, 0.8660254037844387100, 1.000000000000000000, 0.8660254037844387100, 1.000000000000000000, 0.8660254037844387100, 1.000000000000000000, 0.8660254037844387100, 1.000000000000000000, 0.8660254037844387100, 1.000000000000000000, 0.8660254037844387100, 1.000000000000000000, 0.8660254037844387100, 1.000000000000000000, 0.8660254037844387100, 1.000000000000000000, 0.8660254037844387100, 1.000000000000000000, 0.8660254037844387100, 1.000000000000000000, 0.8660254037844387100, 1.000000000000000000, 0.8660254037844387100, 1.000000000000000000, 0.8660254037844387100, 1.000000000000000000, 0.8660254037844387100, 1.000000000000000000, 0.8660254037844387100, 1.000000000000000000, 0.8660254037844387100, 1.000000000000000000, 0.8660254037844387100, 1.000000000000000000, 0.8660254037844387100, 1.000000000000000000, 0.8660254037844387100, 1.000000000000000000, 0.8660254037844387100, 1.000000000000000000, 0.8660254037844387100, 1.000000000000000000, 0.8660254037844387100, 1.000000000000000000, 0.8660254037844387100, 1.000000000000000000, 0.8660254037844387100, 1.000000000000000000, 0.8660254037844387100, 1.000000000000000000, 0.8660254037844387100, 1.000000000000000000, 0.8660254037844387100, 1.000000000000000000, 0.8660254037844387100, 1.000000000000000000, 0.8660254037844387100, 1.000000000000000000, 0.8660254037844387100, 1.000000000000000000, 0.8660254037844387100, 1.000000000000000000, 0.8660254037844387100, 1.000000000000000000, 0.8660254037844387100, 1.000000000000000000, 0.8660254037844387100, 1.000000000000000000, 0.8660254037844387100, 1.000000000000000000, 0.8660254037844387100, 1.000000000000000000, 0.8660254037844387100, 1.000000000000000000, 0.8660254037844387100, 1.000000000000000000, 0.8660254037844387100, 1.000000000000000000, 0.8660254037844387100, 1.000000000000000000, 0.8660254037844387100, 1.000000000000000000, 0.8660254037844387100, 1.000000000000000000, 0.8660254037844387100, 1.000000000000000000),
 ( 1.000000000000000000, 0.8660254037844387100, 1.000000000000000000, 0.8660254037844387100, 1.000000000000000000, 0.8660254037844387100, 1.000000000000000000, 0.8660254037844387100, 1.000000000000000000, 0.8660254037844387100, 1.000000000000000000, 0.8660254037844387100, 1.000000000000000000, 0.8660254037844387100, 1.000000000000000000, 0.8660254037844387100, 1.000000000000000000, 0.8660254037844387100, 1.000000000000000000, 0.8660254037844387100, 1.000000000000000000, 0.8660254037844387100, 1.000000000000000000, 0.8660254037844387100, 1.000000000000000000, 0.8660254037844387100, 1.000000000000000000, 0.8660254037844387100, 1.000000000000000000, 0.8660254037844387100, 1.000000000000000000, 0.8660254037844387100, 1.000000000000000000, 0.8660254037844387100, 1.000000000000000000, 0.8660254037844387100, 1.000000000000000000, 0.8660254037844387100, 1.000000000000000000, 0.8660254037844387100, 1.000000000000000000, 0.8660254037844387100, 1.000000000000000000, 0.8660254037844387100, 1.000000000000000000, 0.8660254037844387100, 1.000000000000000000, 0.8660254037844387100, 1.000000000000000000, 0.8660254037844387100, 1.000000000000000000, 0.8660254037844387100, 1.000000000000000000, 0.8660254037844387100, 1.000000000000000000, 0.8660254037844387100, 1.000000000000000000, 0.8660254037844387100, 1.000000000000000000, 0.8660254037844387100, 1.000000000000000000, 0.8660254037844387100, 1.000000000000000000, 0.8660254037844387100, 1.000000000000000000, 0.8660254037844387100, 1.000000000000000000, 0.8660254037844387100, 1.000000000000000000, 0.8660254037844387100, 1.000000000000000000, 0.8660254037844387100, 1.000000000000000000, 0.8660254037844387100, 1.000000000000000000, 0.8660254037844387100, 1.000000000000000000, 0.8660254037844387100, 1.000000000000000000, 0.8660254037844387100, 1.000000000000000000, 0.8660254037844387100, 1.000000000000000000, 0.8660254037844387100, 1.000000000000000000, 0.8660254037844387100, 1.000000000000000000, 0.8660254037844387100, 1.000000000000000000, 0.8660254037844387100, 1.000000000000000000, 0.8660254037844387100, 1.000000000000000000, 0.8660254037844387100, 1.000000000000000000, 0.8660254037844387100, 1.000000000000000000, 0.8660254037844387100, 1.000000000000000000, 0.8660254037844387100, 1.000000000000000000, 0.8660254037844387100, 1.000000000000000000, 0.8660254037844387100, 1.000000000000000000, 0.8660254037844387100, 1.000000000000000000, 0.8660254037844387100, 1.000000000000000000, 0.8660254037844387100, 1.000000000000000000, 0.8660254037844387100, 1.000000000000000000, 0.8660254037844387100, 1.000000000000000000, 0.8660254037844387100, 1.000000000000000000, 0.8660254037844387100, 1.000000000000000000, 0.8660254037844387100, 1.000000000000000000, 0.8660254037844387100, 1.000000000000000000, 0.8660254037844387100, 1.000000000000000000, 0.8660254037844387100, 1.000000000000000000, 0.8660254037844387100, 1.000000000000000000, 0.8660254037844387100, 1.000000000000000000, 0.8660254037844387100, 1.000000000000000000, 0.8660254037844387100, 1.000000000000000000, 0.8660254037844387100, 1.000000000000000000, 0.8660254037844387100, 1.000000000000000000, 0.8660254037844387100, 1.000000000000000000, 0.8660254037844387100, 1.000000000000000000, 0.8660254037844387100, 1.000000000000000000, 0.8660254037844387100, 1.000000000000000000, 0.8660254037844387100, 1.000000000000000000, 0.8660254037844387100, 1.000000000000000000, 0.8660254037844387100, 1.000000000000000000, 0.8660254037844387100, 1.000000000000000000, 0.8660254037844387100, 1.000000000000000000, 0.8660254037844387100, 1.000000000000000000, 0.8660254037844387100, 1.000000000000000000, 0.8660254037844387100, 1.000000000000000000, 0.8660254037844387100, 1.000000000000000000, 0.8660254037844387100, 1.000000000000000000, 0.8660254037844387100, 1.000000000000000000, 0.8660254037844387100, 1.000000000000000000, 0.8660254037844387100, 1.000000000000000000, 0.8660254037844387100, 1.000000000000000000, 0.8660254037844387100, 1.000000000000000000, 0.8660254037844387100, 1.000000000000000000, 0.8660254037844387100, 1.000000000000000000, 0.8660254037844387100, 1.000000000000000000, 0.8660254037844387100, 1.000000000000000000, 0.8660254037844387100, 1.000000000000000000, 0.8660254037844387100, 1.000000000000000000, 0.8660254037844387100, 1.000000000000000000, 0.8660254037844387100, 1.000000000000000000, 0.8660254037844387100, 1.000000000000000000, 0.8660254037844387100, 1.000000000000000000, 0.8660254037844387100, 1.000000000000000000, 0.8660254037844387100, 1.000000000000000000, 0.8660254037844387100, 1.000000000000000000, 0.8660254037844387100, 1.000000000000000000, 0.8660254037844387100, 1.000000000000000000, 0.8660254037844387100, 1.000000000000000000, 0.8660254037844387100, 1.000000000000000000, 0.8660254037844387100, 1.000000000000000000, 0.8660254037844387100, 1.000000000000000000, 0.8660254037844387100, 1.000000000000000000, 0.8660254037844387100, 1.000000000000000000, 0.8660254037844387100, 1.000000000000000000, 0.8660254037844387100, 1.000000000000000000, 0.8660254037844387100, 1.000000000000000000, 0.8660254037844387100, 1.000000000000000000, 0.8660254037844387100, 1.000000000000000000, 0.8660254037844387100, 1.000000000000000000, 0.8660254037844387100, 1.000000000000000000, 0.8660254037844387100, 1.000000000000000000, 0.8660254037844387100, 1.000000000000000000, 0.8660254037844387100, 1.000000000000000000, 0.8660254037844387100, 1.000000000000000000, 0.8660254037844387100, 1.000000000000000000, 0.8660254037844387100, 1.000000000000000000, 0.8660254037844387100, 1.000000000000000000, 0.8660254037844387100, 1.000000000000000000, 0.8660254037844387100, 1.000000000000000000, 0.8660254037844387100, 1.000000000000000000) ) ) 
 REPRESENTATION_ITEM ( '' )  SURFACE ( )  );
#1922 = CARTESIAN_POINT ( 'NONE',  ( -1.299038105676658400, -0.7499999999999998900, -1.683333333333336900 ) ) ;
#1923 = ORIENTED_EDGE ( 'NONE', *, *, #1929, .F. ) ;
#1924 = EDGE_LOOP ( 'NONE', ( #3815, #851, #2696, #2154 ) ) ;
#1925 = CARTESIAN_POINT ( 'NONE',  ( 1.763300807568875000, -3.023275895394842700E-016, -1.428124999999998800 ) ) ;
#1926 = CARTESIAN_POINT ( 'NONE',  ( -1.322475605676656200, 0.7635316469341311100, -5.251041666666671000 ) ) ;
#1927 = AXIS2_PLACEMENT_3D ( 'NONE', #885, #4551, #1250 ) ;
#1928 = DIRECTION ( 'NONE',  ( -0.0000000000000000000, -0.0000000000000000000, -1.000000000000000000 ) ) ;
#1929 = EDGE_CURVE ( 'NONE', #2346, #61, #2426, .T. ) ;
#1930 = ORIENTED_EDGE ( 'NONE', *, *, #349, .T. ) ;
#1931 = CARTESIAN_POINT ( 'NONE',  ( -1.017788105676655100, 0.5876202367904161900, -5.016666666666666600 ) ) ;
#1932 = ADVANCED_FACE ( 'NONE', ( #1953 ), #1434, .T. ) ;
#1933 = EDGE_LOOP ( 'NONE', ( #2394, #4546, #2844, #2114, #2283, #1252 ) ) ;
#1934 = DIRECTION ( 'NONE',  ( 1.000000000000000000, 0.0000000000000000000, 0.0000000000000000000 ) ) ;
#1935 = EDGE_CURVE ( 'NONE', #3639, #3018, #2260, .T. ) ;
#1936 = CARTESIAN_POINT ( 'NONE',  ( 1.017788105676655600, 0.5876202367904153100, -4.183333333333333600 ) ) ;
#1937 = ORIENTED_EDGE ( 'NONE', *, *, #3677, .T. ) ;
#1938 = CARTESIAN_POINT ( 'NONE',  ( 1.357050807568873600, -2.277006752164423400E-016, -4.662499999999999600 ) ) ;
#1939 = DIRECTION ( 'NONE',  ( 0.0000000000000000000, -1.000000000000000000, -2.585091490897065700E-018 ) ) ;
#1940 = LINE ( 'NONE', #4364, #967 ) ;
#1941 = CARTESIAN_POINT ( 'NONE',  ( -1.299038105676658400, -0.7499999999999998900, -6.120833333333334500 ) ) ;
#1942 = CARTESIAN_POINT ( 'NONE',  ( 0.8816504037844382600, 1.527063293868261300, -0.3447916666666651100 ) ) ;
#1943 = CARTESIAN_POINT ( 'NONE',  ( -1.322475605676656200, 0.7635316469341311100, -4.251041666666671900 ) ) ;
#1944 = CARTESIAN_POINT ( 'NONE',  ( -1.299038105676658400, -0.7499999999999998900, -5.620833333333333600 ) ) ;
#1945 = CARTESIAN_POINT ( 'NONE',  ( 0.6785254037844372600, 1.175240473580831900, -1.641666666666667100 ) ) ;
#1946 = CIRCLE ( 'NONE', #4619, 1.500000000000001100 ) ;
#1947 = VERTEX_POINT ( 'NONE', #3162 ) ;
#1948 = ORIENTED_EDGE ( 'NONE', *, *, #2133, .F. ) ;
#1949 = CARTESIAN_POINT ( 'NONE',  ( -1.357050807568873400, 1.046809103374680900E-016, -2.975000000000000500 ) ) ;
#1950 = CARTESIAN_POINT ( 'NONE',  ( -0.6785254037844367100, 1.175240473580832400, -3.995833333333333600 ) ) ;
#1951 = CARTESIAN_POINT ( 'NONE',  ( -1.299038105676658400, -0.7499999999999998900, -7.683333333333335300 ) ) ;
#1952 = DIRECTION ( 'NONE',  ( -0.0000000000000000000, -2.585091490897065700E-018, 1.000000000000000000 ) ) ;
#1953 = FACE_OUTER_BOUND ( 'NONE', #4645, .T. ) ;
#1954 =( BOUNDED_CURVE ( )  B_SPLINE_CURVE ( 2, ( #1606, #4472, #862, #4174, #3417, #3073, #3030 ),
 .UNSPECIFIED., .F., .F. ) 
 B_SPLINE_CURVE_WITH_KNOTS ( ( 3, 2, 2, 3 ),
 ( 0.3095238095238094800, 0.3174603174603173300, 0.3253968253968252400, 0.3333333333333332000 ),
 .UNSPECIFIED. ) 
 CURVE ( )  GEOMETRIC_REPRESENTATION_ITEM ( )  RATIONAL_B_SPLINE_CURVE ( ( 1.000000000000001100, 0.8660254037844378200, 1.000000000000000000, 0.8660254037844387100, 1.000000000000000000, 0.8660254037844414800, 0.9999999999999972200 ) ) 
 REPRESENTATION_ITEM ( '' )  );
#1955 = AXIS2_PLACEMENT_3D ( 'NONE', #2957, #766, #3344 ) ;
#1956 = B_SPLINE_CURVE_WITH_KNOTS ( 'NONE', 3,
 ( #3611, #1441, #6, #2219, #2570, #1057, #1422, #3976, #3281, #2538, #4382, #3960 ),
 .UNSPECIFIED., .F., .F.,
 ( 4, 2, 2, 2, 2, 4 ),
 ( 0.0001973365888114193200, 0.0007365288222462794900, 0.001275721055681139700, 0.001545317172398569600, 0.001814913289115999800, 0.002354105522550859800 ),
 .UNSPECIFIED. ) ;
#1957 = CARTESIAN_POINT ( 'NONE',  ( 1.322475605676655800, -0.7635316469341314500, 0.03020833333333521100 ) ) ;
#1958 = CARTESIAN_POINT ( 'NONE',  ( -0.8816504037844380400, -1.527063293868261300, -3.626041666666671500 ) ) ;
#1959 = CARTESIAN_POINT ( 'NONE',  ( -0.2773202059188205600, 1.547964847647955900, 1.302564931900371400 ) ) ;
#1960 = CARTESIAN_POINT ( 'NONE',  ( -1.439254484199185900E-016, -1.175240473580832200, -1.850000000000000100 ) ) ;
#1961 = ORIENTED_EDGE ( 'NONE', *, *, #3000, .F. ) ;
#1962 = CARTESIAN_POINT ( 'NONE',  ( -0.3476932613749224600, -1.754010341813029500, 2.106932636468940200 ) ) ;
#1963 = AXIS2_PLACEMENT_3D ( 'NONE', #1607, #2354, #526 ) ;
#1964 = EDGE_CURVE ( 'NONE', #2500, #4024, #1901, .T. ) ;
#1965 = CARTESIAN_POINT ( 'NONE',  ( -1.439254484199185900E-016, -1.175240473580832200, -0.8500000000000000900 ) ) ;
#1966 = CARTESIAN_POINT ( 'NONE',  ( 0.0000000000000000000, 1.175240473580832400, -3.037500000000000100 ) ) ;
#1967 = CARTESIAN_POINT ( 'NONE',  ( 1.299038105676658000, -0.7500000000000008900, -4.954166666666667500 ) ) ;
#1968 = CARTESIAN_POINT ( 'NONE',  ( 0.2678159961287154300, 0.9766879735806951500, 0.7413608489943265300 ) ) ;
#1969 = CARTESIAN_POINT ( 'NONE',  ( 0.8660254037844362700, 1.500000000000006700, -4.891666666666672800 ) ) ;
#1970 = CARTESIAN_POINT ( 'NONE',  ( 0.0000000000000000000, 1.500000000000000400, -1.850000000000003400 ) ) ;
#1971 = CARTESIAN_POINT ( 'NONE',  ( 0.0000000000000000000, 1.500000000000000400, -3.287500000000000500 ) ) ;
#1972 = CARTESIAN_POINT ( 'NONE',  ( 0.0000000000000000000, 1.527063293868261800, 0.1968750000000008500 ) ) ;
#1973 = CARTESIAN_POINT ( 'NONE',  ( 1.322475605676656900, 0.7635316469341297800, -0.4177083333333393400 ) ) ;
#1974 = CARTESIAN_POINT ( 'NONE',  ( -0.6785254037844371500, -1.175240473580831900, -0.3916666666666668900 ) ) ;
#1975 = ORIENTED_EDGE ( 'NONE', *, *, #1740, .T. ) ;
#1976 = CARTESIAN_POINT ( 'NONE',  ( 1.357050807568873400, -2.277006752164422900E-016, -1.225000000000000500 ) ) ;
#1977 = ADVANCED_FACE ( 'NONE', ( #764 ), #156, .T. ) ;
#1978 = CARTESIAN_POINT ( 'NONE',  ( 0.6785254037844372600, 1.175240473580831900, 0.3583333333333337800 ) ) ;
#1979 = ORIENTED_EDGE ( 'NONE', *, *, #2786, .T. ) ;
#1980 = CARTESIAN_POINT ( 'NONE',  ( -1.439254484199186200E-016, -1.175240473580832400, -4.287500000000000500 ) ) ;
#1981 = DIRECTION ( 'NONE',  ( -0.0000000000000000000, -2.585091490897065700E-018, 1.000000000000000000 ) ) ;
#1982 = AXIS2_PLACEMENT_3D ( 'NONE', #2951, #1138, #3668 ) ;
#1983 = ORIENTED_EDGE ( 'NONE', *, *, #124, .T. ) ;
#1984 = ORIENTED_EDGE ( 'NONE', *, *, #813, .T. ) ;
#1985 = CARTESIAN_POINT ( 'NONE',  ( 0.0000000000000000000, 6.628682924999594700E-017, 1.649999999999999500 ) ) ;
#1986 = CARTESIAN_POINT ( 'NONE',  ( 1.073809935526931700, 0.2359215567864390300, 0.8293762070536469000 ) ) ;
#1987 = CARTESIAN_POINT ( 'NONE',  ( 0.8816504037844382600, 1.527063293868261300, -0.8760416666666717100 ) ) ;
#1988 = ORIENTED_EDGE ( 'NONE', *, *, #1004, .T. ) ;
#1989 = AXIS2_PLACEMENT_3D ( 'NONE', #2981, #3351, #498 ) ;
#1990 = EDGE_CURVE ( 'NONE', #1636, #4590, #554, .T. ) ;
#1991 = CARTESIAN_POINT ( 'NONE',  ( 1.017788105676654900, -0.5876202367904166400, -0.7666666666666672700 ) ) ;
#1992 = CONICAL_SURFACE ( 'NONE', #1650, 1.500000000000001100, 1.047197551196599900 ) ;
#1993 = CARTESIAN_POINT ( 'NONE',  ( 1.357050807568873400, -2.277006752164422900E-016, -1.724999999999999900 ) ) ;
#1994 = CARTESIAN_POINT ( 'NONE',  ( -1.439254484199186200E-016, -1.175240473580832400, -0.2874999999999995300 ) ) ;
#1995 = CARTESIAN_POINT ( 'NONE',  ( 0.8660254037844326000, 1.500000000000012000, -4.829166666666664800 ) ) ;
#1996 = CARTESIAN_POINT ( 'NONE',  ( 1.836970198721030400E-016, 1.500000000000000400, 1.649999999999999500 ) ) ;
#1997 = CARTESIAN_POINT ( 'NONE',  ( 1.017788105676655800, 0.5876202367904153100, -2.120833333333333100 ) ) ;
#1998 = LINE ( 'NONE', #933, #1423 ) ;
#1999 = CARTESIAN_POINT ( 'NONE',  ( -1.017788105676655300, 0.5876202367904163100, -1.954166666666666600 ) ) ;
#2000 = CARTESIAN_POINT ( 'NONE',  ( -1.836970198721030700E-016, -1.500000000000000400, -3.037500000000000100 ) ) ;
#2001 = CARTESIAN_POINT ( 'NONE',  ( -0.8816504037844380400, -1.527063293868261300, -1.126041666666671900 ) ) ;
#2002 = CARTESIAN_POINT ( 'NONE',  ( -1.299038105676658200, 0.7500000000000004400, -1.204166666666666600 ) ) ;
#2003 = CARTESIAN_POINT ( 'NONE',  ( 1.357050807568873400, -2.277006752164422900E-016, -1.724999999999999900 ) ) ;
#2004 = DIRECTION ( 'NONE',  ( -0.0000000000000000000, -0.0000000000000000000, -1.000000000000000000 ) ) ;
#2005 = LINE ( 'NONE', #2411, #310 ) ;
#2006 = CARTESIAN_POINT ( 'NONE',  ( -1.357050807568873400, 1.046809103374681200E-016, -0.4749999999999997600 ) ) ;
#2007 = CARTESIAN_POINT ( 'NONE',  ( 0.6785254037844363800, -1.175240473580832600, -0.2458333333333340400 ) ) ;
#2008 = CARTESIAN_POINT ( 'NONE',  ( 0.2635083148449566300, 1.390055189987962500, 1.144694294526125100 ) ) ;
#2009 = LINE ( 'NONE', #2312, #367 ) ;
#2010 = CARTESIAN_POINT ( 'NONE',  ( 1.175240473580832200, -9.325406199240866600E-015, -0.1875000000000015300 ) ) ;
#2011 = CARTESIAN_POINT ( 'NONE',  ( -0.8660254037844464800, -1.499999999999987600, -4.141666666666671000 ) ) ;
#2012 = CARTESIAN_POINT ( 'NONE',  ( 1.357050807568873400, -2.277006752164422400E-016, -6.724999999999999600 ) ) ;
#2013 = EDGE_CURVE ( 'NONE', #572, #4040, #4337, .T. ) ;
#2014 = CARTESIAN_POINT ( 'NONE',  ( -1.836970198721030400E-016, -1.500000000000000400, -3.600000000000002800 ) ) ;
#2015 = CARTESIAN_POINT ( 'NONE',  ( 0.8816504037844369300, -1.527063293868262000, -2.042708333333338000 ) ) ;
#2016 = DIRECTION ( 'NONE',  ( -0.0000000000000000000, -2.585091490897065700E-018, 1.000000000000000000 ) ) ;
#2017 = ADVANCED_FACE ( 'NONE', ( #699 ), #1310, .T. ) ;
#2018 = EDGE_CURVE ( 'NONE', #4574, #2979, #835, .T. ) ;
#2019 = CARTESIAN_POINT ( 'NONE',  ( 0.6785254037844362700, -1.175240473580832400, -1.308333333333333300 ) ) ;
#2020 = CARTESIAN_POINT ( 'NONE',  ( -1.017788105676655300, -0.5876202367904159700, -2.370833333333333100 ) ) ;
#2021 = EDGE_LOOP ( 'NONE', ( #1537, #3009, #551, #4136 ) ) ;
#2022 = CARTESIAN_POINT ( 'NONE',  ( 0.0000000000000000000, 1.500000000000000400, -7.287500000000000500 ) ) ;
#2023 = CARTESIAN_POINT ( 'NONE',  ( 0.2359215567864502700, -1.073809935526929500, 0.8293762070536467900 ) ) ;
#2024 = CARTESIAN_POINT ( 'NONE',  ( 0.6785254037844372600, 1.175240473580831700, -8.141666666666667500 ) ) ;
#2025 = ORIENTED_EDGE ( 'NONE', *, *, #892, .F. ) ;
#2026 = CARTESIAN_POINT ( 'NONE',  ( 1.836970198721030400E-016, 1.500000000000000400, 1.649999999999999500 ) ) ;
#2027 = CARTESIAN_POINT ( 'NONE',  ( -1.322475605676656200, -0.7635316469341305600, 0.8322916666666617700 ) ) ;
#2028 = ORIENTED_EDGE ( 'NONE', *, *, #564, .F. ) ;
#2029 = CARTESIAN_POINT ( 'NONE',  ( 1.357050807568873400, -2.277006752164422900E-016, 0.2749999999999991900 ) ) ;
#2030 = ORIENTED_EDGE ( 'NONE', *, *, #4282, .F. ) ;
#2031 =( BOUNDED_CURVE ( )  B_SPLINE_CURVE ( 2, ( #3761, #1995, #1297, #3824, #1967, #2352, #4526 ),
 .UNSPECIFIED., .F., .F. ) 
 B_SPLINE_CURVE_WITH_KNOTS ( ( 3, 2, 2, 3 ),
 ( 0.6190476190476189600, 0.6269841269841268700, 0.6349206349206347700, 0.6428571428571426800 ),
 .UNSPECIFIED. ) 
 CURVE ( )  GEOMETRIC_REPRESENTATION_ITEM ( )  RATIONAL_B_SPLINE_CURVE ( ( 1.000000000000001800, 0.8660254037844368200, 1.000000000000000000, 0.8660254037844387100, 1.000000000000000000, 0.8660254037844405900, 0.9999999999999981100 ) ) 
 REPRESENTATION_ITEM ( '' )  );
#2032 = CARTESIAN_POINT ( 'NONE',  ( -0.6785254037844367100, 1.175240473580832400, -0.4958333333333341800 ) ) ;
#2033 = CARTESIAN_POINT ( 'NONE',  ( -0.8816504037844380400, -1.527063293868261300, -8.594791666666665700 ) ) ;
#2034 = ORIENTED_EDGE ( 'NONE', *, *, #3043, .T. ) ;
#2035 = ORIENTED_EDGE ( 'NONE', *, *, #2286, .T. ) ;
#2036 = CARTESIAN_POINT ( 'NONE',  ( 1.357050807568873600, -2.277006752164423400E-016, -1.662499999999999900 ) ) ;
#2037 = CARTESIAN_POINT ( 'NONE',  ( 1.547964847654341900, -0.2773202059209751200, 1.302564931925244100 ) ) ;
#2038 = AXIS2_PLACEMENT_3D ( 'NONE', #2207, #1106, #3620 ) ;
#2039 = CARTESIAN_POINT ( 'NONE',  ( 0.0000000000000000000, 1.500000000000000400, -1.787500000000000100 ) ) ;
#2040 = CARTESIAN_POINT ( 'NONE',  ( -0.6785254037844366000, 1.175240473580832200, -8.058333333333333600 ) ) ;
#2041 = VERTEX_POINT ( 'NONE', #3963 ) ;
#2042 = DIRECTION ( 'NONE',  ( -0.0000000000000000000, -2.585091490897065700E-018, 1.000000000000000000 ) ) ;
#2043 = CARTESIAN_POINT ( 'NONE',  ( -1.322475605676656200, 0.7635316469341311100, 0.2489583333333284500 ) ) ;
#2044 = AXIS2_PLACEMENT_3D ( 'NONE', #4462, #3386, #2691 ) ;
#2045 = DIRECTION ( 'NONE',  ( -0.0000000000000000000, -0.0000000000000000000, -1.000000000000000000 ) ) ;
#2046 = FACE_OUTER_BOUND ( 'NONE', #3335, .T. ) ;
#2047 = EDGE_CURVE ( 'NONE', #2158, #2493, #1203, .T. ) ;
#2048 = CARTESIAN_POINT ( 'NONE',  ( -1.322475605676656200, -0.7635316469341305600, 0.8635416666666686500 ) ) ;
#2049 = EDGE_CURVE ( 'NONE', #732, #3553, #4145, .T. ) ;
#2050 = CARTESIAN_POINT ( 'NONE',  ( 0.6785254037844362700, -1.175240473580832400, 0.6916666666666668700 ) ) ;
#2051 = CARTESIAN_POINT ( 'NONE',  ( -1.836970198721030400E-016, -1.500000000000000400, -1.600000000000003200 ) ) ;
#2052 = CARTESIAN_POINT ( 'NONE',  ( 1.175240473580832200, -9.325406199240866600E-015, -0.1875000000000015300 ) ) ;
#2053 = CARTESIAN_POINT ( 'NONE',  ( -0.6785254037844371500, -1.175240473580832400, -0.3291666666666668300 ) ) ;
#2054 = CARTESIAN_POINT ( 'NONE',  ( 1.017788105676655600, 0.5876202367904153100, 1.816666666666666000 ) ) ;
#2055 = LINE ( 'NONE', #2952, #2799 ) ;
#2056 = ORIENTED_EDGE ( 'NONE', *, *, #646, .F. ) ;
#2057 = CARTESIAN_POINT ( 'NONE',  ( 0.6785254037844363800, -1.175240473580832600, -0.7458333333333335700 ) ) ;
#2058 = CARTESIAN_POINT ( 'NONE',  ( -1.836970198721030400E-016, -1.500000000000000400, -0.6000000000000032000 ) ) ;
#2059 = VECTOR ( 'NONE', #2534, 1000.000000000000000 ) ;
#2060 = DIRECTION ( 'NONE',  ( -1.000000000000000000, 0.0000000000000000000, 0.0000000000000000000 ) ) ;
#2061 = CARTESIAN_POINT ( 'NONE',  ( 0.0000000000000000000, 1.527063293868261800, 0.1656249999999939200 ) ) ;
#2062 = CARTESIAN_POINT ( 'NONE',  ( 1.099039475859552800, 0.3627590212688055500, 2.279135060036726800 ) ) ;
#2063 = CARTESIAN_POINT ( 'NONE',  ( 0.0000000000000000000, 1.500000000000000400, -0.8500000000000033100 ) ) ;
#2064 = CARTESIAN_POINT ( 'NONE',  ( -0.8782971197407896100, 0.3004295733969450400, 0.6553893317992682800 ) ) ;
#2065 = CARTESIAN_POINT ( 'NONE',  ( -1.836970198721030400E-016, -1.500000000000000400, -0.1000000000000027300 ) ) ;
#2066 = CARTESIAN_POINT ( 'NONE',  ( -1.439254484199186200E-016, -1.175240473580832400, -0.2874999999999995300 ) ) ;
#2067 = CARTESIAN_POINT ( 'NONE',  ( -1.763300807568875000, 1.295565484451488000E-016, -8.178124999999997900 ) ) ;
#2068 =( BOUNDED_SURFACE ( )  B_SPLINE_SURFACE ( 1, 2, ( 
 ( #2891, #689, #2121, #1400, #1050, #706, #3589, #1418, #3245, #1449, #3603, #4342, #723, #1144, #52, #73, #3342, #3672, #4034, #4429, #2251, #4376, #4001, #430, #3640, #1161, #1176, #2598, #1870, #1904, #1505, #4409, #94, #4068, #1542, #832, #108, #2267, #416, #36, #1469, #2648, #2615, #2582, #1489, #4021, #2974, #796, #465, #1521, #1125, #3007, #4054, #3325, #4445, #2956, #398, #1851, #4397, #2287, #1109, #1886, #3659, #2632, #445, #3704, #780, #2991, #1838, #814, #2211, #2231, #2939, #765, #3691, #3294, #3311, #4125, #3046, #158, #3383, #1193, #2673, #2704, #844, #2351, #128, #3398, #861, #494, #2366, #1225, #1588, #1938, #3773, #4157, #4109, #877, #483, #2688, #144, #4514, #1980, #1212, #1238, #3718, #2322, #542, #4457, #1950, #187, #2714, #4488, #3084, #3363, #3746, #2332, #1561, #511, #3373, #3731, #3056, #3028, #1574, #2304, #3760, #4089, #1605, #4137, #4470, #1916, #2659, #1966, #4500, #169, #525, #3071, #887, #3416, #1253, #1619, #930, #4541, #4553, #3141, #3458, #3823, #4213, #2020, #4172, #3791, #224, #3429, #943, #959, #2390, #1663, #1692, #1295, #4200, #4570, #3861, #1328, #608, #4588, #2036, #214, #4524, #1272, #2439, #2410, #2380, #1282, #3810, #2761, #583, #259, #1309, #916, #2793, #3841, #3126, #4225, #2746, #198, #1649, #4185, #2057, #900, #1677, #3442, #2425, #242, #3490, #568, #2774, #1630, #597, #1994, #2007, #2734, #550, #3474, #3100, #3110, #3905, #2824, #4634, #3183, #974, #2467, #2492, #624, #2116, #4601, #3194, #636, #288, #2135, #999, #1368, #1725, #3565, #3934, #3889, #651, #274, #2480, #4617, #4303, #1767, #986, #1014, #3510, #2087, #328, #4237, #1736, #4666, #2510, #4270, #2871, #3154, #3536, #2102, #1339, #303, #3166, #3523, #2839, #2812, #1356, #2070 ),
 ( #4255, #3548, #3877, #1709, #1384, #2856, #669, #2455, #3916, #1752, #4280, #4650, #3206, #315, #1029, #1395, #1818, #3947, #3582, #14, #3224, #739, #2934, #4340, #3619, #1484, #719, #3254, #4371, #3654, #1121, #409, #4391, #3999, #2170, #4320, #1047, #2225, #4353, #2155, #1064, #3600, #2559, #3984, #47, #1105, #702, #2594, #3636, #2191, #4013, #2543, #4681, #1429, #3967, #1848, #685, #1462, #3241, #1832, #2205, #760, #362, #32, #1414, #2576, #1787, #1799, #3288, #2530, #3268, #344, #2885, #1446, #2904, #378, #1086, #4700, #2920, #392, #426, #1913, #4405, #3001, #440, #2263, #1931, #2986, #1171, #1515, #3370, #3726, #3685, #458, #68, #2280, #4420, #4102, #1570, #789, #827, #3306, #1881, #139, #4030, #3699, #4467, #2317, #1536, #2668, #2950, #84, #2627, #774, #810, #2969, #3319, #3336, #2608, #1155, #1863, #3356, #3667, #4062, #1898, #4049, #1499, #2242, #4442, #105, #1137, #2642, #1187, #2657, #475, #3715, #1554, #4083, #4454, #2299, #3023, #121, #840, #1208, #1615, #3741, #3380, #4510, #3039, #538, #2726, #4133, #3410, #1278, #522, #3067, #4168, #3438, #911, #209, #4181, #3785, #1960, #4120, #857, #2003, #4151, #1945, #872, #3393, #2359, #3771, #4535, #895, #503, #2387, #3425, #1976, #3802, #2345, #4481, #1234, #3755, #1641, #491, #1265, #3053, #1626, #1991, #547, #166, #4521, #1222, #2376, #1583, #1599, #3093, #2329, #3080, #154, #2683, #1248, #2698, #179, #883, #4496, #2711, #193, #221, #1704, #4194, #2787, #237, #2029, #1719, #2768, #951, #1306, #3160, #3518, #3468, #252, #4549, #2050, #4207, #3885, #1350, #576, #604, #3107, #1672, #4614, #3819, #3485, #4248, #2083, #1322, #2463, #2740, #4567, #2418, #559, #593, #2757, #3121, #3136, #2404, #939, #1657, #3150, #3454, #3855, #1687 ) ),
 .UNSPECIFIED., .F., .F., .F. ) 
 B_SPLINE_SURFACE_WITH_KNOTS ( ( 2, 2 ),
 ( 3, 2, 2, 2, 2, 2, 2, 2, 2, 2, 2, 2, 2, 2, 2, 2, 2, 2, 2, 2, 2, 2, 2, 2, 2, 2, 2, 2, 2, 2, 2, 2, 2, 2, 2, 2, 2, 2, 2, 2, 2, 2, 2, 2, 2, 2, 2, 2, 2, 2, 2, 2, 2, 2, 2, 2, 2, 2, 2, 2, 2, 2, 2, 2, 2, 2, 2, 2, 2, 2, 2, 2, 2, 2, 2, 2, 2, 2, 2, 2, 2, 2, 2, 2, 2, 2, 2, 2, 2, 2, 2, 2, 2, 2, 2, 2, 2, 2, 2, 2, 2, 2, 2, 2, 2, 2, 2, 2, 2, 2, 2, 2, 2, 2, 2, 2, 2, 2, 2, 2, 2, 2, 2, 2, 2, 2, 3 ),
 ( 0.0000000000000000000, 1.000000000000000000 ),
 ( 0.0000000000000000000, 0.007936507936507936100, 0.01587301587301587200, 0.02380952380952380800, 0.03174603174603174400, 0.03968253968253968000, 0.04761904761904761600, 0.05555555555555555200, 0.06349206349206348900, 0.07142857142857142500, 0.07936507936507936100, 0.08730158730158729700, 0.09523809523809523300, 0.1031746031746031700, 0.1111111111111111000, 0.1190476190476190400, 0.1269841269841269800, 0.1349206349206349100, 0.1428571428571428500, 0.1507936507936507900, 0.1587301587301587200, 0.1666666666666666600, 0.1746031746031745900, 0.1825396825396825300, 0.1904761904761904700, 0.1984126984126984000, 0.2063492063492063400, 0.2142857142857142700, 0.2222222222222222100, 0.2301587301587301500, 0.2380952380952380800, 0.2460317460317460200, 0.2539682539682539500, 0.2619047619047619200, 0.2698412698412698300, 0.2777777777777777900, 0.2857142857142857000, 0.2936507936507936600, 0.3015873015873015700, 0.3095238095238095300, 0.3174603174603174400, 0.3253968253968254100, 0.3333333333333333100, 0.3412698412698412800, 0.3492063492063491900, 0.3571428571428571500, 0.3650793650793650600, 0.3730158730158730200, 0.3809523809523809300, 0.3888888888888889000, 0.3968253968253968000, 0.4047619047619047700, 0.4126984126984126800, 0.4206349206349206400, 0.4285714285714285500, 0.4365079365079365100, 0.4444444444444444200, 0.4523809523809523800, 0.4603174603174602900, 0.4682539682539682600, 0.4761904761904761600, 0.4841269841269841300, 0.4920634920634920400, 0.5000000000000000000, 0.5079365079365079100, 0.5158730158730159300, 0.5238095238095238400, 0.5317460317460317400, 0.5396825396825396500, 0.5476190476190476700, 0.5555555555555555800, 0.5634920634920634900, 0.5714285714285714000, 0.5793650793650794200, 0.5873015873015873200, 0.5952380952380952300, 0.6031746031746031400, 0.6111111111111111600, 0.6190476190476190700, 0.6269841269841269800, 0.6349206349206348900, 0.6428571428571429000, 0.6507936507936508100, 0.6587301587301587200, 0.6666666666666666300, 0.6746031746031746500, 0.6825396825396825600, 0.6904761904761904700, 0.6984126984126983700, 0.7063492063492063900, 0.7142857142857143000, 0.7222222222222222100, 0.7301587301587301200, 0.7380952380952381400, 0.7460317460317460500, 0.7539682539682539500, 0.7619047619047618600, 0.7698412698412698800, 0.7777777777777777900, 0.7857142857142857000, 0.7936507936507936100, 0.8015873015873016300, 0.8095238095238095300, 0.8174603174603174400, 0.8253968253968253500, 0.8333333333333333700, 0.8412698412698412800, 0.8492063492063491900, 0.8571428571428571000, 0.8650793650793651100, 0.8730158730158730200, 0.8809523809523809300, 0.8888888888888888400, 0.8968253968253968600, 0.9047619047619047700, 0.9126984126984126800, 0.9206349206349205800, 0.9285714285714286000, 0.9365079365079365100, 0.9444444444444444200, 0.9523809523809523300, 0.9603174603174603500, 0.9682539682539682600, 0.9761904761904761600, 0.9841269841269840700, 0.9920634920634920900, 1.000000000000000000 ),
 .UNSPECIFIED. ) 
 GEOMETRIC_REPRESENTATION_ITEM ( )  RATIONAL_B_SPLINE_SURFACE ( (
 ( 1.000000000000000000, 0.8660254037844387100, 1.000000000000000000, 0.8660254037844387100, 1.000000000000000000, 0.8660254037844387100, 1.000000000000000000, 0.8660254037844387100, 1.000000000000000000, 0.8660254037844387100, 1.000000000000000000, 0.8660254037844387100, 1.000000000000000000, 0.8660254037844387100, 1.000000000000000000, 0.8660254037844387100, 1.000000000000000000, 0.8660254037844387100, 1.000000000000000000, 0.8660254037844387100, 1.000000000000000000, 0.8660254037844387100, 1.000000000000000000, 0.8660254037844387100, 1.000000000000000000, 0.8660254037844387100, 1.000000000000000000, 0.8660254037844387100, 1.000000000000000000, 0.8660254037844387100, 1.000000000000000000, 0.8660254037844387100, 1.000000000000000000, 0.8660254037844387100, 1.000000000000000000, 0.8660254037844387100, 1.000000000000000000, 0.8660254037844387100, 1.000000000000000000, 0.8660254037844387100, 1.000000000000000000, 0.8660254037844387100, 1.000000000000000000, 0.8660254037844387100, 1.000000000000000000, 0.8660254037844387100, 1.000000000000000000, 0.8660254037844387100, 1.000000000000000000, 0.8660254037844387100, 1.000000000000000000, 0.8660254037844387100, 1.000000000000000000, 0.8660254037844387100, 1.000000000000000000, 0.8660254037844387100, 1.000000000000000000, 0.8660254037844387100, 1.000000000000000000, 0.8660254037844387100, 1.000000000000000000, 0.8660254037844387100, 1.000000000000000000, 0.8660254037844387100, 1.000000000000000000, 0.8660254037844387100, 1.000000000000000000, 0.8660254037844387100, 1.000000000000000000, 0.8660254037844387100, 1.000000000000000000, 0.8660254037844387100, 1.000000000000000000, 0.8660254037844387100, 1.000000000000000000, 0.8660254037844387100, 1.000000000000000000, 0.8660254037844387100, 1.000000000000000000, 0.8660254037844387100, 1.000000000000000000, 0.8660254037844387100, 1.000000000000000000, 0.8660254037844387100, 1.000000000000000000, 0.8660254037844387100, 1.000000000000000000, 0.8660254037844387100, 1.000000000000000000, 0.8660254037844387100, 1.000000000000000000, 0.8660254037844387100, 1.000000000000000000, 0.8660254037844387100, 1.000000000000000000, 0.8660254037844387100, 1.000000000000000000, 0.8660254037844387100, 1.000000000000000000, 0.8660254037844387100, 1.000000000000000000, 0.8660254037844387100, 1.000000000000000000, 0.8660254037844387100, 1.000000000000000000, 0.8660254037844387100, 1.000000000000000000, 0.8660254037844387100, 1.000000000000000000, 0.8660254037844387100, 1.000000000000000000, 0.8660254037844387100, 1.000000000000000000, 0.8660254037844387100, 1.000000000000000000, 0.8660254037844387100, 1.000000000000000000, 0.8660254037844387100, 1.000000000000000000, 0.8660254037844387100, 1.000000000000000000, 0.8660254037844387100, 1.000000000000000000, 0.8660254037844387100, 1.000000000000000000, 0.8660254037844387100, 1.000000000000000000, 0.8660254037844387100, 1.000000000000000000, 0.8660254037844387100, 1.000000000000000000, 0.8660254037844387100, 1.000000000000000000, 0.8660254037844387100, 1.000000000000000000, 0.8660254037844387100, 1.000000000000000000, 0.8660254037844387100, 1.000000000000000000, 0.8660254037844387100, 1.000000000000000000, 0.8660254037844387100, 1.000000000000000000, 0.8660254037844387100, 1.000000000000000000, 0.8660254037844387100, 1.000000000000000000, 0.8660254037844387100, 1.000000000000000000, 0.8660254037844387100, 1.000000000000000000, 0.8660254037844387100, 1.000000000000000000, 0.8660254037844387100, 1.000000000000000000, 0.8660254037844387100, 1.000000000000000000, 0.8660254037844387100, 1.000000000000000000, 0.8660254037844387100, 1.000000000000000000, 0.8660254037844387100, 1.000000000000000000, 0.8660254037844387100, 1.000000000000000000, 0.8660254037844387100, 1.000000000000000000, 0.8660254037844387100, 1.000000000000000000, 0.8660254037844387100, 1.000000000000000000, 0.8660254037844387100, 1.000000000000000000, 0.8660254037844387100, 1.000000000000000000, 0.8660254037844387100, 1.000000000000000000, 0.8660254037844387100, 1.000000000000000000, 0.8660254037844387100, 1.000000000000000000, 0.8660254037844387100, 1.000000000000000000, 0.8660254037844387100, 1.000000000000000000, 0.8660254037844387100, 1.000000000000000000, 0.8660254037844387100, 1.000000000000000000, 0.8660254037844387100, 1.000000000000000000, 0.8660254037844387100, 1.000000000000000000, 0.8660254037844387100, 1.000000000000000000, 0.8660254037844387100, 1.000000000000000000, 0.8660254037844387100, 1.000000000000000000, 0.8660254037844387100, 1.000000000000000000, 0.8660254037844387100, 1.000000000000000000, 0.8660254037844387100, 1.000000000000000000, 0.8660254037844387100, 1.000000000000000000, 0.8660254037844387100, 1.000000000000000000, 0.8660254037844387100, 1.000000000000000000, 0.8660254037844387100, 1.000000000000000000, 0.8660254037844387100, 1.000000000000000000, 0.8660254037844387100, 1.000000000000000000, 0.8660254037844387100, 1.000000000000000000, 0.8660254037844387100, 1.000000000000000000, 0.8660254037844387100, 1.000000000000000000, 0.8660254037844387100, 1.000000000000000000, 0.8660254037844387100, 1.000000000000000000, 0.8660254037844387100, 1.000000000000000000, 0.8660254037844387100, 1.000000000000000000, 0.8660254037844387100, 1.000000000000000000, 0.8660254037844387100, 1.000000000000000000, 0.8660254037844387100, 1.000000000000000000, 0.8660254037844387100, 1.000000000000000000, 0.8660254037844387100, 1.000000000000000000, 0.8660254037844387100, 1.000000000000000000, 0.8660254037844387100, 1.000000000000000000, 0.8660254037844387100, 1.000000000000000000, 0.8660254037844387100, 1.000000000000000000, 0.8660254037844387100, 1.000000000000000000, 0.8660254037844387100, 1.000000000000000000),
 ( 1.000000000000000000, 0.8660254037844387100, 1.000000000000000000, 0.8660254037844387100, 1.000000000000000000, 0.8660254037844387100, 1.000000000000000000, 0.8660254037844387100, 1.000000000000000000, 0.8660254037844387100, 1.000000000000000000, 0.8660254037844387100, 1.000000000000000000, 0.8660254037844387100, 1.000000000000000000, 0.8660254037844387100, 1.000000000000000000, 0.8660254037844387100, 1.000000000000000000, 0.8660254037844387100, 1.000000000000000000, 0.8660254037844387100, 1.000000000000000000, 0.8660254037844387100, 1.000000000000000000, 0.8660254037844387100, 1.000000000000000000, 0.8660254037844387100, 1.000000000000000000, 0.8660254037844387100, 1.000000000000000000, 0.8660254037844387100, 1.000000000000000000, 0.8660254037844387100, 1.000000000000000000, 0.8660254037844387100, 1.000000000000000000, 0.8660254037844387100, 1.000000000000000000, 0.8660254037844387100, 1.000000000000000000, 0.8660254037844387100, 1.000000000000000000, 0.8660254037844387100, 1.000000000000000000, 0.8660254037844387100, 1.000000000000000000, 0.8660254037844387100, 1.000000000000000000, 0.8660254037844387100, 1.000000000000000000, 0.8660254037844387100, 1.000000000000000000, 0.8660254037844387100, 1.000000000000000000, 0.8660254037844387100, 1.000000000000000000, 0.8660254037844387100, 1.000000000000000000, 0.8660254037844387100, 1.000000000000000000, 0.8660254037844387100, 1.000000000000000000, 0.8660254037844387100, 1.000000000000000000, 0.8660254037844387100, 1.000000000000000000, 0.8660254037844387100, 1.000000000000000000, 0.8660254037844387100, 1.000000000000000000, 0.8660254037844387100, 1.000000000000000000, 0.8660254037844387100, 1.000000000000000000, 0.8660254037844387100, 1.000000000000000000, 0.8660254037844387100, 1.000000000000000000, 0.8660254037844387100, 1.000000000000000000, 0.8660254037844387100, 1.000000000000000000, 0.8660254037844387100, 1.000000000000000000, 0.8660254037844387100, 1.000000000000000000, 0.8660254037844387100, 1.000000000000000000, 0.8660254037844387100, 1.000000000000000000, 0.8660254037844387100, 1.000000000000000000, 0.8660254037844387100, 1.000000000000000000, 0.8660254037844387100, 1.000000000000000000, 0.8660254037844387100, 1.000000000000000000, 0.8660254037844387100, 1.000000000000000000, 0.8660254037844387100, 1.000000000000000000, 0.8660254037844387100, 1.000000000000000000, 0.8660254037844387100, 1.000000000000000000, 0.8660254037844387100, 1.000000000000000000, 0.8660254037844387100, 1.000000000000000000, 0.8660254037844387100, 1.000000000000000000, 0.8660254037844387100, 1.000000000000000000, 0.8660254037844387100, 1.000000000000000000, 0.8660254037844387100, 1.000000000000000000, 0.8660254037844387100, 1.000000000000000000, 0.8660254037844387100, 1.000000000000000000, 0.8660254037844387100, 1.000000000000000000, 0.8660254037844387100, 1.000000000000000000, 0.8660254037844387100, 1.000000000000000000, 0.8660254037844387100, 1.000000000000000000, 0.8660254037844387100, 1.000000000000000000, 0.8660254037844387100, 1.000000000000000000, 0.8660254037844387100, 1.000000000000000000, 0.8660254037844387100, 1.000000000000000000, 0.8660254037844387100, 1.000000000000000000, 0.8660254037844387100, 1.000000000000000000, 0.8660254037844387100, 1.000000000000000000, 0.8660254037844387100, 1.000000000000000000, 0.8660254037844387100, 1.000000000000000000, 0.8660254037844387100, 1.000000000000000000, 0.8660254037844387100, 1.000000000000000000, 0.8660254037844387100, 1.000000000000000000, 0.8660254037844387100, 1.000000000000000000, 0.8660254037844387100, 1.000000000000000000, 0.8660254037844387100, 1.000000000000000000, 0.8660254037844387100, 1.000000000000000000, 0.8660254037844387100, 1.000000000000000000, 0.8660254037844387100, 1.000000000000000000, 0.8660254037844387100, 1.000000000000000000, 0.8660254037844387100, 1.000000000000000000, 0.8660254037844387100, 1.000000000000000000, 0.8660254037844387100, 1.000000000000000000, 0.8660254037844387100, 1.000000000000000000, 0.8660254037844387100, 1.000000000000000000, 0.8660254037844387100, 1.000000000000000000, 0.8660254037844387100, 1.000000000000000000, 0.8660254037844387100, 1.000000000000000000, 0.8660254037844387100, 1.000000000000000000, 0.8660254037844387100, 1.000000000000000000, 0.8660254037844387100, 1.000000000000000000, 0.8660254037844387100, 1.000000000000000000, 0.8660254037844387100, 1.000000000000000000, 0.8660254037844387100, 1.000000000000000000, 0.8660254037844387100, 1.000000000000000000, 0.8660254037844387100, 1.000000000000000000, 0.8660254037844387100, 1.000000000000000000, 0.8660254037844387100, 1.000000000000000000, 0.8660254037844387100, 1.000000000000000000, 0.8660254037844387100, 1.000000000000000000, 0.8660254037844387100, 1.000000000000000000, 0.8660254037844387100, 1.000000000000000000, 0.8660254037844387100, 1.000000000000000000, 0.8660254037844387100, 1.000000000000000000, 0.8660254037844387100, 1.000000000000000000, 0.8660254037844387100, 1.000000000000000000, 0.8660254037844387100, 1.000000000000000000, 0.8660254037844387100, 1.000000000000000000, 0.8660254037844387100, 1.000000000000000000, 0.8660254037844387100, 1.000000000000000000, 0.8660254037844387100, 1.000000000000000000, 0.8660254037844387100, 1.000000000000000000, 0.8660254037844387100, 1.000000000000000000, 0.8660254037844387100, 1.000000000000000000, 0.8660254037844387100, 1.000000000000000000, 0.8660254037844387100, 1.000000000000000000, 0.8660254037844387100, 1.000000000000000000, 0.8660254037844387100, 1.000000000000000000, 0.8660254037844387100, 1.000000000000000000, 0.8660254037844387100, 1.000000000000000000, 0.8660254037844387100, 1.000000000000000000, 0.8660254037844387100, 1.000000000000000000) ) ) 
 REPRESENTATION_ITEM ( '' )  SURFACE ( )  );
#2069 = EDGE_CURVE ( 'NONE', #4531, #2041, #2652, .T. ) ;
#2070 = CARTESIAN_POINT ( 'NONE',  ( 0.0000000000000000000, 1.175240473580832400, 1.962499999999999000 ) ) ;
#2071 = CARTESIAN_POINT ( 'NONE',  ( 0.2359215567864502700, -1.073809935526929500, 0.8293762070536467900 ) ) ;
#2072 = DIRECTION ( 'NONE',  ( 0.0000000000000000000, -1.000000000000000000, 0.0000000000000000000 ) ) ;
#2073 = CARTESIAN_POINT ( 'NONE',  ( -0.3005524195711842300, 0.8779254213204379400, 0.6550607433842177100 ) ) ;
#2074 = DIRECTION ( 'NONE',  ( 0.0000000000000000000, 0.0000000000000000000, 1.000000000000000000 ) ) ;
#2075 = AXIS2_PLACEMENT_3D ( 'NONE', #589, #1623, #3830 ) ;
#2076 = EDGE_CURVE ( 'NONE', #3282, #1242, #2756, .T. ) ;
#2077 = CARTESIAN_POINT ( 'NONE',  ( 0.0000000000000000000, 1.175240473580832400, -1.537499999999999900 ) ) ;
#2078 = EDGE_CURVE ( 'NONE', #4142, #732, #3709, .T. ) ;
#2079 = CARTESIAN_POINT ( 'NONE',  ( 1.732050807568877900, -2.965870576684816500E-016, -3.475000000000003600 ) ) ;
#2080 = CARTESIAN_POINT ( 'NONE',  ( 0.8816504037844369300, -1.527063293868262000, 1.957291666666661100 ) ) ;
#2081 = CARTESIAN_POINT ( 'NONE',  ( 0.6785254037844376000, 1.175240473580831900, -7.579166666666668400 ) ) ;
#2082 = CARTESIAN_POINT ( 'NONE',  ( 1.500000000000001100, 0.0000000000000000000, 0.3500000000000074200 ) ) ;
#2083 = CARTESIAN_POINT ( 'NONE',  ( 0.6785254037844362700, -1.175240473580832400, 1.191666666666665500 ) ) ;
#2084 = CARTESIAN_POINT ( 'NONE',  ( 1.017788105676655800, 0.5876202367904153100, -1.120833333333334000 ) ) ;
#2085 = CARTESIAN_POINT ( 'NONE',  ( -0.8816504037844373800, 1.527063293868261600, -8.761458333333331800 ) ) ;
#2086 = ORIENTED_EDGE ( 'NONE', *, *, #285, .F. ) ;
#2087 = CARTESIAN_POINT ( 'NONE',  ( -1.439254484199186200E-016, -1.175240473580832400, 1.212500000000000100 ) ) ;
#2088 = CARTESIAN_POINT ( 'NONE',  ( 0.6841100080451124600, -1.334913291900458300, 4.754144145919155100E-016 ) ) ;
#2089 = EDGE_LOOP ( 'NONE', ( #852, #3228, #2955, #2843 ) ) ;
#2090 = CARTESIAN_POINT ( 'NONE',  ( -0.6785254037844372600, -1.175240473580832200, -0.8291666666666672700 ) ) ;
#2091 = VERTEX_POINT ( 'NONE', #3632 ) ;
#2092 = DIRECTION ( 'NONE',  ( 0.0000000000000000000, -1.000000000000000000, 0.0000000000000000000 ) ) ;
#2093 = CARTESIAN_POINT ( 'NONE',  ( 0.8816504037844382600, 1.527063293868261300, 0.6239583333333287300 ) ) ;
#2094 = ORIENTED_EDGE ( 'NONE', *, *, #2461, .F. ) ;
#2095 =( BOUNDED_CURVE ( )  B_SPLINE_CURVE ( 2, ( #1032, #4321, #1396, #2872, #3935, #2532, #670 ),
 .UNSPECIFIED., .F., .F. ) 
 B_SPLINE_CURVE_WITH_KNOTS ( ( 3, 2, 2, 3 ),
 ( 0.6666666666666665200, 0.6746031746031744300, 0.6825396825396824500, 0.6904761904761903500 ),
 .UNSPECIFIED. ) 
 CURVE ( )  GEOMETRIC_REPRESENTATION_ITEM ( )  RATIONAL_B_SPLINE_CURVE ( ( 1.000000000000003800, 0.8660254037844349300, 1.000000000000000000, 0.8660254037844387100, 1.000000000000000000, 0.8660254037844405900, 0.9999999999999981100 ) ) 
 REPRESENTATION_ITEM ( '' )  );
#2096 = DIRECTION ( 'NONE',  ( -0.0000000000000000000, -0.0000000000000000000, -1.000000000000000000 ) ) ;
#2097 = CARTESIAN_POINT ( 'NONE',  ( -1.836970198721030400E-016, -1.500000000000000400, -5.600000000000003200 ) ) ;
#2098 = CARTESIAN_POINT ( 'NONE',  ( -1.836970198721030700E-016, -1.500000000000000400, -3.537500000000000500 ) ) ;
#2099 = ORIENTED_EDGE ( 'NONE', *, *, #3291, .T. ) ;
#2100 = CARTESIAN_POINT ( 'NONE',  ( 1.017788105676655100, -0.5876202367904167500, 0.2958333333333337300 ) ) ;
#2101 = CARTESIAN_POINT ( 'NONE',  ( -0.8816504037844373800, 1.527063293868261600, -7.761458333333330900 ) ) ;
#2102 = CARTESIAN_POINT ( 'NONE',  ( -1.017788105676655300, -0.5876202367904159700, 1.629166666666666000 ) ) ;
#2103 = FACE_OUTER_BOUND ( 'NONE', #4199, .T. ) ;
#2104 = EDGE_CURVE ( 'NONE', #4040, #1027, #3566, .T. ) ;
#2105 = DIRECTION ( 'NONE',  ( 1.000000000000000000, 0.0000000000000000000, 0.0000000000000000000 ) ) ;
#2106 = CARTESIAN_POINT ( 'NONE',  ( 1.017788105676655800, 0.5876202367904153100, -0.6208333333333343500 ) ) ;
#2107 = CARTESIAN_POINT ( 'NONE',  ( 1.616743081801894900, 0.3007757356204643400, 1.570662863179193000 ) ) ;
#2108 = VECTOR ( 'NONE', #4555, 1000.000000000000000 ) ;
#2109 = CARTESIAN_POINT ( 'NONE',  ( -1.357050807568873600, 1.046809103374681200E-016, -7.412500000000000500 ) ) ;
#2110 = CARTESIAN_POINT ( 'NONE',  ( -0.2532571841263962500, 0.1049025604335724100, -3.225649374138636700 ) ) ;
#2111 = EDGE_CURVE ( 'NONE', #945, #2273, #2743, .T. ) ;
#2112 = CARTESIAN_POINT ( 'NONE',  ( 0.8816504037844369300, -1.527063293868262000, 1.488541666666667500 ) ) ;
#2113 = LINE ( 'NONE', #4622, #3873 ) ;
#2114 = ORIENTED_EDGE ( 'NONE', *, *, #3291, .F. ) ;
#2115 = CARTESIAN_POINT ( 'NONE',  ( 0.0000000000000000000, 1.527063293868261800, -7.303124999999998800 ) ) ;
#2116 = CARTESIAN_POINT ( 'NONE',  ( 1.357050807568873600, -2.277006752164423400E-016, 0.3374999999999992500 ) ) ;
#2117 = LINE ( 'NONE', #4621, #3095 ) ;
#2118 = CARTESIAN_POINT ( 'NONE',  ( 0.2087255923904357300, 1.230757810867368000, -0.1499575213576066500 ) ) ;
#2119 = CARTESIAN_POINT ( 'NONE',  ( 0.0000000000000000000, 0.0000000000000000000, 0.3500000000000074200 ) ) ;
#2120 = FACE_OUTER_BOUND ( 'NONE', #4538, .T. ) ;
#2121 = CARTESIAN_POINT ( 'NONE',  ( -1.017788105676655300, 0.5876202367904163100, -8.454166666666667500 ) ) ;
#2122 = CARTESIAN_POINT ( 'NONE',  ( 1.685413603370704300, 0.3242336736459334700, 1.838788321725239400 ) ) ;
#2123 = CARTESIAN_POINT ( 'NONE',  ( 1.357050807568873600, -2.277006752164423400E-016, -6.662500000000000500 ) ) ;
#2124 = DIRECTION ( 'NONE',  ( -0.0000000000000000000, -2.585091490897065700E-018, 1.000000000000000000 ) ) ;
#2125 = CARTESIAN_POINT ( 'NONE',  ( -0.3633323732179655800, 1.276941909546672300, -8.159668800729656700 ) ) ;
#2126 =( BOUNDED_CURVE ( )  B_SPLINE_CURVE ( 2, ( #2176, #4327, #4657, #3211, #1073, #1435, #1806 ),
 .UNSPECIFIED., .F., .F. ) 
 B_SPLINE_CURVE_WITH_KNOTS ( ( 3, 2, 2, 3 ),
 ( 0.3809523809523808200, 0.3888888888888887300, 0.3968253968253967500, 0.4047619047619046600 ),
 .UNSPECIFIED. ) 
 CURVE ( )  GEOMETRIC_REPRESENTATION_ITEM ( )  RATIONAL_B_SPLINE_CURVE ( ( 1.000000000000001800, 0.8660254037844368200, 1.000000000000000000, 0.8660254037844387100, 1.000000000000000000, 0.8660254037844405900, 0.9999999999999981100 ) ) 
 REPRESENTATION_ITEM ( '' )  );
#2127 = PRODUCT_DEFINITION_SHAPE ( 'NONE', 'NONE',  #1438 ) ;
#2128 = CARTESIAN_POINT ( 'NONE',  ( 1.299038105676659100, 0.7499999999999991100, -7.870833333333333600 ) ) ;
#2129 = CARTESIAN_POINT ( 'NONE',  ( -1.474777019040299600E-016, -1.204246824526954900, -8.270753175473048600 ) ) ;
#2130 = CARTESIAN_POINT ( 'NONE',  ( 1.572609826430440900, 3.252606517456513300E-016, 1.302564931925244100 ) ) ;
#2131 = CARTESIAN_POINT ( 'NONE',  ( -0.8660254037844440400, 1.499999999999990700, -6.308333333333336200 ) ) ;
#2132 = CARTESIAN_POINT ( 'NONE',  ( -0.8816504037844373800, 1.527063293868261600, -6.761458333333331800 ) ) ;
#2133 = EDGE_CURVE ( 'NONE', #4440, #1947, #1329, .T. ) ;
#2134 = CARTESIAN_POINT ( 'NONE',  ( -1.017788105676655100, 0.5876202367904161900, -4.016666666666666600 ) ) ;
#2135 = CARTESIAN_POINT ( 'NONE',  ( -1.017788105676655300, 0.5876202367904163100, 0.5458333333333339500 ) ) ;
#2136 = CARTESIAN_POINT ( 'NONE',  ( 1.101405575052958800, 0.3746542051861029300, 2.415097634362402000 ) ) ;
#2137 = CARTESIAN_POINT ( 'NONE',  ( 1.390055189989124000, -0.2635083148466621000, 1.144694294545785600 ) ) ;
#2138 = ORIENTED_EDGE ( 'NONE', *, *, #2752, .T. ) ;
#2139 = EDGE_CURVE ( 'NONE', #1024, #962, #2886, .T. ) ;
#2140 = CARTESIAN_POINT ( 'NONE',  ( 0.09201682250310612400, -1.473647736022391600, -0.01645241637983495300 ) ) ;
#2141 = CARTESIAN_POINT ( 'NONE',  ( 1.017788105676655100, -0.5876202367904167500, -6.204166666666666600 ) ) ;
#2142 = CARTESIAN_POINT ( 'NONE',  ( -0.6785254037844372600, -1.175240473580832200, -5.329166666666665700 ) ) ;
#2143 = CARTESIAN_POINT ( 'NONE',  ( -1.307792445933774400, -0.5086433872503328700, -8.074673487943718100 ) ) ;
#2144 = CARTESIAN_POINT ( 'NONE',  ( 0.0000000000000000000, 1.500000000000000400, -2.850000000000003600 ) ) ;
#2145 = EDGE_LOOP ( 'NONE', ( #3567, #3507, #3844, #3273 ) ) ;
#2146 = DIRECTION ( 'NONE',  ( 1.065814103640150300E-014, -0.08715574274765837400, -0.9961946980917455500 ) ) ;
#2147 = DIRECTION ( 'NONE',  ( 0.0000000000000000000, -1.000000000000000000, 0.0000000000000000000 ) ) ;
#2148 = CC_DESIGN_SECURITY_CLASSIFICATION ( #1575, ( #91 ) ) ;
#2149 = CARTESIAN_POINT ( 'NONE',  ( 0.6785254037844363800, -1.175240473580832600, 1.254166666666665500 ) ) ;
#2150 = CARTESIAN_POINT ( 'NONE',  ( -1.763300807568875000, 1.295565484451488000E-016, -5.678124999999997900 ) ) ;
#2151 = APPROVAL_PERSON_ORGANIZATION ( #1528, #3323, #2184 ) ;
#2152 = CARTESIAN_POINT ( 'NONE',  ( 1.017788105676654900, -0.5876202367904166400, -5.266666666666666600 ) ) ;
#2153 = ORIENTED_EDGE ( 'NONE', *, *, #4284, .F. ) ;
#2154 = ORIENTED_EDGE ( 'NONE', *, *, #1862, .F. ) ;
#2155 = CARTESIAN_POINT ( 'NONE',  ( -1.357050807568873400, 1.046809103374680800E-016, -6.974999999999999600 ) ) ;
#2156 = CARTESIAN_POINT ( 'NONE',  ( 0.6785254037844362700, -1.175240473580832400, -8.308333333333333600 ) ) ;
#2157 = EDGE_LOOP ( 'NONE', ( #1006, #2612, #1930, #1493 ) ) ;
#2158 = VERTEX_POINT ( 'NONE', #2930 ) ;
#2159 = CARTESIAN_POINT ( 'NONE',  ( 1.299038105676658900, 0.7499999999999990000, -5.933333333333336200 ) ) ;
#2160 = CARTESIAN_POINT ( 'NONE',  ( 0.6785254037844376000, 1.175240473580832200, -6.079166666666666600 ) ) ;
#2161 = CARTESIAN_POINT ( 'NONE',  ( -1.357050807568873600, 1.046809103374680900E-016, -6.912500000000000500 ) ) ;
#2162 = ORIENTED_EDGE ( 'NONE', *, *, #1041, .T. ) ;
#2163 = CARTESIAN_POINT ( 'NONE',  ( 0.0000000000000000000, 3.252606517456513300E-016, 2.399999999999999500 ) ) ;
#2164 = CARTESIAN_POINT ( 'NONE',  ( -1.299038105676658400, 0.7500000000000003300, -7.266666666666669300 ) ) ;
#2165 = CARTESIAN_POINT ( 'NONE',  ( 0.8660254037844346000, 1.500000000000009500, -6.391666666666670200 ) ) ;
#2166 = CARTESIAN_POINT ( 'NONE',  ( 0.0000000000000000000, 1.527063293868261800, -5.303124999999998800 ) ) ;
#2167 = DIRECTION ( 'NONE',  ( 0.3812272063696534600, 0.9203638919632243200, -0.08715574274765836000 ) ) ;
#2168 = CIRCLE ( 'NONE', #2963, 1.500000000000001100 ) ;
#2169 = CARTESIAN_POINT ( 'NONE',  ( 1.017788105676655600, 0.5876202367904153100, -4.683333333333333600 ) ) ;
#2170 = CARTESIAN_POINT ( 'NONE',  ( 1.017788105676655600, 0.5876202367904153100, -7.183333333333333600 ) ) ;
#2171 = ADVANCED_FACE ( 'NONE', ( #3818 ), #2989, .T. ) ;
#2172 = DIRECTION ( 'NONE',  ( -0.9203638919632244300, -0.3812272063696534600, 0.08715574274765836000 ) ) ;
#2173 = CARTESIAN_POINT ( 'NONE',  ( 1.017788105676655600, 0.5876202367904153100, -6.183333333333333600 ) ) ;
#2174 = LINE ( 'NONE', #216, #627 ) ;
#2175 = EDGE_CURVE ( 'NONE', #2626, #1294, #2663, .T. ) ;
#2176 = CARTESIAN_POINT ( 'NONE',  ( 0.0000000000000000000, 1.500000000000000400, -2.287500000000000500 ) ) ;
#2177 = CARTESIAN_POINT ( 'NONE',  ( 0.6841100080451124600, -1.334913291900458300, 4.754144145919155100E-016 ) ) ;
#2178 = CARTESIAN_POINT ( 'NONE',  ( -1.017788105676655300, 0.5876202367904163100, -5.454166666666666600 ) ) ;
#2179 = AXIS2_PLACEMENT_3D ( 'NONE', #3854, #2016, #2767 ) ;
#2180 = CARTESIAN_POINT ( 'NONE',  ( -1.017788105676655300, 0.5876202367904163100, -7.454166666666666600 ) ) ;
#2181 = CIRCLE ( 'NONE', #1467, 5.594903978236769300 ) ;
#2182 = ORIENTED_EDGE ( 'NONE', *, *, #2724, .F. ) ;
#2183 = CARTESIAN_POINT ( 'NONE',  ( -0.6152618230413466900, 1.178147560611404200, -8.148932481747621600 ) ) ;
#2184 = APPROVAL_ROLE ( '' ) ;
#2185 = CARTESIAN_POINT ( 'NONE',  ( 0.2773202059188152300, 1.547964847647956800, 1.302564931900371400 ) ) ;
#2186 = CARTESIAN_POINT ( 'NONE',  ( -0.6785254037844371500, -1.175240473580832400, 1.670833333333333200 ) ) ;
#2187 = CARTESIAN_POINT ( 'NONE',  ( -1.322475605676656200, -0.7635316469341305600, -5.136458333333331800 ) ) ;
#2188 = CIRCLE ( 'NONE', #3657, 1.572609826430440900 ) ;
#2189 = CARTESIAN_POINT ( 'NONE',  ( -1.322475605676656200, 0.7635316469341311100, -5.751041666666671900 ) ) ;
#2190 = CARTESIAN_POINT ( 'NONE',  ( 1.357050807568873400, -2.277006752164422400E-016, -6.224999999999999600 ) ) ;
#2191 = CARTESIAN_POINT ( 'NONE',  ( -0.6785254037844366000, 1.175240473580832400, -6.558333333333334500 ) ) ;
#2192 = DIRECTION ( 'NONE',  ( -0.01733375049385961800, -0.08714264840443979000, 0.9960450290638855900 ) ) ;
#2193 = CARTESIAN_POINT ( 'NONE',  ( -1.357050807568873400, 1.046809103374680900E-016, -4.975000000000000500 ) ) ;
#2194 = CARTESIAN_POINT ( 'NONE',  ( -1.836970198721030400E-016, -1.500000000000000400, -4.600000000000003200 ) ) ;
#2195 = CARTESIAN_POINT ( 'NONE',  ( -1.617040769368982800, 0.3008872336786660400, 1.571937291816158900 ) ) ;
#2196 = CARTESIAN_POINT ( 'NONE',  ( -0.6785254037844367100, 1.175240473580832400, -4.495833333333333600 ) ) ;
#2197 = CARTESIAN_POINT ( 'NONE',  ( 0.6785254037844366000, -1.175240473580832600, -5.245833333333333600 ) ) ;
#2198 = CARTESIAN_POINT ( 'NONE',  ( -0.8660254037844464800, -1.499999999999987600, -2.141666666666670600 ) ) ;
#2199 = APPLICATION_CONTEXT ( 'configuration controlled 3d designs of mechanical parts and assemblies' ) ;
#2200 = DIRECTION ( 'NONE',  ( -0.0000000000000000000, -2.585091490897065700E-018, 1.000000000000000000 ) ) ;
#2201 = CARTESIAN_POINT ( 'NONE',  ( 1.322475605676655800, -0.7635316469341314500, -4.469791666666665700 ) ) ;
#2202 = CARTESIAN_POINT ( 'NONE',  ( -1.763300807568875000, 1.295565484451488000E-016, -6.209375000000005000 ) ) ;
#2203 = AXIS2_PLACEMENT_3D ( 'NONE', #4139, #145, #1589 ) ;
#2204 = CARTESIAN_POINT ( 'NONE',  ( -1.357050807568873400, 1.046809103374680900E-016, -4.975000000000000500 ) ) ;
#2205 = CARTESIAN_POINT ( 'NONE',  ( 0.0000000000000000000, 1.175240473580832200, -6.099999999999999600 ) ) ;
#2206 = CARTESIAN_POINT ( 'NONE',  ( -0.8660254037844389300, 1.500000000000000900, -0.3083333333333374600 ) ) ;
#2207 = CARTESIAN_POINT ( 'NONE',  ( 0.0000000000000000000, 6.628682924999594700E-017, 1.649999999999999500 ) ) ;
#2208 = VERTEX_POINT ( 'NONE', #436 ) ;
#2209 = CARTESIAN_POINT ( 'NONE',  ( -0.6785254037844366000, 1.175240473580832400, -7.058333333333333600 ) ) ;
#2210 = EDGE_CURVE ( 'NONE', #910, #4088, #2516, .T. ) ;
#2211 = CARTESIAN_POINT ( 'NONE',  ( 1.017788105676655800, 0.5876202367904153100, -5.620833333333333600 ) ) ;
#2212 = ORIENTED_EDGE ( 'NONE', *, *, #2139, .T. ) ;
#2213 = CARTESIAN_POINT ( 'NONE',  ( -1.547964847654149400, 0.2773202059209209400, 1.302564931924501800 ) ) ;
#2214 = CARTESIAN_POINT ( 'NONE',  ( 1.017788105676655800, 0.5876202367904153100, -3.620833333333333600 ) ) ;
#2215 = CARTESIAN_POINT ( 'NONE',  ( 1.357050807568873600, -2.277006752164422900E-016, -5.162500000000000500 ) ) ;
#2216 = DIRECTION ( 'NONE',  ( 0.0000000000000000000, -1.000000000000000000, 0.0000000000000000000 ) ) ;
#2217 = DATE_AND_TIME ( #2495, #3443 ) ;
#2218 = APPROVAL_STATUS ( 'not_yet_approved' ) ;
#2219 = CARTESIAN_POINT ( 'NONE',  ( 0.7022950343588424400, -1.120575384548244500, -8.164402838947268000 ) ) ;
#2220 = ORIENTED_EDGE ( 'NONE', *, *, #1681, .T. ) ;
#2221 = ORIENTED_EDGE ( 'NONE', *, *, #778, .F. ) ;
#2222 = CARTESIAN_POINT ( 'NONE',  ( -1.870113174931180700E-016, -1.527063293868261800, -2.553124999999998800 ) ) ;
#2223 = CARTESIAN_POINT ( 'NONE',  ( 1.763300807568875000, -3.023275895394842700E-016, -6.459375000000006800 ) ) ;
#2224 = CARTESIAN_POINT ( 'NONE',  ( 1.017788105676654900, -0.5876202367904166400, -2.266666666666666600 ) ) ;
#2225 = CARTESIAN_POINT ( 'NONE',  ( -0.6785254037844366000, 1.175240473580832400, -7.058333333333333600 ) ) ;
#2226 = ADVANCED_FACE ( 'NONE', ( #2120 ), #4221, .T. ) ;
#2227 = VERTEX_POINT ( 'NONE', #2356 ) ;
#2228 = CARTESIAN_POINT ( 'NONE',  ( 1.073809935526934600, -0.2359215567864277900, 0.8293762070536470100 ) ) ;
#2229 =( BOUNDED_CURVE ( )  B_SPLINE_CURVE ( 2, ( #2503, #3942, #2164, #3575, #3533, #2488, #1779 ),
 .UNSPECIFIED., .F., .F. ) 
 B_SPLINE_CURVE_WITH_KNOTS ( ( 3, 2, 2, 3 ),
 ( 0.09523809523809523300, 0.1031746031746032100, 0.1111111111111111900, 0.1190476190476191500 ),
 .UNSPECIFIED. ) 
 CURVE ( )  GEOMETRIC_REPRESENTATION_ITEM ( )  RATIONAL_B_SPLINE_CURVE ( ( 1.000000000000000000, 0.8660254037844386000, 1.000000000000000000, 0.8660254037844386000, 1.000000000000000000, 0.8660254037844367100, 1.000000000000001800 ) ) 
 REPRESENTATION_ITEM ( '' )  );
#2230 = CARTESIAN_POINT ( 'NONE',  ( 0.6785254037844362700, -1.175240473580832400, -5.808333333333332700 ) ) ;
#2231 = CARTESIAN_POINT ( 'NONE',  ( 0.6785254037844376000, 1.175240473580832200, -5.579166666666666600 ) ) ;
#2232 = CARTESIAN_POINT ( 'NONE',  ( -1.836970198721030700E-016, -1.500000000000000400, -2.037500000000000100 ) ) ;
#2233 = CARTESIAN_POINT ( 'NONE',  ( -1.299038105676658400, -0.7499999999999998900, -4.620833333333332700 ) ) ;
#2234 = CARTESIAN_POINT ( 'NONE',  ( 1.017788105676655100, -0.5876202367904167500, -4.704166666666667500 ) ) ;
#2235 = CARTESIAN_POINT ( 'NONE',  ( 1.017788105676655800, 0.5876202367904153100, -4.620833333333333600 ) ) ;
#2236 = CARTESIAN_POINT ( 'NONE',  ( 1.299038105676658000, -0.7500000000000008900, -2.954166666666667500 ) ) ;
#2237 = EDGE_CURVE ( 'NONE', #3120, #1592, #1040, .T. ) ;
#2238 = LINE ( 'NONE', #2323, #4323 ) ;
#2239 = CARTESIAN_POINT ( 'NONE',  ( -1.763300807568875000, 1.295565484451488300E-016, -2.678124999999998800 ) ) ;
#2240 = CARTESIAN_POINT ( 'NONE',  ( 0.8816504037844382600, 1.527063293868261300, -7.376041666666671000 ) ) ;
#2241 = CARTESIAN_POINT ( 'NONE',  ( 1.357050807568873400, -2.277006752164422400E-016, -2.225000000000000500 ) ) ;
#2242 = CARTESIAN_POINT ( 'NONE',  ( 0.6785254037844362700, -1.175240473580832400, -3.308333333333333600 ) ) ;
#2243 = CARTESIAN_POINT ( 'NONE',  ( -2.799999999999999800, 3.429011037612588800E-016, 1.649999999999999900 ) ) ;
#2244 = VECTOR ( 'NONE', #2860, 1000.000000000000000 ) ;
#2245 = CARTESIAN_POINT ( 'NONE',  ( 0.0000000000000000000, 1.500000000000000400, -7.787500000000000500 ) ) ;
#2246 = AXIS2_PLACEMENT_3D ( 'NONE', #548, #3426, #3108 ) ;
#2247 = ORIENTED_EDGE ( 'NONE', *, *, #1143, .T. ) ;
#2248 = EDGE_CURVE ( 'NONE', #529, #513, #4503, .T. ) ;
#2249 = CARTESIAN_POINT ( 'NONE',  ( 0.6785254037844372600, 1.175240473580831900, -6.641666666666666600 ) ) ;
#2250 = FACE_OUTER_BOUND ( 'NONE', #515, .T. ) ;
#2251 = CARTESIAN_POINT ( 'NONE',  ( 1.017788105676655100, -0.5876202367904167500, -7.704166666666666600 ) ) ;
#2252 = DIRECTION ( 'NONE',  ( 0.08715574274765836000, 0.0000000000000000000, -0.9961946980917455500 ) ) ;
#2253 = CARTESIAN_POINT ( 'NONE',  ( -0.6785254037844367100, 1.175240473580832400, -2.995833333333333600 ) ) ;
#2254 = CARTESIAN_POINT ( 'NONE',  ( 1.017788105676655800, 0.5876202367904153100, -4.120833333333332700 ) ) ;
#2255 = ADVANCED_FACE ( 'NONE', ( #1102 ), #3878, .T. ) ;
#2256 = CARTESIAN_POINT ( 'NONE',  ( 1.073809935526931700, 0.2359215567864390300, 0.8293762070536469000 ) ) ;
#2257 = PERSON_AND_ORGANIZATION_ROLE ( 'classification_officer' ) ;
#2258 = CARTESIAN_POINT ( 'NONE',  ( -1.836970198721030700E-016, -1.500000000000000400, -6.037500000000000500 ) ) ;
#2259 = CARTESIAN_POINT ( 'NONE',  ( 0.8816504037844369300, -1.527063293868262000, -2.511458333333331300 ) ) ;
#2260 =( BOUNDED_CURVE ( )  B_SPLINE_CURVE ( 2, ( #2065, #4338, #341, #3138, #954 ),
 .UNSPECIFIED., .F., .F. ) 
 B_SPLINE_CURVE_WITH_KNOTS ( ( 3, 2, 3 ),
 ( 0.7857142857142857000, 0.7936507936507936100, 0.7953452216858639700 ),
 .UNSPECIFIED. ) 
 CURVE ( )  GEOMETRIC_REPRESENTATION_ITEM ( )  RATIONAL_B_SPLINE_CURVE ( ( 1.000000000000000000, 0.8660254037844386000, 1.000000000000000000, 0.9713967007113255600, 0.9550068919396310600 ) ) 
 REPRESENTATION_ITEM ( '' )  );
#2261 = CARTESIAN_POINT ( 'NONE',  ( 1.322475605676655800, -0.7635316469341314500, -4.501041666666671900 ) ) ;
#2262 = CARTESIAN_POINT ( 'NONE',  ( 0.0000000000000000000, 1.175240473580832200, -1.599999999999999900 ) ) ;
#2263 = CARTESIAN_POINT ( 'NONE',  ( -0.6785254037844366000, 1.175240473580832400, -5.058333333333333600 ) ) ;
#2264 = CARTESIAN_POINT ( 'NONE',  ( 0.0000000000000000000, 1.500000000000000400, -0.3500000000000029200 ) ) ;
#2265 = CARTESIAN_POINT ( 'NONE',  ( -0.2891034138680866900, -1.582516539540184800, 1.437247615054983300 ) ) ;
#2266 = CARTESIAN_POINT ( 'NONE',  ( -0.6785254037844370400, -1.175240473580832200, -3.391666666666667100 ) ) ;
#2267 = CARTESIAN_POINT ( 'NONE',  ( -0.6785254037844367100, 1.175240473580832400, -6.995833333333332700 ) ) ;
#2268 = CARTESIAN_POINT ( 'NONE',  ( -0.2932519008174162000, 0.7079727161450890500, 2.399999999999999900 ) ) ;
#2269 = PLANE ( 'NONE',  #3168 ) ;
#2270 = CARTESIAN_POINT ( 'NONE',  ( 0.6785254037844363800, -1.175240473580832600, -2.745833333333333600 ) ) ;
#2271 = CARTESIAN_POINT ( 'NONE',  ( 1.017788105676655100, -0.5876202367904167500, -2.204166666666666600 ) ) ;
#2272 = CARTESIAN_POINT ( 'NONE',  ( 0.0000000000000000000, 1.500000000000000400, -3.787500000000000100 ) ) ;
#2273 = VERTEX_POINT ( 'NONE', #517 ) ;
#2274 = CARTESIAN_POINT ( 'NONE',  ( 0.8660254037844399300, 1.500000000000000400, -3.891666666666671000 ) ) ;
#2275 = CARTESIAN_POINT ( 'NONE',  ( 0.8816504037844382600, 1.527063293868261300, -3.844791666666665700 ) ) ;
#2276 = CARTESIAN_POINT ( 'NONE',  ( -1.870113174931180700E-016, -1.527063293868261800, -5.084375000000005900 ) ) ;
#2277 = AXIS2_PLACEMENT_3D ( 'NONE', #183, #2712, #1797 ) ;
#2278 = CARTESIAN_POINT ( 'NONE',  ( 0.6785254037844372600, 1.175240473580831700, -1.141666666666666600 ) ) ;
#2279 = ORIENTED_EDGE ( 'NONE', *, *, #1805, .F. ) ;
#2280 = CARTESIAN_POINT ( 'NONE',  ( 0.6785254037844372600, 1.175240473580831900, -4.641666666666666600 ) ) ;
#2281 = PERSON_AND_ORGANIZATION ( #3414, #792 ) ;
#2282 = CARTESIAN_POINT ( 'NONE',  ( -1.017788105676655100, 0.5876202367904161900, -3.516666666666667100 ) ) ;
#2283 = ORIENTED_EDGE ( 'NONE', *, *, #3807, .T. ) ;
#2284 = VERTEX_POINT ( 'NONE', #4463 ) ;
#2285 = AXIS2_PLACEMENT_3D ( 'NONE', #2784, #3453, #206 ) ;
#2286 = EDGE_CURVE ( 'NONE', #3735, #3175, #4067, .T. ) ;
#2287 = CARTESIAN_POINT ( 'NONE',  ( 0.6785254037844376000, 1.175240473580832200, -6.079166666666666600 ) ) ;
#2288 = DIRECTION ( 'NONE',  ( 0.0000000000000000000, 1.000000000000000000, 0.0000000000000000000 ) ) ;
#2289 = CARTESIAN_POINT ( 'NONE',  ( -0.6785254037844367100, 1.175240473580832400, -2.495833333333333600 ) ) ;
#2290 = ORIENTED_EDGE ( 'NONE', *, *, #4284, .T. ) ;
#2291 = CARTESIAN_POINT ( 'NONE',  ( 1.017788105676655100, -0.5876202367904167500, -4.204166666666666600 ) ) ;
#2292 = VERTEX_POINT ( 'NONE', #3049 ) ;
#2293 = CARTESIAN_POINT ( 'NONE',  ( 0.4733586550266855600, -1.401712271599207000, -7.998610190542581000 ) ) ;
#2294 = CARTESIAN_POINT ( 'NONE',  ( 0.3243449912819099100, 1.685719358889126200, 1.840060688126668300 ) ) ;
#2295 = CARTESIAN_POINT ( 'NONE',  ( 1.763300807568875000, -3.023275895394842700E-016, -1.928124999999998300 ) ) ;
#2296 = CARTESIAN_POINT ( 'NONE',  ( -1.322475605676656200, -0.7635316469341305600, -5.167708333333338000 ) ) ;
#2297 = ORIENTED_EDGE ( 'NONE', *, *, #2702, .T. ) ;
#2298 = CARTESIAN_POINT ( 'NONE',  ( -1.017788105676655300, -0.5876202367904158600, -2.433333333333333600 ) ) ;
#2299 = CARTESIAN_POINT ( 'NONE',  ( 0.6785254037844362700, -1.175240473580832400, -2.808333333333333600 ) ) ;
#2300 = CARTESIAN_POINT ( 'NONE',  ( 0.8660254037844326000, 1.500000000000012000, -4.329166666666665700 ) ) ;
#2301 = FACE_OUTER_BOUND ( 'NONE', #2337, .T. ) ;
#2302 = CARTESIAN_POINT ( 'NONE',  ( 0.6785254037844362700, -1.175240473580832400, -2.308333333333333100 ) ) ;
#2303 = CIRCLE ( 'NONE', #620, 5.600459146698196600 ) ;
#2304 = CARTESIAN_POINT ( 'NONE',  ( -1.017788105676655300, -0.5876202367904159700, -3.370833333333333100 ) ) ;
#2305 = CARTESIAN_POINT ( 'NONE',  ( -1.299038105676658200, 0.7500000000000004400, -2.204166666666666600 ) ) ;
#2306 = CARTESIAN_POINT ( 'NONE',  ( 0.2932519008174138100, 0.7079727161450901600, 2.399999999999999900 ) ) ;
#2307 = CARTESIAN_POINT ( 'NONE',  ( -1.439254484199186200E-016, -1.175240473580832400, -2.287500000000000500 ) ) ;
#2308 = CARTESIAN_POINT ( 'NONE',  ( 0.6785254037844366000, -1.175240473580832600, -3.745833333333333600 ) ) ;
#2309 = CIRCLE ( 'NONE', #2203, 2.799999999999999800 ) ;
#2310 = ORIENTED_EDGE ( 'NONE', *, *, #926, .F. ) ;
#2311 = CARTESIAN_POINT ( 'NONE',  ( 0.0000000000000000000, 9.213774415896661100E-017, -8.350000000000001400 ) ) ;
#2312 = CARTESIAN_POINT ( 'NONE',  ( 0.0000000000000000000, -1.500000000000000400, 1.649999999999999500 ) ) ;
#2313 = CARTESIAN_POINT ( 'NONE',  ( 0.0000000000000000000, 1.527063293868261800, -0.8031249999999983100 ) ) ;
#2314 = CYLINDRICAL_SURFACE ( 'NONE', #4655, 1.500000000000000400 ) ;
#2315 = CARTESIAN_POINT ( 'NONE',  ( 0.8816504037844382600, 1.527063293868261300, -3.376041666666672400 ) ) ;
#2316 = CARTESIAN_POINT ( 'NONE',  ( 0.1158621570531831000, 8.090611184586022500E-016, -3.191530041392854700 ) ) ;
#2317 = CARTESIAN_POINT ( 'NONE',  ( 0.6785254037844372600, 1.175240473580831900, -4.141666666666666600 ) ) ;
#2318 = AXIS2_PLACEMENT_3D ( 'NONE', #2311, #4517, #1939 ) ;
#2319 = EDGE_CURVE ( 'NONE', #907, #1826, #3225, .T. ) ;
#2320 = CARTESIAN_POINT ( 'NONE',  ( 1.017788105676655600, 0.5876202367904153100, -2.683333333333333600 ) ) ;
#2321 = EDGE_CURVE ( 'NONE', #3283, #1049, #3048, .T. ) ;
#2322 = CARTESIAN_POINT ( 'NONE',  ( 1.017788105676655800, 0.5876202367904153100, -4.120833333333332700 ) ) ;
#2323 = CARTESIAN_POINT ( 'NONE',  ( 1.866666666666666500, 3.252606517456513300E-016, 2.399999999999999500 ) ) ;
#2324 =( BOUNDED_CURVE ( )  B_SPLINE_CURVE ( 2, ( #89, #3701, #1899, #3002, #2629, #3042, #3321 ),
 .UNSPECIFIED., .F., .F. ) 
 B_SPLINE_CURVE_WITH_KNOTS ( ( 3, 2, 2, 3 ),
 ( 0.7619047619047616400, 0.7698412698412696600, 0.7777777777777775700, 0.7857142857142854800 ),
 .UNSPECIFIED. ) 
 CURVE ( )  GEOMETRIC_REPRESENTATION_ITEM ( )  RATIONAL_B_SPLINE_CURVE ( ( 1.000000000000003800, 0.8660254037844349300, 1.000000000000000000, 0.8660254037844387100, 1.000000000000000000, 0.8660254037844424800, 0.9999999999999962300 ) ) 
 REPRESENTATION_ITEM ( '' )  );
#2325 = CARTESIAN_POINT ( 'NONE',  ( 0.0000000000000000000, 1.500000000000000400, -3.850000000000003200 ) ) ;
#2326 = CARTESIAN_POINT ( 'NONE',  ( -1.322475605676656200, -0.7635316469341305600, -1.636458333333331800 ) ) ;
#2327 = CARTESIAN_POINT ( 'NONE',  ( -1.763300807568875000, 1.295565484451488000E-016, -4.709375000000005000 ) ) ;
#2328 = CARTESIAN_POINT ( 'NONE',  ( 0.0000000000000000000, 1.500000000000000400, -5.787500000000000500 ) ) ;
#2329 = CARTESIAN_POINT ( 'NONE',  ( -0.6785254037844370400, -1.175240473580832200, -0.3916666666666668900 ) ) ;
#2330 = DIRECTION ( 'NONE',  ( -1.000000000000000000, 0.0000000000000000000, 0.0000000000000000000 ) ) ;
#2331 = CARTESIAN_POINT ( 'NONE',  ( 0.6785254037844372600, 1.175240473580831900, -2.641666666666667500 ) ) ;
#2332 = CARTESIAN_POINT ( 'NONE',  ( 1.017788105676655100, -0.5876202367904167500, -3.704166666666666200 ) ) ;
#2333 = ORIENTED_EDGE ( 'NONE', *, *, #4007, .F. ) ;
#2334 = CARTESIAN_POINT ( 'NONE',  ( -0.8660254037844349300, -1.500000000000007300, -7.641666666666668400 ) ) ;
#2335 = DIRECTION ( 'NONE',  ( 0.0000000000000000000, -1.000000000000000000, 0.0000000000000000000 ) ) ;
#2336 = EDGE_LOOP ( 'NONE', ( #3125, #1001, #3340, #137 ) ) ;
#2337 = EDGE_LOOP ( 'NONE', ( #1415, #3024, #1647, #727, #953 ) ) ;
#2338 = DIRECTION ( 'NONE',  ( -0.0000000000000000000, -2.585091490897065700E-018, 1.000000000000000000 ) ) ;
#2339 = CARTESIAN_POINT ( 'NONE',  ( -1.322475605676656200, 0.7635316469341311100, -0.7197916666666655000 ) ) ;
#2340 = CARTESIAN_POINT ( 'NONE',  ( 0.8816504037844382600, 1.527063293868261300, -0.3760416666666721000 ) ) ;
#2341 = AXIS2_PLACEMENT_3D ( 'NONE', #655, #264, #2092 ) ;
#2342 = EDGE_CURVE ( 'NONE', #733, #1810, #2009, .T. ) ;
#2343 = EDGE_CURVE ( 'NONE', #2273, #67, #2407, .T. ) ;
#2344 = ORIENTED_EDGE ( 'NONE', *, *, #1740, .F. ) ;
#2345 = CARTESIAN_POINT ( 'NONE',  ( 0.6785254037844372600, 1.175240473580831900, -1.141666666666666600 ) ) ;
#2346 = VERTEX_POINT ( 'NONE', #3422 ) ;
#2347 = DIRECTION ( 'NONE',  ( -0.0000000000000000000, -2.585091490897065700E-018, 1.000000000000000000 ) ) ;
#2348 = CARTESIAN_POINT ( 'NONE',  ( -1.017788105676655100, 0.5876202367904161900, -1.016666666666666600 ) ) ;
#2349 = PRODUCT ( '90258A181_Phillips Oval Head Screws', '90258A181_Phillips Oval Head Screws', '', ( #3263 ) ) ;
#2350 = ORIENTED_EDGE ( 'NONE', *, *, #3798, .T. ) ;
#2351 = CARTESIAN_POINT ( 'NONE',  ( -0.6785254037844367100, 1.175240473580832400, -4.995833333333333600 ) ) ;
#2352 = CARTESIAN_POINT ( 'NONE',  ( 0.8660254037844453700, -1.499999999999988700, -4.995833333333331800 ) ) ;
#2353 = CARTESIAN_POINT ( 'NONE',  ( -1.299038105676658400, 0.7500000000000003300, -7.766666666666670200 ) ) ;
#2354 = DIRECTION ( 'NONE',  ( 0.9203638919632284300, -0.3812272063696439100, -0.08715574274765836000 ) ) ;
#2355 = FACE_OUTER_BOUND ( 'NONE', #3452, .T. ) ;
#2356 = CARTESIAN_POINT ( 'NONE',  ( -1.836970198721030400E-016, -1.500000000000000400, -3.100000000000003600 ) ) ;
#2357 = CARTESIAN_POINT ( 'NONE',  ( 0.0000000000000000000, 1.527063293868261800, -1.803124999999998300 ) ) ;
#2358 = CARTESIAN_POINT ( 'NONE',  ( 1.322475605676656900, 0.7635316469341297800, -2.417708333333338500 ) ) ;
#2359 = CARTESIAN_POINT ( 'NONE',  ( -1.017788105676655100, 0.5876202367904161900, -1.516666666666667100 ) ) ;
#2360 = LINE ( 'NONE', #686, #3040 ) ;
#2361 = ORIENTED_EDGE ( 'NONE', *, *, #208, .T. ) ;
#2362 = B_SPLINE_CURVE_WITH_KNOTS ( 'NONE', 3,
 ( #311, #2851, #949, #3149 ),
 .UNSPECIFIED., .F., .F.,
 ( 4, 4 ),
 ( 4.806478640241842100E-015, 0.0007415758419031810300 ),
 .UNSPECIFIED. ) ;
#2363 = CARTESIAN_POINT ( 'NONE',  ( 0.0000000000000000000, 1.175240473580832200, 0.3999999999999993000 ) ) ;
#2364 = CIRCLE ( 'NONE', #319, 1.500000000000001100 ) ;
#2365 = EDGE_LOOP ( 'NONE', ( #1454, #1474, #1855, #2800, #4311, #4487 ) ) ;
#2366 = CARTESIAN_POINT ( 'NONE',  ( -1.439254484199186200E-016, -1.175240473580832400, -4.787499999999999600 ) ) ;
#2367 = DIRECTION ( 'NONE',  ( 0.0000000000000000000, -1.000000000000000000, 0.0000000000000000000 ) ) ;
#2368 = CARTESIAN_POINT ( 'NONE',  ( -1.836970198721030400E-016, -1.500000000000000400, -7.600000000000002300 ) ) ;
#2369 = CARTESIAN_POINT ( 'NONE',  ( 1.836970198721030400E-016, 1.500000000000000400, 1.649999999999999500 ) ) ;
#2370 = CARTESIAN_POINT ( 'NONE',  ( 0.0000000000000000000, 1.500000000000000400, -3.287500000000000500 ) ) ;
#2371 = CONICAL_SURFACE ( 'NONE', #3586, 1.866666666666666500, 0.2617993877991500700 ) ;
#2372 = AXIS2_PLACEMENT_3D ( 'NONE', #2748, #227, #4214 ) ;
#2373 = B_SPLINE_CURVE_WITH_KNOTS ( 'NONE', 3,
 ( #3549, #3918, #3184, #1357, #3890, #3537, #2118, #1788, #987, #638, #3906, #1737, #4281, #4272 ),
 .UNSPECIFIED., .F., .F.,
 ( 4, 2, 2, 2, 2, 2, 4 ),
 ( 1.669882540486195600E-017, 0.0004227095804710773500, 0.0008454191609421380100, 0.001268128741413198700, 0.001690838321884259300, 0.002536257482826381000, 0.003381676643768502200 ),
 .UNSPECIFIED. ) ;
#2374 = EDGE_CURVE ( 'NONE', #958, #962, #1036, .T. ) ;
#2375 = CARTESIAN_POINT ( 'NONE',  ( -1.870113174931180700E-016, -1.527063293868261800, -1.584375000000005000 ) ) ;
#2376 = CARTESIAN_POINT ( 'NONE',  ( -0.6785254037844366000, 1.175240473580832400, -0.5583333333333343500 ) ) ;
#2377 = CARTESIAN_POINT ( 'NONE',  ( 0.0000000000000000000, -1.500000000000000400, 1.649999999999999500 ) ) ;
#2378 = EDGE_CURVE ( 'NONE', #1198, #2292, #3376, .T. ) ;
#2379 = CARTESIAN_POINT ( 'NONE',  ( -1.017788105676655100, 0.5876202367904161900, -0.5166666666666670500 ) ) ;
#2380 = CARTESIAN_POINT ( 'NONE',  ( -1.357050807568873600, 1.046809103374681200E-016, -1.412500000000000300 ) ) ;
#2381 = CARTESIAN_POINT ( 'NONE',  ( -0.8660254037844417100, 1.499999999999996400, -7.808333333333336200 ) ) ;
#2382 = DIRECTION ( 'NONE',  ( 8.659560562354963700E-017, 0.7071067811865500200, 0.7071067811865451300 ) ) ;
#2383 = CARTESIAN_POINT ( 'NONE',  ( 0.6785254037844363800, -1.175240473580832200, -7.808333333333333600 ) ) ;
#2384 = CARTESIAN_POINT ( 'NONE',  ( -0.8660254037844360400, -1.500000000000006000, -3.641666666666669700 ) ) ;
#2385 = CARTESIAN_POINT ( 'NONE',  ( -1.322475605676656200, -0.7635316469341305600, -1.667708333333338700 ) ) ;
#2386 = ORIENTED_EDGE ( 'NONE', *, *, #4425, .F. ) ;
#2387 = CARTESIAN_POINT ( 'NONE',  ( 0.6785254037844362700, -1.175240473580832400, -1.308333333333333300 ) ) ;
#2388 = CARTESIAN_POINT ( 'NONE',  ( 0.6785254037844362700, -1.175240473580832400, -0.3083333333333340700 ) ) ;
#2389 = VERTEX_POINT ( 'NONE', #2000 ) ;
#2390 = CARTESIAN_POINT ( 'NONE',  ( 0.6785254037844376000, 1.175240473580832200, -2.079166666666666600 ) ) ;
#2391 = DATE_AND_TIME ( #3842, #3614 ) ;
#2392 = DIRECTION ( 'NONE',  ( 0.0000000000000000000, -1.000000000000000000, 0.0000000000000000000 ) ) ;
#2393 = EDGE_CURVE ( 'NONE', #3501, #2227, #1551, .T. ) ;
#2394 = ORIENTED_EDGE ( 'NONE', *, *, #1143, .F. ) ;
#2395 = CARTESIAN_POINT ( 'NONE',  ( -0.8660254037844457000, 1.499999999999987800, -4.308333333333336200 ) ) ;
#2396 = ADVANCED_FACE ( 'NONE', ( #2813 ), #1837, .T. ) ;
#2397 = ORIENTED_EDGE ( 'NONE', *, *, #3437, .F. ) ;
#2398 = CARTESIAN_POINT ( 'NONE',  ( 0.0000000000000000000, 1.175240473580832200, -6.599999999999999600 ) ) ;
#2399 = VERTEX_POINT ( 'NONE', #4164 ) ;
#2400 = CARTESIAN_POINT ( 'NONE',  ( 0.9296440156192519200, 0.8896027098817134200, -8.214543108396014800 ) ) ;
#2401 = CARTESIAN_POINT ( 'NONE',  ( 0.8816504037844369300, -1.527063293868262000, -1.042708333333338200 ) ) ;
#2402 = ORIENTED_EDGE ( 'NONE', *, *, #1379, .T. ) ;
#2403 = CARTESIAN_POINT ( 'NONE',  ( 0.0000000000000000000, 0.0000000000000000000, 0.0000000000000000000 ) ) ;
#2404 = CARTESIAN_POINT ( 'NONE',  ( -1.439254484199185900E-016, -1.175240473580832200, 1.650000000000000400 ) ) ;
#2405 = CARTESIAN_POINT ( 'NONE',  ( 0.8660254037844420400, -1.499999999999994900, -0.9958333333333335700 ) ) ;
#2406 = CARTESIAN_POINT ( 'NONE',  ( -1.322475605676656200, -0.7635316469341305600, -8.167708333333337100 ) ) ;
#2407 =( BOUNDED_CURVE ( )  B_SPLINE_CURVE ( 2, ( #2325, #4493, #247, #2753, #1259, #2384, #4532 ),
 .UNSPECIFIED., .F., .F. ) 
 B_SPLINE_CURVE_WITH_KNOTS ( ( 3, 2, 2, 3 ),
 ( 0.4285714285714285500, 0.4365079365079365100, 0.4444444444444444800, 0.4523809523809524400 ),
 .UNSPECIFIED. ) 
 CURVE ( )  GEOMETRIC_REPRESENTATION_ITEM ( )  RATIONAL_B_SPLINE_CURVE ( ( 1.000000000000000000, 0.8660254037844386000, 1.000000000000000000, 0.8660254037844386000, 1.000000000000000000, 0.8660254037844377100, 1.000000000000000900 ) ) 
 REPRESENTATION_ITEM ( '' )  );
#2408 = ORIENTED_EDGE ( 'NONE', *, *, #93, .T. ) ;
#2409 = CARTESIAN_POINT ( 'NONE',  ( -1.017788105676655100, 0.5876202367904161900, -0.01666666666666656600 ) ) ;
#2410 = CARTESIAN_POINT ( 'NONE',  ( -1.017788105676655300, 0.5876202367904163100, -1.454166666666667100 ) ) ;
#2411 = CARTESIAN_POINT ( 'NONE',  ( 2.799999999999999800, 0.0000000000000000000, 1.649999999999999900 ) ) ;
#2412 = CYLINDRICAL_SURFACE ( 'NONE', #1502, 1.500000000000000400 ) ;
#2413 = CARTESIAN_POINT ( 'NONE',  ( -0.6785254037844371500, -1.175240473580831900, -6.891666666666666600 ) ) ;
#2414 = VECTOR ( 'NONE', #3400, 1000.000000000000000 ) ;
#2415 = CARTESIAN_POINT ( 'NONE',  ( -1.870113174931180700E-016, -1.527063293868261800, 0.9156249999999945800 ) ) ;
#2416 = CARTESIAN_POINT ( 'NONE',  ( -1.017788105676655300, -0.5876202367904159700, -1.870833333333333800 ) ) ;
#2417 = ORIENTED_EDGE ( 'NONE', *, *, #2047, .F. ) ;
#2418 = CARTESIAN_POINT ( 'NONE',  ( 0.0000000000000000000, 1.175240473580832200, 1.400000000000000100 ) ) ;
#2419 = B_SPLINE_CURVE_WITH_KNOTS ( 'NONE', 3,
 ( #5, #1453, #3958, #4362, #1054, #2865, #2926, #2143, #2551, #3203, #3559, #3592, #1792, #712, #1389, #2913, #2183, #2125, #4332, #678 ),
 .UNSPECIFIED., .F., .F.,
 ( 4, 2, 2, 2, 2, 2, 2, 2, 2, 4 ),
 ( 0.001146286917909153900, 0.001687629138999842600, 0.002228971360090531300, 0.002770313581181219400, 0.003040984691726564100, 0.003311655802271908300, 0.004394340244453284900, 0.004665011354998629600, 0.004935682465543974300, 0.005477024686634662800 ),
 .UNSPECIFIED. ) ;
#2420 = CARTESIAN_POINT ( 'NONE',  ( 1.322475605676655800, -0.7635316469341314500, -8.001041666666671000 ) ) ;
#2421 = FACE_OUTER_BOUND ( 'NONE', #2453, .T. ) ;
#2422 = VERTEX_POINT ( 'NONE', #3105 ) ;
#2423 = CARTESIAN_POINT ( 'NONE',  ( -1.017788105676655300, 0.5876202367904163100, -0.4541666666666669400 ) ) ;
#2424 = CARTESIAN_POINT ( 'NONE',  ( -1.322475605676656200, 0.7635316469341311100, -8.219791666666665700 ) ) ;
#2425 = CARTESIAN_POINT ( 'NONE',  ( 0.6785254037844376000, 1.175240473580832200, -0.5791666666666670500 ) ) ;
#2426 = CIRCLE ( 'NONE', #2513, 1.572609826430241900 ) ;
#2427 = CARTESIAN_POINT ( 'NONE',  ( 1.719874119373890200, -0.3360189205355039700, 1.973494310074190000 ) ) ;
#2428 = AXIS2_PLACEMENT_3D ( 'NONE', #1182, #3765, #1549 ) ;
#2429 = CARTESIAN_POINT ( 'NONE',  ( -0.8660254037844323800, -1.500000000000012400, -5.079166666666665700 ) ) ;
#2430 = CARTESIAN_POINT ( 'NONE',  ( 1.500000000000001100, 0.0000000000000000000, 0.0000000000000000000 ) ) ;
#2431 = CARTESIAN_POINT ( 'NONE',  ( -1.017788105676655300, 0.5876202367904163100, -8.454166666666667500 ) ) ;
#2432 = DIRECTION ( 'NONE',  ( -1.000000000000000000, 0.0000000000000000000, 0.0000000000000000000 ) ) ;
#2433 = CARTESIAN_POINT ( 'NONE',  ( 1.763300807568875000, -3.023275895394842700E-016, 0.5718750000000011300 ) ) ;
#2434 = CARTESIAN_POINT ( 'NONE',  ( 0.0000000000000000000, 1.500000000000000400, -2.850000000000003600 ) ) ;
#2435 = CARTESIAN_POINT ( 'NONE',  ( 0.0000000000000000000, 1.500000000000000400, -7.787500000000000500 ) ) ;
#2436 = CARTESIAN_POINT ( 'NONE',  ( 0.0000000000000000000, 1.175240473580832400, -1.537499999999999900 ) ) ;
#2437 = CARTESIAN_POINT ( 'NONE',  ( -1.322475605676656200, 0.7635316469341311100, -7.719791666666664800 ) ) ;
#2438 =( BOUNDED_CURVE ( )  B_SPLINE_CURVE ( 2, ( #4143, #1566, #1593, #2706, #4128, #3778, #1216 ),
 .UNSPECIFIED., .F., .F. ) 
 B_SPLINE_CURVE_WITH_KNOTS ( ( 3, 2, 2, 3 ),
 ( 0.8095238095238093100, 0.8174603174603172200, 0.8253968253968251300, 0.8333333333333331500 ),
 .UNSPECIFIED. ) 
 CURVE ( )  GEOMETRIC_REPRESENTATION_ITEM ( )  RATIONAL_B_SPLINE_CURVE ( ( 1.000000000000003800, 0.8660254037844349300, 1.000000000000000000, 0.8660254037844387100, 1.000000000000000000, 0.8660254037844424800, 0.9999999999999962300 ) ) 
 REPRESENTATION_ITEM ( '' )  );
#2439 = CARTESIAN_POINT ( 'NONE',  ( -0.6785254037844367100, 1.175240473580832400, -1.495833333333333300 ) ) ;
#2440 = CARTESIAN_POINT ( 'NONE',  ( 0.2532571841263958100, 0.1049025604335732500, -3.225649374138636700 ) ) ;
#2441 = ORIENTED_EDGE ( 'NONE', *, *, #506, .F. ) ;
#2442 = CARTESIAN_POINT ( 'NONE',  ( 1.357050807568873600, -2.277006752164422900E-016, -1.662499999999999900 ) ) ;
#2443 = DIRECTION ( 'NONE',  ( -0.0000000000000000000, -0.0000000000000000000, -1.000000000000000000 ) ) ;
#2444 = CARTESIAN_POINT ( 'NONE',  ( 0.0000000000000000000, 1.527063293868261800, 0.6656249999999943600 ) ) ;
#2445 = CARTESIAN_POINT ( 'NONE',  ( 1.017788105676655100, -0.5876202367904167500, -8.204166666666667500 ) ) ;
#2446 = CARTESIAN_POINT ( 'NONE',  ( -1.870113174931180700E-016, -1.527063293868261800, 0.4468750000000010800 ) ) ;
#2447 = ORIENTED_EDGE ( 'NONE', *, *, #1174, .F. ) ;
#2448 = CARTESIAN_POINT ( 'NONE',  ( 0.0000000000000000000, 0.0000000000000000000, 0.0000000000000000000 ) ) ;
#2449 = ORIENTED_EDGE ( 'NONE', *, *, #1625, .F. ) ;
#2450 = CARTESIAN_POINT ( 'NONE',  ( 0.0000000000000000000, 1.500000000000000400, -6.850000000000004100 ) ) ;
#2451 = CARTESIAN_POINT ( 'NONE',  ( 0.6785254037844376000, 1.175240473580832200, -1.079166666666666600 ) ) ;
#2452 = CARTESIAN_POINT ( 'NONE',  ( -0.6785254037844366000, 1.175240473580832400, 0.9416666666666669800 ) ) ;
#2453 = EDGE_LOOP ( 'NONE', ( #1701, #4475, #2506, #904 ) ) ;
#2454 = ORIENTED_EDGE ( 'NONE', *, *, #1964, .T. ) ;
#2455 = CARTESIAN_POINT ( 'NONE',  ( 0.6785254037844362700, -1.175240473580832400, -8.308333333333333600 ) ) ;
#2456 = DIRECTION ( 'NONE',  ( 0.0000000000000000000, -1.000000000000000000, 0.0000000000000000000 ) ) ;
#2457 = DIRECTION ( 'NONE',  ( 0.3826834323650912300, -0.9238795325112860700, 1.945590103797453900E-014 ) ) ;
#2458 = EDGE_LOOP ( 'NONE', ( #100, #1975, #4499, #2056 ) ) ;
#2459 = CARTESIAN_POINT ( 'NONE',  ( 1.322475605676655800, -0.7635316469341314500, 1.998958333333328300 ) ) ;
#2460 = VECTOR ( 'NONE', #3250, 1000.000000000000000 ) ;
#2461 = EDGE_CURVE ( 'NONE', #874, #2399, #3089, .T. ) ;
#2462 = CARTESIAN_POINT ( 'NONE',  ( 1.322475605676656900, 0.7635316469341297800, 1.113541666666667100 ) ) ;
#2463 = CARTESIAN_POINT ( 'NONE',  ( 1.357050807568873400, -2.277006752164421900E-016, 1.274999999999999900 ) ) ;
#2464 = CARTESIAN_POINT ( 'NONE',  ( -0.6785254037844367100, 1.175240473580832400, 0.5041666666666666500 ) ) ;
#2465 = CARTESIAN_POINT ( 'NONE',  ( 1.357050807568873400, -2.277006752164421900E-016, 1.274999999999999900 ) ) ;
#2466 = VERTEX_POINT ( 'NONE', #908 ) ;
#2467 = CARTESIAN_POINT ( 'NONE',  ( -1.439254484199186200E-016, -1.175240473580832400, 0.2124999999999991300 ) ) ;
#2468 = CARTESIAN_POINT ( 'NONE',  ( -1.017788105676655100, 0.5876202367904161900, -8.516666666666667500 ) ) ;
#2469 = VECTOR ( 'NONE', #2124, 1000.000000000000000 ) ;
#2470 = CARTESIAN_POINT ( 'NONE',  ( 0.6785254037844366000, -1.175240473580832600, -0.7458333333333335700 ) ) ;
#2471 = CARTESIAN_POINT ( 'NONE',  ( 0.8660254037844420400, -1.499999999999994900, -3.558333333333337100 ) ) ;
#2472 = CARTESIAN_POINT ( 'NONE',  ( 0.8816504037844382600, 1.527063293868261300, 1.123958333333327600 ) ) ;
#2473 = DIRECTION ( 'NONE',  ( 1.000000000000000000, 0.0000000000000000000, 0.0000000000000000000 ) ) ;
#2474 = LINE ( 'NONE', #4502, #1559 ) ;
#2475 = CARTESIAN_POINT ( 'NONE',  ( -1.322475605676656200, -0.7635316469341305600, 1.363541666666667300 ) ) ;
#2476 = DIRECTION ( 'NONE',  ( -0.0000000000000000000, -2.585091490897065700E-018, 1.000000000000000000 ) ) ;
#2477 = CARTESIAN_POINT ( 'NONE',  ( -0.6785254037844371500, -1.175240473580832400, -0.8291666666666672700 ) ) ;
#2478 = CARTESIAN_POINT ( 'NONE',  ( 0.8816504037844369300, -1.527063293868262000, -8.511458333333333600 ) ) ;
#2479 = EDGE_CURVE ( 'NONE', #3330, #2716, #4114, .T. ) ;
#2480 = CARTESIAN_POINT ( 'NONE',  ( 0.6785254037844376000, 1.175240473580832200, 0.9208333333333326200 ) ) ;
#2481 = DIRECTION ( 'NONE',  ( 0.0000000000000000000, -1.000000000000000000, 0.0000000000000000000 ) ) ;
#2482 = EDGE_CURVE ( 'NONE', #667, #1867, #3587, .T. ) ;
#2483 = CARTESIAN_POINT ( 'NONE',  ( -1.017788105676655300, -0.5876202367904159700, -1.370833333333333300 ) ) ;
#2484 = EDGE_CURVE ( 'NONE', #4574, #3678, #3650, .T. ) ;
#2485 = CARTESIAN_POINT ( 'NONE',  ( 1.017788105676655100, -0.5876202367904167500, -7.204166666666666600 ) ) ;
#2486 = CARTESIAN_POINT ( 'NONE',  ( 0.0000000000000000000, 6.628682924999594700E-017, 1.649999999999999500 ) ) ;
#2487 = CARTESIAN_POINT ( 'NONE',  ( 0.0000000000000000000, 6.628682924999594700E-017, 1.649999999999999500 ) ) ;
#2488 = CARTESIAN_POINT ( 'NONE',  ( -0.8660254037844322700, -1.500000000000012700, -7.141666666666670200 ) ) ;
#2489 = CARTESIAN_POINT ( 'NONE',  ( -1.439254484199186200E-016, -1.175240473580832400, 1.212500000000000100 ) ) ;
#2490 = CARTESIAN_POINT ( 'NONE',  ( -0.8816504037844373800, 1.527063293868261600, -7.261458333333330900 ) ) ;
#2491 = ORIENTED_EDGE ( 'NONE', *, *, #4649, .F. ) ;
#2492 = CARTESIAN_POINT ( 'NONE',  ( 0.6785254037844363800, -1.175240473580832600, 0.2541666666666664300 ) ) ;
#2493 = VERTEX_POINT ( 'NONE', #2846 ) ;
#2494 = CARTESIAN_POINT ( 'NONE',  ( 1.547964847654341900, -0.2773202059209751200, 1.302564931925244100 ) ) ;
#2495 = CALENDAR_DATE ( 2021, 8, 9 ) ;
#2496 = DIRECTION ( 'NONE',  ( -0.9203638919632283200, 0.3812272063696438600, 0.08715574274765836000 ) ) ;
#2497 = EDGE_LOOP ( 'NONE', ( #820, #4069, #1984, #3894, #3561, #482, #1131, #1305, #4301, #1288 ) ) ;
#2498 = CARTESIAN_POINT ( 'NONE',  ( 2.360022447261704800, 0.0000000000000000000, 2.089977552738297100 ) ) ;
#2499 = CARTESIAN_POINT ( 'NONE',  ( 0.0000000000000000000, 1.175240473580832400, -6.537499999999999600 ) ) ;
#2500 = VERTEX_POINT ( 'NONE', #278 ) ;
#2501 = CARTESIAN_POINT ( 'NONE',  ( 1.357050807568873600, -2.277006752164422900E-016, -7.662499999999999600 ) ) ;
#2502 = CARTESIAN_POINT ( 'NONE',  ( -0.5683621456238636700, -0.4064470813528414700, 0.4192493202350440200 ) ) ;
#2503 = CARTESIAN_POINT ( 'NONE',  ( 0.0000000000000000000, 1.500000000000000400, -7.350000000000003200 ) ) ;
#2504 = CARTESIAN_POINT ( 'NONE',  ( -1.836970198721030400E-016, -1.500000000000000400, -6.600000000000002300 ) ) ;
#2505 = EDGE_LOOP ( 'NONE', ( #4236, #2402, #1031, #1746 ) ) ;
#2506 = ORIENTED_EDGE ( 'NONE', *, *, #2342, .T. ) ;
#2507 = CARTESIAN_POINT ( 'NONE',  ( 0.0000000000000000000, 1.175240473580832400, 1.962499999999999000 ) ) ;
#2508 = CARTESIAN_POINT ( 'NONE',  ( -1.322475605676656200, -0.7635316469341305600, -6.136458333333332700 ) ) ;
#2509 = CARTESIAN_POINT ( 'NONE',  ( -0.6785254037844366000, 1.175240473580832200, -4.058333333333332700 ) ) ;
#2510 = CARTESIAN_POINT ( 'NONE',  ( 0.6785254037844376000, 1.175240473580832200, 1.420833333333332900 ) ) ;
#2511 = VERTEX_POINT ( 'NONE', #4658 ) ;
#2512 = CARTESIAN_POINT ( 'NONE',  ( 0.3476932613749529300, -1.754010341813023500, 2.106932636468940200 ) ) ;
#2513 = AXIS2_PLACEMENT_3D ( 'NONE', #1705, #594, #4679 ) ;
#2514 = EDGE_CURVE ( 'NONE', #4142, #3921, #932, .T. ) ;
#2515 = CARTESIAN_POINT ( 'NONE',  ( 0.6785254037844362700, -1.175240473580832400, -7.808333333333333600 ) ) ;
#2516 =( BOUNDED_CURVE ( )  B_SPLINE_CURVE ( 2, ( #2258, #803, #1941, #149, #1610, #163, #175 ),
 .UNSPECIFIED., .F., .F. ) 
 B_SPLINE_CURVE_WITH_KNOTS ( ( 3, 2, 2, 3 ),
 ( 0.7380952380952379200, 0.7460317460317458200, 0.7539682539682537300, 0.7619047619047616400 ),
 .UNSPECIFIED. ) 
 CURVE ( )  GEOMETRIC_REPRESENTATION_ITEM ( )  RATIONAL_B_SPLINE_CURVE ( ( 1.000000000000003800, 0.8660254037844349300, 1.000000000000000000, 0.8660254037844387100, 1.000000000000000000, 0.8660254037844424800, 0.9999999999999962300 ) ) 
 REPRESENTATION_ITEM ( '' )  );
#2517 = CARTESIAN_POINT ( 'NONE',  ( 0.7079727161450932700, -0.2932519008174064300, 2.399999999999999900 ) ) ;
#2518 = CONICAL_SURFACE ( 'NONE', #807, 1.866666666666666500, 0.2617993877991500700 ) ;
#2519 = CARTESIAN_POINT ( 'NONE',  ( 0.0000000000000000000, 1.175240473580832400, -6.037499999999999600 ) ) ;
#2520 = AXIS2_PLACEMENT_3D ( 'NONE', #4684, #3953, #350 ) ;
#2521 = CARTESIAN_POINT ( 'NONE',  ( -1.017788105676655300, -0.5876202367904159700, -4.870833333333332700 ) ) ;
#2522 = EDGE_CURVE ( 'NONE', #67, #3501, #694, .T. ) ;
#2523 = CARTESIAN_POINT ( 'NONE',  ( 0.3733333333333332900, 0.0000000000000000000, 2.399999999999999900 ) ) ;
#2524 = LINE ( 'NONE', #3118, #3191 ) ;
#2525 = VERTEX_POINT ( 'NONE', #3173 ) ;
#2526 = CARTESIAN_POINT ( 'NONE',  ( -1.732050807568877900, 1.276430378214812200E-016, -6.225000000000005900 ) ) ;
#2527 = CARTESIAN_POINT ( 'NONE',  ( 1.322475605676655800, -0.7635316469341314500, -6.969791666666664800 ) ) ;
#2528 = CARTESIAN_POINT ( 'NONE',  ( -1.836970198721030400E-016, -1.500000000000000400, -6.600000000000002300 ) ) ;
#2529 = CARTESIAN_POINT ( 'NONE',  ( -1.439254484199185900E-016, -1.175240473580832200, -4.350000000000000500 ) ) ;
#2530 = CARTESIAN_POINT ( 'NONE',  ( 1.357050807568873400, -2.277006752164422900E-016, -5.725000000000000500 ) ) ;
#2531 = CYLINDRICAL_SURFACE ( 'NONE', #841, 1.500000000000000400 ) ;
#2532 = CARTESIAN_POINT ( 'NONE',  ( 0.8660254037844453700, -1.499999999999988700, -5.495833333333332700 ) ) ;
#2533 = CARTESIAN_POINT ( 'NONE',  ( 1.073809935526934600, -0.2359215567864277900, 0.8293762070536470100 ) ) ;
#2534 = DIRECTION ( 'NONE',  ( -0.0000000000000000000, -2.585091490897065700E-018, 1.000000000000000000 ) ) ;
#2535 = CARTESIAN_POINT ( 'NONE',  ( -1.017788105676655300, 0.5876202367904163100, -6.454166666666667500 ) ) ;
#2536 = CARTESIAN_POINT ( 'NONE',  ( -1.017788105676655300, -0.5876202367904159700, -7.370833333333333600 ) ) ;
#2537 = CARTESIAN_POINT ( 'NONE',  ( -1.299038105676658400, -0.7499999999999998900, -2.183333333333336700 ) ) ;
#2538 = CARTESIAN_POINT ( 'NONE',  ( 1.420614780902420800, -0.3513302567127913900, -8.022327353874402400 ) ) ;
#2539 = CARTESIAN_POINT ( 'NONE',  ( -1.870113174931180700E-016, -1.527063293868261800, -6.053124999999998800 ) ) ;
#2540 = CARTESIAN_POINT ( 'NONE',  ( -1.763300807568875000, 1.295565484451488000E-016, -5.709375000000005000 ) ) ;
#2541 = AXIS2_PLACEMENT_3D ( 'NONE', #492, #2330, #4422 ) ;
#2542 = CARTESIAN_POINT ( 'NONE',  ( 1.017788105676655600, 0.5876202367904153100, -5.183333333333333600 ) ) ;
#2543 = CARTESIAN_POINT ( 'NONE',  ( -1.357050807568873400, 1.046809103374680800E-016, -6.474999999999998800 ) ) ;
#2544 = CARTESIAN_POINT ( 'NONE',  ( -1.439254484199185900E-016, -1.175240473580832200, -6.349999999999999600 ) ) ;
#2545 = AXIS2_PLACEMENT_3D ( 'NONE', #3569, #1433, #2481 ) ;
#2546 = EDGE_CURVE ( 'NONE', #4558, #667, #4455, .T. ) ;
#2547 = PLANE ( 'NONE',  #3005 ) ;
#2548 = CARTESIAN_POINT ( 'NONE',  ( 1.299038105676658000, -0.7500000000000007800, -6.016666666666670200 ) ) ;
#2549 = CARTESIAN_POINT ( 'NONE',  ( -1.357050807568873600, 1.046809103374681200E-016, -5.412500000000000500 ) ) ;
#2550 = CARTESIAN_POINT ( 'NONE',  ( 1.357050807568873600, -2.277006752164422900E-016, -5.662499999999999600 ) ) ;
#2551 = CARTESIAN_POINT ( 'NONE',  ( -1.335245262451240100, -0.4207228752884021300, -8.077952142540201700 ) ) ;
#2552 = ORIENTED_EDGE ( 'NONE', *, *, #3097, .T. ) ;
#2553 = CARTESIAN_POINT ( 'NONE',  ( 0.6785254037844376000, 1.175240473580832200, 0.9208333333333326200 ) ) ;
#2554 = CARTESIAN_POINT ( 'NONE',  ( -1.322475605676656200, -0.7635316469341305600, -7.136458333333331800 ) ) ;
#2555 = CARTESIAN_POINT ( 'NONE',  ( -1.322475605676656200, 0.7635316469341311100, -7.751041666666671900 ) ) ;
#2556 = CARTESIAN_POINT ( 'NONE',  ( -1.017788105676655100, 0.5876202367904161900, -6.016666666666666600 ) ) ;
#2557 = ORIENTED_EDGE ( 'NONE', *, *, #2645, .T. ) ;
#2558 = VERTEX_POINT ( 'NONE', #1728 ) ;
#2559 = CARTESIAN_POINT ( 'NONE',  ( -1.439254484199185900E-016, -1.175240473580832200, -6.850000000000000500 ) ) ;
#2560 = ADVANCED_FACE ( 'NONE', ( #3932 ), #829, .T. ) ;
#2561 = CARTESIAN_POINT ( 'NONE',  ( -1.017788105676655300, -0.5876202367904158600, -4.933333333333332700 ) ) ;
#2562 = ORIENTED_EDGE ( 'NONE', *, *, #174, .T. ) ;
#2563 = VERTEX_POINT ( 'NONE', #642 ) ;
#2564 = DIRECTION ( 'NONE',  ( 0.08715574274765836000, 0.0000000000000000000, 0.9961946980917455500 ) ) ;
#2565 = CARTESIAN_POINT ( 'NONE',  ( -1.359270871885027900, 1.743066579297358300E-016, -0.08125000000000089100 ) ) ;
#2566 = CARTESIAN_POINT ( 'NONE',  ( -0.6785254037844367100, 1.175240473580832400, -3.995833333333333600 ) ) ;
#2567 = CARTESIAN_POINT ( 'NONE',  ( 1.017788105676655100, -0.5876202367904167500, -6.204166666666666600 ) ) ;
#2568 = ORIENTED_EDGE ( 'NONE', *, *, #4626, .T. ) ;
#2569 = CARTESIAN_POINT ( 'NONE',  ( -0.6732596486383735100, -0.3701540462943011000, 0.4948264746952890100 ) ) ;
#2570 = CARTESIAN_POINT ( 'NONE',  ( 0.8628120383563342400, -1.036704249638130900, -8.137967818300619900 ) ) ;
#2571 = CARTESIAN_POINT ( 'NONE',  ( 1.732050807568877900, -2.965870576684816500E-016, -3.975000000000004500 ) ) ;
#2572 = CARTESIAN_POINT ( 'NONE',  ( -0.8816504037844373800, 1.527063293868261600, -4.761458333333332700 ) ) ;
#2573 = CARTESIAN_POINT ( 'NONE',  ( 1.322475605676656900, 0.7635316469341297800, -6.917708333333338000 ) ) ;
#2574 = CIRCLE ( 'NONE', #3580, 1.788139503280600000 ) ;
#2575 = CARTESIAN_POINT ( 'NONE',  ( -1.017788105676655100, 0.5876202367904161900, -2.016666666666666600 ) ) ;
#2576 = CARTESIAN_POINT ( 'NONE',  ( -0.6785254037844370400, -1.175240473580832200, -5.891666666666666600 ) ) ;
#2577 = CARTESIAN_POINT ( 'NONE',  ( -0.8660254037844394800, -1.500000000000000400, -0.1416666666666700500 ) ) ;
#2578 =( BOUNDED_CURVE ( )  B_SPLINE_CURVE ( 2, ( #189, #4113, #497, #864, #3032, #162, #516 ),
 .UNSPECIFIED., .F., .F. ) 
 B_SPLINE_CURVE_WITH_KNOTS ( ( 3, 2, 2, 3 ),
 ( 0.3333333333333332000, 0.3412698412698411700, 0.3492063492063490800, 0.3571428571428570400 ),
 .UNSPECIFIED. ) 
 CURVE ( )  GEOMETRIC_REPRESENTATION_ITEM ( )  RATIONAL_B_SPLINE_CURVE ( ( 1.000000000000002900, 0.8660254037844360400, 1.000000000000000000, 0.8660254037844387100, 1.000000000000000000, 0.8660254037844396000, 0.9999999999999991100 ) ) 
 REPRESENTATION_ITEM ( '' )  );
#2579 = EDGE_CURVE ( 'NONE', #1063, #4357, #4678, .T. ) ;
#2580 = CARTESIAN_POINT ( 'NONE',  ( -1.439254484199185900E-016, -1.175240473580832200, -5.850000000000000500 ) ) ;
#2581 = FACE_OUTER_BOUND ( 'NONE', #1157, .T. ) ;
#2582 = CARTESIAN_POINT ( 'NONE',  ( 0.6785254037844363800, -1.175240473580832600, -6.745833333333332700 ) ) ;
#2583 = CARTESIAN_POINT ( 'NONE',  ( -1.099039475859553900, 0.3627590212688016600, 2.279135060036726800 ) ) ;
#2584 = CARTESIAN_POINT ( 'NONE',  ( 1.017788105676655800, 0.5876202367904153100, -5.120833333333333600 ) ) ;
#2585 = CARTESIAN_POINT ( 'NONE',  ( 1.017788105676655100, -0.5876202367904167500, -5.204166666666666600 ) ) ;
#2586 = ADVANCED_FACE ( 'NONE', ( #4554 ), #99, .T. ) ;
#2587 = EDGE_LOOP ( 'NONE', ( #3622, #3527, #1587, #824, #2562, #2838, #451, #558, #2672, #610, #3670, #1325, #2220, #2025, #2279 ) ) ;
#2588 = CARTESIAN_POINT ( 'NONE',  ( -1.547964847654146300, -0.2773202059209370900, 1.302564931924501800 ) ) ;
#2589 = PERSON_AND_ORGANIZATION_ROLE ( 'creator' ) ;
#2590 = CARTESIAN_POINT ( 'NONE',  ( 0.8660254037844420400, -1.499999999999994900, -1.495833333333332700 ) ) ;
#2591 = CARTESIAN_POINT ( 'NONE',  ( 1.322475605676656900, 0.7635316469341297800, -4.886458333333331800 ) ) ;
#2592 = CARTESIAN_POINT ( 'NONE',  ( 1.322475605676655800, -0.7635316469341314500, -7.001041666666671900 ) ) ;
#2593 = CARTESIAN_POINT ( 'NONE',  ( -1.439254484199185900E-016, -1.175240473580832200, -3.350000000000000500 ) ) ;
#2594 = CARTESIAN_POINT ( 'NONE',  ( 0.6785254037844372600, 1.175240473580831900, -6.641666666666666600 ) ) ;
#2595 = CARTESIAN_POINT ( 'NONE',  ( -1.836970198721030700E-016, -1.500000000000000400, -0.03750000000000094200 ) ) ;
#2596 = CARTESIAN_POINT ( 'NONE',  ( 0.7079727161450902800, 0.2932519008174138700, 2.399999999999999900 ) ) ;
#2597 = CARTESIAN_POINT ( 'NONE',  ( 0.6785254037844372600, 1.175240473580831900, -5.641666666666666600 ) ) ;
#2598 = CARTESIAN_POINT ( 'NONE',  ( -1.357050807568873600, 1.046809103374681200E-016, -7.412500000000000500 ) ) ;
#2599 = CARTESIAN_POINT ( 'NONE',  ( 0.6785254037844376000, 1.175240473580832200, -4.079166666666666600 ) ) ;
#2600 = CARTESIAN_POINT ( 'NONE',  ( -1.439254484199186200E-016, -1.175240473580832400, -3.787500000000000100 ) ) ;
#2601 = CARTESIAN_POINT ( 'NONE',  ( -1.836970198721030700E-016, -1.500000000000000400, -3.037500000000000100 ) ) ;
#2602 = DIRECTION ( 'NONE',  ( -0.0000000000000000000, -2.585091490897065700E-018, 1.000000000000000000 ) ) ;
#2603 = CARTESIAN_POINT ( 'NONE',  ( 0.8660254037844313800, -1.500000000000013300, -2.558333333333338000 ) ) ;
#2604 = CARTESIAN_POINT ( 'NONE',  ( -1.322475605676656200, 0.7635316469341311100, -4.219791666666664800 ) ) ;
#2605 =( BOUNDED_CURVE ( )  B_SPLINE_CURVE ( 2, ( #1188, #2300, #4483, #141, #811, #1172, #3716 ),
 .UNSPECIFIED., .F., .F. ) 
 B_SPLINE_CURVE_WITH_KNOTS ( ( 3, 2, 2, 3 ),
 ( 0.5714285714285712900, 0.5793650793650791900, 0.5873015873015872100, 0.5952380952380951200 ),
 .UNSPECIFIED. ) 
 CURVE ( )  GEOMETRIC_REPRESENTATION_ITEM ( )  RATIONAL_B_SPLINE_CURVE ( ( 1.000000000000001800, 0.8660254037844368200, 1.000000000000000000, 0.8660254037844387100, 1.000000000000000000, 0.8660254037844405900, 0.9999999999999981100 ) ) 
 REPRESENTATION_ITEM ( '' )  );
#2606 = CARTESIAN_POINT ( 'NONE',  ( 0.8816504037844382600, 1.527063293868261300, -6.376041666666671900 ) ) ;
#2607 = CARTESIAN_POINT ( 'NONE',  ( 0.0000000000000000000, 1.175240473580832200, -2.100000000000000100 ) ) ;
#2608 = CARTESIAN_POINT ( 'NONE',  ( 1.017788105676655600, 0.5876202367904153100, -3.683333333333333600 ) ) ;
#2609 = DIRECTION ( 'NONE',  ( -0.9238795325112897400, 0.3826834323650824500, 1.061935634343630400E-014 ) ) ;
#2610 = ADVANCED_FACE ( 'NONE', ( #3475 ), #626, .T. ) ;
#2611 = CARTESIAN_POINT ( 'NONE',  ( -0.5824266820572178100, -0.5824266820572258100, 2.339111957723600800 ) ) ;
#2612 = ORIENTED_EDGE ( 'NONE', *, *, #3258, .T. ) ;
#2613 = CARTESIAN_POINT ( 'NONE',  ( -1.439254484199185900E-016, -1.175240473580832200, -5.350000000000000500 ) ) ;
#2614 = EDGE_CURVE ( 'NONE', #2399, #2525, #1200, .T. ) ;
#2615 = CARTESIAN_POINT ( 'NONE',  ( -1.439254484199186200E-016, -1.175240473580832400, -6.787500000000000500 ) ) ;
#2616 = ORIENTED_EDGE ( 'NONE', *, *, #897, .F. ) ;
#2617 = CARTESIAN_POINT ( 'NONE',  ( -0.8660254037844323800, -1.500000000000012400, -4.579166666666666600 ) ) ;
#2618 = CARTESIAN_POINT ( 'NONE',  ( -1.357050807568873600, 1.046809103374681200E-016, -2.912499999999999600 ) ) ;
#2619 = CARTESIAN_POINT ( 'NONE',  ( 0.0000000000000000000, 1.175240473580832400, -2.537499999999999600 ) ) ;
#2620 = DIRECTION ( 'NONE',  ( 0.0000000000000000000, -1.000000000000000000, 0.0000000000000000000 ) ) ;
#2621 = ORIENTED_EDGE ( 'NONE', *, *, #3588, .T. ) ;
#2622 = ORIENTED_EDGE ( 'NONE', *, *, #2104, .T. ) ;
#2623 = CARTESIAN_POINT ( 'NONE',  ( 1.322475605676655800, -0.7635316469341314500, -3.969791666666664800 ) ) ;
#2624 = CARTESIAN_POINT ( 'NONE',  ( 1.322475605676656900, 0.7635316469341297800, -4.417708333333338900 ) ) ;
#2625 = CARTESIAN_POINT ( 'NONE',  ( -1.357050807568873400, 1.046809103374680900E-016, -1.475000000000000500 ) ) ;
#2626 = VERTEX_POINT ( 'NONE', #2861 ) ;
#2627 = CARTESIAN_POINT ( 'NONE',  ( -1.017788105676655300, -0.5876202367904158600, -3.933333333333334000 ) ) ;
#2628 = EDGE_LOOP ( 'NONE', ( #721, #3962, #607, #2491 ) ) ;
#2629 = CARTESIAN_POINT ( 'NONE',  ( 1.299038105676658000, -0.7500000000000008900, -6.454166666666667500 ) ) ;
#2630 = CARTESIAN_POINT ( 'NONE',  ( 1.017788105676654900, -0.5876202367904166400, -3.266666666666667100 ) ) ;
#2631 = ORIENTED_EDGE ( 'NONE', *, *, #1990, .F. ) ;
#2632 = CARTESIAN_POINT ( 'NONE',  ( -1.357050807568873600, 1.046809103374681200E-016, -5.912500000000000500 ) ) ;
#2633 = CARTESIAN_POINT ( 'NONE',  ( -0.6785254037844371500, -1.175240473580832400, -4.829166666666667500 ) ) ;
#2634 = CARTESIAN_POINT ( 'NONE',  ( -1.357050807568873600, 1.046809103374680900E-016, -3.412500000000000100 ) ) ;
#2635 = ADVANCED_FACE ( 'NONE', ( #4336 ), #1496, .T. ) ;
#2636 = DIRECTION ( 'NONE',  ( -0.0000000000000000000, -2.585091490897065700E-018, 1.000000000000000000 ) ) ;
#2637 = FACE_OUTER_BOUND ( 'NONE', #4471, .T. ) ;
#2638 = CARTESIAN_POINT ( 'NONE',  ( -0.8660254037844256100, -1.500000000000024400, -6.579166666666664800 ) ) ;
#2639 = CARTESIAN_POINT ( 'NONE',  ( -0.8816504037844380400, -1.527063293868261300, -3.594791666666665700 ) ) ;
#2640 = CARTESIAN_POINT ( 'NONE',  ( 0.8816504037844382600, 1.527063293868261300, -2.876041666666671900 ) ) ;
#2641 = CARTESIAN_POINT ( 'NONE',  ( -1.017788105676655300, -0.5876202367904158600, -1.433333333333333300 ) ) ;
#2642 = CARTESIAN_POINT ( 'NONE',  ( 0.6785254037844372600, 1.175240473580831900, -3.141666666666666600 ) ) ;
#2643 = FACE_OUTER_BOUND ( 'NONE', #4580, .T. ) ;
#2644 = ORIENTED_EDGE ( 'NONE', *, *, #4390, .T. ) ;
#2645 = EDGE_CURVE ( 'NONE', #2493, #4699, #3016, .T. ) ;
#2646 = CARTESIAN_POINT ( 'NONE',  ( -1.017788105676655300, -0.5876202367904158600, -2.433333333333333600 ) ) ;
#2647 = LINE ( 'NONE', #1228, #4450 ) ;
#2648 = CARTESIAN_POINT ( 'NONE',  ( -0.6785254037844371500, -1.175240473580832400, -6.829166666666665700 ) ) ;
#2649 = CARTESIAN_POINT ( 'NONE',  ( 1.357050807568873600, -2.277006752164423400E-016, -2.162500000000000500 ) ) ;
#2650 = CARTESIAN_POINT ( 'NONE',  ( 1.357050807568873600, -2.277006752164422900E-016, -2.662500000000000100 ) ) ;
#2651 = CARTESIAN_POINT ( 'NONE',  ( 0.0000000000000000000, 9.116833484988020300E-017, -7.975000000000003200 ) ) ;
#2652 = LINE ( 'NONE', #1442, #979 ) ;
#2653 = ORIENTED_EDGE ( 'NONE', *, *, #3119, .F. ) ;
#2654 = CARTESIAN_POINT ( 'NONE',  ( 1.322475605676655800, -0.7635316469341314500, -1.469791666666665300 ) ) ;
#2655 = CARTESIAN_POINT ( 'NONE',  ( -1.322475605676656200, -0.7635316469341305600, -4.667708333333338000 ) ) ;
#2656 = CARTESIAN_POINT ( 'NONE',  ( 1.017788105676655600, 0.5876202367904153100, -0.6833333333333344600 ) ) ;
#2657 = CARTESIAN_POINT ( 'NONE',  ( -0.6785254037844366000, 1.175240473580832400, -3.058333333333334000 ) ) ;
#2658 = CARTESIAN_POINT ( 'NONE',  ( -0.6785254037844370400, -1.175240473580832200, -4.391666666666667500 ) ) ;
#2659 = CARTESIAN_POINT ( 'NONE',  ( 0.6785254037844376000, 1.175240473580832200, -3.079166666666667100 ) ) ;
#2660 = CARTESIAN_POINT ( 'NONE',  ( 0.0000000000000000000, -1.500000000000000400, 1.649999999999999500 ) ) ;
#2661 = CARTESIAN_POINT ( 'NONE',  ( 0.6785254037844376000, 1.175240473580831900, -3.579166666666667100 ) ) ;
#2662 = CARTESIAN_POINT ( 'NONE',  ( 0.4503631925185019900, 0.4503631925185017100, 0.3668648403299111800 ) ) ;
#2663 =( BOUNDED_CURVE ( )  B_SPLINE_CURVE ( 2, ( #1856, #2638, #755, #1117, #3648, #43, #2944 ),
 .UNSPECIFIED., .F., .F. ) 
 B_SPLINE_CURVE_WITH_KNOTS ( ( 3, 2, 2, 3 ),
 ( 0.7857142857142854800, 0.7936507936507935000, 0.8015873015873014000, 0.8095238095238093100 ),
 .UNSPECIFIED. ) 
 CURVE ( )  GEOMETRIC_REPRESENTATION_ITEM ( )  RATIONAL_B_SPLINE_CURVE ( ( 1.000000000000003800, 0.8660254037844349300, 1.000000000000000000, 0.8660254037844387100, 1.000000000000000000, 0.8660254037844424800, 0.9999999999999962300 ) ) 
 REPRESENTATION_ITEM ( '' )  );
#2664 = CARTESIAN_POINT ( 'NONE',  ( -0.8816504037844373800, 1.527063293868261600, -0.7614583333333326800 ) ) ;
#2665 = CARTESIAN_POINT ( 'NONE',  ( 0.0000000000000000000, 1.527063293868261800, -3.334375000000005000 ) ) ;
#2666 = DIRECTION ( 'NONE',  ( -0.9961946980917455500, -6.956390396483597400E-015, -0.08715574274765836000 ) ) ;
#2667 = VERTEX_POINT ( 'NONE', #1772 ) ;
#2668 = CARTESIAN_POINT ( 'NONE',  ( -0.6785254037844366000, 1.175240473580832400, -4.058333333333332700 ) ) ;
#2669 = CARTESIAN_POINT ( 'NONE',  ( -0.8660254037844455900, 1.499999999999988000, -3.245833333333332700 ) ) ;
#2670 = CARTESIAN_POINT ( 'NONE',  ( -0.6785254037844366000, 1.175240473580832400, -4.058333333333332700 ) ) ;
#2671 = ORIENTED_EDGE ( 'NONE', *, *, #2286, .F. ) ;
#2672 = ORIENTED_EDGE ( 'NONE', *, *, #3689, .T. ) ;
#2673 = CARTESIAN_POINT ( 'NONE',  ( 1.017788105676655800, 0.5876202367904153100, -5.120833333333333600 ) ) ;
#2674 = DIRECTION ( 'NONE',  ( -0.0000000000000000000, -2.585091490897065700E-018, 1.000000000000000000 ) ) ;
#2675 = ORIENTED_EDGE ( 'NONE', *, *, #2614, .T. ) ;
#2676 = CARTESIAN_POINT ( 'NONE',  ( -1.836970198721030400E-016, -1.500000000000000400, -7.600000000000002300 ) ) ;
#2677 = ORIENTED_EDGE ( 'NONE', *, *, #2850, .F. ) ;
#2678 = PLANE ( 'NONE',  #2318 ) ;
#2679 = CARTESIAN_POINT ( 'NONE',  ( 0.8816504037844382600, 1.527063293868261300, -1.844791666666665500 ) ) ;
#2680 = CARTESIAN_POINT ( 'NONE',  ( -1.763300807568875000, 1.295565484451488000E-016, -4.209375000000005000 ) ) ;
#2681 = ORIENTED_EDGE ( 'NONE', *, *, #1590, .T. ) ;
#2682 = CARTESIAN_POINT ( 'NONE',  ( 0.5824266820572280300, -0.5824266820572157100, 2.339111957723600400 ) ) ;
#2683 = CARTESIAN_POINT ( 'NONE',  ( 1.017788105676654900, -0.5876202367904166400, -0.2666666666666667700 ) ) ;
#2684 = CARTESIAN_POINT ( 'NONE',  ( -1.836970198721030700E-016, -1.500000000000000400, -7.537499999999999600 ) ) ;
#2685 = FACE_OUTER_BOUND ( 'NONE', #2021, .T. ) ;
#2686 = CARTESIAN_POINT ( 'NONE',  ( 1.017788105676654900, -0.5876202367904166400, -2.266666666666666600 ) ) ;
#2687 =( BOUNDED_CURVE ( )  B_SPLINE_CURVE ( 2, ( #2676, #3401, #3446, #552, #4490, #4159, #496 ),
 .UNSPECIFIED., .F., .F. ) 
 B_SPLINE_CURVE_WITH_KNOTS ( ( 3, 2, 2, 3 ),
 ( 0.07142857142857149400, 0.07936507936507940200, 0.08730158730158732400, 0.09523809523809523300 ),
 .UNSPECIFIED. ) 
 CURVE ( )  GEOMETRIC_REPRESENTATION_ITEM ( )  RATIONAL_B_SPLINE_CURVE ( ( 0.9999999999999987800, 0.8660254037844398200, 1.000000000000000000, 0.8660254037844386000, 1.000000000000000000, 0.8660254037844386000, 1.000000000000000000 ) ) 
 REPRESENTATION_ITEM ( '' )  );
#2688 = CARTESIAN_POINT ( 'NONE',  ( -1.357050807568873600, 1.046809103374681200E-016, -4.412499999999999600 ) ) ;
#2689 = CARTESIAN_POINT ( 'NONE',  ( 1.299038105676658000, -0.7500000000000007800, -5.016666666666670200 ) ) ;
#2690 = VECTOR ( 'NONE', #4691, 1000.000000000000000 ) ;
#2691 = DIRECTION ( 'NONE',  ( 0.9238795325112851800, 0.3826834323650938300, 9.766707293963316300E-015 ) ) ;
#2692 = ORIENTED_EDGE ( 'NONE', *, *, #3437, .T. ) ;
#2693 = B_SPLINE_CURVE_WITH_KNOTS ( 'NONE', 3,
 ( #4186, #2008, #888, #3459 ),
 .UNSPECIFIED., .F., .F.,
 ( 4, 4 ),
 ( 0.0000000000000000000, 0.0006711514718456266300 ),
 .UNSPECIFIED. ) ;
#2694 = CARTESIAN_POINT ( 'NONE',  ( 0.8660254037844398200, 1.499999999999999800, -0.3291666666666666600 ) ) ;
#2695 = CARTESIAN_POINT ( 'NONE',  ( -1.322475605676656200, -0.7635316469341305600, -0.1364583333333321800 ) ) ;
#2696 = ORIENTED_EDGE ( 'NONE', *, *, #2717, .T. ) ;
#2697 = CARTESIAN_POINT ( 'NONE',  ( -1.870113174931180700E-016, -1.527063293868261800, -2.084375000000005400 ) ) ;
#2698 = CARTESIAN_POINT ( 'NONE',  ( 1.017788105676655600, 0.5876202367904153100, -0.1833333333333339600 ) ) ;
#2699 = DIRECTION ( 'NONE',  ( -0.0000000000000000000, -2.585091490897065700E-018, 1.000000000000000000 ) ) ;
#2700 = AXIS2_PLACEMENT_3D ( 'NONE', #486, #134, #1609 ) ;
#2701 = VECTOR ( 'NONE', #3090, 1000.000000000000000 ) ;
#2702 = EDGE_CURVE ( 'NONE', #2731, #1219, #3434, .T. ) ;
#2703 = CARTESIAN_POINT ( 'NONE',  ( -0.6785254037844370400, -1.175240473580832200, 0.1083333333333335300 ) ) ;
#2704 = CARTESIAN_POINT ( 'NONE',  ( 0.6785254037844376000, 1.175240473580832200, -5.079166666666666600 ) ) ;
#2705 = CARTESIAN_POINT ( 'NONE',  ( 0.2773202059199997300, -1.547964847651380800, 1.302564931913726000 ) ) ;
#2706 = CARTESIAN_POINT ( 'NONE',  ( 1.732050807568877600, -2.965870576684816000E-016, -6.912500000000000500 ) ) ;
#2707 = CARTESIAN_POINT ( 'NONE',  ( 0.8660254037844326000, 1.500000000000012000, -3.329166666666665700 ) ) ;
#2708 = CARTESIAN_POINT ( 'NONE',  ( -1.870113174931180700E-016, -1.527063293868261800, -1.053124999999998500 ) ) ;
#2709 = CARTESIAN_POINT ( 'NONE',  ( 1.322475605676655800, -0.7635316469341314500, -0.001041666666671756100 ) ) ;
#2710 = CARTESIAN_POINT ( 'NONE',  ( -0.8660254037844455900, 1.499999999999988000, -5.745833333333333600 ) ) ;
#2711 = CARTESIAN_POINT ( 'NONE',  ( -1.017788105676655100, 0.5876202367904161900, -0.01666666666666656600 ) ) ;
#2712 = DIRECTION ( 'NONE',  ( -0.0000000000000000000, -0.0000000000000000000, -1.000000000000000000 ) ) ;
#2713 = CARTESIAN_POINT ( 'NONE',  ( -0.6785254037844370400, -1.175240473580832200, -1.391666666666667100 ) ) ;
#2714 = CARTESIAN_POINT ( 'NONE',  ( -1.357050807568873600, 1.046809103374681200E-016, -3.912500000000000500 ) ) ;
#2715 =( BOUNDED_CURVE ( )  B_SPLINE_CURVE ( 2, ( #2098, #993, #4333, #3929, #4629, #3190, #1010 ),
 .UNSPECIFIED., .F., .F. ) 
 B_SPLINE_CURVE_WITH_KNOTS ( ( 3, 2, 2, 3 ),
 ( 0.4999999999999998900, 0.5079365079365078000, 0.5158730158730157100, 0.5238095238095237200 ),
 .UNSPECIFIED. ) 
 CURVE ( )  GEOMETRIC_REPRESENTATION_ITEM ( )  RATIONAL_B_SPLINE_CURVE ( ( 1.000000000000001800, 0.8660254037844368200, 1.000000000000000000, 0.8660254037844387100, 1.000000000000000000, 0.8660254037844405900, 0.9999999999999981100 ) ) 
 REPRESENTATION_ITEM ( '' )  );
#2716 = VERTEX_POINT ( 'NONE', #1436 ) ;
#2717 = EDGE_CURVE ( 'NONE', #1070, #509, #3596, .T. ) ;
#2718 = DIRECTION ( 'NONE',  ( 0.0000000000000000000, -1.000000000000000000, 0.0000000000000000000 ) ) ;
#2719 = CARTESIAN_POINT ( 'NONE',  ( -0.8660254037844464800, -1.499999999999987600, -1.641666666666670400 ) ) ;
#2720 = B_SPLINE_CURVE_WITH_KNOTS ( 'NONE', 3,
 ( #2228, #4407, #762, #2887, #1820, #4016 ),
 .UNSPECIFIED., .F., .F.,
 ( 4, 2, 4 ),
 ( 0.0000000000000000000, 0.0004026747511490880800, 0.0008053495022981761600 ),
 .UNSPECIFIED. ) ;
#2721 = VERTEX_POINT ( 'NONE', #4343 ) ;
#2722 = DIRECTION ( 'NONE',  ( -1.000000000000000000, 0.0000000000000000000, 0.0000000000000000000 ) ) ;
#2723 = CARTESIAN_POINT ( 'NONE',  ( -1.322475605676656200, -0.7635316469341305600, -0.6677083333333386800 ) ) ;
#2724 = EDGE_CURVE ( 'NONE', #1219, #170, #2827, .T. ) ;
#2725 = ORIENTED_EDGE ( 'NONE', *, *, #2484, .T. ) ;
#2726 = CARTESIAN_POINT ( 'NONE',  ( -1.439254484199185900E-016, -1.175240473580832200, -2.350000000000000500 ) ) ;
#2727 = CARTESIAN_POINT ( 'NONE',  ( 1.100811989133274600, -0.3716700472500734700, 2.380988553074016200 ) ) ;
#2728 = ORIENTED_EDGE ( 'NONE', *, *, #4620, .F. ) ;
#2729 = CARTESIAN_POINT ( 'NONE',  ( 0.0000000000000000000, -1.500000000000000400, 1.649999999999999500 ) ) ;
#2730 = CARTESIAN_POINT ( 'NONE',  ( 0.0000000000000000000, 1.175240473580832200, -2.100000000000000100 ) ) ;
#2731 = VERTEX_POINT ( 'NONE', #2565 ) ;
#2732 = CC_DESIGN_DATE_AND_TIME_ASSIGNMENT ( #2391, #3299, ( #1575 ) ) ;
#2733 = ORIENTED_EDGE ( 'NONE', *, *, #4155, .T. ) ;
#2734 = CARTESIAN_POINT ( 'NONE',  ( 1.017788105676655100, -0.5876202367904167500, -0.2041666666666667200 ) ) ;
#2735 = CARTESIAN_POINT ( 'NONE',  ( -1.836970198721030400E-016, -1.500000000000000400, -1.600000000000003200 ) ) ;
#2736 = CARTESIAN_POINT ( 'NONE',  ( -0.4064470813528395800, 0.5683621456238652200, 0.4192493202350440200 ) ) ;
#2737 = CARTESIAN_POINT ( 'NONE',  ( 1.017788105676655600, 0.5876202367904153100, -7.183333333333333600 ) ) ;
#2738 = CARTESIAN_POINT ( 'NONE',  ( 0.0000000000000000000, 1.301882938682636700, -8.173117061317363200 ) ) ;
#2739 = CARTESIAN_POINT ( 'NONE',  ( 1.322475605676655800, -0.7635316469341314500, -1.501041666666672200 ) ) ;
#2740 = CARTESIAN_POINT ( 'NONE',  ( 1.017788105676655600, 0.5876202367904153100, 1.316666666666665500 ) ) ;
#2741 = CIRCLE ( 'NONE', #3088, 5.600459146698196600 ) ;
#2742 = CARTESIAN_POINT ( 'NONE',  ( 0.2359215567864390600, 1.073809935526932200, 0.8293762070536472300 ) ) ;
#2743 =( BOUNDED_CURVE ( )  B_SPLINE_CURVE ( 2, ( #1827, #1531, #4367, #2571, #453, #2274, #3331 ),
 .UNSPECIFIED., .F., .F. ) 
 B_SPLINE_CURVE_WITH_KNOTS ( ( 3, 2, 2, 3 ),
 ( 0.4047619047619046600, 0.4126984126984126200, 0.4206349206349205800, 0.4285714285714285500 ),
 .UNSPECIFIED. ) 
 CURVE ( )  GEOMETRIC_REPRESENTATION_ITEM ( )  RATIONAL_B_SPLINE_CURVE ( ( 1.000000000000001800, 0.8660254037844367100, 1.000000000000000000, 0.8660254037844386000, 1.000000000000000000, 0.8660254037844386000, 1.000000000000000000 ) ) 
 REPRESENTATION_ITEM ( '' )  );
#2744 = CARTESIAN_POINT ( 'NONE',  ( 0.6785254037844372600, 1.175240473580831900, -0.6416666666666670500 ) ) ;
#2745 = CIRCLE ( 'NONE', #4597, 1.788139503280600000 ) ;
#2746 = CARTESIAN_POINT ( 'NONE',  ( -1.357050807568873600, 1.046809103374681300E-016, -0.9125000000000000900 ) ) ;
#2747 = DIRECTION ( 'NONE',  ( 6.217248937900877400E-015, -0.08715574274765837400, 0.9961946980917455500 ) ) ;
#2748 = CARTESIAN_POINT ( 'NONE',  ( 0.0000000000000000000, 0.0000000000000000000, 2.089977552738297100 ) ) ;
#2749 = DIRECTION ( 'NONE',  ( 0.3812272063696631200, -0.9203638919632203300, -0.08715574274765834600 ) ) ;
#2750 = CARTESIAN_POINT ( 'NONE',  ( -0.6785254037844371500, -1.175240473580831900, -6.391666666666666600 ) ) ;
#2751 = CIRCLE ( 'NONE', #2937, 1.124999999999999300 ) ;
#2752 = EDGE_CURVE ( 'NONE', #894, #4285, #3988, .T. ) ;
#2753 = CARTESIAN_POINT ( 'NONE',  ( -1.732050807568877900, 1.276430378214812200E-016, -3.725000000000004100 ) ) ;
#2754 = CARTESIAN_POINT ( 'NONE',  ( -1.322475605676656200, 0.7635316469341311100, -0.7510416666666716000 ) ) ;
#2755 = CARTESIAN_POINT ( 'NONE',  ( -0.8660254037844360400, -1.500000000000006000, -1.079166666666667100 ) ) ;
#2756 = CIRCLE ( 'NONE', #3062, 5.600459146698196600 ) ;
#2757 = CARTESIAN_POINT ( 'NONE',  ( -1.357050807568873400, 1.046809103374681200E-016, 1.525000000000000400 ) ) ;
#2758 = CARTESIAN_POINT ( 'NONE',  ( -1.870113174931180700E-016, -1.527063293868261800, -8.084375000000005000 ) ) ;
#2759 = EDGE_CURVE ( 'NONE', #677, #1049, #3797, .T. ) ;
#2760 = CARTESIAN_POINT ( 'NONE',  ( -1.017788105676655300, -0.5876202367904158600, 0.06666666666666626300 ) ) ;
#2761 = CARTESIAN_POINT ( 'NONE',  ( -1.439254484199186200E-016, -1.175240473580832400, -1.287500000000000500 ) ) ;
#2762 = CARTESIAN_POINT ( 'NONE',  ( 0.0000000000000000000, 6.628682924999594700E-017, 1.649999999999999500 ) ) ;
#2763 = CARTESIAN_POINT ( 'NONE',  ( 1.836970198721030900E-016, 1.500000000000001100, 0.3500000000000074200 ) ) ;
#2764 = CARTESIAN_POINT ( 'NONE',  ( -1.017788105676655300, -0.5876202367904158600, -7.433333333333333600 ) ) ;
#2765 =( BOUNDED_CURVE ( )  B_SPLINE_CURVE ( 2, ( #3243, #641, #1017, #687, #1034, #1067, #3602 ),
 .UNSPECIFIED., .F., .F. ) 
 B_SPLINE_CURVE_WITH_KNOTS ( ( 3, 2, 2, 3 ),
 ( 0.7142857142857141900, 0.7222222222222221000, 0.7301587301587300100, 0.7380952380952379200 ),
 .UNSPECIFIED. ) 
 CURVE ( )  GEOMETRIC_REPRESENTATION_ITEM ( )  RATIONAL_B_SPLINE_CURVE ( ( 1.000000000000001800, 0.8660254037844368200, 1.000000000000000000, 0.8660254037844387100, 1.000000000000000000, 0.8660254037844424800, 0.9999999999999962300 ) ) 
 REPRESENTATION_ITEM ( '' )  );
#2766 = CARTESIAN_POINT ( 'NONE',  ( 0.8816504037844382600, 1.527063293868261300, 1.623958333333328100 ) ) ;
#2767 = DIRECTION ( 'NONE',  ( 0.0000000000000000000, -1.000000000000000000, 0.0000000000000000000 ) ) ;
#2768 = CARTESIAN_POINT ( 'NONE',  ( 0.6785254037844372600, 1.175240473580831900, 0.3583333333333337800 ) ) ;
#2769 = CARTESIAN_POINT ( 'NONE',  ( -1.763300807568875000, 1.295565484451488000E-016, -8.209375000000005000 ) ) ;
#2770 = CARTESIAN_POINT ( 'NONE',  ( -1.017788105676655300, -0.5876202367904159700, -0.3708333333333341300 ) ) ;
#2771 = CARTESIAN_POINT ( 'NONE',  ( 0.0000000000000000000, 1.175240473580832200, 1.899999999999999000 ) ) ;
#2772 = UNCERTAINTY_MEASURE_WITH_UNIT (LENGTH_MEASURE( 1.000000000000000100E-005 ), #4025, 'distance_accuracy_value', 'NONE');
#2773 = VERTEX_POINT ( 'NONE', #2583 ) ;
#2774 = CARTESIAN_POINT ( 'NONE',  ( -1.357050807568873600, 1.046809103374681300E-016, -0.4124999999999997000 ) ) ;
#2775 = APPROVAL_DATE_TIME ( #850, #3323 ) ;
#2776 = ORIENTED_EDGE ( 'NONE', *, *, #591, .T. ) ;
#2777 = DIRECTION ( 'NONE',  ( -0.0000000000000000000, -2.585091490897065700E-018, 1.000000000000000000 ) ) ;
#2778 = EDGE_LOOP ( 'NONE', ( #3509, #3850, #2675, #69 ) ) ;
#2779 = DIRECTION ( 'NONE',  ( -0.0000000000000000000, -2.585091490897065700E-018, 1.000000000000000000 ) ) ;
#2780 = ORIENTED_EDGE ( 'NONE', *, *, #1835, .T. ) ;
#2781 = DIRECTION ( 'NONE',  ( -0.0000000000000000000, -2.585091490897065700E-018, 1.000000000000000000 ) ) ;
#2782 = CARTESIAN_POINT ( 'NONE',  ( -1.322475605676656200, -0.7635316469341305600, 1.332291666666662200 ) ) ;
#2783 = EDGE_LOOP ( 'NONE', ( #3840, #115, #1691, #3835 ) ) ;
#2784 = CARTESIAN_POINT ( 'NONE',  ( 0.0000000000000000000, 6.628682924999594700E-017, 1.649999999999999500 ) ) ;
#2785 = EDGE_CURVE ( 'NONE', #2399, #667, #2188, .T. ) ;
#2786 = EDGE_CURVE ( 'NONE', #3392, #2892, #4176, .T. ) ;
#2787 = CARTESIAN_POINT ( 'NONE',  ( 0.6785254037844362700, -1.175240473580832400, 0.1916666666666663700 ) ) ;
#2788 = CARTESIAN_POINT ( 'NONE',  ( 0.0000000000000000000, 0.0000000000000000000, 0.0000000000000000000 ) ) ;
#2789 = CARTESIAN_POINT ( 'NONE',  ( -0.8816504037844373800, 1.527063293868261600, -8.292708333333338900 ) ) ;
#2790 = ORIENTED_EDGE ( 'NONE', *, *, #2850, .T. ) ;
#2791 = CARTESIAN_POINT ( 'NONE',  ( -0.6785254037844371500, -1.175240473580832400, -1.829166666666666600 ) ) ;
#2792 = CARTESIAN_POINT ( 'NONE',  ( 1.017788105676654900, -0.5876202367904166400, 1.233333333333332700 ) ) ;
#2793 = CARTESIAN_POINT ( 'NONE',  ( 0.6785254037844376000, 1.175240473580832200, -1.079166666666666600 ) ) ;
#2794 = CYLINDRICAL_SURFACE ( 'NONE', #1494, 1.500000000000000400 ) ;
#2795 = CARTESIAN_POINT ( 'NONE',  ( 0.0000000000000000000, -1.500000000000000400, 1.649999999999999500 ) ) ;
#2796 = DIRECTION ( 'NONE',  ( 0.7071067811865492400, 0.0000000000000000000, 0.7071067811865458000 ) ) ;
#2797 = CARTESIAN_POINT ( 'NONE',  ( -1.017788105676655300, -0.5876202367904159700, -0.3708333333333341300 ) ) ;
#2798 = CARTESIAN_POINT ( 'NONE',  ( 1.299038105676658000, -0.7500000000000007800, -3.516666666666669700 ) ) ;
#2799 = VECTOR ( 'NONE', #2192, 1000.000000000000100 ) ;
#2800 = ORIENTED_EDGE ( 'NONE', *, *, #3177, .T. ) ;
#2801 = CARTESIAN_POINT ( 'NONE',  ( 0.8816504037844369300, -1.527063293868262000, 0.4572916666666613800 ) ) ;
#2802 = CARTESIAN_POINT ( 'NONE',  ( -1.357050807568873600, 1.046809103374680900E-016, -7.912499999999999600 ) ) ;
#2803 =( BOUNDED_CURVE ( )  B_SPLINE_CURVE ( 2, ( #1115, #4363, #4689, #1440, #1476, #4005, #2962 ),
 .UNSPECIFIED., .F., .F. ) 
 B_SPLINE_CURVE_WITH_KNOTS ( ( 3, 2, 2, 3 ),
 ( 0.4047619047619046600, 0.4126984126984125600, 0.4206349206349204200, 0.4285714285714284400 ),
 .UNSPECIFIED. ) 
 CURVE ( )  GEOMETRIC_REPRESENTATION_ITEM ( )  RATIONAL_B_SPLINE_CURVE ( ( 1.000000000000001800, 0.8660254037844368200, 1.000000000000000000, 0.8660254037844387100, 1.000000000000000000, 0.8660254037844414800, 0.9999999999999972200 ) ) 
 REPRESENTATION_ITEM ( '' )  );
#2804 = CARTESIAN_POINT ( 'NONE',  ( -1.870113174931180700E-016, -1.527063293868261800, 0.9468750000000015800 ) ) ;
#2805 = CARTESIAN_POINT ( 'NONE',  ( -0.4503631925185033700, 0.4503631925185000400, 0.3668648403299106800 ) ) ;
#2806 = DIRECTION ( 'NONE',  ( -6.733788922472634300E-015, 0.9961946980917455500, 0.08715574274765836000 ) ) ;
#2807 = B_SPLINE_CURVE_WITH_KNOTS ( 'NONE', 3,
 ( #3196, #1371, #3907, #2826 ),
 .UNSPECIFIED., .F., .F.,
 ( 4, 4 ),
 ( 0.004848650453978232100, 0.005681966014487246600 ),
 .UNSPECIFIED. ) ;
#2808 = CARTESIAN_POINT ( 'NONE',  ( -1.732050807568877900, 1.276430378214812400E-016, -2.725000000000004100 ) ) ;
#2809 = CARTESIAN_POINT ( 'NONE',  ( -1.439254484199186200E-016, -1.175240473580832400, 0.2124999999999991300 ) ) ;
#2810 = CARTESIAN_POINT ( 'NONE',  ( 0.6785254037844372600, 1.175240473580831900, 1.358333333333332700 ) ) ;
#2811 = EDGE_CURVE ( 'NONE', #3921, #1198, #2474, .T. ) ;
#2812 = CARTESIAN_POINT ( 'NONE',  ( 1.017788105676655800, 0.5876202367904153100, 1.879166666666666200 ) ) ;
#2813 = FACE_OUTER_BOUND ( 'NONE', #4251, .T. ) ;
#2814 = CARTESIAN_POINT ( 'NONE',  ( -0.3004295733969422600, -0.8782971197407908300, 0.6553893317992685000 ) ) ;
#2815 = DIRECTION ( 'NONE',  ( -0.9238795325112824100, -0.3826834323651002700, 9.766707293963314700E-015 ) ) ;
#2816 = EDGE_CURVE ( 'NONE', #1636, #1294, #203, .T. ) ;
#2817 = CARTESIAN_POINT ( 'NONE',  ( 0.0000000000000000000, 1.500000000000000400, -4.850000000000002300 ) ) ;
#2818 = CARTESIAN_POINT ( 'NONE',  ( 1.763300807568875000, -3.023275895394842700E-016, 2.040624999999993700 ) ) ;
#2819 = CARTESIAN_POINT ( 'NONE',  ( 1.836970198721030400E-016, 1.500000000000000400, 1.649999999999999500 ) ) ;
#2820 = DESIGN_CONTEXT ( 'detailed design', #2199, 'design' ) ;
#2821 = CARTESIAN_POINT ( 'NONE',  ( 1.732050807568877600, -2.965870576684816000E-016, -7.912499999999999600 ) ) ;
#2822 = CARTESIAN_POINT ( 'NONE',  ( -1.357050807568873600, 1.046809103374681300E-016, 0.5874999999999994700 ) ) ;
#2823 = CARTESIAN_POINT ( 'NONE',  ( 0.0000000000000000000, 1.175240473580832200, 1.400000000000000100 ) ) ;
#2824 = CARTESIAN_POINT ( 'NONE',  ( -1.017788105676655300, 0.5876202367904163100, 0.04583333333333349000 ) ) ;
#2825 = CARTESIAN_POINT ( 'NONE',  ( -1.299038105676658200, 0.7500000000000004400, -0.7041666666666669400 ) ) ;
#2826 = CARTESIAN_POINT ( 'NONE',  ( -1.754010341813024600, -0.3476932613749468300, 2.106932636468940200 ) ) ;
#2827 =( BOUNDED_CURVE ( )  B_SPLINE_CURVE ( 2, ( #1450, #1823, #3230 ),
 .UNSPECIFIED., .F., .F. ) 
 B_SPLINE_CURVE_WITH_KNOTS ( ( 3, 3 ),
 ( 0.1630688875257489100, 0.1666666666666666300 ),
 .UNSPECIFIED. ) 
 CURVE ( )  GEOMETRIC_REPRESENTATION_ITEM ( )  RATIONAL_B_SPLINE_CURVE ( ( 0.9335965648880029100, 0.9392666130326701200, 1.000000000000000000 ) ) 
 REPRESENTATION_ITEM ( '' )  );
#2828 = ORIENTED_EDGE ( 'NONE', *, *, #2811, .F. ) ;
#2829 = CARTESIAN_POINT ( 'NONE',  ( -1.017788105676655300, 0.5876202367904163100, -0.4541666666666669400 ) ) ;
#2830 = DIRECTION ( 'NONE',  ( 0.0000000000000000000, -1.000000000000000000, 0.0000000000000000000 ) ) ;
#2831 = CARTESIAN_POINT ( 'NONE',  ( 1.763300807568875000, -3.023275895394842700E-016, 1.540624999999995200 ) ) ;
#2832 = CARTESIAN_POINT ( 'NONE',  ( -1.017788105676655300, 0.5876202367904163100, -7.954166666666666600 ) ) ;
#2833 = CARTESIAN_POINT ( 'NONE',  ( -1.763300807568875000, 1.295565484451488300E-016, 0.8218750000000015800 ) ) ;
#2834 = VERTEX_POINT ( 'NONE', #3747 ) ;
#2835 = CARTESIAN_POINT ( 'NONE',  ( -1.439254484199186200E-016, -1.175240473580832400, -1.787500000000000100 ) ) ;
#2836 = CARTESIAN_POINT ( 'NONE',  ( -1.357050807568873400, 1.046809103374681200E-016, 1.024999999999999900 ) ) ;
#2837 = VERTEX_POINT ( 'NONE', #3047 ) ;
#2838 = ORIENTED_EDGE ( 'NONE', *, *, #3463, .T. ) ;
#2839 = CARTESIAN_POINT ( 'NONE',  ( 1.357050807568873600, -2.277006752164422900E-016, 1.837499999999998800 ) ) ;
#2840 = CARTESIAN_POINT ( 'NONE',  ( -1.836970198721030400E-016, -1.500000000000000400, -7.100000000000002300 ) ) ;
#2841 = EDGE_CURVE ( 'NONE', #3956, #3282, #588, .T. ) ;
#2842 = CARTESIAN_POINT ( 'NONE',  ( 0.3627590212688169800, -1.099039475859549000, 2.279135060036726800 ) ) ;
#2843 = ORIENTED_EDGE ( 'NONE', *, *, #1869, .F. ) ;
#2844 = ORIENTED_EDGE ( 'NONE', *, *, #2049, .F. ) ;
#2845 = CARTESIAN_POINT ( 'NONE',  ( -1.439254484199186200E-016, -1.175240473580832400, -1.287500000000000500 ) ) ;
#2846 = CARTESIAN_POINT ( 'NONE',  ( -1.836970198721030400E-016, -1.500000000000000400, -6.100000000000003200 ) ) ;
#2847 = CARTESIAN_POINT ( 'NONE',  ( -0.6785254037844371500, -1.175240473580832400, -7.329166666666666600 ) ) ;
#2848 = CARTESIAN_POINT ( 'NONE',  ( -0.1158621570531831000, 0.0000000000000000000, -3.191530041392854700 ) ) ;
#2849 = VECTOR ( 'NONE', #3539, 1000.000000000000100 ) ;
#2850 = EDGE_CURVE ( 'NONE', #1813, #4602, #1485, .T. ) ;
#2851 = CARTESIAN_POINT ( 'NONE',  ( 0.4887109314034967000, -1.097100474911162100, -8.299759526418913700 ) ) ;
#2852 = CARTESIAN_POINT ( 'NONE',  ( -1.836970198721030400E-016, -1.500000000000000400, -6.100000000000003200 ) ) ;
#2853 = CARTESIAN_POINT ( 'NONE',  ( 0.0000000000000000000, 1.527063293868261800, -6.803124999999998800 ) ) ;
#2854 = CARTESIAN_POINT ( 'NONE',  ( -1.439254484199185900E-016, -1.175240473580832200, -5.850000000000000500 ) ) ;
#2855 = VECTOR ( 'NONE', #776, 1000.000000000000000 ) ;
#2856 = CARTESIAN_POINT ( 'NONE',  ( -0.6785254037844370400, -1.175240473580832200, -8.391666666666667500 ) ) ;
#2857 = CARTESIAN_POINT ( 'NONE',  ( 1.299038105676658900, 0.7499999999999990000, -6.933333333333336200 ) ) ;
#2858 = CARTESIAN_POINT ( 'NONE',  ( 0.0000000000000000000, 1.500000000000000400, -5.287500000000000500 ) ) ;
#2859 =( BOUNDED_CURVE ( )  B_SPLINE_CURVE ( 2, ( #1130, #58, #4057, #98, #2236, #821, #2601 ),
 .UNSPECIFIED., .F., .F. ) 
 B_SPLINE_CURVE_WITH_KNOTS ( ( 3, 2, 2, 3 ),
 ( 0.4285714285714284400, 0.4365079365079364000, 0.4444444444444443100, 0.4523809523809522700 ),
 .UNSPECIFIED. ) 
 CURVE ( )  GEOMETRIC_REPRESENTATION_ITEM ( )  RATIONAL_B_SPLINE_CURVE ( ( 1.000000000000002900, 0.8660254037844360400, 1.000000000000000000, 0.8660254037844387100, 1.000000000000000000, 0.8660254037844396000, 0.9999999999999991100 ) ) 
 REPRESENTATION_ITEM ( '' )  );
#2860 = DIRECTION ( 'NONE',  ( -0.0000000000000000000, -2.585091490897065700E-018, 1.000000000000000000 ) ) ;
#2861 = CARTESIAN_POINT ( 'NONE',  ( -1.836970198721030700E-016, -1.500000000000000400, -6.537499999999999600 ) ) ;
#2862 = CARTESIAN_POINT ( 'NONE',  ( -1.017788105676655300, -0.5876202367904159700, -6.870833333333332700 ) ) ;
#2863 = DIRECTION ( 'NONE',  ( 0.08715574274765837400, -5.329070518200751400E-015, 0.9961946980917455500 ) ) ;
#2864 = CONICAL_SURFACE ( 'NONE', #3359, 1.500000000000000400, 0.7853981633974517200 ) ;
#2865 = CARTESIAN_POINT ( 'NONE',  ( -1.098204418016441400, -0.9110209797404570400, -8.059505178487691900 ) ) ;
#2866 = CARTESIAN_POINT ( 'NONE',  ( -0.8660254037844318200, 1.500000000000012900, -0.8083333333333377900 ) ) ;
#2867 = CARTESIAN_POINT ( 'NONE',  ( 1.017788105676655800, 0.5876202367904153100, 0.8791666666666669800 ) ) ;
#2868 = CARTESIAN_POINT ( 'NONE',  ( -0.8816504037844380400, -1.527063293868261300, -6.094791666666664800 ) ) ;
#2869 = CARTESIAN_POINT ( 'NONE',  ( -1.017788105676655300, -0.5876202367904158600, -3.933333333333334000 ) ) ;
#2870 = ORIENTED_EDGE ( 'NONE', *, *, #2522, .T. ) ;
#2871 = CARTESIAN_POINT ( 'NONE',  ( -0.6785254037844367100, 1.175240473580832400, 1.504166666666665800 ) ) ;
#2872 = CARTESIAN_POINT ( 'NONE',  ( 1.732050807568877600, -2.965870576684816000E-016, -5.412499999999999600 ) ) ;
#2873 = AXIS2_PLACEMENT_3D ( 'NONE', #4264, #2096, #3544 ) ;
#2874 = CARTESIAN_POINT ( 'NONE',  ( 0.8660254037844327100, 1.500000000000012700, -4.391666666666670200 ) ) ;
#2875 = CARTESIAN_POINT ( 'NONE',  ( 1.732050807568877600, -2.965870576684816000E-016, -7.412499999999998800 ) ) ;
#2876 = CARTESIAN_POINT ( 'NONE',  ( -1.357050807568873600, 1.046809103374681200E-016, -6.412500000000000500 ) ) ;
#2877 = CARTESIAN_POINT ( 'NONE',  ( -0.6785254037844367100, 1.175240473580832200, -7.495833333333334500 ) ) ;
#2878 = CARTESIAN_POINT ( 'NONE',  ( -1.299038105676658400, 0.7500000000000003300, -0.7666666666666697200 ) ) ;
#2879 = DIRECTION ( 'NONE',  ( 0.0000000000000000000, -1.000000000000000000, 0.0000000000000000000 ) ) ;
#2880 = CARTESIAN_POINT ( 'NONE',  ( 0.6785254037844376000, 1.175240473580832200, 1.920833333333333200 ) ) ;
#2881 = CARTESIAN_POINT ( 'NONE',  ( -1.763300807568875000, 1.295565484451488000E-016, -7.178124999999998800 ) ) ;
#2882 = CARTESIAN_POINT ( 'NONE',  ( 0.0000000000000000000, 1.527063293868261800, -8.334375000000005000 ) ) ;
#2883 = ORIENTED_EDGE ( 'NONE', *, *, #3431, .F. ) ;
#2884 = CARTESIAN_POINT ( 'NONE',  ( -0.6785254037844371500, -1.175240473580831900, -4.391666666666666600 ) ) ;
#2885 = CARTESIAN_POINT ( 'NONE',  ( 0.0000000000000000000, 1.175240473580832200, -5.599999999999999600 ) ) ;
#2886 =( BOUNDED_CURVE ( )  B_SPLINE_CURVE ( 2, ( #1151, #3680, #63, #4058, #79, #2590, #1511 ),
 .UNSPECIFIED., .F., .F. ) 
 B_SPLINE_CURVE_WITH_KNOTS ( ( 3, 2, 2, 3 ),
 ( 0.2857142857142855900, 0.2936507936507935000, 0.3015873015873015700, 0.3095238095238094800 ),
 .UNSPECIFIED. ) 
 CURVE ( )  GEOMETRIC_REPRESENTATION_ITEM ( )  RATIONAL_B_SPLINE_CURVE ( ( 1.000000000000001800, 0.8660254037844368200, 1.000000000000000000, 0.8660254037844387100, 1.000000000000000000, 0.8660254037844396000, 0.9999999999999991100 ) ) 
 REPRESENTATION_ITEM ( '' )  );
#2887 = CARTESIAN_POINT ( 'NONE',  ( 0.6740763912898231100, -0.3698727545273232700, 0.4954285432711064100 ) ) ;
#2888 = ORIENTED_EDGE ( 'NONE', *, *, #2938, .F. ) ;
#2889 = CARTESIAN_POINT ( 'NONE',  ( 0.0000000000000000000, 1.175240473580832200, -7.599999999999999600 ) ) ;
#2890 = CALENDAR_DATE ( 2021, 8, 9 ) ;
#2891 = CARTESIAN_POINT ( 'NONE',  ( 0.0000000000000000000, 1.175240473580832400, -8.537499999999999600 ) ) ;
#2892 = VERTEX_POINT ( 'NONE', #4516 ) ;
#2893 = CARTESIAN_POINT ( 'NONE',  ( -1.439254484199186200E-016, -1.175240473580832400, -1.787500000000000100 ) ) ;
#2894 = CARTESIAN_POINT ( 'NONE',  ( 1.017788105676655800, 0.5876202367904153100, -5.620833333333333600 ) ) ;
#2895 = ORIENTED_EDGE ( 'NONE', *, *, #408, .F. ) ;
#2896 = CARTESIAN_POINT ( 'NONE',  ( 0.6785254037844376000, 1.175240473580831900, -7.079166666666665700 ) ) ;
#2897 = CARTESIAN_POINT ( 'NONE',  ( 0.4503631925185019900, 0.4503631925185017100, 0.3668648403299111800 ) ) ;
#2898 = CARTESIAN_POINT ( 'NONE',  ( -1.836970198721030700E-016, -1.500000000000000400, -7.537499999999999600 ) ) ;
#2899 = ORIENTED_EDGE ( 'NONE', *, *, #415, .T. ) ;
#2900 = VERTEX_POINT ( 'NONE', #2705 ) ;
#2901 = CARTESIAN_POINT ( 'NONE',  ( 1.322475605676655800, -0.7635316469341314500, -5.469791666666665700 ) ) ;
#2902 = CARTESIAN_POINT ( 'NONE',  ( 1.322475605676656900, 0.7635316469341297800, -7.417708333333338900 ) ) ;
#2903 = CARTESIAN_POINT ( 'NONE',  ( 0.6785254037844363800, -1.175240473580832200, -4.808333333333332700 ) ) ;
#2904 = CARTESIAN_POINT ( 'NONE',  ( -1.017788105676655100, 0.5876202367904161900, -5.516666666666666600 ) ) ;
#2905 = ORIENTED_EDGE ( 'NONE', *, *, #1004, .F. ) ;
#2906 = AXIS2_PLACEMENT_3D ( 'NONE', #913, #167, #3821 ) ;
#2907 = CARTESIAN_POINT ( 'NONE',  ( 1.357050807568873400, -2.277006752164422900E-016, -5.225000000000000500 ) ) ;
#2908 = CARTESIAN_POINT ( 'NONE',  ( 0.0000000000000000000, -1.500000000000001100, 0.0000000000000000000 ) ) ;
#2909 = CARTESIAN_POINT ( 'NONE',  ( -0.5109103546456174000, -1.372030528437438300, -0.03249405849211116400 ) ) ;
#2910 = CARTESIAN_POINT ( 'NONE',  ( 1.357050807568873600, -2.277006752164423400E-016, -6.162499999999999600 ) ) ;
#2911 = AXIS2_PLACEMENT_3D ( 'NONE', #2848, #3187, #2863 ) ;
#2912 = CARTESIAN_POINT ( 'NONE',  ( -0.6785254037844372600, -1.175240473580832200, -6.329166666666666600 ) ) ;
#2913 = CARTESIAN_POINT ( 'NONE',  ( -0.6971364920449172300, 1.135931688093978300, -8.145270651156087300 ) ) ;
#2914 = LINE ( 'NONE', #3843, #2108 ) ;
#2915 = ORIENTED_EDGE ( 'NONE', *, *, #1656, .T. ) ;
#2916 = CARTESIAN_POINT ( 'NONE',  ( 1.017788105676655100, -0.5876202367904167500, 1.295833333333332900 ) ) ;
#2917 = CARTESIAN_POINT ( 'NONE',  ( 1.322475605676656900, 0.7635316469341297800, -6.386458333333331800 ) ) ;
#2918 = CARTESIAN_POINT ( 'NONE',  ( 0.0000000000000000000, 1.527063293868261800, -5.334375000000005000 ) ) ;
#2919 = CARTESIAN_POINT ( 'NONE',  ( -0.6785254037844371500, -1.175240473580831900, -4.891666666666666600 ) ) ;
#2920 = CARTESIAN_POINT ( 'NONE',  ( -1.439254484199185900E-016, -1.175240473580832200, -5.350000000000000500 ) ) ;
#2921 = CARTESIAN_POINT ( 'NONE',  ( 0.0000000000000000000, 6.628682924999594700E-017, 1.649999999999999500 ) ) ;
#2922 =( BOUNDED_CURVE ( )  B_SPLINE_CURVE ( 2, ( #3516, #676, #320, #3176, #630, #4625, #991 ),
 .UNSPECIFIED., .F., .F. ) 
 B_SPLINE_CURVE_WITH_KNOTS ( ( 3, 2, 2, 3 ),
 ( 0.2619047619047618600, 0.2698412698412698300, 0.2777777777777778500, 0.2857142857142858100 ),
 .UNSPECIFIED. ) 
 CURVE ( )  GEOMETRIC_REPRESENTATION_ITEM ( )  RATIONAL_B_SPLINE_CURVE ( ( 1.000000000000001100, 0.8660254037844377100, 1.000000000000000000, 0.8660254037844386000, 1.000000000000000000, 0.8660254037844367100, 1.000000000000001800 ) ) 
 REPRESENTATION_ITEM ( '' )  );
#2923 = CARTESIAN_POINT ( 'NONE',  ( 1.357050807568873400, -2.277006752164422900E-016, -6.724999999999999600 ) ) ;
#2924 = CARTESIAN_POINT ( 'NONE',  ( 1.017788105676655800, 0.5876202367904153100, -4.120833333333332700 ) ) ;
#2925 = CARTESIAN_POINT ( 'NONE',  ( -1.017788105676655300, 0.5876202367904163100, -5.954166666666666600 ) ) ;
#2926 = CARTESIAN_POINT ( 'NONE',  ( -1.202156168280726500, -0.7577411883415144900, -8.065442688367708600 ) ) ;
#2927 = DIRECTION ( 'NONE',  ( 1.000000000000000000, 0.0000000000000000000, 0.0000000000000000000 ) ) ;
#2928 = CARTESIAN_POINT ( 'NONE',  ( 1.299038105676658000, -0.7500000000000007800, -6.516666666666669300 ) ) ;
#2929 = B_SPLINE_CURVE_WITH_KNOTS ( 'NONE', 3,
 ( #1114, #1842, #2980, #77 ),
 .UNSPECIFIED., .F., .F.,
 ( 4, 4 ),
 ( 0.0000000000000000000, 0.0006711514718575356100 ),
 .UNSPECIFIED. ) ;
#2930 = CARTESIAN_POINT ( 'NONE',  ( 0.0000000000000000000, 1.500000000000000400, -6.350000000000002300 ) ) ;
#2931 = CARTESIAN_POINT ( 'NONE',  ( 1.322475605676656900, 0.7635316469341297800, -2.886458333333332200 ) ) ;
#2932 = CARTESIAN_POINT ( 'NONE',  ( 1.322475605676655800, -0.7635316469341314500, -6.001041666666671900 ) ) ;
#2933 = CARTESIAN_POINT ( 'NONE',  ( 1.017788105676654900, -0.5876202367904166400, -1.766666666666667300 ) ) ;
#2934 = CARTESIAN_POINT ( 'NONE',  ( 1.017788105676655600, 0.5876202367904153100, -7.683333333333333600 ) ) ;
#2935 = DIRECTION ( 'NONE',  ( -0.0000000000000000000, -2.585091490897065700E-018, 1.000000000000000000 ) ) ;
#2936 = CARTESIAN_POINT ( 'NONE',  ( -1.017788105676655300, -0.5876202367904158600, -7.433333333333333600 ) ) ;
#2937 = AXIS2_PLACEMENT_3D ( 'NONE', #1695, #1330, #599 ) ;
#2938 = EDGE_CURVE ( 'NONE', #223, #806, #2687, .T. ) ;
#2939 = CARTESIAN_POINT ( 'NONE',  ( 0.0000000000000000000, 1.175240473580832400, -5.537499999999999600 ) ) ;
#2940 = CARTESIAN_POINT ( 'NONE',  ( -1.365774867807790100, -0.1225002246359581400, -0.07749491620318563200 ) ) ;
#2941 = CARTESIAN_POINT ( 'NONE',  ( -1.017788105676655300, -0.5876202367904159700, -3.370833333333333100 ) ) ;
#2942 = CARTESIAN_POINT ( 'NONE',  ( 0.0000000000000000000, 1.175240473580832400, -5.037500000000000500 ) ) ;
#2943 = ORIENTED_EDGE ( 'NONE', *, *, #3898, .F. ) ;
#2944 = CARTESIAN_POINT ( 'NONE',  ( 0.0000000000000000000, 1.500000000000000400, -6.787499999999999600 ) ) ;
#2945 = CARTESIAN_POINT ( 'NONE',  ( 1.322475605676656900, 0.7635316469341297800, -4.386458333333331800 ) ) ;
#2946 =( BOUNDED_CURVE ( )  B_SPLINE_CURVE ( 2, ( #42, #3631, #1043, #3576, #4334, #4692, #4675 ),
 .UNSPECIFIED., .F., .F. ) 
 B_SPLINE_CURVE_WITH_KNOTS ( ( 3, 2, 2, 3 ),
 ( 0.8333333333333331500, 0.8412698412698410600, 0.8492063492063490800, 0.8571428571428571000 ),
 .UNSPECIFIED. ) 
 CURVE ( )  GEOMETRIC_REPRESENTATION_ITEM ( )  RATIONAL_B_SPLINE_CURVE ( ( 1.000000000000003800, 0.8660254037844349300, 1.000000000000000000, 0.8660254037844387100, 1.000000000000000000, 0.8660254037844405900, 0.9999999999999981100 ) ) 
 REPRESENTATION_ITEM ( '' )  );
#2947 = CARTESIAN_POINT ( 'NONE',  ( 0.0000000000000000000, 1.527063293868261800, -6.834375000000005000 ) ) ;
#2948 = CARTESIAN_POINT ( 'NONE',  ( 0.6785254037844363800, -1.175240473580832200, -1.808333333333333600 ) ) ;
#2949 = ORIENTED_EDGE ( 'NONE', *, *, #980, .T. ) ;
#2950 = CARTESIAN_POINT ( 'NONE',  ( -1.017788105676655100, 0.5876202367904161900, -4.016666666666666600 ) ) ;
#2951 = CARTESIAN_POINT ( 'NONE',  ( 3.910459099504309200E-015, -0.3733333333333332900, 2.399999999999999900 ) ) ;
#2952 = CARTESIAN_POINT ( 'NONE',  ( -1.101405575052955900, -0.3746542051861105900, 2.415097634362402000 ) ) ;
#2953 = CARTESIAN_POINT ( 'NONE',  ( -1.357050807568873400, 1.046809103374680900E-016, -5.974999999999999600 ) ) ;
#2954 = EDGE_LOOP ( 'NONE', ( #2870, #4132, #2035, #276 ) ) ;
#2955 = ORIENTED_EDGE ( 'NONE', *, *, #3558, .T. ) ;
#2956 = CARTESIAN_POINT ( 'NONE',  ( 0.6785254037844363800, -1.175240473580832600, -6.245833333333333600 ) ) ;
#2957 = CARTESIAN_POINT ( 'NONE',  ( 0.0000000000000000000, 0.0000000000000000000, 1.649999999999999900 ) ) ;
#2958 = CARTESIAN_POINT ( 'NONE',  ( 0.6785254037844376000, 1.175240473580832200, -5.079166666666666600 ) ) ;
#2959 = CARTESIAN_POINT ( 'NONE',  ( -1.017788105676655300, 0.5876202367904163100, -3.454166666666667100 ) ) ;
#2960 = ADVANCED_FACE ( 'NONE', ( #3421 ), #3703, .T. ) ;
#2961 = ORIENTED_EDGE ( 'NONE', *, *, #1256, .T. ) ;
#2962 = CARTESIAN_POINT ( 'NONE',  ( 0.0000000000000000000, 1.500000000000000400, -2.787500000000000100 ) ) ;
#2963 = AXIS2_PLACEMENT_3D ( 'NONE', #1754, #3209, #1035 ) ;
#2964 = CARTESIAN_POINT ( 'NONE',  ( 1.299038105676658900, 0.7499999999999990000, -2.433333333333336700 ) ) ;
#2965 = CARTESIAN_POINT ( 'NONE',  ( 1.322475605676655800, -0.7635316469341314500, -2.469791666666665300 ) ) ;
#2966 = CARTESIAN_POINT ( 'NONE',  ( -1.870113174931180700E-016, -1.527063293868261800, -6.084375000000005000 ) ) ;
#2967 = VECTOR ( 'NONE', #394, 1000.000000000000200 ) ;
#2968 = CARTESIAN_POINT ( 'NONE',  ( -0.6785254037844366000, 1.175240473580832200, -1.558333333333333600 ) ) ;
#2969 = CARTESIAN_POINT ( 'NONE',  ( 0.6785254037844362700, -1.175240473580832400, -3.808333333333334000 ) ) ;
#2970 = CARTESIAN_POINT ( 'NONE',  ( -1.299038105676658400, 0.7500000000000003300, -0.2666666666666701000 ) ) ;
#2971 = EDGE_CURVE ( 'NONE', #4602, #1063, #1069, .T. ) ;
#2972 = CARTESIAN_POINT ( 'NONE',  ( 1.017788105676654900, -0.5876202367904166400, -5.266666666666666600 ) ) ;
#2973 = FACE_OUTER_BOUND ( 'NONE', #3775, .T. ) ;
#2974 = CARTESIAN_POINT ( 'NONE',  ( 1.017788105676655800, 0.5876202367904153100, -6.620833333333333600 ) ) ;
#2975 = CARTESIAN_POINT ( 'NONE',  ( -0.2773202059188205600, 1.547964847647955900, 1.302564931900371400 ) ) ;
#2976 = CARTESIAN_POINT ( 'NONE',  ( -1.017788105676655300, -0.5876202367904159700, -2.870833333333333600 ) ) ;
#2977 = CARTESIAN_POINT ( 'NONE',  ( 0.6785254037844366000, -1.175240473580832600, -2.245833333333333100 ) ) ;
#2978 = CIRCLE ( 'NONE', #4289, 1.500000000000001100 ) ;
#2979 = VERTEX_POINT ( 'NONE', #514 ) ;
#2980 = CARTESIAN_POINT ( 'NONE',  ( 0.2635083148454605600, -1.390055189993562500, 1.144694294531720000 ) ) ;
#2981 = CARTESIAN_POINT ( 'NONE',  ( 0.0000000000000000000, 6.628682924999594700E-017, 1.649999999999999500 ) ) ;
#2982 = CARTESIAN_POINT ( 'NONE',  ( 0.8816504037844369300, -1.527063293868262000, -4.511458333333332700 ) ) ;
#2983 = CARTESIAN_POINT ( 'NONE',  ( -1.763300807568875000, 1.295565484451488000E-016, -3.709375000000005900 ) ) ;
#2984 = CARTESIAN_POINT ( 'NONE',  ( -1.439254484199185900E-016, -1.175240473580832200, -1.850000000000000100 ) ) ;
#2985 =( BOUNDED_CURVE ( )  B_SPLINE_CURVE ( 2, ( #948, #2755, #3801, #4179, #2002, #603, #3147 ),
 .UNSPECIFIED., .F., .F. ) 
 B_SPLINE_CURVE_WITH_KNOTS ( ( 3, 2, 2, 3 ),
 ( 0.2619047619047618100, 0.2698412698412698300, 0.2777777777777776800, 0.2857142857142855900 ),
 .UNSPECIFIED. ) 
 CURVE ( )  GEOMETRIC_REPRESENTATION_ITEM ( )  RATIONAL_B_SPLINE_CURVE ( ( 1.000000000000000900, 0.8660254037844377100, 1.000000000000000000, 0.8660254037844387100, 1.000000000000000000, 0.8660254037844405900, 0.9999999999999981100 ) ) 
 REPRESENTATION_ITEM ( '' )  );
#2986 = CARTESIAN_POINT ( 'NONE',  ( -1.357050807568873400, 1.046809103374680900E-016, -4.975000000000000500 ) ) ;
#2987 = ADVANCED_FACE ( 'NONE', ( #4395 ), #2314, .T. ) ;
#2988 = CARTESIAN_POINT ( 'NONE',  ( -1.299038105676658400, 0.7500000000000003300, -1.266666666666670400 ) ) ;
#2989 = CYLINDRICAL_SURFACE ( 'NONE', #4117, 1.500000000000000400 ) ;
#2990 = CARTESIAN_POINT ( 'NONE',  ( -1.017788105676655300, -0.5876202367904158600, -3.433333333333333600 ) ) ;
#2991 = CARTESIAN_POINT ( 'NONE',  ( 0.6785254037844363800, -1.175240473580832600, -5.745833333333334500 ) ) ;
#2992 = CARTESIAN_POINT ( 'NONE',  ( -0.1906536866924217800, -1.159672946348706100, -8.299759526419165900 ) ) ;
#2993 = CARTESIAN_POINT ( 'NONE',  ( -1.017788105676655300, 0.5876202367904163100, -4.954166666666666600 ) ) ;
#2994 = CARTESIAN_POINT ( 'NONE',  ( -1.439254484199186200E-016, -1.175240473580832400, -4.287500000000000500 ) ) ;
#2995 = CARTESIAN_POINT ( 'NONE',  ( 0.0000000000000000000, 6.628682924999594700E-017, 1.649999999999999500 ) ) ;
#2996 = CARTESIAN_POINT ( 'NONE',  ( 0.2773202059188152300, 1.547964847647956800, 1.302564931900371400 ) ) ;
#2997 = CARTESIAN_POINT ( 'NONE',  ( 1.322475605676656900, 0.7635316469341297800, -3.386458333333331800 ) ) ;
#2998 = CARTESIAN_POINT ( 'NONE',  ( 1.322475605676655800, -0.7635316469341314500, -4.001041666666671900 ) ) ;
#2999 = CARTESIAN_POINT ( 'NONE',  ( -1.357050807568873400, 1.046809103374680900E-016, -2.475000000000000500 ) ) ;
#3000 = EDGE_CURVE ( 'NONE', #1557, #4531, #3736, .T. ) ;
#3001 = CARTESIAN_POINT ( 'NONE',  ( 0.6785254037844372600, 1.175240473580831900, -5.141666666666666600 ) ) ;
#3002 = CARTESIAN_POINT ( 'NONE',  ( 1.732050807568877600, -2.965870576684816000E-016, -6.412499999999998800 ) ) ;
#3003 = ORIENTED_EDGE ( 'NONE', *, *, #2374, .T. ) ;
#3004 = CARTESIAN_POINT ( 'NONE',  ( 0.0000000000000000000, 1.175240473580832200, -4.100000000000000500 ) ) ;
#3005 = AXIS2_PLACEMENT_3D ( 'NONE', #1756, #332, #2564 ) ;
#3006 = EDGE_CURVE ( 'NONE', #3921, #4142, #2751, .T. ) ;
#3007 = CARTESIAN_POINT ( 'NONE',  ( -1.357050807568873600, 1.046809103374681200E-016, -6.412500000000000500 ) ) ;
#3008 = CARTESIAN_POINT ( 'NONE',  ( 0.0000000000000000000, 1.500000000000000400, -2.287500000000000500 ) ) ;
#3009 = ORIENTED_EDGE ( 'NONE', *, *, #2579, .T. ) ;
#3010 = CARTESIAN_POINT ( 'NONE',  ( -1.836970198721030700E-016, -1.500000000000000400, -4.037500000000000500 ) ) ;
#3011 = CARTESIAN_POINT ( 'NONE',  ( 1.017788105676655800, 0.5876202367904153100, -2.120833333333333100 ) ) ;
#3012 = CARTESIAN_POINT ( 'NONE',  ( -1.017788105676655300, -0.5876202367904159700, -2.870833333333333600 ) ) ;
#3013 = ADVANCED_FACE ( 'NONE', ( #2250 ), #1275, .T. ) ;
#3014 = CARTESIAN_POINT ( 'NONE',  ( -0.8660254037844389300, 1.500000000000000900, -1.808333333333337100 ) ) ;
#3015 = LOCAL_TIME ( 21, 42, 24.00000000000000000, #4299 ) ;
#3016 =( BOUNDED_CURVE ( )  B_SPLINE_CURVE ( 2, ( #4623, #3495, #2548, #1037, #2159, #351, #707 ),
 .UNSPECIFIED., .F., .F. ) 
 B_SPLINE_CURVE_WITH_KNOTS ( ( 3, 2, 2, 3 ),
 ( 0.2142857142857142700, 0.2222222222222222700, 0.2301587301587302300, 0.2380952380952382200 ),
 .UNSPECIFIED. ) 
 CURVE ( )  GEOMETRIC_REPRESENTATION_ITEM ( )  RATIONAL_B_SPLINE_CURVE ( ( 1.000000000000000000, 0.8660254037844386000, 1.000000000000000000, 0.8660254037844386000, 1.000000000000000000, 0.8660254037844362700, 1.000000000000002400 ) ) 
 REPRESENTATION_ITEM ( '' )  );
#3017 = ORIENTED_EDGE ( 'NONE', *, *, #1776, .T. ) ;
#3018 = VERTEX_POINT ( 'NONE', #3142 ) ;
#3019 = CARTESIAN_POINT ( 'NONE',  ( 0.3360189205355216800, 1.719874119373885300, 1.973494310074186000 ) ) ;
#3020 = CARTESIAN_POINT ( 'NONE',  ( 0.0000000000000000000, 1.527063293868261800, -2.303124999999998800 ) ) ;
#3021 = CARTESIAN_POINT ( 'NONE',  ( 0.8816504037844382600, 1.527063293868261300, -4.876041666666671900 ) ) ;
#3022 = ORIENTED_EDGE ( 'NONE', *, *, #443, .F. ) ;
#3023 = CARTESIAN_POINT ( 'NONE',  ( 1.017788105676654900, -0.5876202367904166400, -2.766666666666667500 ) ) ;
#3024 = ORIENTED_EDGE ( 'NONE', *, *, #1929, .T. ) ;
#3025 = CARTESIAN_POINT ( 'NONE',  ( -1.299038105676658400, -0.7499999999999998900, -1.183333333333336500 ) ) ;
#3026 = CARTESIAN_POINT ( 'NONE',  ( -1.357050807568873400, 1.046809103374680900E-016, -3.975000000000000100 ) ) ;
#3027 = ORIENTED_EDGE ( 'NONE', *, *, #1207, .F. ) ;
#3028 = CARTESIAN_POINT ( 'NONE',  ( -1.017788105676655300, 0.5876202367904163100, -3.454166666666667100 ) ) ;
#3029 = CARTESIAN_POINT ( 'NONE',  ( -0.8660254037844455900, 1.499999999999988000, -2.245833333333333600 ) ) ;
#3030 = CARTESIAN_POINT ( 'NONE',  ( 0.0000000000000000000, 1.500000000000000400, -1.787500000000000100 ) ) ;
#3031 = CARTESIAN_POINT ( 'NONE',  ( -1.439254484199186200E-016, -1.175240473580832400, -3.287500000000000500 ) ) ;
#3032 = CARTESIAN_POINT ( 'NONE',  ( 1.299038105676658000, -0.7500000000000008900, -1.954166666666667500 ) ) ;
#3033 = B_SPLINE_CURVE_WITH_KNOTS ( 'NONE', 3,
 ( #171, #1968, #3085, #4158, #188, #4527 ),
 .UNSPECIFIED., .F., .F.,
 ( 4, 2, 4 ),
 ( 0.0000000000000000000, 0.0004026747511490883500, 0.0008053495022981767000 ),
 .UNSPECIFIED. ) ;
#3034 = CARTESIAN_POINT ( 'NONE',  ( 1.299038105676659100, 0.7499999999999991100, -3.370833333333333100 ) ) ;
#3035 = CARTESIAN_POINT ( 'NONE',  ( 1.763300807568875000, -3.023275895394842700E-016, -0.4281249999999979800 ) ) ;
#3036 = CARTESIAN_POINT ( 'NONE',  ( -0.8816504037844373800, 1.527063293868261600, -3.292708333333338500 ) ) ;
#3037 = CARTESIAN_POINT ( 'NONE',  ( 1.584318734975463700E-016, 1.124999999999999300, -8.350000000000001400 ) ) ;
#3038 = EDGE_LOOP ( 'NONE', ( #1397, #902, #3959, #1354 ) ) ;
#3039 = CARTESIAN_POINT ( 'NONE',  ( -1.017788105676655300, -0.5876202367904158600, -2.433333333333333600 ) ) ;
#3040 = VECTOR ( 'NONE', #4667, 1000.000000000000000 ) ;
#3041 = ORIENTED_EDGE ( 'NONE', *, *, #1990, .T. ) ;
#3042 = CARTESIAN_POINT ( 'NONE',  ( 0.8660254037844521400, -1.499999999999976500, -6.495833333333330900 ) ) ;
#3043 = EDGE_CURVE ( 'NONE', #4204, #945, #3314, .T. ) ;
#3044 = CARTESIAN_POINT ( 'NONE',  ( -1.017788105676655300, -0.5876202367904158600, -3.933333333333334000 ) ) ;
#3045 = FACE_OUTER_BOUND ( 'NONE', #1648, .T. ) ;
#3046 = CARTESIAN_POINT ( 'NONE',  ( -1.439254484199186200E-016, -1.175240473580832400, -5.287500000000000500 ) ) ;
#3047 = CARTESIAN_POINT ( 'NONE',  ( 1.099039475859556300, -0.3627590212687939500, 2.279135060036726400 ) ) ;
#3048 = CIRCLE ( 'NONE', #4591, 1.788139503280600000 ) ;
#3049 = CARTESIAN_POINT ( 'NONE',  ( 0.6892176704428141200, -0.9519291851245443900, -8.299759526419165900 ) ) ;
#3050 = CARTESIAN_POINT ( 'NONE',  ( -0.8816504037844373800, 1.527063293868261600, -0.2614583333333322900 ) ) ;
#3051 = CARTESIAN_POINT ( 'NONE',  ( -0.8816504037844373800, 1.527063293868261600, -3.792708333333338500 ) ) ;
#3052 = CARTESIAN_POINT ( 'NONE',  ( -1.357050807568873400, 1.046809103374680900E-016, -0.4749999999999997600 ) ) ;
#3053 = CARTESIAN_POINT ( 'NONE',  ( -1.439254484199185900E-016, -1.175240473580832200, -0.8500000000000000900 ) ) ;
#3054 = CARTESIAN_POINT ( 'NONE',  ( -1.299038105676658200, 0.7500000000000004400, -7.704166666666666600 ) ) ;
#3055 = CARTESIAN_POINT ( 'NONE',  ( 0.6785254037844362700, -1.175240473580832400, -4.308333333333333600 ) ) ;
#3056 = CARTESIAN_POINT ( 'NONE',  ( -0.6785254037844367100, 1.175240473580832400, -3.495833333333333600 ) ) ;
#3057 = CARTESIAN_POINT ( 'NONE',  ( 0.0000000000000000000, 1.500000000000000400, -7.850000000000003200 ) ) ;
#3058 = CARTESIAN_POINT ( 'NONE',  ( 1.732050807568877900, -2.965870576684816500E-016, -4.975000000000004100 ) ) ;
#3059 = B_SPLINE_CURVE_WITH_KNOTS ( 'NONE', 3,
 ( #3688, #2265, #462, #4537, #4134, #1268, #1962 ),
 .UNSPECIFIED., .F., .F.,
 ( 4, 3, 4 ),
 ( 0.001312154219055641700, 0.001730781375488351400, 0.002145469335525750100 ),
 .UNSPECIFIED. ) ;
#3060 = CARTESIAN_POINT ( 'NONE',  ( 1.763300807568875000, -3.023275895394842700E-016, -0.9281249999999984200 ) ) ;
#3061 = CARTESIAN_POINT ( 'NONE',  ( -1.763300807568875000, 1.295565484451488300E-016, -0.2093750000000047200 ) ) ;
#3062 = AXIS2_PLACEMENT_3D ( 'NONE', #4385, #4437, #402 ) ;
#3063 = CARTESIAN_POINT ( 'NONE',  ( -0.3007757356190190500, 1.616743081797646000, 1.570662863162608700 ) ) ;
#3064 = ORIENTED_EDGE ( 'NONE', *, *, #506, .T. ) ;
#3065 = EDGE_CURVE ( 'NONE', #3169, #2500, #2181, .T. ) ;
#3066 = EDGE_CURVE ( 'NONE', #1460, #4639, #241, .T. ) ;
#3067 = CARTESIAN_POINT ( 'NONE',  ( 0.6785254037844372600, 1.175240473580831900, -2.141666666666666600 ) ) ;
#3068 = CARTESIAN_POINT ( 'NONE',  ( 0.0000000000000000000, -1.500000000000000400, 1.649999999999999500 ) ) ;
#3069 = CARTESIAN_POINT ( 'NONE',  ( 0.6785254037844362700, -1.175240473580832400, 0.1916666666666663700 ) ) ;
#3070 = ORIENTED_EDGE ( 'NONE', *, *, #1681, .F. ) ;
#3071 = CARTESIAN_POINT ( 'NONE',  ( -1.017788105676655300, -0.5876202367904159700, -2.870833333333333600 ) ) ;
#3072 = SHAPE_DEFINITION_REPRESENTATION ( #2127, #664 ) ;
#3073 = CARTESIAN_POINT ( 'NONE',  ( -0.8660254037844491400, 1.499999999999982200, -1.745833333333332200 ) ) ;
#3074 = ORIENTED_EDGE ( 'NONE', *, *, #1292, .F. ) ;
#3075 = EDGE_LOOP ( 'NONE', ( #3388, #2138, #3961, #4006, #3070, #621, #2733, #4355, #2454, #390, #3679, #1461, #1983, #2552, #4084, #3445 ) ) ;
#3076 = CARTESIAN_POINT ( 'NONE',  ( 1.299038105676658000, -0.7500000000000008900, -0.4541666666666668300 ) ) ;
#3077 = CARTESIAN_POINT ( 'NONE',  ( 1.763300807568875000, -3.023275895394842700E-016, -2.459375000000005000 ) ) ;
#3078 = ORIENTED_EDGE ( 'NONE', *, *, #4232, .T. ) ;
#3079 = CARTESIAN_POINT ( 'NONE',  ( 0.0000000000000000000, 0.0000000000000000000, 2.106932636468940200 ) ) ;
#3080 = CARTESIAN_POINT ( 'NONE',  ( -1.439254484199185900E-016, -1.175240473580832200, -0.3499999999999996400 ) ) ;
#3081 = CARTESIAN_POINT ( 'NONE',  ( 0.0000000000000000000, 1.500000000000000400, -5.787500000000000500 ) ) ;
#3082 = LINE ( 'NONE', #1407, #190 ) ;
#3083 = CARTESIAN_POINT ( 'NONE',  ( -0.6785254037844366000, 1.175240473580832400, -1.058333333333333800 ) ) ;
#3084 = CARTESIAN_POINT ( 'NONE',  ( -0.6785254037844371500, -1.175240473580832400, -3.829166666666666600 ) ) ;
#3085 = CARTESIAN_POINT ( 'NONE',  ( 0.3004295733969483700, 0.8782971197407890600, 0.6553893317992690600 ) ) ;
#3086 = LINE ( 'NONE', #3732, #3244 ) ;
#3087 = CARTESIAN_POINT ( 'NONE',  ( -1.439254484199185900E-016, -1.175240473580832200, -7.849999999999999600 ) ) ;
#3088 = AXIS2_PLACEMENT_3D ( 'NONE', #3337, #3381, #4064 ) ;
#3089 = B_SPLINE_CURVE_WITH_KNOTS ( 'NONE', 3,
 ( #1986, #1683, #1315, #3851 ),
 .UNSPECIFIED., .F., .F.,
 ( 4, 4 ),
 ( 0.0000000000000000000, 0.0006711514718678063700 ),
 .UNSPECIFIED. ) ;
#3090 = DIRECTION ( 'NONE',  ( 0.8660254037844397100, 0.0000000000000000000, 0.4999999999999981700 ) ) ;
#3091 = CIRCLE ( 'NONE', #709, 1.788139503280600700 ) ;
#3092 = CARTESIAN_POINT ( 'NONE',  ( -1.322475605676656200, -0.7635316469341305600, -2.167708333333338500 ) ) ;
#3093 = CARTESIAN_POINT ( 'NONE',  ( -1.017788105676655300, -0.5876202367904158600, -0.4333333333333341800 ) ) ;
#3094 =( GEOMETRIC_REPRESENTATION_CONTEXT ( 3 ) GLOBAL_UNCERTAINTY_ASSIGNED_CONTEXT ( ( #2772 ) ) GLOBAL_UNIT_ASSIGNED_CONTEXT ( ( #4025, #1510, #713 ) ) REPRESENTATION_CONTEXT ( 'NONE', 'WORKASPACE' ) );
#3095 = VECTOR ( 'NONE', #290, 1000.000000000000200 ) ;
#3096 =( BOUNDED_CURVE ( )  B_SPLINE_CURVE ( 2, ( #2684, #3805, #155, #562, #3054, #3757, #1659 ),
 .UNSPECIFIED., .F., .F. ) 
 B_SPLINE_CURVE_WITH_KNOTS ( ( 3, 2, 2, 3 ),
 ( 0.8809523809523809300, 0.8888888888888888400, 0.8968253968253967500, 0.9047619047619046600 ),
 .UNSPECIFIED. ) 
 CURVE ( )  GEOMETRIC_REPRESENTATION_ITEM ( )  RATIONAL_B_SPLINE_CURVE ( ( 1.000000000000000000, 0.8660254037844387100, 1.000000000000000000, 0.8660254037844387100, 1.000000000000000000, 0.8660254037844405900, 0.9999999999999981100 ) ) 
 REPRESENTATION_ITEM ( '' )  );
#3097 = EDGE_CURVE ( 'NONE', #2837, #3956, #1617, .T. ) ;
#3098 = CARTESIAN_POINT ( 'NONE',  ( 0.6785254037844372600, 1.175240473580831900, -2.141666666666666600 ) ) ;
#3099 = B_SPLINE_CURVE_WITH_KNOTS ( 'NONE', 3,
 ( #1527, #450, #1891, #1475, #3329, #2293, #1876, #4413, #1180, #4436 ),
 .UNSPECIFIED., .F., .F.,
 ( 4, 2, 2, 2, 4 ),
 ( 0.0000000000000000000, 0.0002865717294772883700, 0.0005731434589545767300, 0.0008597151884318653200, 0.001146286917909153900 ),
 .UNSPECIFIED. ) ;
#3100 = CARTESIAN_POINT ( 'NONE',  ( 0.6785254037844376000, 1.175240473580832200, -0.07916666666666663500 ) ) ;
#3101 = CARTESIAN_POINT ( 'NONE',  ( 1.651542389413738900, -0.3126715560647666000, 1.706632713042022500 ) ) ;
#3102 = CARTESIAN_POINT ( 'NONE',  ( 0.0000000000000000000, 1.500000000000000400, -5.350000000000002300 ) ) ;
#3103 = ADVANCED_FACE ( 'NONE', ( #3143 ), #3814, .T. ) ;
#3104 = CARTESIAN_POINT ( 'NONE',  ( -1.017788105676655300, -0.5876202367904158600, -6.933333333333332700 ) ) ;
#3105 = CARTESIAN_POINT ( 'NONE',  ( -1.836970198721030700E-016, -1.500000000000000400, -2.537500000000000100 ) ) ;
#3106 = CARTESIAN_POINT ( 'NONE',  ( 1.322475605676656900, 0.7635316469341297800, -0.9177083333333389000 ) ) ;
#3107 = CARTESIAN_POINT ( 'NONE',  ( -0.6785254037844366000, 1.175240473580832400, 0.9416666666666669800 ) ) ;
#3108 = DIRECTION ( 'NONE',  ( 0.0000000000000000000, -0.08715574274765836000, -0.9961946980917455500 ) ) ;
#3109 = CARTESIAN_POINT ( 'NONE',  ( 1.017788105676654900, -0.5876202367904166400, -0.2666666666666667700 ) ) ;
#3110 = CARTESIAN_POINT ( 'NONE',  ( 0.0000000000000000000, 1.175240473580832400, -0.03750000000000107400 ) ) ;
#3111 = ORIENTED_EDGE ( 'NONE', *, *, #4509, .F. ) ;
#3112 = CARTESIAN_POINT ( 'NONE',  ( 0.0000000000000000000, -1.500000000000001100, 0.3500000000000074200 ) ) ;
#3113 = CARTESIAN_POINT ( 'NONE',  ( -0.2773202059188205600, 1.547964847647955900, 1.302564931900371400 ) ) ;
#3114 = CARTESIAN_POINT ( 'NONE',  ( -1.439254484199185900E-016, -1.175240473580832200, -6.349999999999999600 ) ) ;
#3115 = VERTEX_POINT ( 'NONE', #3113 ) ;
#3116 = CARTESIAN_POINT ( 'NONE',  ( 1.245481314229705400, 0.1720667803239233400, -8.244885632054542100 ) ) ;
#3117 = CARTESIAN_POINT ( 'NONE',  ( -1.870113174931180700E-016, -1.527063293868261800, -0.5843750000000049700 ) ) ;
#3118 = CARTESIAN_POINT ( 'NONE',  ( 0.0000000000000000000, -1.500000000000000400, 1.649999999999999500 ) ) ;
#3119 = EDGE_CURVE ( 'NONE', #1299, #1205, #1616, .T. ) ;
#3120 = VERTEX_POINT ( 'NONE', #1679 ) ;
#3121 = CARTESIAN_POINT ( 'NONE',  ( -1.017788105676655300, -0.5876202367904158600, 1.566666666666665800 ) ) ;
#3122 = ORIENTED_EDGE ( 'NONE', *, *, #585, .T. ) ;
#3123 = CARTESIAN_POINT ( 'NONE',  ( 0.0000000000000000000, 1.175240473580832200, -1.599999999999999900 ) ) ;
#3124 = EDGE_LOOP ( 'NONE', ( #1866, #2034, #997, #1696 ) ) ;
#3125 = ORIENTED_EDGE ( 'NONE', *, *, #704, .F. ) ;
#3126 = CARTESIAN_POINT ( 'NONE',  ( -0.6785254037844367100, 1.175240473580832400, -0.9958333333333337900 ) ) ;
#3127 = CARTESIAN_POINT ( 'NONE',  ( -1.836970198721030700E-016, -1.500000000000000400, -2.037500000000000100 ) ) ;
#3128 = CARTESIAN_POINT ( 'NONE',  ( -1.836970198721030700E-016, -1.500000000000000400, -3.537500000000000500 ) ) ;
#3129 = CARTESIAN_POINT ( 'NONE',  ( 0.6785254037844363800, -1.175240473580832200, -6.808333333333332700 ) ) ;
#3130 = ORIENTED_EDGE ( 'NONE', *, *, #1263, .F. ) ;
#3131 = CARTESIAN_POINT ( 'NONE',  ( 0.0000000000000000000, -1.500000000000000400, 1.649999999999999500 ) ) ;
#3132 = CARTESIAN_POINT ( 'NONE',  ( 0.0000000000000000000, 1.527063293868261800, 1.665624999999995200 ) ) ;
#3133 = CARTESIAN_POINT ( 'NONE',  ( 0.0000000000000000000, 0.0000000000000000000, 2.106932636468940200 ) ) ;
#3134 = FACE_OUTER_BOUND ( 'NONE', #127, .T. ) ;
#3135 = CARTESIAN_POINT ( 'NONE',  ( -0.8816504037844380400, -1.527063293868261300, -0.5947916666666652800 ) ) ;
#3136 = CARTESIAN_POINT ( 'NONE',  ( -0.6785254037844370400, -1.175240473580832200, 1.608333333333333200 ) ) ;
#3137 = LINE ( 'NONE', #3358, #1548 ) ;
#3138 = CARTESIAN_POINT ( 'NONE',  ( 1.381457290957447000, -0.6072457835752415000, -0.008735876865294272100 ) ) ;
#3139 = CARTESIAN_POINT ( 'NONE',  ( 1.357050807568873600, -2.277006752164423400E-016, -0.6624999999999999800 ) ) ;
#3140 = CARTESIAN_POINT ( 'NONE',  ( 0.0000000000000000000, 1.175240473580832200, 0.8999999999999998000 ) ) ;
#3141 = CARTESIAN_POINT ( 'NONE',  ( 0.0000000000000000000, 1.175240473580832400, -2.537499999999999600 ) ) ;
#3142 = CARTESIAN_POINT ( 'NONE',  ( 1.430908802125790300, -0.4499999999988186200, 6.259750041902911900E-014 ) ) ;
#3143 = FACE_OUTER_BOUND ( 'NONE', #1560, .T. ) ;
#3144 = CARTESIAN_POINT ( 'NONE',  ( 0.0000000000000000000, 1.175240473580832400, -1.037500000000000300 ) ) ;
#3145 = CARTESIAN_POINT ( 'NONE',  ( -1.299038105676658400, -0.7499999999999998900, -3.183333333333336200 ) ) ;
#3146 = CARTESIAN_POINT ( 'NONE',  ( 1.017788105676655100, -0.5876202367904167500, -8.204166666666667500 ) ) ;
#3147 = CARTESIAN_POINT ( 'NONE',  ( 0.0000000000000000000, 1.500000000000000400, -1.287500000000000300 ) ) ;
#3148 =( BOUNDED_CURVE ( )  B_SPLINE_CURVE ( 2, ( #2264, #2206, #2970, #3320, #33, #2577, #393 ),
 .UNSPECIFIED., .F., .F. ) 
 B_SPLINE_CURVE_WITH_KNOTS ( ( 3, 2, 2, 3 ),
 ( 0.7619047619047618600, 0.7698412698412698800, 0.7777777777777777900, 0.7857142857142857000 ),
 .UNSPECIFIED. ) 
 CURVE ( )  GEOMETRIC_REPRESENTATION_ITEM ( )  RATIONAL_B_SPLINE_CURVE ( ( 1.000000000000000000, 0.8660254037844386000, 1.000000000000000000, 0.8660254037844386000, 1.000000000000000000, 0.8660254037844386000, 1.000000000000000000 ) ) 
 REPRESENTATION_ITEM ( '' )  );
#3149 = CARTESIAN_POINT ( 'NONE',  ( -1.439254484199186200E-016, -1.175240473580832600, -8.299759526419169500 ) ) ;
#3150 = CARTESIAN_POINT ( 'NONE',  ( 1.357050807568873400, -2.277006752164421900E-016, 1.774999999999999000 ) ) ;
#3151 = DIRECTION ( 'NONE',  ( 0.0000000000000000000, 0.0000000000000000000, 1.000000000000000000 ) ) ;
#3152 = CARTESIAN_POINT ( 'NONE',  ( -1.439254484199186200E-016, -1.175240473580832400, -0.7874999999999999800 ) ) ;
#3153 = CARTESIAN_POINT ( 'NONE',  ( -1.357050807568873400, 1.046809103374681200E-016, 0.5249999999999994700 ) ) ;
#3154 = CARTESIAN_POINT ( 'NONE',  ( -1.017788105676655300, 0.5876202367904163100, 1.545833333333333200 ) ) ;
#3155 = CARTESIAN_POINT ( 'NONE',  ( 0.0000000000000000000, 1.500000000000000400, -0.3500000000000029200 ) ) ;
#3156 = CARTESIAN_POINT ( 'NONE',  ( -1.836970198721030400E-016, -1.500000000000000400, -4.100000000000004100 ) ) ;
#3157 = CARTESIAN_POINT ( 'NONE',  ( -1.439254484199186200E-016, -1.175240473580832400, -0.2874999999999995300 ) ) ;
#3158 = CARTESIAN_POINT ( 'NONE',  ( 0.0000000000000000000, 6.628682924999594700E-017, 1.649999999999999500 ) ) ;
#3159 = CARTESIAN_POINT ( 'NONE',  ( 0.8816504037844382600, 1.527063293868261300, 2.123958333333328500 ) ) ;
#3160 = CARTESIAN_POINT ( 'NONE',  ( -1.017788105676655100, 0.5876202367904161900, 0.4833333333333338900 ) ) ;
#3161 = DIRECTION ( 'NONE',  ( 0.06666269134683236500, 0.06666269134683236500, 0.9955461672694008200 ) ) ;
#3162 = CARTESIAN_POINT ( 'NONE',  ( -1.836970198721030700E-016, -1.500000000000000400, -5.537500000000000500 ) ) ;
#3163 = CARTESIAN_POINT ( 'NONE',  ( 0.6785254037844363800, -1.175240473580832600, 0.2541666666666664300 ) ) ;
#3164 = CARTESIAN_POINT ( 'NONE',  ( 0.8816504037844369300, -1.527063293868262000, -8.011458333333331800 ) ) ;
#3165 = VERTEX_POINT ( 'NONE', #2763 ) ;
#3166 = CARTESIAN_POINT ( 'NONE',  ( 0.6785254037844363800, -1.175240473580832600, 1.754166666666666000 ) ) ;
#3167 = DIRECTION ( 'NONE',  ( -0.0000000000000000000, -0.0000000000000000000, -1.000000000000000000 ) ) ;
#3168 = AXIS2_PLACEMENT_3D ( 'NONE', #1918, #447, #466 ) ;
#3169 = VERTEX_POINT ( 'NONE', #586 ) ;
#3170 = DIRECTION ( 'NONE',  ( 0.0000000000000000000, -1.000000000000000000, 0.0000000000000000000 ) ) ;
#3171 = CARTESIAN_POINT ( 'NONE',  ( -1.836970198721030700E-016, -1.500000000000000400, -5.037499999999999600 ) ) ;
#3172 = EDGE_LOOP ( 'NONE', ( #2557, #860, #3618, #613 ) ) ;
#3173 = CARTESIAN_POINT ( 'NONE',  ( 1.754010341813027500, 0.3476932613749346100, 2.106932636468940200 ) ) ;
#3174 = CARTESIAN_POINT ( 'NONE',  ( 1.763300807568875000, -3.023275895394842700E-016, 0.04062499999999553300 ) ) ;
#3175 = VERTEX_POINT ( 'NONE', #3128 ) ;
#3176 = CARTESIAN_POINT ( 'NONE',  ( 1.732050807568877900, -2.965870576684816500E-016, -5.475000000000004100 ) ) ;
#3177 = EDGE_CURVE ( 'NONE', #3348, #2667, #2005, .T. ) ;
#3178 = CARTESIAN_POINT ( 'NONE',  ( -1.322475605676656200, 0.7635316469341311100, 1.280208333333334500 ) ) ;
#3179 = CARTESIAN_POINT ( 'NONE',  ( 1.836970198721030400E-016, 1.500000000000000400, 1.649999999999999500 ) ) ;
#3180 = VERTEX_POINT ( 'NONE', #2039 ) ;
#3181 = CARTESIAN_POINT ( 'NONE',  ( -1.017788105676655300, -0.5876202367904159700, -1.370833333333333300 ) ) ;
#3182 = CARTESIAN_POINT ( 'NONE',  ( -1.017788105676655100, 0.5876202367904161900, 0.4833333333333338900 ) ) ;
#3183 = CARTESIAN_POINT ( 'NONE',  ( -1.017788105676655300, -0.5876202367904159700, 0.1291666666666663200 ) ) ;
#3184 = CARTESIAN_POINT ( 'NONE',  ( 0.9130916590015838400, 0.7771905255995940100, -0.1786237343019306300 ) ) ;
#3185 = CARTESIAN_POINT ( 'NONE',  ( 1.082363013904092100, -0.4757732148463987300, -0.1962358768653226500 ) ) ;
#3186 = CARTESIAN_POINT ( 'NONE',  ( 0.0000000000000000000, 1.527063293868261800, 2.165624999999994100 ) ) ;
#3187 = DIRECTION ( 'NONE',  ( 0.9961946980917455500, -0.0000000000000000000, -0.08715574274765836000 ) ) ;
#3188 = ORIENTED_EDGE ( 'NONE', *, *, #4291, .F. ) ;
#3189 = CARTESIAN_POINT ( 'NONE',  ( 1.322475605676655800, -0.7635316469341314500, 1.030208333333334300 ) ) ;
#3190 = CARTESIAN_POINT ( 'NONE',  ( -0.8660254037844455900, 1.499999999999988000, -3.745833333333332700 ) ) ;
#3191 = VECTOR ( 'NONE', #4548, 1000.000000000000000 ) ;
#3192 = CARTESIAN_POINT ( 'NONE',  ( 1.017788105676655100, -0.5876202367904167500, -1.704166666666667300 ) ) ;
#3193 = CARTESIAN_POINT ( 'NONE',  ( -0.8816504037844373800, 1.527063293868261600, -8.261458333333331800 ) ) ;
#3194 = CARTESIAN_POINT ( 'NONE',  ( 0.6785254037844376000, 1.175240473580832200, 0.4208333333333338400 ) ) ;
#3195 = CARTESIAN_POINT ( 'NONE',  ( -1.732050807568877600, 1.276430378214812400E-016, -0.6624999999999997600 ) ) ;
#3196 = CARTESIAN_POINT ( 'NONE',  ( -1.547964847654146300, -0.2773202059209370900, 1.302564931924501800 ) ) ;
#3197 = EDGE_CURVE ( 'NONE', #2346, #3283, #2807, .T. ) ;
#3198 = CARTESIAN_POINT ( 'NONE',  ( 1.017788105676655100, -0.5876202367904167500, -0.7041666666666671600 ) ) ;
#3199 = EDGE_CURVE ( 'NONE', #1299, #3956, #2117, .T. ) ;
#3200 = CARTESIAN_POINT ( 'NONE',  ( 1.299038105676658900, 0.7499999999999990000, -3.433333333333336200 ) ) ;
#3201 = CARTESIAN_POINT ( 'NONE',  ( -1.357050807568873600, 1.046809103374681200E-016, -7.912499999999999600 ) ) ;
#3202 = CARTESIAN_POINT ( 'NONE',  ( 0.6785254037844376000, 1.175240473580831900, -8.079166666666667500 ) ) ;
#3203 = CARTESIAN_POINT ( 'NONE',  ( -1.371825532800469600, -0.2438450436587217000, -8.084596905532855300 ) ) ;
#3204 = CARTESIAN_POINT ( 'NONE',  ( -1.322475605676656200, -0.7635316469341305600, -7.636458333333331800 ) ) ;
#3205 = CARTESIAN_POINT ( 'NONE',  ( 1.357050807568873400, -2.277006752164422400E-016, -4.724999999999999600 ) ) ;
#3206 = CARTESIAN_POINT ( 'NONE',  ( 0.0000000000000000000, 1.175240473580832200, -8.099999999999999600 ) ) ;
#3207 = CARTESIAN_POINT ( 'NONE',  ( 1.732050807568877900, -2.965870576684816500E-016, -6.975000000000005900 ) ) ;
#3208 = CARTESIAN_POINT ( 'NONE',  ( 1.232065576716401300, -0.2497033349884911500, 0.9869026527283059100 ) ) ;
#3209 = DIRECTION ( 'NONE',  ( 0.0000000000000000000, 0.0000000000000000000, 1.000000000000000000 ) ) ;
#3210 = ORIENTED_EDGE ( 'NONE', *, *, #3826, .F. ) ;
#3211 = CARTESIAN_POINT ( 'NONE',  ( 1.732050807568877600, -2.965870576684816000E-016, -2.412500000000000100 ) ) ;
#3212 = CARTESIAN_POINT ( 'NONE',  ( 0.0000000000000000000, 0.0000000000000000000, -3.201666666666668000 ) ) ;
#3213 = CARTESIAN_POINT ( 'NONE',  ( 1.357050807568873600, -2.277006752164423400E-016, -7.162500000000000500 ) ) ;
#3214 = DIRECTION ( 'NONE',  ( -0.9203638919632256600, 0.3812272063696503000, -0.08715574274765834600 ) ) ;
#3215 = ORIENTED_EDGE ( 'NONE', *, *, #4539, .F. ) ;
#3216 = CARTESIAN_POINT ( 'NONE',  ( -1.836970198721030400E-016, -1.500000000000000400, -5.100000000000004100 ) ) ;
#3217 = PLANE ( 'NONE',  #3350 ) ;
#3218 = CARTESIAN_POINT ( 'NONE',  ( -0.8816504037844373800, 1.527063293868261600, -5.761458333333331800 ) ) ;
#3219 = COORDINATED_UNIVERSAL_TIME_OFFSET ( 6, 0, .BEHIND. ) ;
#3220 = CARTESIAN_POINT ( 'NONE',  ( -1.017788105676655300, -0.5876202367904158600, -4.933333333333332700 ) ) ;
#3221 = VERTEX_POINT ( 'NONE', #2858 ) ;
#3222 = CARTESIAN_POINT ( 'NONE',  ( -1.836970198721030400E-016, -1.500000000000000400, -3.100000000000003600 ) ) ;
#3223 = ORIENTED_EDGE ( 'NONE', *, *, #2248, .F. ) ;
#3224 = CARTESIAN_POINT ( 'NONE',  ( 1.017788105676654900, -0.5876202367904166400, -7.766666666666666600 ) ) ;
#3225 =( BOUNDED_CURVE ( )  B_SPLINE_CURVE ( 2, ( #1243, #3710, #1217, #3366, #1201 ),
 .UNSPECIFIED., .F., .F. ) 
 B_SPLINE_CURVE_WITH_KNOTS ( ( 3, 2, 3 ),
 ( 0.03571428571428568500, 0.03968253968253969400, 0.04761904761904765800 ),
 .UNSPECIFIED. ) 
 CURVE ( )  GEOMETRIC_REPRESENTATION_ITEM ( )  RATIONAL_B_SPLINE_CURVE ( ( 0.9330127018922194100, 0.9330127018922188500, 1.000000000000000000, 0.8660254037844379300, 1.000000000000000700 ) ) 
 REPRESENTATION_ITEM ( '' )  );
#3226 = CARTESIAN_POINT ( 'NONE',  ( -0.8660254037844509200, 1.499999999999979100, -0.7458333333333332400 ) ) ;
#3227 = EDGE_CURVE ( 'NONE', #1786, #910, #2765, .T. ) ;
#3228 = ORIENTED_EDGE ( 'NONE', *, *, #536, .T. ) ;
#3229 = VERTEX_POINT ( 'NONE', #705 ) ;
#3230 = CARTESIAN_POINT ( 'NONE',  ( -1.836970198721030700E-016, -1.500000000000000400, -0.03750000000000094200 ) ) ;
#3231 = CARTESIAN_POINT ( 'NONE',  ( -1.357050807568873600, 1.046809103374681200E-016, -5.912500000000000500 ) ) ;
#3232 = CARTESIAN_POINT ( 'NONE',  ( -1.439254484199186200E-016, -1.175240473580832400, -7.287499999999999600 ) ) ;
#3233 = EDGE_LOOP ( 'NONE', ( #1643, #2361, #3289, #2949 ) ) ;
#3234 = EDGE_CURVE ( 'NONE', #258, #3165, #1324, .T. ) ;
#3235 = CARTESIAN_POINT ( 'NONE',  ( -1.299038105676658400, -0.7499999999999998900, -0.6833333333333367900 ) ) ;
#3236 = DIRECTION ( 'NONE',  ( 0.08715574274765836000, 0.0000000000000000000, 0.9961946980917455500 ) ) ;
#3237 = CARTESIAN_POINT ( 'NONE',  ( 1.017788105676655800, 0.5876202367904153100, 1.379166666666665800 ) ) ;
#3238 = CARTESIAN_POINT ( 'NONE',  ( -0.8816504037844380400, -1.527063293868261300, -5.594791666666663900 ) ) ;
#3239 = CARTESIAN_POINT ( 'NONE',  ( 1.017788105676655600, 0.5876202367904153100, -5.683333333333333600 ) ) ;
#3240 = FACE_OUTER_BOUND ( 'NONE', #2628, .T. ) ;
#3241 = CARTESIAN_POINT ( 'NONE',  ( 1.017788105676655600, 0.5876202367904153100, -6.183333333333333600 ) ) ;
#3242 = CARTESIAN_POINT ( 'NONE',  ( -0.4503631925184986000, -0.4503631925185048200, 0.3668648403299107400 ) ) ;
#3243 = CARTESIAN_POINT ( 'NONE',  ( 0.0000000000000000000, 1.500000000000000400, -5.787500000000000500 ) ) ;
#3244 = VECTOR ( 'NONE', #2674, 1000.000000000000000 ) ;
#3245 = CARTESIAN_POINT ( 'NONE',  ( 1.017788105676655100, -0.5876202367904167500, -8.204166666666667500 ) ) ;
#3246 = CARTESIAN_POINT ( 'NONE',  ( 0.6785254037844376000, 1.175240473580832200, -5.579166666666666600 ) ) ;
#3247 = CARTESIAN_POINT ( 'NONE',  ( 0.0000000000000000000, 1.175240473580832400, -7.037500000000000500 ) ) ;
#3248 = ORIENTED_EDGE ( 'NONE', *, *, #2816, .T. ) ;
#3249 = CARTESIAN_POINT ( 'NONE',  ( 0.0000000000000000000, 1.500000000000000400, -3.350000000000002800 ) ) ;
#3250 = DIRECTION ( 'NONE',  ( -0.0000000000000000000, -2.585091490897065700E-018, 1.000000000000000000 ) ) ;
#3251 = CARTESIAN_POINT ( 'NONE',  ( -0.8816504037844373800, 1.527063293868261600, -6.261458333333332700 ) ) ;
#3252 = CARTESIAN_POINT ( 'NONE',  ( 0.8816504037844369300, -1.527063293868262000, -5.542708333333338900 ) ) ;
#3253 = CARTESIAN_POINT ( 'NONE',  ( -1.439254484199185900E-016, -1.175240473580832200, -4.850000000000000500 ) ) ;
#3254 = CARTESIAN_POINT ( 'NONE',  ( -1.357050807568873400, 1.046809103374680800E-016, -7.474999999999999600 ) ) ;
#3255 = ADVANCED_FACE ( 'NONE', ( #637 ), #1030, .T. ) ;
#3256 = CARTESIAN_POINT ( 'NONE',  ( -0.8660254037844256100, -1.500000000000024400, -4.079166666666665700 ) ) ;
#3257 = CARTESIAN_POINT ( 'NONE',  ( 0.6785254037844372600, 1.175240473580831900, -5.141666666666666600 ) ) ;
#3258 = EDGE_CURVE ( 'NONE', #1867, #2511, #195, .T. ) ;
#3259 = CARTESIAN_POINT ( 'NONE',  ( 1.836970198721030400E-016, 1.500000000000000400, 1.649999999999999500 ) ) ;
#3260 = CARTESIAN_POINT ( 'NONE',  ( 1.017788105676655800, 0.5876202367904153100, -7.620833333333333600 ) ) ;
#3261 = CARTESIAN_POINT ( 'NONE',  ( -1.357050807568873600, 1.046809103374680900E-016, -7.412499999999998800 ) ) ;
#3262 = DIRECTION ( 'NONE',  ( 0.0000000000000000000, -0.08715574274765837400, 0.9961946980917455500 ) ) ;
#3263 = MECHANICAL_CONTEXT ( 'NONE', #3663, 'mechanical' ) ;
#3264 = CARTESIAN_POINT ( 'NONE',  ( -0.6785254037844371500, -1.175240473580832400, 1.170833333333332700 ) ) ;
#3265 = CARTESIAN_POINT ( 'NONE',  ( 1.763300807568875000, -3.023275895394842700E-016, -5.928124999999998800 ) ) ;
#3266 = CARTESIAN_POINT ( 'NONE',  ( -0.8816504037844373800, 1.527063293868261600, -7.792708333333338000 ) ) ;
#3267 = CARTESIAN_POINT ( 'NONE',  ( -1.357050807568873400, 1.046809103374680900E-016, -3.975000000000000100 ) ) ;
#3268 = CARTESIAN_POINT ( 'NONE',  ( 1.017788105676655600, 0.5876202367904153100, -5.683333333333333600 ) ) ;
#3269 = CARTESIAN_POINT ( 'NONE',  ( 0.0000000000000000000, 6.628682924999594700E-017, 1.649999999999999500 ) ) ;
#3270 = VERTEX_POINT ( 'NONE', #1385 ) ;
#3271 = CARTESIAN_POINT ( 'NONE',  ( -0.6785254037844370400, -1.175240473580832200, -6.391666666666667500 ) ) ;
#3272 = CARTESIAN_POINT ( 'NONE',  ( 1.299038105676658000, -0.7500000000000007800, -4.516666666666669300 ) ) ;
#3273 = ORIENTED_EDGE ( 'NONE', *, *, #2614, .F. ) ;
#3274 = CARTESIAN_POINT ( 'NONE',  ( -1.754010341813028400, 0.3476932613749285600, 2.106932636468940200 ) ) ;
#3275 = CARTESIAN_POINT ( 'NONE',  ( 1.357050807568873600, -2.277006752164423400E-016, -3.662500000000000500 ) ) ;
#3276 = ORIENTED_EDGE ( 'NONE', *, *, #1717, .F. ) ;
#3277 = CARTESIAN_POINT ( 'NONE',  ( 0.6785254037844376000, 1.175240473580831900, -6.579166666666667500 ) ) ;
#3278 = ADVANCED_FACE ( 'NONE', ( #1160 ), #1921, .T. ) ;
#3279 = CARTESIAN_POINT ( 'NONE',  ( -1.390055189998084200, -0.2635083148458506300, 1.144694294536233700 ) ) ;
#3280 = AXIS2_PLACEMENT_3D ( 'NONE', #2762, #1981, #2392 ) ;
#3281 = CARTESIAN_POINT ( 'NONE',  ( 1.294209991572106100, -0.5872659331269194400, -8.056539423724858700 ) ) ;
#3282 = VERTEX_POINT ( 'NONE', #2842 ) ;
#3283 = VERTEX_POINT ( 'NONE', #981 ) ;
#3284 = DIRECTION ( 'NONE',  ( 0.0000000000000000000, -1.000000000000000000, 0.0000000000000000000 ) ) ;
#3285 = CARTESIAN_POINT ( 'NONE',  ( -0.8816504037844373800, 1.527063293868261600, -2.761458333333331800 ) ) ;
#3286 = CARTESIAN_POINT ( 'NONE',  ( 1.322475605676655800, -0.7635316469341314500, -7.501041666666671000 ) ) ;
#3287 = CARTESIAN_POINT ( 'NONE',  ( -0.6785254037844366000, 1.175240473580832200, -3.058333333333334000 ) ) ;
#3288 = CARTESIAN_POINT ( 'NONE',  ( 1.017788105676654900, -0.5876202367904166400, -5.766666666666666600 ) ) ;
#3289 = ORIENTED_EDGE ( 'NONE', *, *, #998, .T. ) ;
#3290 = CARTESIAN_POINT ( 'NONE',  ( -0.4503631925185033700, 0.4503631925185000400, 0.3668648403299106800 ) ) ;
#3291 = EDGE_CURVE ( 'NONE', #2292, #732, #2362, .T. ) ;
#3292 = CARTESIAN_POINT ( 'NONE',  ( -1.357050807568873400, 1.046809103374680800E-016, -7.474999999999999600 ) ) ;
#3293 = FACE_OUTER_BOUND ( 'NONE', #1753, .T. ) ;
#3294 = CARTESIAN_POINT ( 'NONE',  ( -1.357050807568873600, 1.046809103374681200E-016, -5.412500000000000500 ) ) ;
#3295 = DIRECTION ( 'NONE',  ( -0.0000000000000000000, -2.585091490897065700E-018, 1.000000000000000000 ) ) ;
#3296 = CARTESIAN_POINT ( 'NONE',  ( -1.017788105676655300, 0.5876202367904163100, -4.454166666666666600 ) ) ;
#3297 = CARTESIAN_POINT ( 'NONE',  ( -1.017788105676655300, 0.5876202367904163100, -4.954166666666666600 ) ) ;
#3298 = DIRECTION ( 'NONE',  ( 0.0000000000000000000, -1.000000000000000000, 0.0000000000000000000 ) ) ;
#3299 = DATE_TIME_ROLE ( 'classification_date' ) ;
#3300 = CYLINDRICAL_SURFACE ( 'NONE', #2038, 1.500000000000000400 ) ;
#3301 = ORIENTED_EDGE ( 'NONE', *, *, #2841, .F. ) ;
#3302 = CARTESIAN_POINT ( 'NONE',  ( 0.8816504037844369300, -1.527063293868262000, -3.511458333333332200 ) ) ;
#3303 = ORIENTED_EDGE ( 'NONE', *, *, #208, .F. ) ;
#3304 = CARTESIAN_POINT ( 'NONE',  ( -1.322475605676656200, 0.7635316469341311100, -6.251041666666671900 ) ) ;
#3305 = CARTESIAN_POINT ( 'NONE',  ( 0.0000000000000000000, 1.175240473580832200, -2.600000000000000100 ) ) ;
#3306 = CARTESIAN_POINT ( 'NONE',  ( -0.6785254037844370400, -1.175240473580832200, -4.391666666666667500 ) ) ;
#3307 = CIRCLE ( 'NONE', #1868, 5.600459146698196600 ) ;
#3308 = ADVANCED_FACE ( 'NONE', ( #2421 ), #4331, .T. ) ;
#3309 = CARTESIAN_POINT ( 'NONE',  ( 0.0000000000000000000, 1.175240473580832200, -5.599999999999999600 ) ) ;
#3310 = FACE_OUTER_BOUND ( 'NONE', #2365, .T. ) ;
#3311 = CARTESIAN_POINT ( 'NONE',  ( -1.017788105676655300, -0.5876202367904159700, -5.370833333333333600 ) ) ;
#3312 = CARTESIAN_POINT ( 'NONE',  ( -1.357050807568873600, 1.046809103374681200E-016, -3.412500000000000100 ) ) ;
#3313 = CARTESIAN_POINT ( 'NONE',  ( 1.357050807568873600, -2.277006752164422900E-016, -3.662500000000000500 ) ) ;
#3314 =( BOUNDED_CURVE ( )  B_SPLINE_CURVE ( 2, ( #1341, #2395, #1711, #3492, #3477, #2011, #3156 ),
 .UNSPECIFIED., .F., .F. ) 
 B_SPLINE_CURVE_WITH_KNOTS ( ( 3, 2, 2, 3 ),
 ( 0.3809523809523810400, 0.3888888888888889500, 0.3968253968253967500, 0.4047619047619046600 ),
 .UNSPECIFIED. ) 
 CURVE ( )  GEOMETRIC_REPRESENTATION_ITEM ( )  RATIONAL_B_SPLINE_CURVE ( ( 0.9999999999999981100, 0.8660254037844404800, 1.000000000000000000, 0.8660254037844386000, 1.000000000000000000, 0.8660254037844404800, 0.9999999999999981100 ) ) 
 REPRESENTATION_ITEM ( '' )  );
#3315 = CARTESIAN_POINT ( 'NONE',  ( -1.836970198721030400E-016, -1.500000000000000400, -2.600000000000003200 ) ) ;
#3316 = CARTESIAN_POINT ( 'NONE',  ( -1.870113174931180700E-016, -1.527063293868261800, -4.053124999999998800 ) ) ;
#3317 = CARTESIAN_POINT ( 'NONE',  ( 1.322475605676656900, 0.7635316469341297800, -5.917708333333338000 ) ) ;
#3318 = CARTESIAN_POINT ( 'NONE',  ( -1.439254484199185900E-016, -1.175240473580832200, -1.350000000000000500 ) ) ;
#3319 = CARTESIAN_POINT ( 'NONE',  ( 1.017788105676654900, -0.5876202367904166400, -3.766666666666666600 ) ) ;
#3320 = CARTESIAN_POINT ( 'NONE',  ( -1.732050807568877900, 1.276430378214812400E-016, -0.2250000000000028900 ) ) ;
#3321 = CARTESIAN_POINT ( 'NONE',  ( -1.836970198721030700E-016, -1.500000000000000400, -6.537499999999999600 ) ) ;
#3322 = CARTESIAN_POINT ( 'NONE',  ( -1.017788105676655300, -0.5876202367904158600, -6.933333333333332700 ) ) ;
#3323 = APPROVAL ( #41, 'UNSPECIFIED' ) ;
#3324 = EDGE_CURVE ( 'NONE', #3447, #2667, #4271, .T. ) ;
#3325 = CARTESIAN_POINT ( 'NONE',  ( -0.6785254037844371500, -1.175240473580832400, -6.329166666666666600 ) ) ;
#3326 = CARTESIAN_POINT ( 'NONE',  ( -1.017788105676655300, -0.5876202367904159700, -5.370833333333333600 ) ) ;
#3327 = CARTESIAN_POINT ( 'NONE',  ( -1.439254484199186200E-016, -1.175240473580832400, -4.787499999999999600 ) ) ;
#3328 = ADVANCED_FACE ( 'NONE', ( #3310 ), #1667, .T. ) ;
#3329 = CARTESIAN_POINT ( 'NONE',  ( 0.6527460756216200100, -1.335219544645466700, -7.991844636434907800 ) ) ;
#3330 = VERTEX_POINT ( 'NONE', #2063 ) ;
#3331 = CARTESIAN_POINT ( 'NONE',  ( 0.0000000000000000000, 1.500000000000000400, -3.850000000000003200 ) ) ;
#3332 = CARTESIAN_POINT ( 'NONE',  ( 0.0000000000000000000, 1.527063293868261800, -4.303124999999998800 ) ) ;
#3333 = CARTESIAN_POINT ( 'NONE',  ( -1.322475605676656200, -0.7635316469341305600, -3.667708333333338900 ) ) ;
#3334 = CARTESIAN_POINT ( 'NONE',  ( -1.017788105676655100, 0.5876202367904161900, -1.516666666666667100 ) ) ;
#3335 = EDGE_LOOP ( 'NONE', ( #1706, #4187, #2350, #3436 ) ) ;
#3336 = CARTESIAN_POINT ( 'NONE',  ( 1.357050807568873400, -2.277006752164422900E-016, -3.725000000000000100 ) ) ;
#3337 = CARTESIAN_POINT ( 'NONE',  ( 0.1158621570531828300, 3.786409545249866200E-016, -3.191530041392854700 ) ) ;
#3338 = CALENDAR_DATE ( 2021, 8, 9 ) ;
#3339 = CARTESIAN_POINT ( 'NONE',  ( -1.017788105676655300, -0.5876202367904158600, -4.433333333333333600 ) ) ;
#3340 = ORIENTED_EDGE ( 'NONE', *, *, #2069, .T. ) ;
#3341 = ORIENTED_EDGE ( 'NONE', *, *, #2319, .T. ) ;
#3342 = CARTESIAN_POINT ( 'NONE',  ( -1.017788105676655300, -0.5876202367904159700, -7.870833333333333600 ) ) ;
#3343 = DIRECTION ( 'NONE',  ( 0.0000000000000000000, 0.0000000000000000000, 1.000000000000000000 ) ) ;
#3344 = DIRECTION ( 'NONE',  ( -1.000000000000000000, 0.0000000000000000000, 0.0000000000000000000 ) ) ;
#3345 = CARTESIAN_POINT ( 'NONE',  ( 1.017788105676655800, 0.5876202367904153100, -4.620833333333333600 ) ) ;
#3346 = VERTEX_POINT ( 'NONE', #1364 ) ;
#3347 = CARTESIAN_POINT ( 'NONE',  ( -1.017788105676655300, 0.5876202367904163100, -4.454166666666666600 ) ) ;
#3348 = VERTEX_POINT ( 'NONE', #2082 ) ;
#3349 = DIRECTION ( 'NONE',  ( -0.0000000000000000000, -2.585091490897065700E-018, 1.000000000000000000 ) ) ;
#3350 = AXIS2_PLACEMENT_3D ( 'NONE', #2523, #3595, #3236 ) ;
#3351 = DIRECTION ( 'NONE',  ( -0.0000000000000000000, -2.585091490897065700E-018, 1.000000000000000000 ) ) ;
#3352 = CARTESIAN_POINT ( 'NONE',  ( 1.322475605676656900, 0.7635316469341297800, -0.8864583333333329000 ) ) ;
#3353 = CARTESIAN_POINT ( 'NONE',  ( -1.763300807568875000, 1.295565484451488300E-016, -2.709375000000005400 ) ) ;
#3354 = ORIENTED_EDGE ( 'NONE', *, *, #640, .T. ) ;
#3355 = CARTESIAN_POINT ( 'NONE',  ( -1.439254484199185900E-016, -1.175240473580832200, -2.350000000000000500 ) ) ;
#3356 = CARTESIAN_POINT ( 'NONE',  ( -0.6785254037844366000, 1.175240473580832400, -3.558333333333333600 ) ) ;
#3357 = ADVANCED_FACE ( 'NONE', ( #423 ), #2864, .T. ) ;
#3358 = CARTESIAN_POINT ( 'NONE',  ( 1.836970198721030400E-016, 1.500000000000000400, 1.649999999999999500 ) ) ;
#3359 = AXIS2_PLACEMENT_3D ( 'NONE', #3884, #4247, #1009 ) ;
#3360 = EDGE_CURVE ( 'NONE', #1027, #1460, #109, .T. ) ;
#3361 = CARTESIAN_POINT ( 'NONE',  ( 0.6785254037844362700, -1.175240473580832400, -4.808333333333332700 ) ) ;
#3362 = LINE ( 'NONE', #2377, #4444 ) ;
#3363 = CARTESIAN_POINT ( 'NONE',  ( -1.439254484199186200E-016, -1.175240473580832400, -3.787500000000000100 ) ) ;
#3364 = CARTESIAN_POINT ( 'NONE',  ( -0.6785254037844371500, -1.175240473580832400, -2.329166666666666600 ) ) ;
#3365 = CARTESIAN_POINT ( 'NONE',  ( -1.357050807568873600, 1.046809103374680900E-016, -4.412499999999999600 ) ) ;
#3366 = CARTESIAN_POINT ( 'NONE',  ( 0.8660254037844371500, 1.500000000000005100, -7.891666666666670200 ) ) ;
#3367 = CARTESIAN_POINT ( 'NONE',  ( -1.870113174931180700E-016, -1.527063293868261800, -1.553124999999999000 ) ) ;
#3368 = FACE_OUTER_BOUND ( 'NONE', #3172, .T. ) ;
#3369 = CARTESIAN_POINT ( 'NONE',  ( -1.763300807568875000, 1.295565484451488300E-016, -3.209375000000005000 ) ) ;
#3370 = CARTESIAN_POINT ( 'NONE',  ( -1.439254484199185900E-016, -1.175240473580832200, -4.850000000000000500 ) ) ;
#3371 = DIRECTION ( 'NONE',  ( -0.0000000000000000000, -0.0000000000000000000, -1.000000000000000000 ) ) ;
#3372 = CARTESIAN_POINT ( 'NONE',  ( -1.017788105676655100, 0.5876202367904161900, -2.516666666666667100 ) ) ;
#3373 = CARTESIAN_POINT ( 'NONE',  ( 0.6785254037844376000, 1.175240473580832200, -3.579166666666667500 ) ) ;
#3374 = CARTESIAN_POINT ( 'NONE',  ( -0.6785254037844372600, -1.175240473580832200, -4.829166666666667500 ) ) ;
#3375 = CARTESIAN_POINT ( 'NONE',  ( 0.0000000000000000000, 6.628682924999594700E-017, 1.649999999999999500 ) ) ;
#3376 = B_SPLINE_CURVE_WITH_KNOTS ( 'NONE', 3,
 ( #2738, #191, #1285, #921, #573, #2400, #936, #3116, #4544, #946, #4562, #1637, #3464, #234 ),
 .UNSPECIFIED., .F., .F.,
 ( 4, 2, 2, 2, 2, 2, 4 ),
 ( 0.005477024686634662800, 0.005865020548610397900, 0.006253016410586132900, 0.007029008134537603100, 0.007804999858489074100, 0.008192995720464809100, 0.008580991582440545100 ),
 .UNSPECIFIED. ) ;
#3377 = CARTESIAN_POINT ( 'NONE',  ( -0.8816504037844380400, -1.527063293868261300, -2.094791666666664800 ) ) ;
#3378 = CARTESIAN_POINT ( 'NONE',  ( -0.8816504037844373800, 1.527063293868261600, -5.292708333333338900 ) ) ;
#3379 = CARTESIAN_POINT ( 'NONE',  ( -1.439254484199185900E-016, -1.175240473580832200, -0.3499999999999996400 ) ) ;
#3380 = CARTESIAN_POINT ( 'NONE',  ( -1.017788105676655100, 0.5876202367904161900, -2.516666666666667100 ) ) ;
#3381 = DIRECTION ( 'NONE',  ( -0.9961946980917455500, -3.255593724230834800E-015, -0.08715574274765836000 ) ) ;
#3382 = CARTESIAN_POINT ( 'NONE',  ( -1.439254484199185900E-016, -1.175240473580832200, -4.850000000000000500 ) ) ;
#3383 = CARTESIAN_POINT ( 'NONE',  ( 1.017788105676655100, -0.5876202367904167500, -5.204166666666666600 ) ) ;
#3384 = EDGE_LOOP ( 'NONE', ( #178, #1814, #1351, #3017 ) ) ;
#3385 = CARTESIAN_POINT ( 'NONE',  ( -1.299038105676658200, 0.7500000000000004400, -0.2041666666666666400 ) ) ;
#3386 = DIRECTION ( 'NONE',  ( -0.3812272063696566800, 0.9203638919632229900, -0.08715574274765836000 ) ) ;
#3387 = ORIENTED_EDGE ( 'NONE', *, *, #1320, .F. ) ;
#3388 = ORIENTED_EDGE ( 'NONE', *, *, #4007, .T. ) ;
#3389 = CARTESIAN_POINT ( 'NONE',  ( -1.763300807568875000, 1.295565484451488300E-016, -0.1781249999999994800 ) ) ;
#3390 = CARTESIAN_POINT ( 'NONE',  ( -1.322475605676656200, -0.7635316469341305600, -3.167708333333338500 ) ) ;
#3391 = CARTESIAN_POINT ( 'NONE',  ( -1.547964847654149400, 0.2773202059209209400, 1.302564931924501800 ) ) ;
#3392 = VERTEX_POINT ( 'NONE', #3869 ) ;
#3393 = CARTESIAN_POINT ( 'NONE',  ( -0.6785254037844366000, 1.175240473580832400, -1.558333333333333600 ) ) ;
#3394 = ORIENTED_EDGE ( 'NONE', *, *, #2175, .T. ) ;
#3395 = DIRECTION ( 'NONE',  ( -0.0000000000000000000, -2.585091490897065700E-018, 1.000000000000000000 ) ) ;
#3396 = CARTESIAN_POINT ( 'NONE',  ( 0.6785254037844362700, -1.175240473580832400, -2.808333333333333600 ) ) ;
#3397 = ORIENTED_EDGE ( 'NONE', *, *, #1964, .F. ) ;
#3398 = CARTESIAN_POINT ( 'NONE',  ( -1.357050807568873600, 1.046809103374681200E-016, -4.912499999999999600 ) ) ;
#3399 =( BOUNDED_CURVE ( )  B_SPLINE_CURVE ( 2, ( #1970, #3014, #3420, #1199, #1922, #2719, #1257 ),
 .UNSPECIFIED., .F., .F. ) 
 B_SPLINE_CURVE_WITH_KNOTS ( ( 3, 2, 2, 3 ),
 ( 0.6190476190476190700, 0.6269841269841269800, 0.6349206349206347700, 0.6428571428571427900 ),
 .UNSPECIFIED. ) 
 CURVE ( )  GEOMETRIC_REPRESENTATION_ITEM ( )  RATIONAL_B_SPLINE_CURVE ( ( 1.000000000000000000, 0.8660254037844386000, 1.000000000000000000, 0.8660254037844386000, 1.000000000000000000, 0.8660254037844404800, 0.9999999999999981100 ) ) 
 REPRESENTATION_ITEM ( '' )  );
#3400 = DIRECTION ( 'NONE',  ( -0.0000000000000000000, -2.585091490897065700E-018, 1.000000000000000000 ) ) ;
#3401 = CARTESIAN_POINT ( 'NONE',  ( 0.8660254037844427000, -1.499999999999993100, -7.558333333333336200 ) ) ;
#3402 = DIRECTION ( 'NONE',  ( 0.0000000000000000000, -1.000000000000000000, 0.0000000000000000000 ) ) ;
#3403 = LINE ( 'NONE', #1381, #3517 ) ;
#3404 = AXIS2_PLACEMENT_3D ( 'NONE', #961, #3491, #3444 ) ;
#3405 = B_SPLINE_CURVE_WITH_KNOTS ( 'NONE', 3,
 ( #4589, #569, #1340, #2010 ),
 .UNSPECIFIED., .F., .F.,
 ( 4, 4 ),
 ( 1.714582696160047700E-017, 0.0003600891906256521100 ),
 .UNSPECIFIED. ) ;
#3406 = CARTESIAN_POINT ( 'NONE',  ( 0.8660254037844488100, -1.499999999999982500, -0.4958333333333331300 ) ) ;
#3407 = CARTESIAN_POINT ( 'NONE',  ( -0.8816504037844373800, 1.527063293868261600, 0.2385416666666681500 ) ) ;
#3408 = CARTESIAN_POINT ( 'NONE',  ( -0.8816504037844380400, -1.527063293868261300, -0.1260416666666718800 ) ) ;
#3409 = CARTESIAN_POINT ( 'NONE',  ( -0.6785254037844366000, 1.175240473580832200, -0.5583333333333342400 ) ) ;
#3410 = CARTESIAN_POINT ( 'NONE',  ( 1.017788105676654900, -0.5876202367904166400, -2.266666666666666600 ) ) ;
#3411 = FACE_OUTER_BOUND ( 'NONE', #4216, .T. ) ;
#3412 = EDGE_CURVE ( 'NONE', #4699, #1786, #3472, .T. ) ;
#3413 = CARTESIAN_POINT ( 'NONE',  ( 1.357050807568873400, -2.277006752164422900E-016, 0.2749999999999991900 ) ) ;
#3414 = PERSON ( 'UNSPECIFIED', 'UNSPECIFIED', 'UNSPECIFIED', ('UNSPECIFIED'), ('UNSPECIFIED'), ('UNSPECIFIED') ) ;
#3415 = FACE_OUTER_BOUND ( 'NONE', #1652, .T. ) ;
#3416 = CARTESIAN_POINT ( 'NONE',  ( -1.439254484199186200E-016, -1.175240473580832400, -2.787500000000000100 ) ) ;
#3417 = CARTESIAN_POINT ( 'NONE',  ( -1.299038105676658200, 0.7500000000000004400, -1.704166666666667300 ) ) ;
#3418 = CARTESIAN_POINT ( 'NONE',  ( -1.299038105676658400, -0.7499999999999998900, -5.183333333333336200 ) ) ;
#3419 = ADVANCED_FACE ( 'NONE', ( #4046 ), #92, .T. ) ;
#3420 = CARTESIAN_POINT ( 'NONE',  ( -1.299038105676658400, 0.7500000000000003300, -1.766666666666669700 ) ) ;
#3421 = FACE_OUTER_BOUND ( 'NONE', #3038, .T. ) ;
#3422 = CARTESIAN_POINT ( 'NONE',  ( -1.547964847654146300, -0.2773202059209370900, 1.302564931924501800 ) ) ;
#3423 = CARTESIAN_POINT ( 'NONE',  ( -0.8816504037844380400, -1.527063293868261300, -2.626041666666671500 ) ) ;
#3424 = CARTESIAN_POINT ( 'NONE',  ( 1.357050807568873400, -2.277006752164422400E-016, -0.7249999999999999800 ) ) ;
#3425 = CARTESIAN_POINT ( 'NONE',  ( 1.017788105676654900, -0.5876202367904166400, -1.266666666666666800 ) ) ;
#3426 = DIRECTION ( 'NONE',  ( 3.478195198241799100E-015, -0.9961946980917455500, 0.08715574274765836000 ) ) ;
#3427 =( BOUNDED_CURVE ( )  B_SPLINE_CURVE ( 2, ( #4393, #3256, #3601, #1431, #1087, #346, #703 ),
 .UNSPECIFIED., .F., .F. ) 
 B_SPLINE_CURVE_WITH_KNOTS ( ( 3, 2, 2, 3 ),
 ( 0.5476190476190474500, 0.5555555555555553600, 0.5634920634920633800, 0.5714285714285712900 ),
 .UNSPECIFIED. ) 
 CURVE ( )  GEOMETRIC_REPRESENTATION_ITEM ( )  RATIONAL_B_SPLINE_CURVE ( ( 1.000000000000003800, 0.8660254037844349300, 1.000000000000000000, 0.8660254037844387100, 1.000000000000000000, 0.8660254037844405900, 0.9999999999999981100 ) ) 
 REPRESENTATION_ITEM ( '' )  );
#3428 = CARTESIAN_POINT ( 'NONE',  ( 1.357050807568873400, -2.277006752164422900E-016, -0.7249999999999999800 ) ) ;
#3429 = CARTESIAN_POINT ( 'NONE',  ( 1.017788105676655100, -0.5876202367904167500, -2.204166666666666600 ) ) ;
#3430 = CARTESIAN_POINT ( 'NONE',  ( -1.836970198721030700E-016, -1.500000000000000400, -6.037500000000000500 ) ) ;
#3431 = EDGE_CURVE ( 'NONE', #1739, #385, #4250, .T. ) ;
#3432 = CARTESIAN_POINT ( 'NONE',  ( -0.8660254037844429300, -1.499999999999994200, -5.141666666666671000 ) ) ;
#3433 = CARTESIAN_POINT ( 'NONE',  ( -1.017788105676655100, 0.5876202367904161900, -7.516666666666666600 ) ) ;
#3434 = B_SPLINE_CURVE_WITH_KNOTS ( 'NONE', 3,
 ( #1092, #2940, #4002, #369, #3570, #4308, #37, #2909, #4328, #2140, #1075, #3604, #725, #2177 ),
 .UNSPECIFIED., .F., .F.,
 ( 4, 2, 2, 2, 2, 2, 4 ),
 ( 0.003381676643768502200, 0.003746550157556698100, 0.004111423671344894100, 0.004841170698921286800, 0.005570917726497678700, 0.005935791240285875600, 0.006300664754074071500 ),
 .UNSPECIFIED. ) ;
#3435 = CARTESIAN_POINT ( 'NONE',  ( -0.8816504037844373800, 1.527063293868261600, -1.792708333333338900 ) ) ;
#3436 = ORIENTED_EDGE ( 'NONE', *, *, #1835, .F. ) ;
#3437 = EDGE_CURVE ( 'NONE', #3609, #1198, #2419, .T. ) ;
#3438 = CARTESIAN_POINT ( 'NONE',  ( -0.6785254037844366000, 1.175240473580832400, -2.058333333333333600 ) ) ;
#3439 = ADVANCED_FACE ( 'NONE', ( #823 ), #2371, .F. ) ;
#3440 = CARTESIAN_POINT ( 'NONE',  ( -1.357050807568873400, 1.046809103374680900E-016, -1.475000000000000500 ) ) ;
#3441 = ORIENTED_EDGE ( 'NONE', *, *, #1598, .T. ) ;
#3442 = CARTESIAN_POINT ( 'NONE',  ( 1.017788105676655800, 0.5876202367904153100, -0.6208333333333343500 ) ) ;
#3443 = LOCAL_TIME ( 21, 42, 24.00000000000000000, #1804 ) ;
#3444 = DIRECTION ( 'NONE',  ( 0.08715574274765836000, 0.0000000000000000000, -0.9961946980917455500 ) ) ;
#3445 = ORIENTED_EDGE ( 'NONE', *, *, #2076, .T. ) ;
#3446 = CARTESIAN_POINT ( 'NONE',  ( 1.299038105676658000, -0.7500000000000007800, -7.516666666666669300 ) ) ;
#3447 = VERTEX_POINT ( 'NONE', #1777 ) ;
#3448 = CARTESIAN_POINT ( 'NONE',  ( 1.017788105676655600, 0.5876202367904153100, -8.183333333333333600 ) ) ;
#3449 = ORIENTED_EDGE ( 'NONE', *, *, #4453, .F. ) ;
#3450 = CARTESIAN_POINT ( 'NONE',  ( -1.732050807568877900, 1.276430378214812400E-016, -3.225000000000004100 ) ) ;
#3451 = CARTESIAN_POINT ( 'NONE',  ( 1.322475605676655800, -0.7635316469341314500, -2.501041666666672400 ) ) ;
#3452 = EDGE_LOOP ( 'NONE', ( #3874, #1355, #801, #4582 ) ) ;
#3453 = DIRECTION ( 'NONE',  ( -0.0000000000000000000, -2.585091490897065700E-018, 1.000000000000000000 ) ) ;
#3454 = CARTESIAN_POINT ( 'NONE',  ( 1.017788105676655600, 0.5876202367904153100, 1.816666666666666000 ) ) ;
#3455 = CARTESIAN_POINT ( 'NONE',  ( -0.2635083148458705600, -1.390055189988586500, 1.144694294536681400 ) ) ;
#3456 = ORIENTED_EDGE ( 'NONE', *, *, #4293, .F. ) ;
#3457 = CARTESIAN_POINT ( 'NONE',  ( 1.017788105676655600, 0.5876202367904153100, -0.1833333333333339600 ) ) ;
#3458 = CARTESIAN_POINT ( 'NONE',  ( -0.6785254037844367100, 1.175240473580832400, -2.495833333333333600 ) ) ;
#3459 = CARTESIAN_POINT ( 'NONE',  ( 0.2359215567864390600, 1.073809935526932200, 0.8293762070536472300 ) ) ;
#3460 = LINE ( 'NONE', #15, #2855 ) ;
#3461 = CARTESIAN_POINT ( 'NONE',  ( 0.6785254037844372600, 1.175240473580831700, -7.141666666666666600 ) ) ;
#3462 = AXIS2_PLACEMENT_3D ( 'NONE', #4596, #3151, #3487 ) ;
#3463 = EDGE_CURVE ( 'NONE', #329, #3283, #1430, .T. ) ;
#3464 = CARTESIAN_POINT ( 'NONE',  ( 0.7988319784221517000, -0.8798024909743177300, -8.293898076817658400 ) ) ;
#3465 = ORIENTED_EDGE ( 'NONE', *, *, #2237, .T. ) ;
#3466 = CARTESIAN_POINT ( 'NONE',  ( 1.763300807568875000, -3.023275895394842700E-016, -1.459375000000005000 ) ) ;
#3467 = CARTESIAN_POINT ( 'NONE',  ( 0.0000000000000000000, 0.0000000000000000000, 0.3500000000000074200 ) ) ;
#3468 = CARTESIAN_POINT ( 'NONE',  ( -1.017788105676655300, -0.5876202367904158600, 0.5666666666666666500 ) ) ;
#3469 = CARTESIAN_POINT ( 'NONE',  ( 1.299038105676659100, 0.7499999999999991100, -0.8708333333333344600 ) ) ;
#3470 = DIRECTION ( 'NONE',  ( 0.9203638919632217700, 0.3812272063696599000, 0.08715574274765837400 ) ) ;
#3471 = AXIS2_PLACEMENT_3D ( 'NONE', #280, #3940, #2473 ) ;
#3472 = LINE ( 'NONE', #26, #4108 ) ;
#3473 = CARTESIAN_POINT ( 'NONE',  ( -0.6785254037844366000, 1.175240473580832400, -0.05833333333333386200 ) ) ;
#3474 = CARTESIAN_POINT ( 'NONE',  ( 1.017788105676655800, 0.5876202367904153100, -0.1208333333333339000 ) ) ;
#3475 = FACE_OUTER_BOUND ( 'NONE', #2778, .T. ) ;
#3476 = DIRECTION ( 'NONE',  ( -0.0000000000000000000, -2.585091490897065700E-018, 1.000000000000000000 ) ) ;
#3477 = CARTESIAN_POINT ( 'NONE',  ( -1.299038105676658400, -0.7499999999999998900, -4.183333333333336200 ) ) ;
#3478 = ORIENTED_EDGE ( 'NONE', *, *, #2785, .F. ) ;
#3479 = CARTESIAN_POINT ( 'NONE',  ( -1.357050807568873400, 1.046809103374680800E-016, -6.474999999999998800 ) ) ;
#3480 = DIRECTION ( 'NONE',  ( -0.0000000000000000000, -2.585091490897065700E-018, 1.000000000000000000 ) ) ;
#3481 = CARTESIAN_POINT ( 'NONE',  ( -0.8816504037844373800, 1.527063293868261600, 0.7072916666666616600 ) ) ;
#3482 = DIRECTION ( 'NONE',  ( -0.0000000000000000000, -0.0000000000000000000, -1.000000000000000000 ) ) ;
#3483 =( BOUNDED_CURVE ( )  B_SPLINE_CURVE ( 2, ( #828, #140, #4103, #180, #1914, #2669, #4121 ),
 .UNSPECIFIED., .F., .F. ) 
 B_SPLINE_CURVE_WITH_KNOTS ( ( 3, 2, 2, 3 ),
 ( 0.4523809523809522700, 0.4603174603174602900, 0.4682539682539681400, 0.4761904761904760500 ),
 .UNSPECIFIED. ) 
 CURVE ( )  GEOMETRIC_REPRESENTATION_ITEM ( )  RATIONAL_B_SPLINE_CURVE ( ( 1.000000000000000900, 0.8660254037844377100, 1.000000000000000000, 0.8660254037844387100, 1.000000000000000000, 0.8660254037844405900, 0.9999999999999981100 ) ) 
 REPRESENTATION_ITEM ( '' )  );
#3484 = CARTESIAN_POINT ( 'NONE',  ( 0.0000000000000000000, 1.527063293868261800, 1.196875000000001700 ) ) ;
#3485 = CARTESIAN_POINT ( 'NONE',  ( -0.6785254037844370400, -1.175240473580832200, 1.108333333333332700 ) ) ;
#3486 = CARTESIAN_POINT ( 'NONE',  ( 0.8660254037844467000, 1.499999999999987600, -0.8916666666666703800 ) ) ;
#3487 = DIRECTION ( 'NONE',  ( 1.000000000000000000, 0.0000000000000000000, 0.0000000000000000000 ) ) ;
#3488 = CARTESIAN_POINT ( 'NONE',  ( 1.357050807568873600, -2.277006752164423400E-016, -1.662499999999999900 ) ) ;
#3489 = CARTESIAN_POINT ( 'NONE',  ( 1.017788105676655600, 0.5876202367904153100, 0.8166666666666668700 ) ) ;
#3490 = CARTESIAN_POINT ( 'NONE',  ( -0.6785254037844367100, 1.175240473580832400, -0.4958333333333341800 ) ) ;
#3491 = DIRECTION ( 'NONE',  ( 0.9961946980917455500, 6.956390396483598200E-015, 0.08715574274765836000 ) ) ;
#3492 = CARTESIAN_POINT ( 'NONE',  ( -1.732050807568877900, 1.276430378214812200E-016, -4.225000000000003200 ) ) ;
#3493 = ORIENTED_EDGE ( 'NONE', *, *, #4390, .F. ) ;
#3494 = DIRECTION ( 'NONE',  ( -0.0000000000000000000, -0.0000000000000000000, -1.000000000000000000 ) ) ;
#3495 = CARTESIAN_POINT ( 'NONE',  ( 0.8660254037844384900, -1.500000000000001100, -6.058333333333338000 ) ) ;
#3496 = CARTESIAN_POINT ( 'NONE',  ( -1.322475605676656200, -0.7635316469341305600, 1.832291666666660900 ) ) ;
#3497 = AXIS2_PLACEMENT_3D ( 'NONE', #2995, #3349, #3298 ) ;
#3498 = CARTESIAN_POINT ( 'NONE',  ( -1.836970198721030400E-016, -1.500000000000000400, -2.600000000000003200 ) ) ;
#3499 = EDGE_CURVE ( 'NONE', #3784, #874, #1279, .T. ) ;
#3500 = CARTESIAN_POINT ( 'NONE',  ( -0.8816504037844373800, 1.527063293868261600, 0.7385416666666686500 ) ) ;
#3501 = VERTEX_POINT ( 'NONE', #3249 ) ;
#3502 = DIRECTION ( 'NONE',  ( 0.0000000000000000000, 0.0000000000000000000, 1.000000000000000000 ) ) ;
#3503 = ORIENTED_EDGE ( 'NONE', *, *, #3234, .F. ) ;
#3504 = CARTESIAN_POINT ( 'NONE',  ( -1.732050807568877900, 1.276430378214812200E-016, -6.725000000000004100 ) ) ;
#3505 = CARTESIAN_POINT ( 'NONE',  ( -0.6785254037844367100, 1.175240473580832400, -1.495833333333333300 ) ) ;
#3506 = CARTESIAN_POINT ( 'NONE',  ( -0.6785254037844366000, 1.175240473580832400, 1.441666666666666000 ) ) ;
#3507 = ORIENTED_EDGE ( 'NONE', *, *, #926, .T. ) ;
#3508 = ORIENTED_EDGE ( 'NONE', *, *, #3658, .F. ) ;
#3509 = ORIENTED_EDGE ( 'NONE', *, *, #1256, .F. ) ;
#3510 = CARTESIAN_POINT ( 'NONE',  ( -0.6785254037844371500, -1.175240473580832400, 1.170833333333332700 ) ) ;
#3511 = CARTESIAN_POINT ( 'NONE',  ( 0.4503631925185065900, -0.4503631925184971600, 0.3668648403299114000 ) ) ;
#3512 = ORIENTED_EDGE ( 'NONE', *, *, #4232, .F. ) ;
#3513 = CARTESIAN_POINT ( 'NONE',  ( 1.121107958840558800, -0.3525721420742929400, -0.1875000000000029700 ) ) ;
#3514 = DIRECTION ( 'NONE',  ( -0.0000000000000000000, -2.585091490897065700E-018, 1.000000000000000000 ) ) ;
#3515 = CARTESIAN_POINT ( 'NONE',  ( -1.322475605676656200, 0.7635316469341311100, 1.748958333333328100 ) ) ;
#3516 = CARTESIAN_POINT ( 'NONE',  ( -1.836970198721030400E-016, -1.500000000000000400, -5.600000000000003200 ) ) ;
#3517 = VECTOR ( 'NONE', #3161, 1000.000000000000200 ) ;
#3518 = CARTESIAN_POINT ( 'NONE',  ( -1.357050807568873400, 1.046809103374681200E-016, 0.5249999999999994700 ) ) ;
#3519 = CARTESIAN_POINT ( 'NONE',  ( -1.017788105676655300, 0.5876202367904163100, 0.04583333333333349000 ) ) ;
#3520 = CARTESIAN_POINT ( 'NONE',  ( 0.6785254037844372600, 1.175240473580831900, 1.858333333333333400 ) ) ;
#3521 = EDGE_CURVE ( 'NONE', #2208, #907, #693, .T. ) ;
#3522 = CIRCLE ( 'NONE', #1955, 2.799999999999999800 ) ;
#3523 = CARTESIAN_POINT ( 'NONE',  ( 1.017788105676655100, -0.5876202367904167500, 1.795833333333333400 ) ) ;
#3524 = CARTESIAN_POINT ( 'NONE',  ( 0.0000000000000000000, 1.500000000000000400, -0.7874999999999998700 ) ) ;
#3525 = FACE_OUTER_BOUND ( 'NONE', #555, .T. ) ;
#3526 = ORIENTED_EDGE ( 'NONE', *, *, #1503, .T. ) ;
#3527 = ORIENTED_EDGE ( 'NONE', *, *, #232, .T. ) ;
#3528 = EDGE_CURVE ( 'NONE', #385, #2346, #579, .T. ) ;
#3529 = CARTESIAN_POINT ( 'NONE',  ( -1.763300807568875000, 1.295565484451488300E-016, 0.7906249999999944700 ) ) ;
#3530 = DIRECTION ( 'NONE',  ( 1.000000000000000000, 0.0000000000000000000, 0.0000000000000000000 ) ) ;
#3531 = CARTESIAN_POINT ( 'NONE',  ( 0.8816504037844369300, -1.527063293868262000, 0.4885416666666683700 ) ) ;
#3532 = CARTESIAN_POINT ( 'NONE',  ( -1.299038105676658400, -0.7499999999999998900, -5.683333333333337100 ) ) ;
#3533 = CARTESIAN_POINT ( 'NONE',  ( -1.299038105676658400, -0.7499999999999998900, -7.183333333333336200 ) ) ;
#3534 = CARTESIAN_POINT ( 'NONE',  ( 0.0000000000000000000, 1.175240473580832400, 0.4624999999999993600 ) ) ;
#3535 = CARTESIAN_POINT ( 'NONE',  ( -1.017788105676655300, -0.5876202367904158600, 1.066666666666667100 ) ) ;
#3536 = CARTESIAN_POINT ( 'NONE',  ( -1.357050807568873600, 1.046809103374681300E-016, 1.587500000000000600 ) ) ;
#3537 = CARTESIAN_POINT ( 'NONE',  ( 0.3457936612188032300, 1.191293499277680200, -0.1545368949196849500 ) ) ;
#3538 = DIRECTION ( 'NONE',  ( -0.0000000000000000000, -0.0000000000000000000, -1.000000000000000000 ) ) ;
#3539 = DIRECTION ( 'NONE',  ( 0.08714264840443984600, -0.01733375049385932700, 0.9960450290638855900 ) ) ;
#3540 =( BOUNDED_CURVE ( )  B_SPLINE_CURVE ( 2, ( #2272, #3708, #1509, #1909, #421, #40, #469 ),
 .UNSPECIFIED., .F., .F. ) 
 B_SPLINE_CURVE_WITH_KNOTS ( ( 3, 2, 2, 3 ),
 ( 0.5238095238095237200, 0.5317460317460316300, 0.5396825396825395400, 0.5476190476190474500 ),
 .UNSPECIFIED. ) 
 CURVE ( )  GEOMETRIC_REPRESENTATION_ITEM ( )  RATIONAL_B_SPLINE_CURVE ( ( 1.000000000000001800, 0.8660254037844368200, 1.000000000000000000, 0.8660254037844387100, 1.000000000000000000, 0.8660254037844424800, 0.9999999999999962300 ) ) 
 REPRESENTATION_ITEM ( '' )  );
#3541 = DIRECTION ( 'NONE',  ( 0.7071067811865492400, 0.0000000000000000000, 0.7071067811865458000 ) ) ;
#3542 = CARTESIAN_POINT ( 'NONE',  ( 1.322475605676655800, -0.7635316469341314500, 0.9989583333333274000 ) ) ;
#3543 = CARTESIAN_POINT ( 'NONE',  ( -1.017788105676655300, -0.5876202367904159700, -7.870833333333333600 ) ) ;
#3544 = DIRECTION ( 'NONE',  ( -1.000000000000000000, 0.0000000000000000000, 0.0000000000000000000 ) ) ;
#3545 = CARTESIAN_POINT ( 'NONE',  ( -1.439254484199186200E-016, -1.175240473580832400, -1.287500000000000500 ) ) ;
#3546 = CARTESIAN_POINT ( 'NONE',  ( -1.322475605676656200, 0.7635316469341311100, -6.219791666666664800 ) ) ;
#3547 = VERTEX_POINT ( 'NONE', #114 ) ;
#3548 = CARTESIAN_POINT ( 'NONE',  ( -0.6785254037844366000, 1.175240473580832400, -8.558333333333331800 ) ) ;
#3549 = CARTESIAN_POINT ( 'NONE',  ( 1.049523301869544700, 0.5288582131113669400, -0.1875000000000011900 ) ) ;
#3550 = ORIENTED_EDGE ( 'NONE', *, *, #4205, .T. ) ;
#3551 = EDGE_CURVE ( 'NONE', #1205, #2900, #2929, .T. ) ;
#3552 = LOCAL_TIME ( 21, 42, 24.00000000000000000, #3219 ) ;
#3553 = VERTEX_POINT ( 'NONE', #1149 ) ;
#3554 = CARTESIAN_POINT ( 'NONE',  ( -0.6785254037844371500, -1.175240473580832400, -7.829166666666666600 ) ) ;
#3555 = ORIENTED_EDGE ( 'NONE', *, *, #3770, .T. ) ;
#3556 = CC_DESIGN_APPROVAL ( #3323, ( #91 ) ) ;
#3557 = CARTESIAN_POINT ( 'NONE',  ( 0.6785254037844366000, -1.175240473580832600, -7.745833333333333600 ) ) ;
#3558 = EDGE_CURVE ( 'NONE', #2091, #784, #3540, .T. ) ;
#3559 = CARTESIAN_POINT ( 'NONE',  ( -1.381374318844863700, -0.1543300365866348000, -8.087983234763237700 ) ) ;
#3560 = VERTEX_POINT ( 'NONE', #802 ) ;
#3561 = ORIENTED_EDGE ( 'NONE', *, *, #1264, .T. ) ;
#3562 = CARTESIAN_POINT ( 'NONE',  ( 1.017788105676655100, -0.5876202367904167500, 1.795833333333333400 ) ) ;
#3563 = CARTESIAN_POINT ( 'NONE',  ( 1.322475605676656900, 0.7635316469341297800, -6.886458333333331800 ) ) ;
#3564 = CARTESIAN_POINT ( 'NONE',  ( 0.6785254037844372600, 1.175240473580831700, -4.641666666666667500 ) ) ;
#3565 = CARTESIAN_POINT ( 'NONE',  ( -1.439254484199186200E-016, -1.175240473580832400, 0.7124999999999995800 ) ) ;
#3566 =( BOUNDED_CURVE ( )  B_SPLINE_CURVE ( 2, ( #3315, #2603, #1133, #4401, #2964, #1844, #1167 ),
 .UNSPECIFIED., .F., .F. ) 
 B_SPLINE_CURVE_WITH_KNOTS ( ( 3, 2, 2, 3 ),
 ( 0.5476190476190475600, 0.5555555555555554700, 0.5634920634920634900, 0.5714285714285714000 ),
 .UNSPECIFIED. ) 
 CURVE ( )  GEOMETRIC_REPRESENTATION_ITEM ( )  RATIONAL_B_SPLINE_CURVE ( ( 1.000000000000001800, 0.8660254037844367100, 1.000000000000000000, 0.8660254037844386000, 1.000000000000000000, 0.8660254037844386000, 1.000000000000000000 ) ) 
 REPRESENTATION_ITEM ( '' )  );
#3567 = ORIENTED_EDGE ( 'NONE', *, *, #2785, .T. ) ;
#3568 = CARTESIAN_POINT ( 'NONE',  ( 0.0000000000000000000, 0.0000000000000000000, 0.3500000000000074200 ) ) ;
#3569 = CARTESIAN_POINT ( 'NONE',  ( 0.0000000000000000000, 6.628682924999594700E-017, 1.649999999999999500 ) ) ;
#3570 = CARTESIAN_POINT ( 'NONE',  ( -1.261015391956720600, -0.5979108689409228200, -0.06334044418450071600 ) ) ;
#3571 = VECTOR ( 'NONE', #2699, 1000.000000000000000 ) ;
#3572 = CARTESIAN_POINT ( 'NONE',  ( -1.017788105676655300, 0.5876202367904163100, -6.954166666666666600 ) ) ;
#3573 = CARTESIAN_POINT ( 'NONE',  ( 0.0000000000000000000, 1.500000000000000400, -2.350000000000003200 ) ) ;
#3574 = CARTESIAN_POINT ( 'NONE',  ( 0.0000000000000000000, 1.500000000000000400, -5.850000000000002300 ) ) ;
#3575 = CARTESIAN_POINT ( 'NONE',  ( -1.732050807568877900, 1.276430378214812200E-016, -7.225000000000005000 ) ) ;
#3576 = CARTESIAN_POINT ( 'NONE',  ( -1.732050807568877600, 1.276430378214812200E-016, -7.162500000000000500 ) ) ;
#3577 = CARTESIAN_POINT ( 'NONE',  ( -0.5857404127452804400, 0.5857404127452763300, 2.388599486942812400 ) ) ;
#3578 = CARTESIAN_POINT ( 'NONE',  ( -0.8660254037844394800, -1.500000000000000400, -6.141666666666670200 ) ) ;
#3579 = CARTESIAN_POINT ( 'NONE',  ( 1.763300807568875000, -3.023275895394842700E-016, -7.428124999999998800 ) ) ;
#3580 = AXIS2_PLACEMENT_3D ( 'NONE', #4050, #3371, #1555 ) ;
#3581 = CARTESIAN_POINT ( 'NONE',  ( -0.6785254037844366000, 1.175240473580832200, -5.558333333333333600 ) ) ;
#3582 = CARTESIAN_POINT ( 'NONE',  ( -1.439254484199185900E-016, -1.175240473580832200, -7.849999999999999600 ) ) ;
#3583 = FACE_OUTER_BOUND ( 'NONE', #236, .T. ) ;
#3584 = CARTESIAN_POINT ( 'NONE',  ( 0.8660254037844453700, -1.499999999999988700, -7.058333333333335300 ) ) ;
#3585 = CARTESIAN_POINT ( 'NONE',  ( 1.357050807568873400, -2.277006752164422900E-016, -7.725000000000000500 ) ) ;
#3586 = AXIS2_PLACEMENT_3D ( 'NONE', #2163, #3608, #4688 ) ;
#3587 = CIRCLE ( 'NONE', #869, 1.572609826430440900 ) ;
#3588 = EDGE_CURVE ( 'NONE', #2208, #3609, #3099, .T. ) ;
#3589 = CARTESIAN_POINT ( 'NONE',  ( -1.439254484199186200E-016, -1.175240473580832400, -8.287499999999999600 ) ) ;
#3590 = CARTESIAN_POINT ( 'NONE',  ( 1.357050807568873600, -2.277006752164423400E-016, -7.662499999999999600 ) ) ;
#3591 = CARTESIAN_POINT ( 'NONE',  ( -1.017788105676655300, -0.5876202367904159700, -6.870833333333332700 ) ) ;
#3592 = CARTESIAN_POINT ( 'NONE',  ( -1.384976462916676300, 0.2986785132136915400, -8.105250947602735700 ) ) ;
#3593 = CARTESIAN_POINT ( 'NONE',  ( -1.732050807568877900, 1.276430378214812200E-016, -5.725000000000004100 ) ) ;
#3594 = CARTESIAN_POINT ( 'NONE',  ( -0.8660254037844464800, -1.499999999999987600, -0.6416666666666710500 ) ) ;
#3595 = DIRECTION ( 'NONE',  ( -0.9961946980917455500, 0.0000000000000000000, 0.08715574274765836000 ) ) ;
#3596 =( BOUNDED_CURVE ( )  B_SPLINE_CURVE ( 2, ( #1839, #1051, #4685, #2875, #690, #4670, #3624 ),
 .UNSPECIFIED., .F., .F. ) 
 B_SPLINE_CURVE_WITH_KNOTS ( ( 3, 2, 2, 3 ),
 ( 0.8571428571428571000, 0.8650793650793650000, 0.8730158730158730200, 0.8809523809523809300 ),
 .UNSPECIFIED. ) 
 CURVE ( )  GEOMETRIC_REPRESENTATION_ITEM ( )  RATIONAL_B_SPLINE_CURVE ( ( 1.000000000000001800, 0.8660254037844368200, 1.000000000000000000, 0.8660254037844387100, 1.000000000000000000, 0.8660254037844387100, 1.000000000000000000 ) ) 
 REPRESENTATION_ITEM ( '' )  );
#3597 = CARTESIAN_POINT ( 'NONE',  ( -1.017788105676655300, 0.5876202367904163100, 1.045833333333332700 ) ) ;
#3598 = CARTESIAN_POINT ( 'NONE',  ( 0.8816504037844369300, -1.527063293868262000, -5.511458333333331800 ) ) ;
#3599 = CARTESIAN_POINT ( 'NONE',  ( 1.017788105676655600, 0.5876202367904153100, -3.683333333333333600 ) ) ;
#3600 = CARTESIAN_POINT ( 'NONE',  ( -0.6785254037844370400, -1.175240473580832200, -6.891666666666666600 ) ) ;
#3601 = CARTESIAN_POINT ( 'NONE',  ( -1.299038105676658400, -0.7499999999999998900, -4.120833333333333600 ) ) ;
#3602 = CARTESIAN_POINT ( 'NONE',  ( -1.836970198721030700E-016, -1.500000000000000400, -6.037500000000000500 ) ) ;
#3603 = CARTESIAN_POINT ( 'NONE',  ( 1.017788105676655800, 0.5876202367904153100, -8.120833333333333600 ) ) ;
#3604 = CARTESIAN_POINT ( 'NONE',  ( 0.4544491573773247200, -1.422320952432108300, -0.006796193437880904100 ) ) ;
#3605 = CARTESIAN_POINT ( 'NONE',  ( 1.017788105676655100, -0.5876202367904167500, -6.704166666666666600 ) ) ;
#3606 = CARTESIAN_POINT ( 'NONE',  ( 1.017788105676655800, 0.5876202367904153100, -6.120833333333333600 ) ) ;
#3607 = ADVANCED_FACE ( 'NONE', ( #1894 ), #1775, .T. ) ;
#3608 = DIRECTION ( 'NONE',  ( 0.0000000000000000000, 0.0000000000000000000, 1.000000000000000000 ) ) ;
#3609 = VERTEX_POINT ( 'NONE', #4041 ) ;
#3610 = SECURITY_CLASSIFICATION_LEVEL ( 'unclassified' ) ;
#3611 = CARTESIAN_POINT ( 'NONE',  ( -1.474777019040299600E-016, -1.204246824526954900, -8.270753175473048600 ) ) ;
#3612 = CARTESIAN_POINT ( 'NONE',  ( 0.0000000000000000000, 1.500000000000000400, -6.350000000000002300 ) ) ;
#3613 = CARTESIAN_POINT ( 'NONE',  ( -0.8816504037844380400, -1.527063293868261300, -5.094791666666665700 ) ) ;
#3614 = LOCAL_TIME ( 21, 42, 24.00000000000000000, #123 ) ;
#3615 = CARTESIAN_POINT ( 'NONE',  ( 1.763300807568875000, -3.023275895394842700E-016, -5.459375000000005000 ) ) ;
#3616 = CARTESIAN_POINT ( 'NONE',  ( 1.017788105676654900, -0.5876202367904166400, -5.766666666666666600 ) ) ;
#3617 = ORIENTED_EDGE ( 'NONE', *, *, #2104, .F. ) ;
#3618 = ORIENTED_EDGE ( 'NONE', *, *, #3227, .T. ) ;
#3619 = CARTESIAN_POINT ( 'NONE',  ( 0.0000000000000000000, 1.175240473580832200, -7.599999999999999600 ) ) ;
#3620 = DIRECTION ( 'NONE',  ( 0.0000000000000000000, -1.000000000000000000, 0.0000000000000000000 ) ) ;
#3621 = CARTESIAN_POINT ( 'NONE',  ( -0.6785254037844366000, 1.175240473580832400, -5.058333333333333600 ) ) ;
#3622 = ORIENTED_EDGE ( 'NONE', *, *, #2752, .F. ) ;
#3623 = ORIENTED_EDGE ( 'NONE', *, *, #1717, .T. ) ;
#3624 = CARTESIAN_POINT ( 'NONE',  ( -1.836970198721030700E-016, -1.500000000000000400, -7.537499999999999600 ) ) ;
#3625 = CARTESIAN_POINT ( 'NONE',  ( 0.6785254037844376000, 1.175240473580832200, -7.579166666666668400 ) ) ;
#3626 = AXIS2_PLACEMENT_3D ( 'NONE', #2517, #2496, #3924 ) ;
#3627 = CARTESIAN_POINT ( 'NONE',  ( 0.6785254037844366000, -1.175240473580832600, -6.245833333333333600 ) ) ;
#3628 = ORIENTED_EDGE ( 'NONE', *, *, #809, .T. ) ;
#3629 = CARTESIAN_POINT ( 'NONE',  ( 0.8779254213204390500, 0.3005524195711811700, 0.6550607433842180500 ) ) ;
#3630 = APPROVAL_STATUS ( 'not_yet_approved' ) ;
#3631 = CARTESIAN_POINT ( 'NONE',  ( -0.8660254037844256100, -1.500000000000024400, -7.079166666666666600 ) ) ;
#3632 = CARTESIAN_POINT ( 'NONE',  ( 0.0000000000000000000, 1.500000000000000400, -3.787500000000000100 ) ) ;
#3633 = CARTESIAN_POINT ( 'NONE',  ( -1.322475605676656200, -0.7635316469341305600, -4.136458333333332700 ) ) ;
#3634 = CARTESIAN_POINT ( 'NONE',  ( 1.763300807568875000, -3.023275895394842700E-016, -7.959375000000005000 ) ) ;
#3635 = CARTESIAN_POINT ( 'NONE',  ( -0.6785254037844371500, -1.175240473580831900, -5.891666666666666600 ) ) ;
#3636 = CARTESIAN_POINT ( 'NONE',  ( 0.0000000000000000000, 1.175240473580832200, -6.599999999999999600 ) ) ;
#3637 = ADVANCED_FACE ( 'NONE', ( #255 ), #3985, .T. ) ;
#3638 = CARTESIAN_POINT ( 'NONE',  ( -0.6785254037844366000, 1.175240473580832400, -6.058333333333333600 ) ) ;
#3639 = VERTEX_POINT ( 'NONE', #1165 ) ;
#3640 = CARTESIAN_POINT ( 'NONE',  ( 0.0000000000000000000, 1.175240473580832400, -7.537499999999999600 ) ) ;
#3641 = CARTESIAN_POINT ( 'NONE',  ( -0.2773202059199728600, -1.547964847651385400, 1.302564931913726000 ) ) ;
#3642 = CARTESIAN_POINT ( 'NONE',  ( 1.017788105676655100, -0.5876202367904167500, -3.204166666666666600 ) ) ;
#3643 = CARTESIAN_POINT ( 'NONE',  ( -1.017788105676655300, -0.5876202367904159700, -5.870833333333333600 ) ) ;
#3644 = CYLINDRICAL_SURFACE ( 'NONE', #644, 1.500000000000000400 ) ;
#3645 = CARTESIAN_POINT ( 'NONE',  ( 0.0000000000000000000, -1.500000000000000400, 1.649999999999999500 ) ) ;
#3646 = CARTESIAN_POINT ( 'NONE',  ( 0.0000000000000000000, 6.628682924999594700E-017, 1.649999999999999500 ) ) ;
#3647 = CARTESIAN_POINT ( 'NONE',  ( -1.474777019040299600E-016, -1.204246824526954900, -8.270753175473048600 ) ) ;
#3648 = CARTESIAN_POINT ( 'NONE',  ( -1.299038105676658200, 0.7500000000000004400, -6.704166666666667500 ) ) ;
#3649 = CARTESIAN_POINT ( 'NONE',  ( -0.8816504037844380400, -1.527063293868261300, -4.594791666666665700 ) ) ;
#3650 = LINE ( 'NONE', #2430, #2701 ) ;
#3651 = CARTESIAN_POINT ( 'NONE',  ( -0.8816504037844380400, -1.527063293868261300, -7.126041666666671900 ) ) ;
#3652 = AXIS2_PLACEMENT_3D ( 'NONE', #3568, #3167, #3948 ) ;
#3653 = CARTESIAN_POINT ( 'NONE',  ( 1.017788105676655600, 0.5876202367904153100, -3.183333333333333100 ) ) ;
#3654 = CARTESIAN_POINT ( 'NONE',  ( -0.6785254037844370400, -1.175240473580832200, -7.391666666666665700 ) ) ;
#3655 = CARTESIAN_POINT ( 'NONE',  ( 0.0000000000000000000, 0.0000000000000000000, 0.0000000000000000000 ) ) ;
#3656 = CARTESIAN_POINT ( 'NONE',  ( 0.6785254037844362700, -1.175240473580832400, -6.808333333333332700 ) ) ;
#3657 = AXIS2_PLACEMENT_3D ( 'NONE', #1688, #2443, #741 ) ;
#3658 = EDGE_CURVE ( 'NONE', #2563, #2389, #2859, .T. ) ;
#3659 = CARTESIAN_POINT ( 'NONE',  ( -1.017788105676655300, 0.5876202367904163100, -5.954166666666666600 ) ) ;
#3660 = CARTESIAN_POINT ( 'NONE',  ( 1.017788105676655100, -0.5876202367904167500, -4.204166666666666600 ) ) ;
#3661 = CARTESIAN_POINT ( 'NONE',  ( 1.017788105676655800, 0.5876202367904153100, -6.620833333333333600 ) ) ;
#3662 = ADVANCED_FACE ( 'NONE', ( #3045 ), #2531, .T. ) ;
#3663 = APPLICATION_CONTEXT ( 'configuration controlled 3d designs of mechanical parts and assemblies' ) ;
#3664 = CARTESIAN_POINT ( 'NONE',  ( 1.322475605676655800, -0.7635316469341314500, -2.969791666666665700 ) ) ;
#3665 = CARTESIAN_POINT ( 'NONE',  ( 0.0000000000000000000, 1.527063293868261800, -7.834375000000005000 ) ) ;
#3666 = CARTESIAN_POINT ( 'NONE',  ( -1.357050807568873400, 1.046809103374680900E-016, -3.474999999999999600 ) ) ;
#3667 = CARTESIAN_POINT ( 'NONE',  ( -1.017788105676655100, 0.5876202367904161900, -3.516666666666667100 ) ) ;
#3668 = DIRECTION ( 'NONE',  ( 0.0000000000000000000, -0.08715574274765836000, 0.9961946980917455500 ) ) ;
#3669 = CARTESIAN_POINT ( 'NONE',  ( 1.754010341813031500, -0.3476932613749163500, 2.106932636468940200 ) ) ;
#3670 = ORIENTED_EDGE ( 'NONE', *, *, #1571, .T. ) ;
#3671 = CARTESIAN_POINT ( 'NONE',  ( -1.017788105676655100, 0.5876202367904161900, -5.516666666666666600 ) ) ;
#3672 = CARTESIAN_POINT ( 'NONE',  ( -0.6785254037844371500, -1.175240473580832400, -7.829166666666666600 ) ) ;
#3673 = ORIENTED_EDGE ( 'NONE', *, *, #321, .F. ) ;
#3674 = CARTESIAN_POINT ( 'NONE',  ( -1.732050807568877600, 1.276430378214812200E-016, -4.662499999999999600 ) ) ;
#3675 = CARTESIAN_POINT ( 'NONE',  ( -1.017788105676655300, 0.5876202367904163100, -3.954166666666666600 ) ) ;
#3676 = CARTESIAN_POINT ( 'NONE',  ( -1.357050807568873600, 1.046809103374680900E-016, -2.912499999999999600 ) ) ;
#3677 = EDGE_CURVE ( 'NONE', #429, #3609, #2647, .T. ) ;
#3678 = VERTEX_POINT ( 'NONE', #878 ) ;
#3679 = ORIENTED_EDGE ( 'NONE', *, *, #4077, .T. ) ;
#3680 = CARTESIAN_POINT ( 'NONE',  ( 0.8660254037844326000, 1.500000000000012000, -1.329166666666666200 ) ) ;
#3681 = CARTESIAN_POINT ( 'NONE',  ( 0.8816504037844382600, 1.527063293868261300, -4.844791666666665700 ) ) ;
#3682 = CARTESIAN_POINT ( 'NONE',  ( -0.8816504037844373800, 1.527063293868261600, -6.792708333333338000 ) ) ;
#3683 = CARTESIAN_POINT ( 'NONE',  ( 1.017788105676655600, 0.5876202367904153100, -2.683333333333333600 ) ) ;
#3684 = ORIENTED_EDGE ( 'NONE', *, *, #536, .F. ) ;
#3685 = CARTESIAN_POINT ( 'NONE',  ( 1.017788105676654900, -0.5876202367904166400, -4.766666666666667500 ) ) ;
#3686 = ADVANCED_FACE ( 'NONE', ( #3368 ), #363, .T. ) ;
#3687 = ORIENTED_EDGE ( 'NONE', *, *, #2319, .F. ) ;
#3688 = CARTESIAN_POINT ( 'NONE',  ( -0.2773202059199728600, -1.547964847651385400, 1.302564931913726000 ) ) ;
#3689 = EDGE_CURVE ( 'NONE', #2773, #4195, #481, .T. ) ;
#3690 = CARTESIAN_POINT ( 'NONE',  ( -0.6785254037844370400, -1.175240473580832200, -5.391666666666666600 ) ) ;
#3691 = CARTESIAN_POINT ( 'NONE',  ( -1.017788105676655300, 0.5876202367904163100, -5.454166666666666600 ) ) ;
#3692 = CARTESIAN_POINT ( 'NONE',  ( -0.6785254037844371500, -1.175240473580832400, -3.329166666666667500 ) ) ;
#3693 = CARTESIAN_POINT ( 'NONE',  ( -1.357050807568873600, 1.046809103374680900E-016, -3.912500000000000100 ) ) ;
#3694 = CYLINDRICAL_SURFACE ( 'NONE', #2906, 1.500000000000000400 ) ;
#3695 = DIRECTION ( 'NONE',  ( -0.0000000000000000000, -2.585091490897065700E-018, 1.000000000000000000 ) ) ;
#3696 = CARTESIAN_POINT ( 'NONE',  ( 1.322475605676656900, 0.7635316469341297800, -2.386458333333331800 ) ) ;
#3697 = CARTESIAN_POINT ( 'NONE',  ( -0.8816504037844380400, -1.527063293868261300, -4.626041666666672800 ) ) ;
#3698 = CARTESIAN_POINT ( 'NONE',  ( 0.6785254037844363800, -1.175240473580832200, -1.308333333333333100 ) ) ;
#3699 = CARTESIAN_POINT ( 'NONE',  ( 1.357050807568873400, -2.277006752164422900E-016, -4.225000000000000500 ) ) ;
#3700 = LINE ( 'NONE', #4661, #4215 ) ;
#3701 = CARTESIAN_POINT ( 'NONE',  ( 0.8660254037844259400, 1.500000000000024400, -6.329166666666666600 ) ) ;
#3702 = CARTESIAN_POINT ( 'NONE',  ( -1.017788105676655100, 0.5876202367904161900, -4.516666666666667500 ) ) ;
#3703 = CYLINDRICAL_SURFACE ( 'NONE', #4564, 1.500000000000000400 ) ;
#3704 = CARTESIAN_POINT ( 'NONE',  ( -0.6785254037844371500, -1.175240473580832400, -5.829166666666666600 ) ) ;
#3705 = CARTESIAN_POINT ( 'NONE',  ( 0.6785254037844363800, -1.175240473580832600, -5.245833333333334500 ) ) ;
#3706 = CARTESIAN_POINT ( 'NONE',  ( 0.6785254037844376000, 1.175240473580831900, -2.579166666666666600 ) ) ;
#3707 = ADVANCED_FACE ( 'NONE', ( #3583 ), #2678, .F. ) ;
#3708 = CARTESIAN_POINT ( 'NONE',  ( 0.8660254037844326000, 1.500000000000012000, -3.829166666666666600 ) ) ;
#3709 = LINE ( 'NONE', #1058, #207 ) ;
#3710 = CARTESIAN_POINT ( 'NONE',  ( 1.500000000000002400, 0.4019237886466808800, -7.952670900630743700 ) ) ;
#3711 = CARTESIAN_POINT ( 'NONE',  ( -1.870113174931180700E-016, -1.527063293868261800, -0.5531249999999980900 ) ) ;
#3712 = CARTESIAN_POINT ( 'NONE',  ( 1.322475605676655800, -0.7635316469341314500, -3.501041666666671500 ) ) ;
#3713 = AXIS2_PLACEMENT_3D ( 'NONE', #1427, #3965, #4233 ) ;
#3714 = CARTESIAN_POINT ( 'NONE',  ( -0.6785254037844371500, -1.175240473580831900, -1.391666666666667100 ) ) ;
#3715 = CARTESIAN_POINT ( 'NONE',  ( -1.357050807568873400, 1.046809103374680900E-016, -2.975000000000000500 ) ) ;
#3716 = CARTESIAN_POINT ( 'NONE',  ( -1.836970198721030700E-016, -1.500000000000000400, -4.537500000000000500 ) ) ;
#3717 = CARTESIAN_POINT ( 'NONE',  ( -0.6785254037844370400, -1.175240473580832200, -3.891666666666666600 ) ) ;
#3718 = CARTESIAN_POINT ( 'NONE',  ( 1.357050807568873600, -2.277006752164423400E-016, -4.162500000000000500 ) ) ;
#3719 = CARTESIAN_POINT ( 'NONE',  ( 0.0000000000000000000, 3.252606517456513300E-016, 2.399999999999999500 ) ) ;
#3720 = CARTESIAN_POINT ( 'NONE',  ( -0.6785254037844367100, 1.175240473580832400, -1.995833333333333800 ) ) ;
#3721 = CARTESIAN_POINT ( 'NONE',  ( -0.6785254037844372600, -1.175240473580832200, -3.829166666666666600 ) ) ;
#3722 = DIRECTION ( 'NONE',  ( -0.0000000000000000000, -2.585091490897065700E-018, 1.000000000000000000 ) ) ;
#3723 = CARTESIAN_POINT ( 'NONE',  ( 0.8816504037844369300, -1.527063293868262000, -2.011458333333331800 ) ) ;
#3724 = CARTESIAN_POINT ( 'NONE',  ( -1.870113174931180700E-016, -1.527063293868261800, -3.584375000000005000 ) ) ;
#3725 = VERTEX_POINT ( 'NONE', #890 ) ;
#3726 = CARTESIAN_POINT ( 'NONE',  ( 0.6785254037844362700, -1.175240473580832400, -4.808333333333332700 ) ) ;
#3727 = CARTESIAN_POINT ( 'NONE',  ( 0.0000000000000000000, 0.0000000000000000000, 0.0000000000000000000 ) ) ;
#3728 = CARTESIAN_POINT ( 'NONE',  ( -1.357050807568873400, 1.046809103374680900E-016, -3.474999999999999600 ) ) ;
#3729 = EDGE_LOOP ( 'NONE', ( #3130, #4149, #1698, #2397, #4163, #3111, #1694, #3858, #2441, #4245, #3811, #2449, #335, #396, #1091, #3074, #1640, #1078, #4480, #4702, #4042, #846, #2728, #2671, #1126, #3508, #1582, #3493, #4065, #4698, #452, #457, #1181, #3739, #3730, #4414, #173, #2182, #1591 ) ) ;
#3730 = ORIENTED_EDGE ( 'NONE', *, *, #1236, .F. ) ;
#3731 = CARTESIAN_POINT ( 'NONE',  ( 0.0000000000000000000, 1.175240473580832400, -3.537499999999999600 ) ) ;
#3732 = CARTESIAN_POINT ( 'NONE',  ( 0.0000000000000000000, -1.500000000000000400, 1.649999999999999500 ) ) ;
#3733 = ORIENTED_EDGE ( 'NONE', *, *, #1902, .T. ) ;
#3734 = CARTESIAN_POINT ( 'NONE',  ( -0.6785254037844372600, -1.175240473580832200, -3.329166666666667500 ) ) ;
#3735 = VERTEX_POINT ( 'NONE', #2370 ) ;
#3736 = B_SPLINE_CURVE_WITH_KNOTS ( 'NONE', 3,
 ( #1273, #2736, #1634, #2073, #4189, #4572 ),
 .UNSPECIFIED., .F., .F.,
 ( 4, 2, 4 ),
 ( 0.0000000000000000000, 0.0004027052821109771000, 0.0008054105642219542100 ),
 .UNSPECIFIED. ) ;
#3737 = CARTESIAN_POINT ( 'NONE',  ( 1.322475605676656900, 0.7635316469341297800, -0.3864583333333324000 ) ) ;
#3738 = CARTESIAN_POINT ( 'NONE',  ( 0.8816504037844369300, -1.527063293868262000, -4.542708333333338000 ) ) ;
#3739 = ORIENTED_EDGE ( 'NONE', *, *, #292, .F. ) ;
#3740 = CARTESIAN_POINT ( 'NONE',  ( 1.335140067605507200, -0.03795051484798063500, -0.2276909751451648700 ) ) ;
#3741 = CARTESIAN_POINT ( 'NONE',  ( -0.6785254037844366000, 1.175240473580832400, -2.558333333333333600 ) ) ;
#3742 = AXIS2_PLACEMENT_3D ( 'NONE', #3994, #4674, #1079 ) ;
#3743 = FACE_OUTER_BOUND ( 'NONE', #291, .T. ) ;
#3744 = EDGE_CURVE ( 'NONE', #4639, #958, #3399, .T. ) ;
#3745 = CARTESIAN_POINT ( 'NONE',  ( 1.017788105676654900, -0.5876202367904166400, -4.266666666666666600 ) ) ;
#3746 = CARTESIAN_POINT ( 'NONE',  ( 0.6785254037844363800, -1.175240473580832600, -3.745833333333333600 ) ) ;
#3747 = CARTESIAN_POINT ( 'NONE',  ( 0.0000000000000000000, 1.500000000000000400, -0.3500000000000029200 ) ) ;
#3748 = FACE_OUTER_BOUND ( 'NONE', #963, .T. ) ;
#3749 = ORIENTED_EDGE ( 'NONE', *, *, #474, .F. ) ;
#3750 = CARTESIAN_POINT ( 'NONE',  ( -1.763300807568875000, 1.295565484451488300E-016, -2.178124999999998300 ) ) ;
#3751 = FACE_OUTER_BOUND ( 'NONE', #2783, .T. ) ;
#3752 = ORIENTED_EDGE ( 'NONE', *, *, #1598, .F. ) ;
#3753 = CARTESIAN_POINT ( 'NONE',  ( 0.0000000000000000000, 1.527063293868261800, -4.334375000000005000 ) ) ;
#3754 = CARTESIAN_POINT ( 'NONE',  ( -0.6785254037844371500, -1.175240473580831900, -0.8916666666666675000 ) ) ;
#3755 = CARTESIAN_POINT ( 'NONE',  ( -1.017788105676655100, 0.5876202367904161900, -1.016666666666666600 ) ) ;
#3756 = CARTESIAN_POINT ( 'NONE',  ( -0.1280667675209238600, -1.180319890091832600, -8.289539256206451200 ) ) ;
#3757 = CARTESIAN_POINT ( 'NONE',  ( -0.8660254037844455900, 1.499999999999988000, -7.745833333333331800 ) ) ;
#3758 = VECTOR ( 'NONE', #2781, 1000.000000000000000 ) ;
#3759 = CARTESIAN_POINT ( 'NONE',  ( 1.017788105676655600, 0.5876202367904153100, -0.6833333333333344600 ) ) ;
#3760 = CARTESIAN_POINT ( 'NONE',  ( -0.6785254037844371500, -1.175240473580832400, -3.329166666666667500 ) ) ;
#3761 = CARTESIAN_POINT ( 'NONE',  ( 0.0000000000000000000, 1.500000000000000400, -4.787499999999999600 ) ) ;
#3762 = CARTESIAN_POINT ( 'NONE',  ( -1.754010341813028400, 0.3476932613749285600, 2.106932636468940200 ) ) ;
#3763 = CARTESIAN_POINT ( 'NONE',  ( 0.0000000000000000000, 1.500000000000000400, -4.850000000000002300 ) ) ;
#3764 = B_SPLINE_CURVE_WITH_KNOTS ( 'NONE', 3,
 ( #4304, #1416, #2814, #4373, #4031, #3242 ),
 .UNSPECIFIED., .F., .F.,
 ( 4, 2, 4 ),
 ( 0.0000000000000000000, 0.0004026747511490883000, 0.0008053495022981765900 ),
 .UNSPECIFIED. ) ;
#3765 = DIRECTION ( 'NONE',  ( -0.0000000000000000000, -2.585091490897065700E-018, 1.000000000000000000 ) ) ;
#3766 = CARTESIAN_POINT ( 'NONE',  ( -1.322475605676656200, -0.7635316469341305600, -0.6364583333333326800 ) ) ;
#3767 = CARTESIAN_POINT ( 'NONE',  ( -0.8816504037844373800, 1.527063293868261600, -0.7927083333333387900 ) ) ;
#3768 = CARTESIAN_POINT ( 'NONE',  ( -1.439254484199185900E-016, -1.175240473580832200, -0.8500000000000000900 ) ) ;
#3769 = EDGE_CURVE ( 'NONE', #4140, #1586, #876, .T. ) ;
#3770 = EDGE_CURVE ( 'NONE', #1294, #2558, #2438, .T. ) ;
#3771 = CARTESIAN_POINT ( 'NONE',  ( -1.357050807568873400, 1.046809103374680900E-016, -1.475000000000000500 ) ) ;
#3772 = CARTESIAN_POINT ( 'NONE',  ( 1.017788105676655600, 0.5876202367904153100, 0.3166666666666664900 ) ) ;
#3773 = CARTESIAN_POINT ( 'NONE',  ( 1.017788105676655800, 0.5876202367904153100, -4.620833333333333600 ) ) ;
#3774 = CARTESIAN_POINT ( 'NONE',  ( 0.0000000000000000000, 6.628682924999594700E-017, 1.649999999999999500 ) ) ;
#3775 = EDGE_LOOP ( 'NONE', ( #4242, #4294, #3478, #2094, #446, #2616, #4435, #3899, #742, #1961, #53, #3210, #4646 ) ) ;
#3776 = DIRECTION ( 'NONE',  ( 0.2588190451025213500, 0.0000000000000000000, 0.9659258262890680900 ) ) ;
#3777 = CARTESIAN_POINT ( 'NONE',  ( 1.299038105676658900, 0.7499999999999990000, -4.933333333333335300 ) ) ;
#3778 = CARTESIAN_POINT ( 'NONE',  ( 0.8660254037844521400, -1.499999999999976500, -6.995833333333330900 ) ) ;
#3779 = ORIENTED_EDGE ( 'NONE', *, *, #4620, .T. ) ;
#3780 = CARTESIAN_POINT ( 'NONE',  ( -1.836970198721030400E-016, -1.500000000000000400, -3.100000000000003600 ) ) ;
#3781 = CARTESIAN_POINT ( 'NONE',  ( -1.547964847654149400, 0.2773202059209209400, 1.302564931924501800 ) ) ;
#3782 = CARTESIAN_POINT ( 'NONE',  ( 1.763300807568875000, -3.023275895394842700E-016, -1.959375000000005400 ) ) ;
#3783 = CARTESIAN_POINT ( 'NONE',  ( 1.017788105676654900, -0.5876202367904166400, -0.2666666666666667700 ) ) ;
#3784 = VERTEX_POINT ( 'NONE', #2662 ) ;
#3785 = CARTESIAN_POINT ( 'NONE',  ( -0.6785254037844370400, -1.175240473580832200, -1.891666666666666400 ) ) ;
#3786 = ORIENTED_EDGE ( 'NONE', *, *, #4566, .F. ) ;
#3787 = CARTESIAN_POINT ( 'NONE',  ( 0.0000000000000000000, 1.500000000000000400, -5.350000000000002300 ) ) ;
#3788 = CARTESIAN_POINT ( 'NONE',  ( -0.6785254037844366000, 1.175240473580832400, -1.558333333333333600 ) ) ;
#3789 = ORIENTED_EDGE ( 'NONE', *, *, #4155, .F. ) ;
#3790 = ORIENTED_EDGE ( 'NONE', *, *, #2013, .T. ) ;
#3791 = CARTESIAN_POINT ( 'NONE',  ( -1.439254484199186200E-016, -1.175240473580832400, -2.287500000000000500 ) ) ;
#3792 = CARTESIAN_POINT ( 'NONE',  ( -1.836970198721030700E-016, -1.500000000000000400, -0.03750000000000094200 ) ) ;
#3793 = ORIENTED_EDGE ( 'NONE', *, *, #4291, .T. ) ;
#3794 = CARTESIAN_POINT ( 'NONE',  ( -1.357050807568873400, 1.046809103374680800E-016, -7.474999999999999600 ) ) ;
#3795 = CARTESIAN_POINT ( 'NONE',  ( 0.0000000000000000000, 1.500000000000000400, -4.787499999999999600 ) ) ;
#3796 = CYLINDRICAL_SURFACE ( 'NONE', #3280, 1.500000000000000400 ) ;
#3797 = B_SPLINE_CURVE_WITH_KNOTS ( 'NONE', 3,
 ( #2213, #1808, #2195, #4705, #22, #748, #3274 ),
 .UNSPECIFIED., .F., .F.,
 ( 4, 3, 4 ),
 ( 0.001312154219066683500, 0.001730781375488252700, 0.002145469335525626900 ),
 .UNSPECIFIED. ) ;
#3798 = EDGE_CURVE ( 'NONE', #3180, #1132, #2578, .T. ) ;
#3799 = CARTESIAN_POINT ( 'NONE',  ( -0.8660254037844457000, 1.499999999999987800, -3.308333333333334900 ) ) ;
#3800 = CARTESIAN_POINT ( 'NONE',  ( -0.8816504037844373800, 1.527063293868261600, -2.292708333333338500 ) ) ;
#3801 = CARTESIAN_POINT ( 'NONE',  ( -1.299038105676658400, -0.7499999999999998900, -1.120833333333333800 ) ) ;
#3802 = CARTESIAN_POINT ( 'NONE',  ( 1.017788105676655600, 0.5876202367904153100, -1.183333333333334000 ) ) ;
#3803 = CARTESIAN_POINT ( 'NONE',  ( 1.299038105676658900, 0.7499999999999990000, -0.9333333333333370100 ) ) ;
#3804 = FACE_OUTER_BOUND ( 'NONE', #442, .T. ) ;
#3805 = CARTESIAN_POINT ( 'NONE',  ( -0.8660254037844393700, -1.500000000000000000, -7.579166666666665700 ) ) ;
#3806 = CC_DESIGN_PERSON_AND_ORGANIZATION_ASSIGNMENT ( #4073, #2589, ( #91 ) ) ;
#3807 = EDGE_CURVE ( 'NONE', #2292, #2979, #4110, .T. ) ;
#3808 = CARTESIAN_POINT ( 'NONE',  ( 1.017788105676654900, -0.5876202367904166400, -1.266666666666666800 ) ) ;
#3809 = FACE_OUTER_BOUND ( 'NONE', #1662, .T. ) ;
#3810 = CARTESIAN_POINT ( 'NONE',  ( -0.6785254037844371500, -1.175240473580832400, -1.329166666666666800 ) ) ;
#3811 = ORIENTED_EDGE ( 'NONE', *, *, #2175, .F. ) ;
#3812 = CARTESIAN_POINT ( 'NONE',  ( -1.836970198721030400E-016, -1.500000000000000400, -5.100000000000004100 ) ) ;
#3813 = CARTESIAN_POINT ( 'NONE',  ( 1.017788105676654900, -0.5876202367904166400, -6.766666666666666600 ) ) ;
#3814 = CYLINDRICAL_SURFACE ( 'NONE', #1654, 1.500000000000000400 ) ;
#3815 = ORIENTED_EDGE ( 'NONE', *, *, #2938, .T. ) ;
#3816 = CARTESIAN_POINT ( 'NONE',  ( 0.8816504037844369300, -1.527063293868262000, -2.542708333333338900 ) ) ;
#3817 = CARTESIAN_POINT ( 'NONE',  ( 0.3007757356198092500, -1.616743081799924700, 1.570662863171512900 ) ) ;
#3818 = FACE_OUTER_BOUND ( 'NONE', #1861, .T. ) ;
#3819 = CARTESIAN_POINT ( 'NONE',  ( -1.017788105676655300, -0.5876202367904158600, 1.066666666666667100 ) ) ;
#3820 = CARTESIAN_POINT ( 'NONE',  ( 1.299038105676658000, -0.7500000000000008900, -0.9541666666666672700 ) ) ;
#3821 = DIRECTION ( 'NONE',  ( 0.0000000000000000000, -1.000000000000000000, 0.0000000000000000000 ) ) ;
#3822 = CARTESIAN_POINT ( 'NONE',  ( 0.6785254037844362700, -1.175240473580832400, -0.8083333333333335700 ) ) ;
#3823 = CARTESIAN_POINT ( 'NONE',  ( -1.017788105676655300, 0.5876202367904163100, -2.454166666666667100 ) ) ;
#3824 = CARTESIAN_POINT ( 'NONE',  ( 1.732050807568877600, -2.965870576684816000E-016, -4.912500000000000500 ) ) ;
#3825 = DIRECTION ( 'NONE',  ( -0.08714264840443954100, -0.01733375049386088500, 0.9960450290638855900 ) ) ;
#3826 = EDGE_CURVE ( 'NONE', #677, #3725, #1270, .T. ) ;
#3827 = CARTESIAN_POINT ( 'NONE',  ( 0.3005524195711904400, -0.8779254213204359400, 0.6550607433842182700 ) ) ;
#3828 = EDGE_CURVE ( 'NONE', #2493, #910, #688, .T. ) ;
#3829 = CARTESIAN_POINT ( 'NONE',  ( -0.6785254037844366000, 1.175240473580832200, -7.058333333333333600 ) ) ;
#3830 = DIRECTION ( 'NONE',  ( 0.0000000000000000000, -1.000000000000000000, 0.0000000000000000000 ) ) ;
#3831 = CARTESIAN_POINT ( 'NONE',  ( 1.763300807568875000, -3.023275895394842700E-016, -0.4593750000000049200 ) ) ;
#3832 = AXIS2_PLACEMENT_3D ( 'NONE', #3212, #1110, #3938 ) ;
#3833 = DIRECTION ( 'NONE',  ( -0.0000000000000000000, -2.585091490897065700E-018, 1.000000000000000000 ) ) ;
#3834 =( BOUNDED_CURVE ( )  B_SPLINE_CURVE ( 2, ( #940, #1290, #952, #4550, #3803, #3486, #1642 ),
 .UNSPECIFIED., .F., .F. ) 
 B_SPLINE_CURVE_WITH_KNOTS ( ( 3, 2, 2, 3 ),
 ( 0.6904761904761903500, 0.6984126984126982600, 0.7063492063492062800, 0.7142857142857141900 ),
 .UNSPECIFIED. ) 
 CURVE ( )  GEOMETRIC_REPRESENTATION_ITEM ( )  RATIONAL_B_SPLINE_CURVE ( ( 1.000000000000001800, 0.8660254037844367100, 1.000000000000000000, 0.8660254037844386000, 1.000000000000000000, 0.8660254037844404800, 0.9999999999999981100 ) ) 
 REPRESENTATION_ITEM ( '' )  );
#3835 = ORIENTED_EDGE ( 'NONE', *, *, #2076, .F. ) ;
#3836 = EDGE_CURVE ( 'NONE', #1947, #1786, #3893, .T. ) ;
#3837 = CARTESIAN_POINT ( 'NONE',  ( -1.299038105676658400, -0.7499999999999998900, -6.683333333333335300 ) ) ;
#3838 = CARTESIAN_POINT ( 'NONE',  ( 1.357050807568873600, -2.277006752164423400E-016, -1.162500000000000300 ) ) ;
#3839 = CARTESIAN_POINT ( 'NONE',  ( -0.6785254037844370400, -1.175240473580832200, 1.108333333333332700 ) ) ;
#3840 = ORIENTED_EDGE ( 'NONE', *, *, #21, .F. ) ;
#3841 = CARTESIAN_POINT ( 'NONE',  ( 0.0000000000000000000, 1.175240473580832400, -1.037500000000000300 ) ) ;
#3842 = CALENDAR_DATE ( 2021, 8, 9 ) ;
#3843 = CARTESIAN_POINT ( 'NONE',  ( 1.836970198721030400E-016, 1.500000000000000400, 1.649999999999999500 ) ) ;
#3844 = ORIENTED_EDGE ( 'NONE', *, *, #4077, .F. ) ;
#3845 = CARTESIAN_POINT ( 'NONE',  ( 1.299038105676658900, 0.7499999999999990000, -1.933333333333336200 ) ) ;
#3846 = VERTEX_POINT ( 'NONE', #534 ) ;
#3847 = CARTESIAN_POINT ( 'NONE',  ( 1.017788105676655600, 0.5876202367904153100, -7.683333333333333600 ) ) ;
#3848 = ORIENTED_EDGE ( 'NONE', *, *, #1343, .F. ) ;
#3849 = CARTESIAN_POINT ( 'NONE',  ( 0.6785254037844376000, 1.175240473580831900, -1.079166666666666600 ) ) ;
#3850 = ORIENTED_EDGE ( 'NONE', *, *, #2461, .T. ) ;
#3851 = CARTESIAN_POINT ( 'NONE',  ( 1.547964847654338800, 0.2773202059209912100, 1.302564931925244100 ) ) ;
#3852 = CARTESIAN_POINT ( 'NONE',  ( -0.6785254037844371500, -1.175240473580832400, -8.329166666666667500 ) ) ;
#3853 = ORIENTED_EDGE ( 'NONE', *, *, #3551, .F. ) ;
#3854 = CARTESIAN_POINT ( 'NONE',  ( 0.0000000000000000000, 6.628682924999594700E-017, 1.649999999999999500 ) ) ;
#3855 = CARTESIAN_POINT ( 'NONE',  ( 0.6785254037844372600, 1.175240473580831900, 1.858333333333333400 ) ) ;
#3856 = CARTESIAN_POINT ( 'NONE',  ( 1.732050807568877600, -2.965870576684816000E-016, -0.9125000000000000900 ) ) ;
#3857 = CARTESIAN_POINT ( 'NONE',  ( -1.299038105676658400, 0.7500000000000003300, -6.766666666666669300 ) ) ;
#3858 = ORIENTED_EDGE ( 'NONE', *, *, #2717, .F. ) ;
#3859 = CARTESIAN_POINT ( 'NONE',  ( 1.017788105676655100, -0.5876202367904167500, -1.204166666666666800 ) ) ;
#3860 = CARTESIAN_POINT ( 'NONE',  ( 1.763300807568875000, -3.023275895394842700E-016, -8.428124999999997900 ) ) ;
#3861 = CARTESIAN_POINT ( 'NONE',  ( -0.6785254037844371500, -1.175240473580832400, -1.829166666666666600 ) ) ;
#3862 = VECTOR ( 'NONE', #1455, 1000.000000000000000 ) ;
#3863 = CARTESIAN_POINT ( 'NONE',  ( 0.0000000000000000000, 1.301882938682636700, -8.173117061317363200 ) ) ;
#3864 = DIRECTION ( 'NONE',  ( 0.9203638919632243200, 0.3812272063696534600, -0.08715574274765836000 ) ) ;
#3865 = LINE ( 'NONE', #1213, #1267 ) ;
#3866 = ORIENTED_EDGE ( 'NONE', *, *, #918, .F. ) ;
#3867 = CARTESIAN_POINT ( 'NONE',  ( -1.322475605676656200, 0.7635316469341311100, 1.248958333333327600 ) ) ;
#3868 = CARTESIAN_POINT ( 'NONE',  ( -0.3242336736452138300, 1.685413603368581800, 1.838788321716946500 ) ) ;
#3869 = CARTESIAN_POINT ( 'NONE',  ( -0.2773202059199728600, -1.547964847651385400, 1.302564931913726000 ) ) ;
#3870 = CARTESIAN_POINT ( 'NONE',  ( -0.9766879735806958100, 0.2678159961287119900, 0.7413608489943259700 ) ) ;
#3871 = CARTESIAN_POINT ( 'NONE',  ( -0.8660254037844318200, 1.500000000000012900, -2.808333333333337600 ) ) ;
#3872 = CC_DESIGN_APPROVAL ( #896, ( #1438 ) ) ;
#3873 = VECTOR ( 'NONE', #1344, 1000.000000000000000 ) ;
#3874 = ORIENTED_EDGE ( 'NONE', *, *, #4656, .F. ) ;
#3875 = CARTESIAN_POINT ( 'NONE',  ( 0.6785254037844376000, 1.175240473580832200, -0.07916666666666663500 ) ) ;
#3876 = CARTESIAN_POINT ( 'NONE',  ( -1.870113174931180700E-016, -1.527063293868261800, -8.553124999999997900 ) ) ;
#3877 = CARTESIAN_POINT ( 'NONE',  ( -1.017788105676655100, 0.5876202367904161900, -8.516666666666667500 ) ) ;
#3878 = CYLINDRICAL_SURFACE ( 'NONE', #2428, 1.500000000000000400 ) ;
#3879 = CARTESIAN_POINT ( 'NONE',  ( 1.299038105676658000, -0.7500000000000007800, -0.5166666666666703800 ) ) ;
#3880 = CARTESIAN_POINT ( 'NONE',  ( 2.271282991659793700E-030, -3.252606517456513300E-016, 2.399999999999999500 ) ) ;
#3881 = CARTESIAN_POINT ( 'NONE',  ( 0.0000000000000000000, 6.628682924999594700E-017, 1.649999999999999500 ) ) ;
#3882 = CARTESIAN_POINT ( 'NONE',  ( 1.322475605676656900, 0.7635316469341297800, 1.582291666666660700 ) ) ;
#3883 = CARTESIAN_POINT ( 'NONE',  ( -0.6785254037844367100, 1.175240473580832200, -7.995833333333333600 ) ) ;
#3884 = CARTESIAN_POINT ( 'NONE',  ( 0.0000000000000000000, 9.116833484988020300E-017, -7.975000000000003200 ) ) ;
#3885 = CARTESIAN_POINT ( 'NONE',  ( 1.357050807568873400, -2.277006752164422900E-016, 0.7749999999999995800 ) ) ;
#3886 = DIRECTION ( 'NONE',  ( 0.0000000000000000000, -0.08715574274765836000, 0.9961946980917455500 ) ) ;
#3887 = CARTESIAN_POINT ( 'NONE',  ( 1.017788105676655800, 0.5876202367904153100, 0.3791666666666665400 ) ) ;
#3888 = CARTESIAN_POINT ( 'NONE',  ( -0.6785254037844370400, -1.175240473580832200, 1.608333333333333200 ) ) ;
#3889 = CARTESIAN_POINT ( 'NONE',  ( 1.017788105676655100, -0.5876202367904167500, 0.7958333333333323900 ) ) ;
#3890 = CARTESIAN_POINT ( 'NONE',  ( 0.6009060487522589500, 1.066330158545127700, -0.1641131766911130600 ) ) ;
#3891 = AXIS2_PLACEMENT_3D ( 'NONE', #1240, #260, #1693 ) ;
#3892 = CARTESIAN_POINT ( 'NONE',  ( 0.4064470813528435800, -0.5683621456238622200, 0.4192493202350445800 ) ) ;
#3893 =( BOUNDED_CURVE ( )  B_SPLINE_CURVE ( 2, ( #1580, #882, #1944, #4479, #4100, #2710, #2328 ),
 .UNSPECIFIED., .F., .F. ) 
 B_SPLINE_CURVE_WITH_KNOTS ( ( 3, 2, 2, 3 ),
 ( 0.6904761904761903500, 0.6984126984126982600, 0.7063492063492061700, 0.7142857142857141900 ),
 .UNSPECIFIED. ) 
 CURVE ( )  GEOMETRIC_REPRESENTATION_ITEM ( )  RATIONAL_B_SPLINE_CURVE ( ( 1.000000000000001800, 0.8660254037844368200, 1.000000000000000000, 0.8660254037844387100, 1.000000000000000000, 0.8660254037844405900, 0.9999999999999981100 ) ) 
 REPRESENTATION_ITEM ( '' )  );
#3894 = ORIENTED_EDGE ( 'NONE', *, *, #4074, .T. ) ;
#3895 = CARTESIAN_POINT ( 'NONE',  ( 1.357050807568873600, -2.277006752164422900E-016, -0.6624999999999997600 ) ) ;
#3896 = DIRECTION ( 'NONE',  ( -2.226014740109637600E-016, -0.9961946980917455500, 0.08715574274765836000 ) ) ;
#3897 = CARTESIAN_POINT ( 'NONE',  ( -1.357050807568873600, 1.046809103374681200E-016, -8.412499999999999600 ) ) ;
#3898 = EDGE_CURVE ( 'NONE', #3846, #3229, #1612, .T. ) ;
#3899 = ORIENTED_EDGE ( 'NONE', *, *, #1074, .F. ) ;
#3900 = CARTESIAN_POINT ( 'NONE',  ( -4.336808689942017700E-016, 0.0000000000000000000, -0.2700448945233964200 ) ) ;
#3901 = CARTESIAN_POINT ( 'NONE',  ( -1.017788105676655300, -0.5876202367904159700, 0.6291666666666667600 ) ) ;
#3902 = CARTESIAN_POINT ( 'NONE',  ( -1.870113174931180700E-016, -1.527063293868261800, -8.053124999999997900 ) ) ;
#3903 = EDGE_LOOP ( 'NONE', ( #186, #1342, #3526, #133 ) ) ;
#3904 = ORIENTED_EDGE ( 'NONE', *, *, #673, .T. ) ;
#3905 = CARTESIAN_POINT ( 'NONE',  ( -0.6785254037844367100, 1.175240473580832400, 0.004166666666666207800 ) ) ;
#3906 = CARTESIAN_POINT ( 'NONE',  ( -0.8818520446082560600, 0.9987392744463456900, -0.1143671568296050600 ) ) ;
#3907 = CARTESIAN_POINT ( 'NONE',  ( -1.685413603370638400, -0.3242336736459235900, 1.838788321724992100 ) ) ;
#3908 = ORIENTED_EDGE ( 'NONE', *, *, #2047, .T. ) ;
#3909 = CARTESIAN_POINT ( 'NONE',  ( -1.299038105676658400, -0.7499999999999998900, -4.683333333333336200 ) ) ;
#3910 = CARTESIAN_POINT ( 'NONE',  ( 1.322475605676655800, -0.7635316469341314500, 1.498958333333327800 ) ) ;
#3911 = LINE ( 'NONE', #696, #3862 ) ;
#3912 = CARTESIAN_POINT ( 'NONE',  ( -0.8816504037844380400, -1.527063293868261300, 1.405208333333334500 ) ) ;
#3913 = CARTESIAN_POINT ( 'NONE',  ( 1.322475605676656900, 0.7635316469341297800, -5.886458333333331800 ) ) ;
#3914 = EDGE_CURVE ( 'NONE', #4324, #4140, #3307, .T. ) ;
#3915 = LINE ( 'NONE', #2795, #4261 ) ;
#3916 = CARTESIAN_POINT ( 'NONE',  ( 1.017788105676654900, -0.5876202367904166400, -8.266666666666667500 ) ) ;
#3917 =( BOUNDED_CURVE ( )  B_SPLINE_CURVE ( 2, ( #3792, #4489, #889, #512, #3385, #4111, #1226 ),
 .UNSPECIFIED., .F., .F. ) 
 B_SPLINE_CURVE_WITH_KNOTS ( ( 3, 2, 2, 3 ),
 ( 0.1666666666666666300, 0.1746031746031746500, 0.1825396825396825600, 0.1904761904761904700 ),
 .UNSPECIFIED. ) 
 CURVE ( )  GEOMETRIC_REPRESENTATION_ITEM ( )  RATIONAL_B_SPLINE_CURVE ( ( 1.000000000000000000, 0.8660254037844387100, 1.000000000000000000, 0.8660254037844387100, 1.000000000000000000, 0.8660254037844387100, 1.000000000000000000 ) ) 
 REPRESENTATION_ITEM ( '' )  );
#3918 = CARTESIAN_POINT ( 'NONE',  ( 0.9923173601650194800, 0.6597675713110621200, -0.1829835783688793200 ) ) ;
#3919 = CARTESIAN_POINT ( 'NONE',  ( 0.6785254037844376000, 1.175240473580831900, -2.079166666666666600 ) ) ;
#3920 = LINE ( 'NONE', #3259, #1890 ) ;
#3921 = VERTEX_POINT ( 'NONE', #3037 ) ;
#3922 = ORIENTED_EDGE ( 'NONE', *, *, #1107, .T. ) ;
#3923 = EDGE_CURVE ( 'NONE', #3018, #4529, #1518, .T. ) ;
#3924 = DIRECTION ( 'NONE',  ( -0.3826834323650800700, -0.9238795325112907400, 0.0000000000000000000 ) ) ;
#3925 = DIRECTION ( 'NONE',  ( 0.0000000000000000000, -0.08715574274765836000, -0.9961946980917455500 ) ) ;
#3926 = CARTESIAN_POINT ( 'NONE',  ( -0.6785254037844367100, 1.175240473580832400, -6.995833333333332700 ) ) ;
#3927 = CARTESIAN_POINT ( 'NONE',  ( 1.017788105676655800, 0.5876202367904153100, -7.620833333333333600 ) ) ;
#3928 = CARTESIAN_POINT ( 'NONE',  ( -0.8660254037844389300, 1.500000000000000900, -2.308333333333337100 ) ) ;
#3929 = CARTESIAN_POINT ( 'NONE',  ( -1.732050807568877600, 1.276430378214812400E-016, -3.662499999999999600 ) ) ;
#3930 = CARTESIAN_POINT ( 'NONE',  ( -0.6785254037844367100, 1.175240473580832400, 1.004166666666667100 ) ) ;
#3931 = CARTESIAN_POINT ( 'NONE',  ( 0.8816504037844382600, 1.527063293868261300, -7.344791666666665700 ) ) ;
#3932 = FACE_OUTER_BOUND ( 'NONE', #3124, .T. ) ;
#3933 = CARTESIAN_POINT ( 'NONE',  ( 0.0000000000000000000, 1.175240473580832200, -4.599999999999999600 ) ) ;
#3934 = CARTESIAN_POINT ( 'NONE',  ( 0.6785254037844363800, -1.175240473580832600, 0.7541666666666668700 ) ) ;
#3935 = CARTESIAN_POINT ( 'NONE',  ( 1.299038105676658000, -0.7500000000000008900, -5.454166666666666600 ) ) ;
#3936 = CARTESIAN_POINT ( 'NONE',  ( -1.017788105676655300, -0.5876202367904158600, -7.933333333333333600 ) ) ;
#3937 = CARTESIAN_POINT ( 'NONE',  ( 0.0000000000000000000, 1.500000000000000400, -4.350000000000002300 ) ) ;
#3938 = DIRECTION ( 'NONE',  ( -1.224646799147353200E-016, 1.000000000000000000, 0.0000000000000000000 ) ) ;
#3939 = CARTESIAN_POINT ( 'NONE',  ( -0.6785254037844371500, -1.175240473580832400, -6.829166666666665700 ) ) ;
#3940 = DIRECTION ( 'NONE',  ( -0.0000000000000000000, -0.0000000000000000000, -1.000000000000000000 ) ) ;
#3941 = CARTESIAN_POINT ( 'NONE',  ( -7.831715137542867600E-016, 0.1158621570531828300, -3.191530041392854700 ) ) ;
#3942 = CARTESIAN_POINT ( 'NONE',  ( -0.8660254037844389300, 1.500000000000000900, -7.308333333333338000 ) ) ;
#3943 = CARTESIAN_POINT ( 'NONE',  ( -0.1906536866924217800, -1.159672946348706100, -8.299759526419165900 ) ) ;
#3944 = CARTESIAN_POINT ( 'NONE',  ( -1.322475605676656200, 0.7635316469341311100, -5.719791666666664800 ) ) ;
#3945 = ORIENTED_EDGE ( 'NONE', *, *, #1571, .F. ) ;
#3946 = CARTESIAN_POINT ( 'NONE',  ( -1.017788105676655300, -0.5876202367904158600, -5.433333333333333600 ) ) ;
#3947 = CARTESIAN_POINT ( 'NONE',  ( -0.6785254037844370400, -1.175240473580832200, -7.891666666666666600 ) ) ;
#3948 = DIRECTION ( 'NONE',  ( 1.000000000000000000, 0.0000000000000000000, 0.0000000000000000000 ) ) ;
#3949 = ORIENTED_EDGE ( 'NONE', *, *, #3950, .F. ) ;
#3950 = EDGE_CURVE ( 'NONE', #3115, #3846, #213, .T. ) ;
#3951 = CARTESIAN_POINT ( 'NONE',  ( 1.017788105676655600, 0.5876202367904153100, -7.683333333333333600 ) ) ;
#3952 = APPROVAL_DATE_TIME ( #1003, #4513 ) ;
#3953 = DIRECTION ( 'NONE',  ( 0.0000000000000000000, 0.0000000000000000000, 1.000000000000000000 ) ) ;
#3954 = EDGE_LOOP ( 'NONE', ( #2447, #2297, #391, #4587 ) ) ;
#3955 = CARTESIAN_POINT ( 'NONE',  ( -0.6785254037844371500, -1.175240473580832400, -5.829166666666666600 ) ) ;
#3956 = VERTEX_POINT ( 'NONE', #2682 ) ;
#3957 = CARTESIAN_POINT ( 'NONE',  ( -1.017788105676655300, 0.5876202367904163100, -6.454166666666667500 ) ) ;
#3958 = CARTESIAN_POINT ( 'NONE',  ( -0.3608467652685236600, -1.414195407991916800, -8.026616461239733300 ) ) ;
#3959 = ORIENTED_EDGE ( 'NONE', *, *, #4326, .T. ) ;
#3960 = CARTESIAN_POINT ( 'NONE',  ( 1.500000000000000400, -5.983454197899959000E-015, -7.975000000000003200 ) ) ;
#3961 = ORIENTED_EDGE ( 'NONE', *, *, #871, .F. ) ;
#3962 = ORIENTED_EDGE ( 'NONE', *, *, #3826, .T. ) ;
#3963 = CARTESIAN_POINT ( 'NONE',  ( -0.3627590212688093200, 1.099039475859551200, 2.279135060036726800 ) ) ;
#3964 = CARTESIAN_POINT ( 'NONE',  ( 0.8816504037844369300, -1.527063293868262000, -7.511458333333331800 ) ) ;
#3965 = DIRECTION ( 'NONE',  ( 0.0000000000000000000, 0.0000000000000000000, 1.000000000000000000 ) ) ;
#3966 = CARTESIAN_POINT ( 'NONE',  ( 1.017788105676654900, -0.5876202367904166400, -4.266666666666666600 ) ) ;
#3967 = CARTESIAN_POINT ( 'NONE',  ( -1.439254484199185900E-016, -1.175240473580832200, -6.349999999999999600 ) ) ;
#3968 = ADVANCED_FACE ( 'NONE', ( #4267 ), #4448, .T. ) ;
#3969 = ORIENTED_EDGE ( 'NONE', *, *, #1573, .T. ) ;
#3970 = DIRECTION ( 'NONE',  ( 0.0000000000000000000, -1.000000000000000000, 0.0000000000000000000 ) ) ;
#3971 = CARTESIAN_POINT ( 'NONE',  ( -1.017788105676655100, 0.5876202367904161900, -6.016666666666666600 ) ) ;
#3972 = LINE ( 'NONE', #2243, #1879 ) ;
#3973 = CARTESIAN_POINT ( 'NONE',  ( 0.0000000000000000000, -1.500000000000000400, 1.649999999999999500 ) ) ;
#3974 = CARTESIAN_POINT ( 'NONE',  ( -0.6785254037844367100, 1.175240473580832400, -7.495833333333332700 ) ) ;
#3975 = CARTESIAN_POINT ( 'NONE',  ( -1.439254484199186200E-016, -1.175240473580832400, -5.787500000000000500 ) ) ;
#3976 = CARTESIAN_POINT ( 'NONE',  ( 1.244508112163392300, -0.6632731711710416800, -8.067556224527560700 ) ) ;
#3977 = FACE_OUTER_BOUND ( 'NONE', #25, .T. ) ;
#3978 = DIRECTION ( 'NONE',  ( 0.0000000000000000000, -0.7071067811865500200, 0.7071067811865451300 ) ) ;
#3979 = CARTESIAN_POINT ( 'NONE',  ( 1.322475605676655800, -0.7635316469341314500, -5.969791666666664800 ) ) ;
#3980 =( BOUNDED_CURVE ( )  B_SPLINE_CURVE ( 2, ( #289, #1369, #1000, #3195, #2825, #3226, #3524 ),
 .UNSPECIFIED., .F., .F. ) 
 B_SPLINE_CURVE_WITH_KNOTS ( ( 3, 2, 2, 3 ),
 ( 0.2142857142857141400, 0.2222222222222220400, 0.2301587301587299200, 0.2380952380952379400 ),
 .UNSPECIFIED. ) 
 CURVE ( )  GEOMETRIC_REPRESENTATION_ITEM ( )  RATIONAL_B_SPLINE_CURVE ( ( 1.000000000000002900, 0.8660254037844360400, 1.000000000000000000, 0.8660254037844387100, 1.000000000000000000, 0.8660254037844419300, 0.9999999999999967800 ) ) 
 REPRESENTATION_ITEM ( '' )  );
#3981 = CARTESIAN_POINT ( 'NONE',  ( -0.8816504037844380400, -1.527063293868261300, -6.126041666666671900 ) ) ;
#3982 = AXIS2_PLACEMENT_3D ( 'NONE', #3269, #2935, #720 ) ;
#3983 = CARTESIAN_POINT ( 'NONE',  ( -1.357050807568873400, 1.046809103374680900E-016, -5.975000000000000500 ) ) ;
#3984 = CARTESIAN_POINT ( 'NONE',  ( 0.6785254037844362700, -1.175240473580832400, -6.808333333333332700 ) ) ;
#3985 = CYLINDRICAL_SURFACE ( 'NONE', #3497, 1.500000000000000400 ) ;
#3986 = CARTESIAN_POINT ( 'NONE',  ( -1.836970198721030400E-016, -1.500000000000000400, -7.100000000000002300 ) ) ;
#3987 = CARTESIAN_POINT ( 'NONE',  ( -1.017788105676655100, 0.5876202367904161900, -5.016666666666666600 ) ) ;
#3988 = CIRCLE ( 'NONE', #3832, 5.601666666666668300 ) ;
#3989 = EDGE_CURVE ( 'NONE', #2900, #1242, #4561, .T. ) ;
#3990 = CARTESIAN_POINT ( 'NONE',  ( 0.8660254037844350400, -1.500000000000007300, -4.558333333333338000 ) ) ;
#3991 = CARTESIAN_POINT ( 'NONE',  ( 0.0000000000000000000, 1.175240473580832400, -7.037500000000000500 ) ) ;
#3992 = CARTESIAN_POINT ( 'NONE',  ( 1.017788105676655800, 0.5876202367904153100, -5.620833333333333600 ) ) ;
#3993 = ADVANCED_FACE ( 'NONE', ( #4606 ), #4662, .T. ) ;
#3994 = CARTESIAN_POINT ( 'NONE',  ( 0.0000000000000000000, 0.0000000000000000000, -3.201666666666668000 ) ) ;
#3995 = PLANE ( 'NONE',  #1892 ) ;
#3996 = CARTESIAN_POINT ( 'NONE',  ( -1.322475605676656200, -0.7635316469341305600, -3.136458333333332200 ) ) ;
#3997 = CARTESIAN_POINT ( 'NONE',  ( -0.8816504037844373800, 1.527063293868261600, -7.292708333333338900 ) ) ;
#3998 = CARTESIAN_POINT ( 'NONE',  ( -1.357050807568873400, 1.046809103374680900E-016, -5.475000000000000500 ) ) ;
#3999 = CARTESIAN_POINT ( 'NONE',  ( 1.357050807568873400, -2.277006752164422900E-016, -7.225000000000001400 ) ) ;
#4000 = CARTESIAN_POINT ( 'NONE',  ( -0.6785254037844370400, -1.175240473580832200, -6.891666666666666600 ) ) ;
#4001 = CARTESIAN_POINT ( 'NONE',  ( 1.017788105676655800, 0.5876202367904153100, -7.620833333333333600 ) ) ;
#4002 = CARTESIAN_POINT ( 'NONE',  ( -1.355842015253082300, -0.2434470224394552900, -0.07384123730879312000 ) ) ;
#4003 = CARTESIAN_POINT ( 'NONE',  ( 0.0000000000000000000, 1.175240473580832400, -3.537499999999999600 ) ) ;
#4004 = CARTESIAN_POINT ( 'NONE',  ( 1.357050807568873600, -2.277006752164422900E-016, -6.662499999999998800 ) ) ;
#4005 = CARTESIAN_POINT ( 'NONE',  ( -0.8660254037844491400, 1.499999999999982200, -2.745833333333332700 ) ) ;
#4006 = ORIENTED_EDGE ( 'NONE', *, *, #3324, .F. ) ;
#4007 = EDGE_CURVE ( 'NONE', #1242, #894, #2745, .T. ) ;
#4008 = DIRECTION ( 'NONE',  ( -0.0000000000000000000, -2.585091490897065700E-018, 1.000000000000000000 ) ) ;
#4009 = CARTESIAN_POINT ( 'NONE',  ( -1.322475605676656200, -0.7635316469341305600, -2.636458333333331800 ) ) ;
#4010 = CARTESIAN_POINT ( 'NONE',  ( -0.8816504037844380400, -1.527063293868261300, -7.626041666666671900 ) ) ;
#4011 = CARTESIAN_POINT ( 'NONE',  ( -0.6785254037844371500, -1.175240473580831900, -2.891666666666666600 ) ) ;
#4012 = ORIENTED_EDGE ( 'NONE', *, *, #1432, .T. ) ;
#4013 = CARTESIAN_POINT ( 'NONE',  ( -1.017788105676655100, 0.5876202367904161900, -6.516666666666667500 ) ) ;
#4014 = CARTESIAN_POINT ( 'NONE',  ( -0.2497033349882845100, -1.232065576713978800, 0.9869026527258950600 ) ) ;
#4015 = ADVANCED_FACE ( 'NONE', ( #151 ), #818, .T. ) ;
#4016 = CARTESIAN_POINT ( 'NONE',  ( 0.4503631925185065900, -0.4503631925184971600, 0.3668648403299114000 ) ) ;
#4017 = EDGE_CURVE ( 'NONE', #1810, #1024, #2985, .T. ) ;
#4018 = CARTESIAN_POINT ( 'NONE',  ( 0.0000000000000000000, 1.175240473580832200, -6.599999999999999600 ) ) ;
#4019 = ORIENTED_EDGE ( 'NONE', *, *, #1174, .T. ) ;
#4020 = ORIENTED_EDGE ( 'NONE', *, *, #4326, .F. ) ;
#4021 = CARTESIAN_POINT ( 'NONE',  ( 1.357050807568873600, -2.277006752164423400E-016, -6.662500000000000500 ) ) ;
#4022 = CARTESIAN_POINT ( 'NONE',  ( -0.6785254037844367100, 1.175240473580832400, -4.995833333333333600 ) ) ;
#4023 = CARTESIAN_POINT ( 'NONE',  ( 0.6785254037844376000, 1.175240473580831900, -5.579166666666666600 ) ) ;
#4024 = VERTEX_POINT ( 'NONE', #2062 ) ;
#4025 =( LENGTH_UNIT ( ) NAMED_UNIT ( * ) SI_UNIT ( .MILLI., .METRE. ) );
#4026 = CARTESIAN_POINT ( 'NONE',  ( 1.322475605676655800, -0.7635316469341314500, -3.469791666666665300 ) ) ;
#4027 = CARTESIAN_POINT ( 'NONE',  ( 0.8816504037844382600, 1.527063293868261300, -7.876041666666671900 ) ) ;
#4028 = CYLINDRICAL_SURFACE ( 'NONE', #4144, 1.500000000000000400 ) ;
#4029 = CARTESIAN_POINT ( 'NONE',  ( 0.6785254037844372600, 1.175240473580831700, -3.141666666666666600 ) ) ;
#4030 = CARTESIAN_POINT ( 'NONE',  ( 1.017788105676654900, -0.5876202367904166400, -4.266666666666666600 ) ) ;
#4031 = CARTESIAN_POINT ( 'NONE',  ( -0.4060841390678257600, -0.5693373414808565700, 0.4196822488871897500 ) ) ;
#4032 = CARTESIAN_POINT ( 'NONE',  ( 0.6785254037844372600, 1.175240473580831900, -6.141666666666666600 ) ) ;
#4033 = LINE ( 'NONE', #2660, #476 ) ;
#4034 = CARTESIAN_POINT ( 'NONE',  ( -1.439254484199186200E-016, -1.175240473580832400, -7.787500000000000500 ) ) ;
#4035 = CARTESIAN_POINT ( 'NONE',  ( -1.299038105676658200, 0.7500000000000004400, -4.704166666666667500 ) ) ;
#4036 = CARTESIAN_POINT ( 'NONE',  ( 1.357050807568873600, -2.277006752164423400E-016, -4.662499999999999600 ) ) ;
#4037 = CARTESIAN_POINT ( 'NONE',  ( -1.439254484199186200E-016, -1.175240473580832400, -2.787500000000000100 ) ) ;
#4038 = LINE ( 'NONE', #3179, #922 ) ;
#4039 = ADVANCED_FACE ( 'NONE', ( #1721 ), #1833, .T. ) ;
#4040 = VERTEX_POINT ( 'NONE', #3498 ) ;
#4041 = CARTESIAN_POINT ( 'NONE',  ( 2.067134548379470700E-011, -1.460376587737177300, -8.014623412262825000 ) ) ;
#4042 = ORIENTED_EDGE ( 'NONE', *, *, #1541, .F. ) ;
#4043 =( BOUNDED_CURVE ( )  B_SPLINE_CURVE ( 2, ( #2194, #3990, #3272, #747, #4704, #2874, #3937 ),
 .UNSPECIFIED., .F., .F. ) 
 B_SPLINE_CURVE_WITH_KNOTS ( ( 3, 2, 2, 3 ),
 ( 0.3571428571428571000, 0.3650793650793650600, 0.3730158730158730800, 0.3809523809523810400 ),
 .UNSPECIFIED. ) 
 CURVE ( )  GEOMETRIC_REPRESENTATION_ITEM ( )  RATIONAL_B_SPLINE_CURVE ( ( 1.000000000000001100, 0.8660254037844377100, 1.000000000000000000, 0.8660254037844386000, 1.000000000000000000, 0.8660254037844367100, 1.000000000000001800 ) ) 
 REPRESENTATION_ITEM ( '' )  );
#4044 = APPLICATION_PROTOCOL_DEFINITION ( 'international standard', 'config_control_design', 1994, #2199 ) ;
#4045 = CARTESIAN_POINT ( 'NONE',  ( 1.763300807568875000, -3.023275895394842700E-016, -2.428124999999998800 ) ) ;
#4046 = FACE_OUTER_BOUND ( 'NONE', #2587, .T. ) ;
#4047 = CARTESIAN_POINT ( 'NONE',  ( -0.8816504037844373800, 1.527063293868261600, -5.792708333333339800 ) ) ;
#4048 = CARTESIAN_POINT ( 'NONE',  ( 1.017788105676655600, 0.5876202367904153100, -1.683333333333333600 ) ) ;
#4049 = CARTESIAN_POINT ( 'NONE',  ( -0.6785254037844370400, -1.175240473580832200, -3.391666666666667100 ) ) ;
#4050 = CARTESIAN_POINT ( 'NONE',  ( 0.0000000000000000000, 0.0000000000000000000, 2.106932636468940200 ) ) ;
#4051 = CARTESIAN_POINT ( 'NONE',  ( -0.8660254037844389300, 1.500000000000000900, -1.308333333333336900 ) ) ;
#4052 = CARTESIAN_POINT ( 'NONE',  ( 1.357050807568873400, -2.277006752164422900E-016, -4.225000000000000500 ) ) ;
#4053 = EDGE_CURVE ( 'NONE', #4357, #615, #2524, .T. ) ;
#4054 = CARTESIAN_POINT ( 'NONE',  ( -1.017788105676655300, -0.5876202367904159700, -6.370833333333333600 ) ) ;
#4055 = CARTESIAN_POINT ( 'NONE',  ( 1.017788105676655100, -0.5876202367904167500, -5.204166666666666600 ) ) ;
#4056 = CARTESIAN_POINT ( 'NONE',  ( 1.017788105676655100, -0.5876202367904167500, -4.704166666666667500 ) ) ;
#4057 = CARTESIAN_POINT ( 'NONE',  ( 1.299038105676659100, 0.7499999999999991100, -2.870833333333333600 ) ) ;
#4058 = CARTESIAN_POINT ( 'NONE',  ( 1.732050807568877600, -2.965870576684816000E-016, -1.412500000000000300 ) ) ;
#4059 = CARTESIAN_POINT ( 'NONE',  ( 1.763300807568875000, -3.023275895394842700E-016, -3.928124999999998800 ) ) ;
#4060 = CARTESIAN_POINT ( 'NONE',  ( 1.322475605676656900, 0.7635316469341297800, -2.917708333333338000 ) ) ;
#4061 = CARTESIAN_POINT ( 'NONE',  ( 1.017788105676655600, 0.5876202367904153100, -1.183333333333334000 ) ) ;
#4062 = CARTESIAN_POINT ( 'NONE',  ( -1.357050807568873400, 1.046809103374680900E-016, -3.474999999999999600 ) ) ;
#4063 = ADVANCED_FACE ( 'NONE', ( #3415 ), #633, .T. ) ;
#4064 = DIRECTION ( 'NONE',  ( 0.08715574274765836000, 0.0000000000000000000, -0.9961946980917455500 ) ) ;
#4065 = ORIENTED_EDGE ( 'NONE', *, *, #50, .F. ) ;
#4066 = CARTESIAN_POINT ( 'NONE',  ( 0.6785254037844372600, 1.175240473580831900, -3.141666666666666600 ) ) ;
#4067 =( BOUNDED_CURVE ( )  B_SPLINE_CURVE ( 2, ( #1971, #2707, #3034, #1577, #1230, #531, #879 ),
 .UNSPECIFIED., .F., .F. ) 
 B_SPLINE_CURVE_WITH_KNOTS ( ( 3, 2, 2, 3 ),
 ( 0.4761904761904760500, 0.4841269841269839600, 0.4920634920634919800, 0.4999999999999998900 ),
 .UNSPECIFIED. ) 
 CURVE ( )  GEOMETRIC_REPRESENTATION_ITEM ( )  RATIONAL_B_SPLINE_CURVE ( ( 1.000000000000001800, 0.8660254037844368200, 1.000000000000000000, 0.8660254037844387100, 1.000000000000000000, 0.8660254037844405900, 0.9999999999999981100 ) ) 
 REPRESENTATION_ITEM ( '' )  );
#4068 = CARTESIAN_POINT ( 'NONE',  ( 1.357050807568873600, -2.277006752164423400E-016, -7.162500000000000500 ) ) ;
#4069 = ORIENTED_EDGE ( 'NONE', *, *, #4453, .T. ) ;
#4070 = DIRECTION ( 'NONE',  ( 0.9238795325112868500, -0.3826834323650897300, 0.0000000000000000000 ) ) ;
#4071 = CARTESIAN_POINT ( 'NONE',  ( 0.6785254037844363800, -1.175240473580832600, -2.245833333333333100 ) ) ;
#4072 = CARTESIAN_POINT ( 'NONE',  ( -1.439254484199186200E-016, -1.175240473580832400, -2.287500000000000500 ) ) ;
#4073 = PERSON_AND_ORGANIZATION ( #3414, #792 ) ;
#4074 = EDGE_CURVE ( 'NONE', #3165, #3348, #2364, .T. ) ;
#4075 = ORIENTED_EDGE ( 'NONE', *, *, #2482, .T. ) ;
#4076 = EDGE_LOOP ( 'NONE', ( #3752, #567, #182, #668 ) ) ;
#4077 = EDGE_CURVE ( 'NONE', #2525, #672, #3091, .T. ) ;
#4078 = CARTESIAN_POINT ( 'NONE',  ( 0.0000000000000000000, 1.500000000000000400, -0.2875000000000012000 ) ) ;
#4079 = CARTESIAN_POINT ( 'NONE',  ( -1.322475605676656200, -0.7635316469341305600, -2.136458333333332200 ) ) ;
#4080 = CARTESIAN_POINT ( 'NONE',  ( -1.870113174931180700E-016, -1.527063293868261800, -4.084375000000005900 ) ) ;
#4081 = CARTESIAN_POINT ( 'NONE',  ( -0.6785254037844371500, -1.175240473580831900, -2.391666666666666600 ) ) ;
#4082 = ORIENTED_EDGE ( 'NONE', *, *, #184, .T. ) ;
#4083 = CARTESIAN_POINT ( 'NONE',  ( -0.6785254037844370400, -1.175240473580832200, -2.891666666666666600 ) ) ;
#4084 = ORIENTED_EDGE ( 'NONE', *, *, #2841, .T. ) ;
#4085 = CARTESIAN_POINT ( 'NONE',  ( 0.0000000000000000000, 1.500000000000000400, -1.350000000000003200 ) ) ;
#4086 = EDGE_CURVE ( 'NONE', #61, #677, #4545, .T. ) ;
#4087 = CARTESIAN_POINT ( 'NONE',  ( -1.439254484199185900E-016, -1.175240473580832200, -2.850000000000000100 ) ) ;
#4088 = VERTEX_POINT ( 'NONE', #250 ) ;
#4089 = CARTESIAN_POINT ( 'NONE',  ( -1.439254484199186200E-016, -1.175240473580832400, -3.287500000000000500 ) ) ;
#4090 = DIRECTION ( 'NONE',  ( 0.9238795325112854100, 0.3826834323650929500, 0.0000000000000000000 ) ) ;
#4091 = CARTESIAN_POINT ( 'NONE',  ( -0.8660254037844455900, 1.499999999999988000, -4.745833333333334500 ) ) ;
#4092 = CARTESIAN_POINT ( 'NONE',  ( 1.017788105676655100, -0.5876202367904167500, -2.204166666666666600 ) ) ;
#4093 = CARTESIAN_POINT ( 'NONE',  ( 0.6785254037844376000, 1.175240473580831900, -4.079166666666666600 ) ) ;
#4094 = DIRECTION ( 'NONE',  ( 0.0000000000000000000, -1.000000000000000000, 0.0000000000000000000 ) ) ;
#4095 = FACE_OUTER_BOUND ( 'NONE', #3903, .T. ) ;
#4096 = CIRCLE ( 'NONE', #2277, 1.572609826427354300 ) ;
#4097 = CARTESIAN_POINT ( 'NONE',  ( -1.836970198721030700E-016, -1.500000000000000400, -0.5374999999999996400 ) ) ;
#4098 = CARTESIAN_POINT ( 'NONE',  ( -1.322475605676656200, 0.7635316469341311100, -1.719791666666665500 ) ) ;
#4099 = CARTESIAN_POINT ( 'NONE',  ( -1.322475605676656200, 0.7635316469341311100, -3.751041666666671500 ) ) ;
#4100 = CARTESIAN_POINT ( 'NONE',  ( -1.299038105676658200, 0.7500000000000004400, -5.704166666666666600 ) ) ;
#4101 = CARTESIAN_POINT ( 'NONE',  ( 1.299038105676658900, 0.7499999999999990000, -2.933333333333335800 ) ) ;
#4102 = CARTESIAN_POINT ( 'NONE',  ( -0.6785254037844366000, 1.175240473580832400, -4.558333333333333600 ) ) ;
#4103 = CARTESIAN_POINT ( 'NONE',  ( -1.299038105676658400, -0.7499999999999998900, -3.120833333333334000 ) ) ;
#4104 = CIRCLE ( 'NONE', #3652, 1.500000000000001100 ) ;
#4105 = EDGE_LOOP ( 'NONE', ( #1722, #1673, #2899, #220 ) ) ;
#4106 = DIRECTION ( 'NONE',  ( 0.0000000000000000000, 0.0000000000000000000, 1.000000000000000000 ) ) ;
#4107 = CARTESIAN_POINT ( 'NONE',  ( 1.357050807568873400, -2.277006752164422900E-016, -3.725000000000000100 ) ) ;
#4108 = VECTOR ( 'NONE', #4346, 1000.000000000000000 ) ;
#4109 = CARTESIAN_POINT ( 'NONE',  ( 0.0000000000000000000, 1.175240473580832400, -4.537499999999999600 ) ) ;
#4110 =( BOUNDED_CURVE ( )  B_SPLINE_CURVE ( 2, ( #4491, #530, #1680, #1274, #3448, #2024, #571, #2040, #920, #1284, #935, #544, #3087, #2383, #1635, #230, #3847, #1313, #905, #4573, #3433, #3794, #2764, #4175, #1666, #4559, #4530, #202, #2737, #3461, #553, #3829, #1302, #4190, #3104, #2413, #587, #3129, #3813, #2012, #1651, #4543, #2398, #4203, #944, #3479, #217, #2750, #3114, #4697, #31, #2190, #1394, #327, #4318, #1085, #2556, #3983, #1798, #3635, #2854, #1817, #3616, #1028, #3239, #1061, #1445, #3581, #1459, #3998, #3946, #4352, #1104, #1831, #2152, #701, #2542, #4370, #12, #377, #666, #2204, #3220, #2919, #3253, #2903, #314, #3205, #2169, #3564, #3933, #1765, #361, #1412, #4300, #2884, #2529, #4339, #3966, #718, #738, #1785, #4665, #2509, #2134, #3267, #2869, #343, #1428, #683, #1046, #4680, #3599, #1880, #1553, #759, #773, #3666, #1514, #66, #2593, #1498, #1860, #1120, #3653, #4029, #4441, #3287, #104, #4418, #4404, #4011, #4389, #1483, #787, #1154, #3683, #439, #3305, #1847, #1170, #2999, #2298, #4081, #3355, #1912, #2224, #2241, #4452, #1136, #2607, #46, #2575, #1897, #407, #389, #2984, #2948, #2933, #808, #4048, #425, #2262, #2968, #3334, #2625, #2641, #3714, #3318, #3698, #82, #1534, #4061, #2278, #456, #826, #1185, #1246, #119, #3754, #3768, #1614, #1597, #3424, #2656, #1206, #4150, #3409, #839, #3052, #870, #1974, #3379, #1262, #3783, #3740, #4508 ),
 .UNSPECIFIED., .F., .F. ) 
 B_SPLINE_CURVE_WITH_KNOTS ( ( 3, 2, 2, 2, 2, 2, 2, 2, 2, 2, 2, 2, 2, 2, 2, 2, 2, 2, 2, 2, 2, 2, 2, 2, 2, 2, 2, 2, 2, 2, 2, 2, 2, 2, 2, 2, 2, 2, 2, 2, 2, 2, 2, 2, 2, 2, 2, 2, 2, 2, 2, 2, 2, 2, 2, 2, 2, 2, 2, 2, 2, 2, 2, 2, 2, 2, 2, 2, 2, 2, 2, 2, 2, 2, 2, 2, 2, 2, 2, 2, 2, 2, 2, 2, 2, 2, 2, 2, 2, 2, 2, 2, 2, 2, 2, 2, 2, 2, 3 ),
 ( 0.02854165902280285700, 0.03174603174603174400, 0.03968253968253968000, 0.04761904761904761600, 0.05555555555555555200, 0.06349206349206348900, 0.07142857142857142500, 0.07936507936507936100, 0.08730158730158729700, 0.09523809523809523300, 0.1031746031746031700, 0.1111111111111111000, 0.1190476190476190400, 0.1269841269841269800, 0.1349206349206349100, 0.1428571428571428500, 0.1507936507936507900, 0.1587301587301587200, 0.1666666666666666600, 0.1746031746031745900, 0.1825396825396825300, 0.1904761904761904700, 0.1984126984126984000, 0.2063492063492063400, 0.2142857142857142700, 0.2222222222222222100, 0.2301587301587301500, 0.2380952380952380800, 0.2460317460317460200, 0.2539682539682539500, 0.2619047619047619200, 0.2698412698412698300, 0.2777777777777777900, 0.2857142857142857000, 0.2936507936507936600, 0.3015873015873015700, 0.3095238095238095300, 0.3174603174603174400, 0.3253968253968254100, 0.3333333333333333100, 0.3412698412698412800, 0.3492063492063491900, 0.3571428571428572100, 0.3650793650793650600, 0.3730158730158730800, 0.3809523809523809300, 0.3888888888888889500, 0.3968253968253968000, 0.4047619047619048200, 0.4126984126984126800, 0.4206349206349206900, 0.4285714285714285500, 0.4365079365079365700, 0.4444444444444444200, 0.4523809523809524400, 0.4603174603174602900, 0.4682539682539683100, 0.4761904761904761600, 0.4841269841269841800, 0.4920634920634920400, 0.5000000000000000000, 0.5079365079365079100, 0.5158730158730159300, 0.5238095238095237200, 0.5317460317460317400, 0.5396825396825396500, 0.5476190476190476700, 0.5555555555555555800, 0.5634920634920634900, 0.5714285714285714000, 0.5793650793650794200, 0.5873015873015873200, 0.5952380952380952300, 0.6031746031746031400, 0.6111111111111111600, 0.6190476190476190700, 0.6269841269841269800, 0.6349206349206348900, 0.6428571428571429000, 0.6507936507936508100, 0.6587301587301587200, 0.6666666666666666300, 0.6746031746031746500, 0.6825396825396825600, 0.6904761904761904700, 0.6984126984126983700, 0.7063492063492065000, 0.7142857142857143000, 0.7222222222222222100, 0.7301587301587301200, 0.7380952380952382500, 0.7460317460317460500, 0.7539682539682539500, 0.7619047619047618600, 0.7698412698412699900, 0.7777777777777777900, 0.7857142857142857000, 0.7936507936507936100, 0.8011395314620273200 ),
 .UNSPECIFIED. ) 
 CURVE ( )  GEOMETRIC_REPRESENTATION_ITEM ( )  RATIONAL_B_SPLINE_CURVE ( ( 0.9354949502796805500, 0.9459076277434377300, 1.000000000000000000, 0.8660254037844387100, 1.000000000000000000, 0.8660254037844387100, 1.000000000000000000, 0.8660254037844387100, 1.000000000000000000, 0.8660254037844387100, 1.000000000000000000, 0.8660254037844387100, 1.000000000000000000, 0.8660254037844387100, 1.000000000000000000, 0.8660254037844387100, 1.000000000000000000, 0.8660254037844387100, 1.000000000000000000, 0.8660254037844387100, 1.000000000000000000, 0.8660254037844387100, 1.000000000000000000, 0.8660254037844387100, 1.000000000000000000, 0.8660254037844387100, 1.000000000000000000, 0.8660254037844387100, 1.000000000000000000, 0.8660254037844387100, 1.000000000000000000, 0.8660254037844387100, 1.000000000000000000, 0.8660254037844387100, 1.000000000000000000, 0.8660254037844387100, 1.000000000000000000, 0.8660254037844387100, 1.000000000000000000, 0.8660254037844387100, 1.000000000000000000, 0.8660254037844387100, 1.000000000000000000, 0.8660254037844387100, 1.000000000000000000, 0.8660254037844387100, 1.000000000000000000, 0.8660254037844387100, 1.000000000000000000, 0.8660254037844387100, 1.000000000000000000, 0.8660254037844387100, 1.000000000000000000, 0.8660254037844387100, 1.000000000000000000, 0.8660254037844387100, 1.000000000000000000, 0.8660254037844387100, 1.000000000000000000, 0.8660254037844387100, 1.000000000000000000, 0.8660254037844387100, 1.000000000000000000, 0.8660254037844387100, 1.000000000000000000, 0.8660254037844387100, 1.000000000000000000, 0.8660254037844387100, 1.000000000000000000, 0.8660254037844387100, 1.000000000000000000, 0.8660254037844387100, 1.000000000000000000, 0.8660254037844387100, 1.000000000000000000, 0.8660254037844387100, 1.000000000000000000, 0.8660254037844387100, 1.000000000000000000, 0.8660254037844387100, 1.000000000000000000, 0.8660254037844387100, 1.000000000000000000, 0.8660254037844387100, 1.000000000000000000, 0.8660254037844387100, 1.000000000000000000, 0.8660254037844387100, 1.000000000000000000, 0.8660254037844387100, 1.000000000000000000, 0.8660254037844387100, 1.000000000000000000, 0.8660254037844387100, 1.000000000000000000, 0.8660254037844387100, 1.000000000000000000, 0.8660254037844387100, 1.000000000000000000, 0.8660254037844387100, 1.000000000000000000, 0.8660254037844387100, 1.000000000000000000, 0.8660254037844387100, 1.000000000000000000, 0.8660254037844387100, 1.000000000000000000, 0.8660254037844387100, 1.000000000000000000, 0.8660254037844387100, 1.000000000000000000, 0.8660254037844387100, 1.000000000000000000, 0.8660254037844387100, 1.000000000000000000, 0.8660254037844387100, 1.000000000000000000, 0.8660254037844387100, 1.000000000000000000, 0.8660254037844387100, 1.000000000000000000, 0.8660254037844387100, 1.000000000000000000, 0.8660254037844387100, 1.000000000000000000, 0.8660254037844387100, 1.000000000000000000, 0.8660254037844387100, 1.000000000000000000, 0.8660254037844387100, 1.000000000000000000, 0.8660254037844387100, 1.000000000000000000, 0.8660254037844387100, 1.000000000000000000, 0.8660254037844387100, 1.000000000000000000, 0.8660254037844387100, 1.000000000000000000, 0.8660254037844387100, 1.000000000000000000, 0.8660254037844387100, 1.000000000000000000, 0.8660254037844387100, 1.000000000000000000, 0.8660254037844387100, 1.000000000000000000, 0.8660254037844387100, 1.000000000000000000, 0.8660254037844387100, 1.000000000000000000, 0.8660254037844387100, 1.000000000000000000, 0.8660254037844387100, 1.000000000000000000, 0.8660254037844387100, 1.000000000000000000, 0.8660254037844387100, 1.000000000000000000, 0.8660254037844387100, 1.000000000000000000, 0.8660254037844387100, 1.000000000000000000, 0.8660254037844387100, 1.000000000000000000, 0.8660254037844387100, 1.000000000000000000, 0.8660254037844387100, 1.000000000000000000, 0.8660254037844387100, 1.000000000000000000, 0.8660254037844387100, 1.000000000000000000, 0.8660254037844387100, 1.000000000000000000, 0.8660254037844387100, 1.000000000000000000, 0.8660254037844387100, 1.000000000000000000, 0.8660254037844387100, 1.000000000000000000, 0.8660254037844387100, 1.000000000000000000, 0.8660254037844387100, 1.000000000000000000, 0.8660254037844387100, 1.000000000000000000, 0.8660254037844387100, 1.000000000000000000, 0.8660254037844387100, 1.000000000000000000, 0.8660254037844387100, 1.000000000000000000, 0.8660254037844387100, 1.000000000000000000, 0.8735841213225467000, 0.9857354760343197700 ) ) 
 REPRESENTATION_ITEM ( '' )  );
#4111 = CARTESIAN_POINT ( 'NONE',  ( -0.8660254037844386000, 1.500000000000000200, -0.2458333333333338500 ) ) ;
#4112 = CARTESIAN_POINT ( 'NONE',  ( -1.017788105676655300, 0.5876202367904163100, -2.954166666666666600 ) ) ;
#4113 = CARTESIAN_POINT ( 'NONE',  ( 0.8660254037844293800, 1.500000000000018000, -1.829166666666666200 ) ) ;
#4114 = LINE ( 'NONE', #2026, #4611 ) ;
#4115 = CARTESIAN_POINT ( 'NONE',  ( 0.0000000000000000000, 1.527063293868261800, -1.303124999999998800 ) ) ;
#4116 = CARTESIAN_POINT ( 'NONE',  ( -0.8816504037844380400, -1.527063293868261300, -3.126041666666672400 ) ) ;
#4117 = AXIS2_PLACEMENT_3D ( 'NONE', #28, #101, #3284 ) ;
#4118 = CARTESIAN_POINT ( 'NONE',  ( 0.0000000000000000000, -1.500000000000000400, 1.649999999999999500 ) ) ;
#4119 = EDGE_CURVE ( 'NONE', #1191, #258, #1023, .T. ) ;
#4120 = CARTESIAN_POINT ( 'NONE',  ( 0.6785254037844362700, -1.175240473580832400, -1.808333333333333600 ) ) ;
#4121 = CARTESIAN_POINT ( 'NONE',  ( 0.0000000000000000000, 1.500000000000000400, -3.287500000000000500 ) ) ;
#4122 = DIRECTION ( 'NONE',  ( 0.08714264840443966500, 0.01733375049386026700, 0.9960450290638855900 ) ) ;
#4123 = CARTESIAN_POINT ( 'NONE',  ( 1.357050807568873400, -2.277006752164422900E-016, -3.225000000000000500 ) ) ;
#4124 = CC_DESIGN_PERSON_AND_ORGANIZATION_ASSIGNMENT ( #1296, #4347, ( #1438 ) ) ;
#4125 = CARTESIAN_POINT ( 'NONE',  ( -0.6785254037844371500, -1.175240473580832400, -5.329166666666665700 ) ) ;
#4126 = PLANE ( 'NONE',  #4501 ) ;
#4127 = CARTESIAN_POINT ( 'NONE',  ( 2.189839319121526100E-016, -1.788139503280600700, 2.106932636468940200 ) ) ;
#4128 = CARTESIAN_POINT ( 'NONE',  ( 1.299038105676658000, -0.7500000000000008900, -6.954166666666666600 ) ) ;
#4129 = CARTESIAN_POINT ( 'NONE',  ( 0.2891034138673198000, 1.582516539537903700, 1.437247615046090900 ) ) ;
#4130 = CARTESIAN_POINT ( 'NONE',  ( 0.8816504037844369300, -1.527063293868262000, -0.01145833333333207000 ) ) ;
#4131 = CARTESIAN_POINT ( 'NONE',  ( 0.0000000000000000000, 1.527063293868261800, -3.834375000000005400 ) ) ;
#4132 = ORIENTED_EDGE ( 'NONE', *, *, #4396, .T. ) ;
#4133 = CARTESIAN_POINT ( 'NONE',  ( 0.6785254037844362700, -1.175240473580832400, -2.308333333333333100 ) ) ;
#4134 = CARTESIAN_POINT ( 'NONE',  ( -0.3243449912818961400, -1.685719358889122400, 1.840060688126645700 ) ) ;
#4135 = CARTESIAN_POINT ( 'NONE',  ( -1.439254484199185900E-016, -1.175240473580832200, -1.850000000000000100 ) ) ;
#4136 = ORIENTED_EDGE ( 'NONE', *, *, #746, .T. ) ;
#4137 = CARTESIAN_POINT ( 'NONE',  ( 1.017788105676655100, -0.5876202367904167500, -3.204166666666666600 ) ) ;
#4138 = CARTESIAN_POINT ( 'NONE',  ( -1.213591677687903300E-015, 0.1158621570531831000, -3.191530041392854700 ) ) ;
#4139 = CARTESIAN_POINT ( 'NONE',  ( 0.0000000000000000000, 0.0000000000000000000, 1.649999999999999900 ) ) ;
#4140 = VERTEX_POINT ( 'NONE', #4246 ) ;
#4141 = CARTESIAN_POINT ( 'NONE',  ( 0.0000000000000000000, 6.628682924999594700E-017, 1.649999999999999500 ) ) ;
#4142 = VERTEX_POINT ( 'NONE', #645 ) ;
#4143 = CARTESIAN_POINT ( 'NONE',  ( 0.0000000000000000000, 1.500000000000000400, -6.787499999999999600 ) ) ;
#4144 = AXIS2_PLACEMENT_3D ( 'NONE', #3646, #4008, #2879 ) ;
#4145 = B_SPLINE_CURVE_WITH_KNOTS ( 'NONE', 3,
 ( #4676, #1044, #1795, #3943 ),
 .UNSPECIFIED., .F., .F.,
 ( 4, 4 ),
 ( 0.0007415758419031810300, 0.0009346729239721942200 ),
 .UNSPECIFIED. ) ;
#4146 = CARTESIAN_POINT ( 'NONE',  ( 0.0000000000000000000, 0.0000000000000000000, 2.106932636468940200 ) ) ;
#4147 = CARTESIAN_POINT ( 'NONE',  ( 0.8816504037844369300, -1.527063293868262000, -0.5114583333333325700 ) ) ;
#4148 = CARTESIAN_POINT ( 'NONE',  ( -1.322475605676656200, 0.7635316469341311100, -0.2510416666666719900 ) ) ;
#4149 = ORIENTED_EDGE ( 'NONE', *, *, #3807, .F. ) ;
#4150 = CARTESIAN_POINT ( 'NONE',  ( 0.0000000000000000000, 1.175240473580832200, -0.5999999999999998700 ) ) ;
#4151 = CARTESIAN_POINT ( 'NONE',  ( 1.017788105676655600, 0.5876202367904153100, -1.683333333333333600 ) ) ;
#4152 = PLANE ( 'NONE',  #612 ) ;
#4153 = AXIS2_PLACEMENT_3D ( 'NONE', #975, #2749, #2815 ) ;
#4154 = FACE_OUTER_BOUND ( 'NONE', #2954, .T. ) ;
#4155 = EDGE_CURVE ( 'NONE', #513, #3169, #1661, .T. ) ;
#4156 = CARTESIAN_POINT ( 'NONE',  ( 0.6785254037844372600, 1.175240473580831900, -1.641666666666667100 ) ) ;
#4157 = CARTESIAN_POINT ( 'NONE',  ( 0.6785254037844376000, 1.175240473580832200, -4.579166666666667500 ) ) ;
#4158 = CARTESIAN_POINT ( 'NONE',  ( 0.3698727545273305900, 0.6740763912898190000, 0.4954285432711066400 ) ) ;
#4159 = CARTESIAN_POINT ( 'NONE',  ( 0.8660254037844399300, 1.500000000000000400, -7.391666666666671000 ) ) ;
#4160 = FACE_OUTER_BOUND ( 'NONE', #2505, .T. ) ;
#4161 = CARTESIAN_POINT ( 'NONE',  ( -0.6785254037844367100, 1.175240473580832200, -1.995833333333333800 ) ) ;
#4162 = CARTESIAN_POINT ( 'NONE',  ( -1.439254484199186200E-016, -1.175240473580832600, -8.299759526419169500 ) ) ;
#4163 = ORIENTED_EDGE ( 'NONE', *, *, #3588, .F. ) ;
#4164 = CARTESIAN_POINT ( 'NONE',  ( 1.547964847654338800, 0.2773202059209912100, 1.302564931925244100 ) ) ;
#4165 = CIRCLE ( 'NONE', #1627, 1.788139503280600700 ) ;
#4166 = CARTESIAN_POINT ( 'NONE',  ( 0.8816504037844382600, 1.527063293868261300, -2.376041666666672400 ) ) ;
#4167 = CARTESIAN_POINT ( 'NONE',  ( 1.430908802125790300, -0.4499999999988186200, 6.259750041902911900E-014 ) ) ;
#4168 = CARTESIAN_POINT ( 'NONE',  ( 0.0000000000000000000, 1.175240473580832200, -2.100000000000000100 ) ) ;
#4169 = ADVANCED_FACE ( 'NONE', ( #3809 ), #3644, .T. ) ;
#4170 = VECTOR ( 'NONE', #1227, 1000.000000000000000 ) ;
#4171 = CARTESIAN_POINT ( 'NONE',  ( 0.6785254037844362700, -1.175240473580832400, -1.808333333333333600 ) ) ;
#4172 = CARTESIAN_POINT ( 'NONE',  ( -0.6785254037844371500, -1.175240473580832400, -2.329166666666666600 ) ) ;
#4173 = CARTESIAN_POINT ( 'NONE',  ( 0.0000000000000000000, 9.116833484988020300E-017, -7.975000000000003200 ) ) ;
#4174 = CARTESIAN_POINT ( 'NONE',  ( -1.732050807568877600, 1.276430378214812400E-016, -1.662500000000000800 ) ) ;
#4175 = CARTESIAN_POINT ( 'NONE',  ( -0.6785254037844371500, -1.175240473580831900, -7.391666666666666600 ) ) ;
#4176 = B_SPLINE_CURVE_WITH_KNOTS ( 'NONE', 3,
 ( #3641, #3455, #4014, #1601 ),
 .UNSPECIFIED., .F., .F.,
 ( 4, 4 ),
 ( 0.0000000000000000000, 0.0006711514718575355100 ),
 .UNSPECIFIED. ) ;
#4177 = CARTESIAN_POINT ( 'NONE',  ( -1.322475605676656200, -0.7635316469341305600, -1.167708333333338200 ) ) ;
#4178 = AXIS2_PLACEMENT_3D ( 'NONE', #1686, #1334, #992 ) ;
#4179 = CARTESIAN_POINT ( 'NONE',  ( -1.732050807568877600, 1.276430378214812400E-016, -1.162500000000000100 ) ) ;
#4180 = EDGE_CURVE ( 'NONE', #4195, #2041, #1372, .T. ) ;
#4181 = CARTESIAN_POINT ( 'NONE',  ( -1.017788105676655300, -0.5876202367904158600, -1.933333333333333800 ) ) ;
#4182 = DIRECTION ( 'NONE',  ( 0.01733375049386113400, -0.08714264840443948500, 0.9960450290638855900 ) ) ;
#4183 = CARTESIAN_POINT ( 'NONE',  ( -1.836970198721030700E-016, -1.500000000000000400, -1.037500000000000300 ) ) ;
#4184 = CARTESIAN_POINT ( 'NONE',  ( 1.017788105676654900, -0.5876202367904166400, -1.766666666666667300 ) ) ;
#4185 = CARTESIAN_POINT ( 'NONE',  ( -1.439254484199186200E-016, -1.175240473580832400, -0.7874999999999999800 ) ) ;
#4186 = CARTESIAN_POINT ( 'NONE',  ( 0.2773202059188152300, 1.547964847647956800, 1.302564931900371400 ) ) ;
#4187 = ORIENTED_EDGE ( 'NONE', *, *, #4566, .T. ) ;
#4188 = CARTESIAN_POINT ( 'NONE',  ( 1.685719358889131900, -0.3243449912818928700, 1.840060688126675700 ) ) ;
#4189 = CARTESIAN_POINT ( 'NONE',  ( -0.2678177940361264900, 0.9766824987611838500, 0.7413558875187594700 ) ) ;
#4190 = CARTESIAN_POINT ( 'NONE',  ( -1.357050807568873400, 1.046809103374680800E-016, -6.974999999999999600 ) ) ;
#4191 = ORIENTED_EDGE ( 'NONE', *, *, #3234, .T. ) ;
#4192 = CARTESIAN_POINT ( 'NONE',  ( 0.8816504037844382600, 1.527063293868261300, -1.376041666666672200 ) ) ;
#4193 = EDGE_LOOP ( 'NONE', ( #1801, #199, #3793, #4690 ) ) ;
#4194 = CARTESIAN_POINT ( 'NONE',  ( -1.439254484199185900E-016, -1.175240473580832200, 0.1499999999999990800 ) ) ;
#4195 = VERTEX_POINT ( 'NONE', #4310 ) ;
#4196 = DIRECTION ( 'NONE',  ( -1.000000000000000000, 0.0000000000000000000, 0.0000000000000000000 ) ) ;
#4197 = CARTESIAN_POINT ( 'NONE',  ( 0.0000000000000000000, 1.175240473580832200, -0.1000000000000011300 ) ) ;
#4198 = ORIENTED_EDGE ( 'NONE', *, *, #2378, .T. ) ;
#4199 = EDGE_LOOP ( 'NONE', ( #126, #1317, #88, #1062 ) ) ;
#4200 = CARTESIAN_POINT ( 'NONE',  ( -1.357050807568873600, 1.046809103374681200E-016, -1.912500000000000300 ) ) ;
#4201 = DIRECTION ( 'NONE',  ( 1.043458559472539600E-014, -0.9961946980917455500, -0.08715574274765836000 ) ) ;
#4202 = DIRECTION ( 'NONE',  ( -0.0000000000000000000, -2.585091490897065700E-018, 1.000000000000000000 ) ) ;
#4203 = CARTESIAN_POINT ( 'NONE',  ( -0.6785254037844366000, 1.175240473580832200, -6.558333333333332700 ) ) ;
#4204 = VERTEX_POINT ( 'NONE', #978 ) ;
#4205 = EDGE_CURVE ( 'NONE', #4204, #2284, #306, .T. ) ;
#4206 = CARTESIAN_POINT ( 'NONE',  ( -0.8816504037844373800, 1.527063293868261600, -1.292708333333338500 ) ) ;
#4207 = CARTESIAN_POINT ( 'NONE',  ( 1.017788105676654900, -0.5876202367904166400, 0.7333333333333323900 ) ) ;
#4208 = CIRCLE ( 'NONE', #2541, 5.601666666666668300 ) ;
#4209 = CARTESIAN_POINT ( 'NONE',  ( 0.1049025604335732100, 0.2532571841263957000, -3.225649374138636700 ) ) ;
#4210 = CARTESIAN_POINT ( 'NONE',  ( -1.017788105676655300, 0.5876202367904163100, -1.954166666666666600 ) ) ;
#4211 = CARTESIAN_POINT ( 'NONE',  ( 0.6785254037844362700, -1.175240473580832400, 1.191666666666665500 ) ) ;
#4212 = CYLINDRICAL_SURFACE ( 'NONE', #737, 1.500000000000000400 ) ;
#4213 = CARTESIAN_POINT ( 'NONE',  ( -1.357050807568873600, 1.046809103374681200E-016, -2.412500000000000500 ) ) ;
#4214 = DIRECTION ( 'NONE',  ( 1.000000000000000000, 0.0000000000000000000, 0.0000000000000000000 ) ) ;
#4215 = VECTOR ( 'NONE', #1022, 1000.000000000000100 ) ;
#4216 = EDGE_LOOP ( 'NONE', ( #4586, #3550, #2681, #339 ) ) ;
#4217 = CARTESIAN_POINT ( 'NONE',  ( -1.017788105676655300, 0.5876202367904163100, -1.454166666666667100 ) ) ;
#4218 = CARTESIAN_POINT ( 'NONE',  ( 0.0000000000000000000, 1.500000000000000400, -3.350000000000002800 ) ) ;
#4219 = CARTESIAN_POINT ( 'NONE',  ( -1.439254484199186200E-016, -1.175240473580832400, -8.287499999999999600 ) ) ;
#4220 = CARTESIAN_POINT ( 'NONE',  ( 0.3476932613749529300, -1.754010341813023500, 2.106932636468940200 ) ) ;
#4221 = CYLINDRICAL_SURFACE ( 'NONE', #1989, 1.500000000000000400 ) ;
#4222 = CARTESIAN_POINT ( 'NONE',  ( -0.8660254037844464800, -1.499999999999987600, -2.641666666666670200 ) ) ;
#4223 = CARTESIAN_POINT ( 'NONE',  ( -1.357050807568873600, 1.046809103374681300E-016, -0.9125000000000000900 ) ) ;
#4224 = CARTESIAN_POINT ( 'NONE',  ( 1.763300807568875000, -3.023275895394842700E-016, -7.928124999999997000 ) ) ;
#4225 = CARTESIAN_POINT ( 'NONE',  ( -1.017788105676655300, 0.5876202367904163100, -0.9541666666666665000 ) ) ;
#4226 = CARTESIAN_POINT ( 'NONE',  ( 1.299038105676658000, -0.7500000000000007800, -2.016666666666669700 ) ) ;
#4227 = CARTESIAN_POINT ( 'NONE',  ( -0.6785254037844372600, -1.175240473580832200, -1.329166666666666800 ) ) ;
#4228 = DIRECTION ( 'NONE',  ( -0.0000000000000000000, -2.585091490897065700E-018, 1.000000000000000000 ) ) ;
#4229 = CARTESIAN_POINT ( 'NONE',  ( -1.870113174931180700E-016, -1.527063293868261800, 0.4156249999999941400 ) ) ;
#4230 = AXIS2_PLACEMENT_3D ( 'NONE', #4380, #2636, #2216 ) ;
#4231 = DIRECTION ( 'NONE',  ( -1.000000000000000000, 0.0000000000000000000, 0.0000000000000000000 ) ) ;
#4232 = EDGE_CURVE ( 'NONE', #4440, #1813, #2922, .T. ) ;
#4233 = DIRECTION ( 'NONE',  ( 1.000000000000000000, 0.0000000000000000000, 0.0000000000000000000 ) ) ;
#4234 = CARTESIAN_POINT ( 'NONE',  ( 1.017788105676655800, 0.5876202367904153100, -0.1208333333333339000 ) ) ;
#4235 = CARTESIAN_POINT ( 'NONE',  ( 0.0000000000000000000, 1.527063293868261800, -8.803124999999997900 ) ) ;
#4236 = ORIENTED_EDGE ( 'NONE', *, *, #349, .F. ) ;
#4237 = CARTESIAN_POINT ( 'NONE',  ( 1.017788105676655100, -0.5876202367904167500, 1.295833333333332900 ) ) ;
#4238 = DIRECTION ( 'NONE',  ( -0.8660254037844397100, 1.060575238724908100E-016, 0.4999999999999981700 ) ) ;
#4239 = ORIENTED_EDGE ( 'NONE', *, *, #21, .T. ) ;
#4240 = ORIENTED_EDGE ( 'NONE', *, *, #3677, .F. ) ;
#4241 = CARTESIAN_POINT ( 'NONE',  ( 0.6785254037844376000, 1.175240473580831900, -1.579166666666666800 ) ) ;
#4242 = ORIENTED_EDGE ( 'NONE', *, *, #585, .F. ) ;
#4243 = DIRECTION ( 'NONE',  ( 1.000000000000000000, 0.0000000000000000000, 0.0000000000000000000 ) ) ;
#4244 = CARTESIAN_POINT ( 'NONE',  ( -1.322475605676656200, -0.7635316469341305600, 0.3322916666666613200 ) ) ;
#4245 = ORIENTED_EDGE ( 'NONE', *, *, #3770, .F. ) ;
#4246 = CARTESIAN_POINT ( 'NONE',  ( -0.3627590212687977800, -1.099039475859555400, 2.279135060036726400 ) ) ;
#4247 = DIRECTION ( 'NONE',  ( -0.0000000000000000000, -2.585091490897073400E-018, 1.000000000000000000 ) ) ;
#4248 = CARTESIAN_POINT ( 'NONE',  ( -1.439254484199185900E-016, -1.175240473580832200, 1.149999999999999900 ) ) ;
#4249 = DIRECTION ( 'NONE',  ( 1.000000000000000000, 0.0000000000000000000, 0.0000000000000000000 ) ) ;
#4250 = B_SPLINE_CURVE_WITH_KNOTS ( 'NONE', 3,
 ( #1021, #2502, #2569, #354, #4312, #322 ),
 .UNSPECIFIED., .F., .F.,
 ( 4, 2, 4 ),
 ( 0.0000000000000000000, 0.0004027052821109771000, 0.0008054105642219542100 ),
 .UNSPECIFIED. ) ;
#4251 = EDGE_LOOP ( 'NONE', ( #3684, #4642, #3904, #3779 ) ) ;
#4252 = CARTESIAN_POINT ( 'NONE',  ( 0.6785254037844363800, -1.175240473580832600, -1.245833333333333100 ) ) ;
#4253 = CARTESIAN_POINT ( 'NONE',  ( 1.017788105676654900, -0.5876202367904166400, 0.7333333333333323900 ) ) ;
#4254 = AXIS2_PLACEMENT_3D ( 'NONE', #2788, #1762, #299 ) ;
#4255 = CARTESIAN_POINT ( 'NONE',  ( 0.0000000000000000000, 1.175240473580832200, -8.599999999999999600 ) ) ;
#4256 = LINE ( 'NONE', #3577, #2967 ) ;
#4257 = CARTESIAN_POINT ( 'NONE',  ( 0.8660254037844433700, 1.499999999999994200, -6.891666666666669300 ) ) ;
#4258 = CARTESIAN_POINT ( 'NONE',  ( 0.0000000000000000000, 1.175240473580832200, -8.599999999999999600 ) ) ;
#4259 = EDGE_CURVE ( 'NONE', #3553, #4529, #4653, .T. ) ;
#4260 = CARTESIAN_POINT ( 'NONE',  ( 0.0000000000000000000, 9.116833484988020300E-017, -7.975000000000003200 ) ) ;
#4261 = VECTOR ( 'NONE', #3476, 1000.000000000000000 ) ;
#4262 = ORIENTED_EDGE ( 'NONE', *, *, #1292, .T. ) ;
#4263 = CARTESIAN_POINT ( 'NONE',  ( 1.322475605676656900, 0.7635316469341297800, 0.5822916666666615400 ) ) ;
#4264 = CARTESIAN_POINT ( 'NONE',  ( 0.0000000000000000000, 0.0000000000000000000, 1.649999999999999900 ) ) ;
#4265 = CARTESIAN_POINT ( 'NONE',  ( -1.836970198721030400E-016, -1.500000000000000400, -6.600000000000002300 ) ) ;
#4266 = CARTESIAN_POINT ( 'NONE',  ( -0.5857404127452743300, -0.5857404127452823200, 2.388599486942812400 ) ) ;
#4267 = FACE_OUTER_BOUND ( 'NONE', #233, .T. ) ;
#4268 = CARTESIAN_POINT ( 'NONE',  ( 0.0000000000000000000, 1.175240473580832400, -1.037500000000000300 ) ) ;
#4269 = CARTESIAN_POINT ( 'NONE',  ( 0.0000000000000000000, 1.527063293868261800, -7.803124999999998800 ) ) ;
#4270 = CARTESIAN_POINT ( 'NONE',  ( 0.0000000000000000000, 1.175240473580832400, 1.462500000000000400 ) ) ;
#4271 = CIRCLE ( 'NONE', #2873, 2.799999999999999800 ) ;
#4272 = CARTESIAN_POINT ( 'NONE',  ( -1.359270871885027900, 1.743066579297358300E-016, -0.08125000000000089100 ) ) ;
#4273 = CARTESIAN_POINT ( 'NONE',  ( -1.357050807568873400, 1.046809103374680800E-016, -8.474999999999999600 ) ) ;
#4274 = CARTESIAN_POINT ( 'NONE',  ( -1.357050807568873600, 1.046809103374681300E-016, -0.9125000000000000900 ) ) ;
#4275 = CARTESIAN_POINT ( 'NONE',  ( -1.017788105676655300, 0.5876202367904163100, -7.454166666666666600 ) ) ;
#4276 = CARTESIAN_POINT ( 'NONE',  ( 0.6785254037844366000, -1.175240473580832600, -8.245833333333333600 ) ) ;
#4277 = CARTESIAN_POINT ( 'NONE',  ( 0.8816504037844382600, 1.527063293868261300, 1.155208333333334500 ) ) ;
#4278 = CARTESIAN_POINT ( 'NONE',  ( -1.357050807568873600, 1.046809103374681300E-016, 1.087500000000000100 ) ) ;
#4279 = CARTESIAN_POINT ( 'NONE',  ( 1.322475605676655800, -0.7635316469341314500, -7.469791666666665700 ) ) ;
#4280 = CARTESIAN_POINT ( 'NONE',  ( 1.017788105676655600, 0.5876202367904153100, -8.183333333333333600 ) ) ;
#4281 = CARTESIAN_POINT ( 'NONE',  ( -1.344200984463753500, 0.2838354476643951700, -0.08995060355933072500 ) ) ;
#4282 = EDGE_CURVE ( 'NONE', #806, #1070, #1095, .T. ) ;
#4283 = CARTESIAN_POINT ( 'NONE',  ( 1.017788105676655600, 0.5876202367904153100, -8.183333333333333600 ) ) ;
#4284 = EDGE_CURVE ( 'NONE', #1027, #3270, #2113, .T. ) ;
#4285 = VERTEX_POINT ( 'NONE', #1374 ) ;
#4286 = CARTESIAN_POINT ( 'NONE',  ( 1.121107958840558800, -0.3525721420742929400, -0.1875000000000029700 ) ) ;
#4287 = CARTESIAN_POINT ( 'NONE',  ( 1.754010341813027500, 0.3476932613749346100, 2.106932636468940200 ) ) ;
#4288 = CARTESIAN_POINT ( 'NONE',  ( 0.6785254037844363800, -1.175240473580832600, -6.745833333333332700 ) ) ;
#4289 = AXIS2_PLACEMENT_3D ( 'NONE', #2448, #3502, #1335 ) ;
#4290 = DIRECTION ( 'NONE',  ( 0.3826834323650857300, 0.9238795325112885100, 1.061935634343630200E-014 ) ) ;
#4291 = EDGE_CURVE ( 'NONE', #2227, #2389, #761, .T. ) ;
#4292 = CARTESIAN_POINT ( 'NONE',  ( -1.299038105676658400, 0.7500000000000003300, -2.266666666666669700 ) ) ;
#4293 = EDGE_CURVE ( 'NONE', #672, #1401, #4165, .T. ) ;
#4294 = ORIENTED_EDGE ( 'NONE', *, *, #2546, .T. ) ;
#4295 = CARTESIAN_POINT ( 'NONE',  ( -1.732050807568877900, 1.276430378214812400E-016, -0.7250000000000035300 ) ) ;
#4296 = PLANE ( 'NONE',  #770 ) ;
#4297 = CARTESIAN_POINT ( 'NONE',  ( 1.017788105676655800, 0.5876202367904153100, 1.879166666666666200 ) ) ;
#4298 = CARTESIAN_POINT ( 'NONE',  ( -1.870113174931180700E-016, -1.527063293868261800, -7.053124999999998800 ) ) ;
#4299 = COORDINATED_UNIVERSAL_TIME_OFFSET ( 6, 0, .BEHIND. ) ;
#4300 = CARTESIAN_POINT ( 'NONE',  ( -1.017788105676655300, -0.5876202367904158600, -4.433333333333333600 ) ) ;
#4301 = ORIENTED_EDGE ( 'NONE', *, *, #998, .F. ) ;
#4302 = ORIENTED_EDGE ( 'NONE', *, *, #4628, .F. ) ;
#4303 = CARTESIAN_POINT ( 'NONE',  ( -0.6785254037844367100, 1.175240473580832400, 1.004166666666667100 ) ) ;
#4304 = CARTESIAN_POINT ( 'NONE',  ( -0.2359215567864315100, -1.073809935526933700, 0.8293762070536470100 ) ) ;
#4305 = CARTESIAN_POINT ( 'NONE',  ( -1.357050807568873400, 1.046809103374680800E-016, -7.974999999999998800 ) ) ;
#4306 = ORIENTED_EDGE ( 'NONE', *, *, #1320, .T. ) ;
#4307 = EDGE_LOOP ( 'NONE', ( #2943, #3949, #1011, #338, #286 ) ) ;
#4308 = CARTESIAN_POINT ( 'NONE',  ( -1.091003120000513900, -0.9205469334343428000, -0.05388762952790487900 ) ) ;
#4309 = CARTESIAN_POINT ( 'NONE',  ( 0.6785254037844363800, -1.175240473580832600, -6.245833333333333600 ) ) ;
#4310 = CARTESIAN_POINT ( 'NONE',  ( -0.5824266820572239200, 0.5824266820572198100, 2.339111957723600800 ) ) ;
#4311 = ORIENTED_EDGE ( 'NONE', *, *, #871, .T. ) ;
#4312 = CARTESIAN_POINT ( 'NONE',  ( -0.9766824987611829600, -0.2678177940361298200, 0.7413558875187594700 ) ) ;
#4313 = DIRECTION ( 'NONE',  ( -3.478195198241798700E-015, 0.9961946980917455500, -0.08715574274765836000 ) ) ;
#4314 = CARTESIAN_POINT ( 'NONE',  ( 0.3476932613749347300, 1.754010341813027300, 2.106932636468940200 ) ) ;
#4315 = CARTESIAN_POINT ( 'NONE',  ( 0.6785254037844376000, 1.175240473580832200, 1.420833333333332900 ) ) ;
#4316 = CARTESIAN_POINT ( 'NONE',  ( -1.322475605676656200, -0.7635316469341305600, -6.636458333333331800 ) ) ;
#4317 = EDGE_CURVE ( 'NONE', #502, #3221, #1581, .T. ) ;
#4318 = CARTESIAN_POINT ( 'NONE',  ( 0.0000000000000000000, 1.175240473580832200, -6.099999999999999600 ) ) ;
#4319 = FACE_OUTER_BOUND ( 'NONE', #4105, .T. ) ;
#4320 = CARTESIAN_POINT ( 'NONE',  ( 0.6785254037844372600, 1.175240473580831900, -7.141666666666666600 ) ) ;
#4321 = CARTESIAN_POINT ( 'NONE',  ( 0.8660254037844259400, 1.500000000000024400, -5.329166666666666600 ) ) ;
#4322 = CARTESIAN_POINT ( 'NONE',  ( -0.6785254037844366000, 1.175240473580832400, -8.558333333333331800 ) ) ;
#4323 = VECTOR ( 'NONE', #3776, 1000.000000000000000 ) ;
#4324 = VERTEX_POINT ( 'NONE', #1697 ) ;
#4325 = AXIS2_PLACEMENT_3D ( 'NONE', #2119, #3538, #2105 ) ;
#4326 = EDGE_CURVE ( 'NONE', #2721, #1592, #532, .T. ) ;
#4327 = CARTESIAN_POINT ( 'NONE',  ( 0.8660254037844326000, 1.500000000000012000, -2.329166666666666600 ) ) ;
#4328 = CARTESIAN_POINT ( 'NONE',  ( -0.2723373023585046700, -1.450604459915364500, -0.02553089567533325900 ) ) ;
#4329 = CARTESIAN_POINT ( 'NONE',  ( 1.017788105676655100, -0.5876202367904167500, -5.704166666666666600 ) ) ;
#4330 = CARTESIAN_POINT ( 'NONE',  ( -1.017788105676655300, -0.5876202367904159700, -6.370833333333333600 ) ) ;
#4331 = CYLINDRICAL_SURFACE ( 'NONE', #1071, 1.500000000000000400 ) ;
#4332 = CARTESIAN_POINT ( 'NONE',  ( -0.1801282119349137700, 1.308213337095142100, -8.166786662904856400 ) ) ;
#4333 = CARTESIAN_POINT ( 'NONE',  ( -1.299038105676658400, -0.7499999999999998900, -3.620833333333333100 ) ) ;
#4334 = CARTESIAN_POINT ( 'NONE',  ( -1.299038105676658200, 0.7500000000000004400, -7.204166666666665700 ) ) ;
#4335 = CARTESIAN_POINT ( 'NONE',  ( 0.8816504037844382600, 1.527063293868261300, -5.344791666666664800 ) ) ;
#4336 = FACE_OUTER_BOUND ( 'NONE', #1097, .T. ) ;
#4337 =( BOUNDED_CURVE ( )  B_SPLINE_CURVE ( 2, ( #1411, #3871, #271, #2808, #1784, #4222, #254 ),
 .UNSPECIFIED., .F., .F. ) 
 B_SPLINE_CURVE_WITH_KNOTS ( ( 3, 2, 2, 3 ),
 ( 0.5238095238095237200, 0.5317460317460316300, 0.5396825396825395400, 0.5476190476190475600 ),
 .UNSPECIFIED. ) 
 CURVE ( )  GEOMETRIC_REPRESENTATION_ITEM ( )  RATIONAL_B_SPLINE_CURVE ( ( 1.000000000000001800, 0.8660254037844367100, 1.000000000000000000, 0.8660254037844386000, 1.000000000000000000, 0.8660254037844404800, 0.9999999999999981100 ) ) 
 REPRESENTATION_ITEM ( '' )  );
#4338 = CARTESIAN_POINT ( 'NONE',  ( 0.8660254037844384900, -1.500000000000001100, -0.05833333333333719900 ) ) ;
#4339 = CARTESIAN_POINT ( 'NONE',  ( 0.6785254037844363800, -1.175240473580832200, -4.308333333333333600 ) ) ;
#4340 = CARTESIAN_POINT ( 'NONE',  ( 0.6785254037844372600, 1.175240473580831900, -7.641666666666665700 ) ) ;
#4341 = CARTESIAN_POINT ( 'NONE',  ( 1.017788105676655600, 0.5876202367904153100, -7.183333333333333600 ) ) ;
#4342 = CARTESIAN_POINT ( 'NONE',  ( 0.6785254037844376000, 1.175240473580832200, -8.079166666666667500 ) ) ;
#4343 = CARTESIAN_POINT ( 'NONE',  ( -1.836970198721030400E-016, -1.500000000000000400, -0.6000000000000032000 ) ) ;
#4344 = CARTESIAN_POINT ( 'NONE',  ( -0.6785254037844367100, 1.175240473580832400, -7.995833333333333600 ) ) ;
#4345 = CARTESIAN_POINT ( 'NONE',  ( -1.017788105676655300, 0.5876202367904163100, -6.954166666666666600 ) ) ;
#4346 = DIRECTION ( 'NONE',  ( -0.0000000000000000000, -2.585091490897065700E-018, 1.000000000000000000 ) ) ;
#4347 = PERSON_AND_ORGANIZATION_ROLE ( 'creator' ) ;
#4348 = AXIS2_PLACEMENT_3D ( 'NONE', #3880, #2074, #4607 ) ;
#4349 = CARTESIAN_POINT ( 'NONE',  ( -1.017788105676655300, -0.5876202367904159700, 1.629166666666666000 ) ) ;
#4350 = CARTESIAN_POINT ( 'NONE',  ( 0.8816504037844382600, 1.527063293868261300, -5.844791666666664800 ) ) ;
#4351 = CARTESIAN_POINT ( 'NONE',  ( -1.870113174931180700E-016, -1.527063293868261800, -5.584375000000005000 ) ) ;
#4352 = CARTESIAN_POINT ( 'NONE',  ( -0.6785254037844371500, -1.175240473580831900, -5.391666666666665700 ) ) ;
#4353 = CARTESIAN_POINT ( 'NONE',  ( -1.017788105676655100, 0.5876202367904161900, -7.016666666666666600 ) ) ;
#4354 = ADVANCED_FACE ( 'NONE', ( #2643 ), #1156, .F. ) ;
#4355 = ORIENTED_EDGE ( 'NONE', *, *, #3065, .T. ) ;
#4356 = CARTESIAN_POINT ( 'NONE',  ( -1.357050807568873400, 1.046809103374680800E-016, -6.974999999999999600 ) ) ;
#4357 = VERTEX_POINT ( 'NONE', #4669 ) ;
#4358 = CARTESIAN_POINT ( 'NONE',  ( 0.0000000000000000000, 1.175240473580832400, -4.037500000000000500 ) ) ;
#4359 = ORIENTED_EDGE ( 'NONE', *, *, #4509, .T. ) ;
#4360 = AXIS2_PLACEMENT_3D ( 'NONE', #2110, #3214, #4290 ) ;
#4361 = CARTESIAN_POINT ( 'NONE',  ( -1.017788105676655300, -0.5876202367904159700, -5.370833333333333600 ) ) ;
#4362 = CARTESIAN_POINT ( 'NONE',  ( -0.6910024380698711600, -1.270864692681972000, -8.039647335361205900 ) ) ;
#4363 = CARTESIAN_POINT ( 'NONE',  ( -0.8660254037844323800, -1.500000000000012400, -2.579166666666666600 ) ) ;
#4364 = CARTESIAN_POINT ( 'NONE',  ( 1.836970198721030400E-016, 1.500000000000000400, 1.649999999999999500 ) ) ;
#4365 = EDGE_LOOP ( 'NONE', ( #1646, #3041, #4476, #3394 ) ) ;
#4366 = ORIENTED_EDGE ( 'NONE', *, *, #3006, .T. ) ;
#4367 = CARTESIAN_POINT ( 'NONE',  ( 1.299038105676658000, -0.7500000000000007800, -4.016666666666670200 ) ) ;
#4368 = CARTESIAN_POINT ( 'NONE',  ( 1.763300807568875000, -3.023275895394842700E-016, -2.928124999999998300 ) ) ;
#4369 = CARTESIAN_POINT ( 'NONE',  ( -1.763300807568875000, 1.295565484451488000E-016, -7.709375000000005000 ) ) ;
#4370 = CARTESIAN_POINT ( 'NONE',  ( 0.6785254037844372600, 1.175240473580831700, -5.141666666666666600 ) ) ;
#4371 = CARTESIAN_POINT ( 'NONE',  ( -1.017788105676655300, -0.5876202367904158600, -7.433333333333333600 ) ) ;
#4372 = ORIENTED_EDGE ( 'NONE', *, *, #1263, .T. ) ;
#4373 = CARTESIAN_POINT ( 'NONE',  ( -0.3698727545273256000, -0.6740763912898216600, 0.4954285432711061900 ) ) ;
#4374 = CARTESIAN_POINT ( 'NONE',  ( 0.6785254037844372600, 1.175240473580831900, -7.141666666666666600 ) ) ;
#4375 = LINE ( 'NONE', #4604, #2460 ) ;
#4376 = CARTESIAN_POINT ( 'NONE',  ( 1.357050807568873600, -2.277006752164423400E-016, -7.662499999999999600 ) ) ;
#4377 = CARTESIAN_POINT ( 'NONE',  ( -0.6785254037844371500, -1.175240473580832400, -4.329166666666666600 ) ) ;
#4378 = CARTESIAN_POINT ( 'NONE',  ( -1.439254484199186200E-016, -1.175240473580832400, -5.287500000000000500 ) ) ;
#4379 = ADVANCED_FACE ( 'NONE', ( #3751 ), #2547, .T. ) ;
#4380 = CARTESIAN_POINT ( 'NONE',  ( 0.0000000000000000000, 6.628682924999594700E-017, 1.649999999999999500 ) ) ;
#4381 = APPROVAL_ROLE ( '' ) ;
#4382 = CARTESIAN_POINT ( 'NONE',  ( 1.476527509348104500, -0.1785715533985121100, -7.998472490651899100 ) ) ;
#4383 = FACE_OUTER_BOUND ( 'NONE', #3233, .T. ) ;
#4384 = ORIENTED_EDGE ( 'NONE', *, *, #2546, .F. ) ;
#4385 = CARTESIAN_POINT ( 'NONE',  ( -0.1158621570531828800, -1.187702072983587500E-015, -3.191530041392854700 ) ) ;
#4386 = CARTESIAN_POINT ( 'NONE',  ( -0.8816504037844380400, -1.527063293868261300, -2.594791666666665300 ) ) ;
#4387 = CARTESIAN_POINT ( 'NONE',  ( 1.322475605676655800, -0.7635316469341314500, -6.501041666666671000 ) ) ;
#4388 = AXIS2_PLACEMENT_3D ( 'NONE', #2596, #2172, #1463 ) ;
#4389 = CARTESIAN_POINT ( 'NONE',  ( -1.439254484199185900E-016, -1.175240473580832200, -2.850000000000000100 ) ) ;
#4390 = EDGE_CURVE ( 'NONE', #3270, #2422, #2126, .T. ) ;
#4391 = CARTESIAN_POINT ( 'NONE',  ( 1.017788105676654900, -0.5876202367904166400, -7.266666666666666600 ) ) ;
#4392 = VECTOR ( 'NONE', #138, 1000.000000000000000 ) ;
#4393 = CARTESIAN_POINT ( 'NONE',  ( -1.836970198721030700E-016, -1.500000000000000400, -4.037500000000000500 ) ) ;
#4394 = CARTESIAN_POINT ( 'NONE',  ( 0.0000000000000000000, 1.175240473580832200, -7.100000000000000500 ) ) ;
#4395 = FACE_OUTER_BOUND ( 'NONE', #4520, .T. ) ;
#4396 = EDGE_CURVE ( 'NONE', #3501, #3735, #1271, .T. ) ;
#4397 = CARTESIAN_POINT ( 'NONE',  ( 1.017788105676655800, 0.5876202367904153100, -6.120833333333333600 ) ) ;
#4398 = CARTESIAN_POINT ( 'NONE',  ( 0.3746542051861144200, -1.101405575052955000, 2.415097634362402000 ) ) ;
#4399 = CARTESIAN_POINT ( 'NONE',  ( 1.357050807568873600, -2.277006752164423400E-016, -3.162500000000000500 ) ) ;
#4400 = CARTESIAN_POINT ( 'NONE',  ( -0.6785254037844367100, 1.175240473580832200, -4.495833333333333600 ) ) ;
#4401 = CARTESIAN_POINT ( 'NONE',  ( 1.732050807568877900, -2.965870576684816500E-016, -2.475000000000003600 ) ) ;
#4402 = CARTESIAN_POINT ( 'NONE',  ( 0.8816504037844382600, 1.527063293868261300, -2.844791666666665700 ) ) ;
#4403 = CARTESIAN_POINT ( 'NONE',  ( -1.763300807568875000, 1.295565484451488000E-016, -6.709375000000005000 ) ) ;
#4404 = CARTESIAN_POINT ( 'NONE',  ( -1.017788105676655300, -0.5876202367904158600, -2.933333333333334000 ) ) ;
#4405 = CARTESIAN_POINT ( 'NONE',  ( 1.017788105676655600, 0.5876202367904153100, -5.183333333333333600 ) ) ;
#4406 = ADVANCED_FACE ( 'NONE', ( #3525 ), #368, .T. ) ;
#4407 = CARTESIAN_POINT ( 'NONE',  ( 0.9766879735806982500, -0.2678159961287051600, 0.7413608489943261900 ) ) ;
#4408 = CARTESIAN_POINT ( 'NONE',  ( -1.017788105676655300, -0.5876202367904158600, -5.433333333333333600 ) ) ;
#4409 = CARTESIAN_POINT ( 'NONE',  ( 0.6785254037844363800, -1.175240473580832600, -7.245833333333333600 ) ) ;
#4410 = CARTESIAN_POINT ( 'NONE',  ( -0.2359215567864427800, 1.073809935526930600, 0.8293762070536465600 ) ) ;
#4411 = CARTESIAN_POINT ( 'NONE',  ( 0.0000000000000000000, 1.175240473580832400, -3.037500000000000100 ) ) ;
#4412 = CARTESIAN_POINT ( 'NONE',  ( -1.357050807568873600, 1.046809103374680900E-016, -2.412500000000000500 ) ) ;
#4413 = CARTESIAN_POINT ( 'NONE',  ( 0.1923098665767886100, -1.457036689760393000, -8.008445107354695800 ) ) ;
#4414 = ORIENTED_EDGE ( 'NONE', *, *, #2237, .F. ) ;
#4415 = PERSON_AND_ORGANIZATION_ROLE ( 'design_supplier' ) ;
#4416 = CARTESIAN_POINT ( 'NONE',  ( -1.322475605676656200, 0.7635316469341311100, -2.719791666666665700 ) ) ;
#4417 = CARTESIAN_POINT ( 'NONE',  ( -0.8816504037844380400, -1.527063293868261300, -6.626041666666671000 ) ) ;
#4418 = CARTESIAN_POINT ( 'NONE',  ( -1.357050807568873400, 1.046809103374680900E-016, -2.975000000000000100 ) ) ;
#4419 = ORIENTED_EDGE ( 'NONE', *, *, #2971, .F. ) ;
#4420 = CARTESIAN_POINT ( 'NONE',  ( 0.0000000000000000000, 1.175240473580832200, -4.599999999999999600 ) ) ;
#4421 = DIRECTION ( 'NONE',  ( -0.7071067811865492400, 8.659560562354953800E-017, 0.7071067811865458000 ) ) ;
#4422 = DIRECTION ( 'NONE',  ( 0.0000000000000000000, 0.0000000000000000000, 1.000000000000000000 ) ) ;
#4423 = AXIS2_PLACEMENT_3D ( 'NONE', #3941, #729, #3262 ) ;
#4424 = APPROVAL_DATE_TIME ( #59, #896 ) ;
#4425 = EDGE_CURVE ( 'NONE', #4357, #4204, #4043, .T. ) ;
#4426 = CARTESIAN_POINT ( 'NONE',  ( 0.6785254037844372600, 1.175240473580831900, -4.141666666666666600 ) ) ;
#4427 = ORIENTED_EDGE ( 'NONE', *, *, #2069, .F. ) ;
#4428 = VERTEX_POINT ( 'NONE', #2908 ) ;
#4429 = CARTESIAN_POINT ( 'NONE',  ( 0.6785254037844363800, -1.175240473580832600, -7.745833333333333600 ) ) ;
#4430 = CARTESIAN_POINT ( 'NONE',  ( 1.836970198721030400E-016, 1.500000000000000400, 1.649999999999999500 ) ) ;
#4431 = CARTESIAN_POINT ( 'NONE',  ( -1.439254484199186200E-016, -1.175240473580832400, -2.787500000000000100 ) ) ;
#4432 = ORIENTED_EDGE ( 'NONE', *, *, #1399, .T. ) ;
#4433 = CARTESIAN_POINT ( 'NONE',  ( 1.017788105676655800, 0.5876202367904153100, -3.120833333333333100 ) ) ;
#4434 = ADVANCED_FACE ( 'NONE', ( #86 ), #2068, .T. ) ;
#4435 = ORIENTED_EDGE ( 'NONE', *, *, #93, .F. ) ;
#4436 = CARTESIAN_POINT ( 'NONE',  ( 2.067134548379470700E-011, -1.460376587737177300, -8.014623412262825000 ) ) ;
#4437 = DIRECTION ( 'NONE',  ( 0.9961946980917455500, 1.021198412071443300E-014, -0.08715574274765836000 ) ) ;
#4438 = CARTESIAN_POINT ( 'NONE',  ( -1.763300807568875000, 1.295565484451488000E-016, -4.178124999999998800 ) ) ;
#4439 = CARTESIAN_POINT ( 'NONE',  ( -0.8816504037844373800, 1.527063293868261600, -2.792708333333339300 ) ) ;
#4440 = VERTEX_POINT ( 'NONE', #927 ) ;
#4441 = CARTESIAN_POINT ( 'NONE',  ( 0.0000000000000000000, 1.175240473580832200, -3.100000000000000500 ) ) ;
#4442 = CARTESIAN_POINT ( 'NONE',  ( 1.017788105676654900, -0.5876202367904166400, -3.266666666666667100 ) ) ;
#4443 = CARTESIAN_POINT ( 'NONE',  ( 1.017788105676654900, -0.5876202367904166400, -2.766666666666667500 ) ) ;
#4444 = VECTOR ( 'NONE', #1235, 1000.000000000000000 ) ;
#4445 = CARTESIAN_POINT ( 'NONE',  ( -1.439254484199186200E-016, -1.175240473580832400, -6.287499999999999600 ) ) ;
#4446 = CARTESIAN_POINT ( 'NONE',  ( 0.6785254037844376000, 1.175240473580832200, -2.579166666666666600 ) ) ;
#4447 = CARTESIAN_POINT ( 'NONE',  ( 1.017788105676655100, -0.5876202367904167500, -2.704166666666667100 ) ) ;
#4448 = CONICAL_SURFACE ( 'NONE', #1377, 1.500000000000001100, 1.047197551196599900 ) ;
#4449 = CARTESIAN_POINT ( 'NONE',  ( -1.322475605676656200, 0.7635316469341311100, -2.219791666666664800 ) ) ;
#4450 = VECTOR ( 'NONE', #172, 1000.000000000000100 ) ;
#4451 = CARTESIAN_POINT ( 'NONE',  ( 1.322475605676656900, 0.7635316469341297800, -4.917708333333338000 ) ) ;
#4452 = CARTESIAN_POINT ( 'NONE',  ( 1.017788105676655600, 0.5876202367904153100, -2.183333333333333100 ) ) ;
#4453 = EDGE_CURVE ( 'NONE', #3678, #3346, #2978, .T. ) ;
#4454 = CARTESIAN_POINT ( 'NONE',  ( -1.439254484199185900E-016, -1.175240473580832200, -2.850000000000000100 ) ) ;
#4455 = LINE ( 'NONE', #2498, #1783 ) ;
#4456 = CARTESIAN_POINT ( 'NONE',  ( -0.6785254037844370400, -1.175240473580832200, -2.891666666666666600 ) ) ;
#4457 = CARTESIAN_POINT ( 'NONE',  ( 0.0000000000000000000, 1.175240473580832400, -4.037500000000000500 ) ) ;
#4458 = CARTESIAN_POINT ( 'NONE',  ( -1.732050807568877600, 1.276430378214812400E-016, -2.162500000000000500 ) ) ;
#4459 = CARTESIAN_POINT ( 'NONE',  ( -0.2635083148449614000, 1.390055189987961200, 1.144694294526125100 ) ) ;
#4460 = CARTESIAN_POINT ( 'NONE',  ( 0.0000000000000000000, 1.175240473580832400, -2.037500000000000100 ) ) ;
#4461 = CARTESIAN_POINT ( 'NONE',  ( 0.0000000000000000000, 1.175240473580832400, -3.537499999999999600 ) ) ;
#4462 = CARTESIAN_POINT ( 'NONE',  ( -0.1049025604335740700, 0.2532571841263953100, -3.225649374138636700 ) ) ;
#4463 = CARTESIAN_POINT ( 'NONE',  ( 0.0000000000000000000, 1.500000000000000400, -4.287500000000000500 ) ) ;
#4464 = CARTESIAN_POINT ( 'NONE',  ( -1.763300807568875000, 1.295565484451488300E-016, -1.678124999999999000 ) ) ;
#4465 = CARTESIAN_POINT ( 'NONE',  ( 1.322475605676655800, -0.7635316469341314500, -5.001041666666671900 ) ) ;
#4466 = DIRECTION ( 'NONE',  ( -1.000000000000000000, 0.0000000000000000000, 0.0000000000000000000 ) ) ;
#4467 = CARTESIAN_POINT ( 'NONE',  ( 1.017788105676655600, 0.5876202367904153100, -4.183333333333333600 ) ) ;
#4468 = DIRECTION ( 'NONE',  ( 1.000000000000000000, 0.0000000000000000000, 0.0000000000000000000 ) ) ;
#4469 = CARTESIAN_POINT ( 'NONE',  ( 0.0000000000000000000, 1.175240473580832200, -4.599999999999999600 ) ) ;
#4470 = CARTESIAN_POINT ( 'NONE',  ( 1.357050807568873600, -2.277006752164423400E-016, -3.162500000000000500 ) ) ;
#4471 = EDGE_LOOP ( 'NONE', ( #4534, #3969, #3465, #4020 ) ) ;
#4472 = CARTESIAN_POINT ( 'NONE',  ( -0.8660254037844359300, -1.500000000000006000, -1.579166666666666800 ) ) ;
#4473 = CARTESIAN_POINT ( 'NONE',  ( -0.8660254037844457000, 1.499999999999987800, -5.308333333333337100 ) ) ;
#4474 = DIRECTION ( 'NONE',  ( -0.0000000000000000000, -2.585091490897065700E-018, 1.000000000000000000 ) ) ;
#4475 = ORIENTED_EDGE ( 'NONE', *, *, #1628, .T. ) ;
#4476 = ORIENTED_EDGE ( 'NONE', *, *, #646, .T. ) ;
#4477 = CARTESIAN_POINT ( 'NONE',  ( -1.870113174931180700E-016, -1.527063293868261800, -2.053124999999998300 ) ) ;
#4478 = CARTESIAN_POINT ( 'NONE',  ( -1.322475605676656200, 0.7635316469341311100, -4.751041666666671900 ) ) ;
#4479 = CARTESIAN_POINT ( 'NONE',  ( -1.732050807568877600, 1.276430378214812200E-016, -5.662499999999999600 ) ) ;
#4480 = ORIENTED_EDGE ( 'NONE', *, *, #746, .F. ) ;
#4481 = CARTESIAN_POINT ( 'NONE',  ( 0.0000000000000000000, 1.175240473580832200, -1.100000000000000300 ) ) ;
#4482 = ORIENTED_EDGE ( 'NONE', *, *, #2522, .F. ) ;
#4483 = CARTESIAN_POINT ( 'NONE',  ( 1.299038105676659100, 0.7499999999999991100, -4.370833333333333600 ) ) ;
#4484 =( BOUNDED_CURVE ( )  B_SPLINE_CURVE ( 2, ( #2051, #4581, #539, #210, #560, #4536, #1266 ),
 .UNSPECIFIED., .F., .F. ) 
 B_SPLINE_CURVE_WITH_KNOTS ( ( 3, 2, 2, 3 ),
 ( 0.6428571428571427900, 0.6507936507936507000, 0.6587301587301587200, 0.6666666666666666300 ),
 .UNSPECIFIED. ) 
 CURVE ( )  GEOMETRIC_REPRESENTATION_ITEM ( )  RATIONAL_B_SPLINE_CURVE ( ( 1.000000000000001800, 0.8660254037844367100, 1.000000000000000000, 0.8660254037844386000, 1.000000000000000000, 0.8660254037844386000, 1.000000000000000000 ) ) 
 REPRESENTATION_ITEM ( '' )  );
#4485 = EDGE_CURVE ( 'NONE', #3725, #1557, #510, .T. ) ;
#4486 = CARTESIAN_POINT ( 'NONE',  ( -0.6785254037844366000, 1.175240473580832400, -3.058333333333334000 ) ) ;
#4487 = ORIENTED_EDGE ( 'NONE', *, *, #1805, .T. ) ;
#4488 = CARTESIAN_POINT ( 'NONE',  ( -1.017788105676655300, -0.5876202367904159700, -3.870833333333333600 ) ) ;
#4489 = CARTESIAN_POINT ( 'NONE',  ( -0.8660254037844393700, -1.500000000000000000, -0.07916666666666649600 ) ) ;
#4490 = CARTESIAN_POINT ( 'NONE',  ( 1.299038105676658900, 0.7499999999999990000, -7.433333333333337100 ) ) ;
#4491 = CARTESIAN_POINT ( 'NONE',  ( 0.6892176704428141200, -0.9519291851245443900, -8.299759526419165900 ) ) ;
#4492 = FACE_OUTER_BOUND ( 'NONE', #4193, .T. ) ;
#4493 = CARTESIAN_POINT ( 'NONE',  ( -0.8660254037844389300, 1.500000000000000900, -3.808333333333337100 ) ) ;
#4494 = CARTESIAN_POINT ( 'NONE',  ( -1.322475605676656200, -0.7635316469341305600, -1.136458333333332200 ) ) ;
#4495 = CARTESIAN_POINT ( 'NONE',  ( 1.322475605676656900, 0.7635316469341297800, -1.917708333333338000 ) ) ;
#4496 = CARTESIAN_POINT ( 'NONE',  ( -0.6785254037844366000, 1.175240473580832400, -0.05833333333333386200 ) ) ;
#4497 = FACE_OUTER_BOUND ( 'NONE', #794, .T. ) ;
#4498 = CARTESIAN_POINT ( 'NONE',  ( -1.439254484199185900E-016, -1.175240473580832200, -0.3499999999999996400 ) ) ;
#4499 = ORIENTED_EDGE ( 'NONE', *, *, #1625, .T. ) ;
#4500 = CARTESIAN_POINT ( 'NONE',  ( -0.6785254037844367100, 1.175240473580832400, -2.995833333333333600 ) ) ;
#4501 = AXIS2_PLACEMENT_3D ( 'NONE', #2268, #1177, #4090 ) ;
#4502 = CARTESIAN_POINT ( 'NONE',  ( 1.836970198721030400E-016, 1.500000000000000400, -7.975000000000003200 ) ) ;
#4503 = B_SPLINE_CURVE_WITH_KNOTS ( 'NONE', 3,
 ( #2996, #4129, #487, #471, #2294, #3019, #836 ),
 .UNSPECIFIED., .F., .F.,
 ( 4, 3, 4 ),
 ( 0.001312154219041620800, 0.001730781375488203100, 0.002145469335525565800 ),
 .UNSPECIFIED. ) ;
#4504 = CARTESIAN_POINT ( 'NONE',  ( 1.299038105676659100, 0.7499999999999991100, -0.3708333333333340100 ) ) ;
#4505 = CARTESIAN_POINT ( 'NONE',  ( -1.763300807568875000, 1.295565484451488300E-016, 0.3218750000000009700 ) ) ;
#4506 = CARTESIAN_POINT ( 'NONE',  ( -1.870113174931180700E-016, -1.527063293868261800, -0.08437500000000458500 ) ) ;
#4507 = AXIS2_PLACEMENT_3D ( 'NONE', #3158, #3514, #2830 ) ;
#4508 = CARTESIAN_POINT ( 'NONE',  ( 1.049523301869544700, 0.5288582131113669400, -0.1875000000000011900 ) ) ;
#4509 = EDGE_CURVE ( 'NONE', #1408, #2208, #535, .T. ) ;
#4510 = CARTESIAN_POINT ( 'NONE',  ( -1.357050807568873400, 1.046809103374680900E-016, -2.475000000000000500 ) ) ;
#4511 = CARTESIAN_POINT ( 'NONE',  ( -0.7079727161450880500, -0.2932519008174186400, 2.399999999999999900 ) ) ;
#4512 = CARTESIAN_POINT ( 'NONE',  ( -0.6785254037844370400, -1.175240473580832200, -0.3916666666666668900 ) ) ;
#4513 = APPROVAL ( #2218, 'UNSPECIFIED' ) ;
#4514 = CARTESIAN_POINT ( 'NONE',  ( -0.6785254037844371500, -1.175240473580832400, -4.329166666666666600 ) ) ;
#4515 = CARTESIAN_POINT ( 'NONE',  ( 0.0000000000000000000, 1.500000000000000400, -1.287500000000000300 ) ) ;
#4516 = CARTESIAN_POINT ( 'NONE',  ( -0.2359215567864315100, -1.073809935526933700, 0.8293762070536470100 ) ) ;
#4517 = DIRECTION ( 'NONE',  ( 0.0000000000000000000, -2.585091490897065700E-018, 1.000000000000000000 ) ) ;
#4518 = DIRECTION ( 'NONE',  ( -0.0000000000000000000, -0.0000000000000000000, -1.000000000000000000 ) ) ;
#4519 = CARTESIAN_POINT ( 'NONE',  ( 0.0000000000000000000, 1.527063293868261800, -0.8343750000000052000 ) ) ;
#4520 = EDGE_LOOP ( 'NONE', ( #2153, #282, #2780, #1393 ) ) ;
#4521 = CARTESIAN_POINT ( 'NONE',  ( 0.6785254037844372600, 1.175240473580831900, -0.6416666666666670500 ) ) ;
#4522 = CARTESIAN_POINT ( 'NONE',  ( 1.357050807568873400, -2.277006752164422900E-016, -0.2249999999999995300 ) ) ;
#4523 = ORIENTED_EDGE ( 'NONE', *, *, #1041, .F. ) ;
#4524 = CARTESIAN_POINT ( 'NONE',  ( 0.6785254037844376000, 1.175240473580832200, -1.579166666666666800 ) ) ;
#4525 = APPROVAL_PERSON_ORGANIZATION ( #663, #896, #60 ) ;
#4526 = CARTESIAN_POINT ( 'NONE',  ( -1.836970198721030700E-016, -1.500000000000000400, -5.037499999999999600 ) ) ;
#4527 = CARTESIAN_POINT ( 'NONE',  ( 0.4503631925185019900, 0.4503631925185017100, 0.3668648403299111800 ) ) ;
#4528 = ORIENTED_EDGE ( 'NONE', *, *, #285, .T. ) ;
#4529 = VERTEX_POINT ( 'NONE', #4286 ) ;
#4530 = CARTESIAN_POINT ( 'NONE',  ( 1.017788105676654900, -0.5876202367904166400, -7.266666666666666600 ) ) ;
#4531 = VERTEX_POINT ( 'NONE', #632 ) ;
#4532 = CARTESIAN_POINT ( 'NONE',  ( -1.836970198721030400E-016, -1.500000000000000400, -3.600000000000002800 ) ) ;
#4533 = CARTESIAN_POINT ( 'NONE',  ( -0.8816504037844380400, -1.527063293868261300, -0.6260416666666722700 ) ) ;
#4534 = ORIENTED_EDGE ( 'NONE', *, *, #1207, .T. ) ;
#4535 = CARTESIAN_POINT ( 'NONE',  ( -1.017788105676655300, -0.5876202367904158600, -1.433333333333333300 ) ) ;
#4536 = CARTESIAN_POINT ( 'NONE',  ( 0.8660254037844399300, 1.500000000000000400, -1.391666666666670400 ) ) ;
#4537 = CARTESIAN_POINT ( 'NONE',  ( -0.3126715560647684300, -1.651542389413725600, 1.706632713041977400 ) ) ;
#4538 = EDGE_LOOP ( 'NONE', ( #1807, #326, #4703, #2221 ) ) ;
#4539 = EDGE_CURVE ( 'NONE', #1813, #3221, #3920, .T. ) ;
#4540 = CARTESIAN_POINT ( 'NONE',  ( -1.017788105676655300, -0.5876202367904158600, -0.4333333333333341800 ) ) ;
#4541 = CARTESIAN_POINT ( 'NONE',  ( 1.017788105676655800, 0.5876202367904153100, -2.620833333333333600 ) ) ;
#4542 = LINE ( 'NONE', #3068, #3571 ) ;
#4543 = CARTESIAN_POINT ( 'NONE',  ( 0.6785254037844372600, 1.175240473580831700, -6.641666666666668400 ) ) ;
#4544 = CARTESIAN_POINT ( 'NONE',  ( 1.242489203278940100, -0.09765224946881216600, -8.256498941477227400 ) ) ;
#4545 = CIRCLE ( 'NONE', #3471, 1.572609826430241900 ) ;
#4546 = ORIENTED_EDGE ( 'NONE', *, *, #4259, .F. ) ;
#4547 = CARTESIAN_POINT ( 'NONE',  ( 0.0000000000000000000, 1.527063293868261800, -1.334375000000004800 ) ) ;
#4548 = DIRECTION ( 'NONE',  ( -0.0000000000000000000, -2.585091490897065700E-018, 1.000000000000000000 ) ) ;
#4549 = CARTESIAN_POINT ( 'NONE',  ( -1.439254484199185900E-016, -1.175240473580832200, 0.6499999999999995800 ) ) ;
#4550 = CARTESIAN_POINT ( 'NONE',  ( 1.732050807568877900, -2.965870576684816500E-016, -0.9750000000000036400 ) ) ;
#4551 = DIRECTION ( 'NONE',  ( 0.9203638919632257700, -0.3812272063696504100, 0.08715574274765834600 ) ) ;
#4552 = CARTESIAN_POINT ( 'NONE',  ( 1.017788105676655600, 0.5876202367904153100, -1.683333333333333600 ) ) ;
#4553 = CARTESIAN_POINT ( 'NONE',  ( 0.6785254037844376000, 1.175240473580832200, -2.579166666666666600 ) ) ;
#4554 = FACE_OUTER_BOUND ( 'NONE', #2458, .T. ) ;
#4555 = DIRECTION ( 'NONE',  ( -0.0000000000000000000, -2.585091490897065700E-018, 1.000000000000000000 ) ) ;
#4556 = AXIS2_PLACEMENT_3D ( 'NONE', #1887, #3343, #1543 ) ;
#4557 = CARTESIAN_POINT ( 'NONE',  ( 0.0000000000000000000, 1.500000000000000400, -1.850000000000003400 ) ) ;
#4558 = VERTEX_POINT ( 'NONE', #3900 ) ;
#4559 = CARTESIAN_POINT ( 'NONE',  ( 0.6785254037844363800, -1.175240473580832200, -7.308333333333334500 ) ) ;
#4560 =( BOUNDED_CURVE ( )  B_SPLINE_CURVE ( 2, ( #2840, #3584, #316, #3207, #2857, #4257, #1726 ),
 .UNSPECIFIED., .F., .F. ) 
 B_SPLINE_CURVE_WITH_KNOTS ( ( 3, 2, 2, 3 ),
 ( 0.1190476190476191500, 0.1269841269841270300, 0.1349206349206349100, 0.1428571428571427900 ),
 .UNSPECIFIED. ) 
 CURVE ( )  GEOMETRIC_REPRESENTATION_ITEM ( )  RATIONAL_B_SPLINE_CURVE ( ( 0.9999999999999981100, 0.8660254037844404800, 1.000000000000000000, 0.8660254037844386000, 1.000000000000000000, 0.8660254037844394800, 0.9999999999999991100 ) ) 
 REPRESENTATION_ITEM ( '' )  );
#4561 = B_SPLINE_CURVE_WITH_KNOTS ( 'NONE', 3,
 ( #1655, #3817, #1639, #4220 ),
 .UNSPECIFIED., .F., .F.,
 ( 4, 4 ),
 ( 0.004848650453967067400, 0.005681966014487246600 ),
 .UNSPECIFIED. ) ;
#4562 = CARTESIAN_POINT ( 'NONE',  ( 1.053577114313351700, -0.5834562540301109200, -8.277781673760383500 ) ) ;
#4563 = CARTESIAN_POINT ( 'NONE',  ( -1.322475605676656200, 0.7635316469341311100, 0.7489583333333289500 ) ) ;
#4564 = AXIS2_PLACEMENT_3D ( 'NONE', #4141, #1952, #2335 ) ;
#4565 = DIRECTION ( 'NONE',  ( 1.000000000000000000, 0.0000000000000000000, 0.0000000000000000000 ) ) ;
#4566 = EDGE_CURVE ( 'NONE', #4639, #3180, #1770, .T. ) ;
#4567 = CARTESIAN_POINT ( 'NONE',  ( 0.6785254037844372600, 1.175240473580831900, 1.358333333333332700 ) ) ;
#4568 = CARTESIAN_POINT ( 'NONE',  ( -1.017788105676655300, 0.5876202367904163100, -1.454166666666667100 ) ) ;
#4569 = CARTESIAN_POINT ( 'NONE',  ( 0.8816504037844382600, 1.527063293868261300, -8.344791666666665700 ) ) ;
#4570 = CARTESIAN_POINT ( 'NONE',  ( -1.017788105676655300, -0.5876202367904159700, -1.870833333333333800 ) ) ;
#4571 = PLANE ( 'NONE',  #3404 ) ;
#4572 = CARTESIAN_POINT ( 'NONE',  ( -0.2359215567864427800, 1.073809935526930600, 0.8293762070536465600 ) ) ;
#4573 = CARTESIAN_POINT ( 'NONE',  ( -0.6785254037844366000, 1.175240473580832200, -7.558333333333333600 ) ) ;
#4574 = VERTEX_POINT ( 'NONE', #648 ) ;
#4575 = CARTESIAN_POINT ( 'NONE',  ( -0.6785254037844367100, 1.175240473580832200, -0.9958333333333337900 ) ) ;
#4576 = CARTESIAN_POINT ( 'NONE',  ( 1.017788105676655800, 0.5876202367904153100, -8.120833333333333600 ) ) ;
#4577 = PERSON_AND_ORGANIZATION ( #3414, #792 ) ;
#4578 = CARTESIAN_POINT ( 'NONE',  ( -0.8816504037844373800, 1.527063293868261600, 1.238541666666667300 ) ) ;
#4579 = CARTESIAN_POINT ( 'NONE',  ( 0.8660254037844467000, 1.499999999999987600, -2.891666666666670600 ) ) ;
#4580 = EDGE_LOOP ( 'NONE', ( #4384, #3122, #1923, #72, #2883, #3848, #120, #1466, #3853, #2653, #1465, #1249, #1875 ) ) ;
#4581 = CARTESIAN_POINT ( 'NONE',  ( 0.8660254037844313800, -1.500000000000013300, -1.558333333333337600 ) ) ;
#4582 = ORIENTED_EDGE ( 'NONE', *, *, #3689, .F. ) ;
#4583 = CARTESIAN_POINT ( 'NONE',  ( -1.017788105676655300, -0.5876202367904159700, -0.8708333333333336800 ) ) ;
#4584 = CARTESIAN_POINT ( 'NONE',  ( 1.322475605676656900, 0.7635316469341297800, -7.886458333333331800 ) ) ;
#4585 = ORIENTED_EDGE ( 'NONE', *, *, #2111, .F. ) ;
#4586 = ORIENTED_EDGE ( 'NONE', *, *, #4425, .T. ) ;
#4587 = ORIENTED_EDGE ( 'NONE', *, *, #1432, .F. ) ;
#4588 = CARTESIAN_POINT ( 'NONE',  ( 1.017788105676655100, -0.5876202367904167500, -1.704166666666667300 ) ) ;
#4589 = CARTESIAN_POINT ( 'NONE',  ( 1.121107958840558800, -0.3525721420742929400, -0.1875000000000029700 ) ) ;
#4590 = VERTEX_POINT ( 'NONE', #4265 ) ;
#4591 = AXIS2_PLACEMENT_3D ( 'NONE', #4146, #4518, #2722 ) ;
#4592 = CARTESIAN_POINT ( 'NONE',  ( -1.299038105676658400, -0.7499999999999998900, -5.120833333333333600 ) ) ;
#4593 = CARTESIAN_POINT ( 'NONE',  ( -0.8816504037844373800, 1.527063293868261600, 0.2072916666666611600 ) ) ;
#4594 = CARTESIAN_POINT ( 'NONE',  ( 0.8816504037844382600, 1.527063293868261300, 1.655208333333334900 ) ) ;
#4595 = CARTESIAN_POINT ( 'NONE',  ( -0.6740763912898201100, 0.3698727545273280400, 0.4954285432711059700 ) ) ;
#4596 = CARTESIAN_POINT ( 'NONE',  ( 0.0000000000000000000, 0.0000000000000000000, 0.0000000000000000000 ) ) ;
#4597 = AXIS2_PLACEMENT_3D ( 'NONE', #546, #1277, #4231 ) ;
#4598 = CARTESIAN_POINT ( 'NONE',  ( -1.357050807568873600, 1.046809103374681300E-016, 0.08749999999999903700 ) ) ;
#4599 = CARTESIAN_POINT ( 'NONE',  ( -1.357050807568873400, 1.046809103374681200E-016, 1.525000000000000400 ) ) ;
#4600 = VECTOR ( 'NONE', #1162, 1000.000000000000000 ) ;
#4601 = CARTESIAN_POINT ( 'NONE',  ( 1.017788105676655800, 0.5876202367904153100, 0.3791666666666665400 ) ) ;
#4602 = VERTEX_POINT ( 'NONE', #3216 ) ;
#4603 = CARTESIAN_POINT ( 'NONE',  ( 0.8660254037844313800, -1.500000000000013300, -0.5583333333333375700 ) ) ;
#4604 = CARTESIAN_POINT ( 'NONE',  ( 0.0000000000000000000, -1.500000000000000400, 1.649999999999999500 ) ) ;
#4605 = CARTESIAN_POINT ( 'NONE',  ( 1.732050807568877900, -2.965870576684816500E-016, -1.975000000000003600 ) ) ;
#4606 = FACE_OUTER_BOUND ( 'NONE', #4365, .T. ) ;
#4607 = DIRECTION ( 'NONE',  ( 1.000000000000000000, 0.0000000000000000000, 0.0000000000000000000 ) ) ;
#4608 = CARTESIAN_POINT ( 'NONE',  ( 0.6785254037844376000, 1.175240473580831900, -0.5791666666666670500 ) ) ;
#4609 = CARTESIAN_POINT ( 'NONE',  ( -0.8660254037844429300, -1.499999999999994200, -4.641666666666672800 ) ) ;
#4610 = CARTESIAN_POINT ( 'NONE',  ( 0.8816504037844369300, -1.527063293868262000, 1.457291666666660700 ) ) ;
#4611 = VECTOR ( 'NONE', #3480, 1000.000000000000000 ) ;
#4612 = CARTESIAN_POINT ( 'NONE',  ( 0.0000000000000000000, 1.527063293868261800, 0.6968750000000013500 ) ) ;
#4613 = CARTESIAN_POINT ( 'NONE',  ( -0.8660254037844475900, 1.499999999999985300, -5.808333333333335300 ) ) ;
#4614 = CARTESIAN_POINT ( 'NONE',  ( -1.357050807568873400, 1.046809103374681200E-016, 1.024999999999999900 ) ) ;
#4615 = CARTESIAN_POINT ( 'NONE',  ( 0.6785254037844376000, 1.175240473580832200, 0.4208333333333338400 ) ) ;
#4616 = CARTESIAN_POINT ( 'NONE',  ( 1.322475605676656900, 0.7635316469341297800, -8.386458333333331800 ) ) ;
#4617 = CARTESIAN_POINT ( 'NONE',  ( 0.0000000000000000000, 1.175240473580832400, 0.9624999999999998000 ) ) ;
#4618 =( BOUNDED_CURVE ( )  B_SPLINE_CURVE ( 2, ( #1323, #253, #3469, #3856, #3820, #2405, #577 ),
 .UNSPECIFIED., .F., .F. ) 
 B_SPLINE_CURVE_WITH_KNOTS ( ( 3, 2, 2, 3 ),
 ( 0.2380952380952379400, 0.2460317460317459100, 0.2539682539682538400, 0.2619047619047618100 ),
 .UNSPECIFIED. ) 
 CURVE ( )  GEOMETRIC_REPRESENTATION_ITEM ( )  RATIONAL_B_SPLINE_CURVE ( ( 1.000000000000003300, 0.8660254037844353800, 1.000000000000000000, 0.8660254037844387100, 1.000000000000000000, 0.8660254037844396000, 0.9999999999999991100 ) ) 
 REPRESENTATION_ITEM ( '' )  );
#4619 = AXIS2_PLACEMENT_3D ( 'NONE', #3655, #1140, #1501 ) ;
#4620 = EDGE_CURVE ( 'NONE', #3175, #2091, #2715, .T. ) ;
#4621 = CARTESIAN_POINT ( 'NONE',  ( 0.5857404127452845400, -0.5857404127452721100, 2.388599486942812400 ) ) ;
#4622 = CARTESIAN_POINT ( 'NONE',  ( 1.836970198721030400E-016, 1.500000000000000400, 1.649999999999999500 ) ) ;
#4623 = CARTESIAN_POINT ( 'NONE',  ( -1.836970198721030400E-016, -1.500000000000000400, -6.100000000000003200 ) ) ;
#4624 = CARTESIAN_POINT ( 'NONE',  ( -0.8816504037844380400, -1.527063293868261300, 0.8739583333333275100 ) ) ;
#4625 = CARTESIAN_POINT ( 'NONE',  ( 0.8660254037844327100, 1.500000000000012700, -5.391666666666669300 ) ) ;
#4626 = EDGE_CURVE ( 'NONE', #3547, #1024, #4038, .T. ) ;
#4627 = CARTESIAN_POINT ( 'NONE',  ( 1.763300807568875000, -3.023275895394842700E-016, 1.071875000000001700 ) ) ;
#4628 = EDGE_CURVE ( 'NONE', #806, #1540, #2229, .T. ) ;
#4629 = CARTESIAN_POINT ( 'NONE',  ( -1.299038105676658200, 0.7500000000000004400, -3.704166666666667100 ) ) ;
#4630 = CARTESIAN_POINT ( 'NONE',  ( 1.017788105676655100, -0.5876202367904167500, -1.704166666666667300 ) ) ;
#4631 = CARTESIAN_POINT ( 'NONE',  ( 0.6785254037844363800, -1.175240473580832600, -1.745833333333333300 ) ) ;
#4632 = CARTESIAN_POINT ( 'NONE',  ( -1.322475605676656200, 0.7635316469341311100, -8.719791666666665700 ) ) ;
#4633 = EDGE_LOOP ( 'NONE', ( #3276, #1979, #724, #611 ) ) ;
#4634 = CARTESIAN_POINT ( 'NONE',  ( -1.357050807568873600, 1.046809103374681300E-016, 0.08749999999999903700 ) ) ;
#4635 = CARTESIAN_POINT ( 'NONE',  ( 0.0000000000000000000, 1.500000000000000400, -6.787499999999999600 ) ) ;
#4636 = ORIENTED_EDGE ( 'NONE', *, *, #3923, .T. ) ;
#4637 = CARTESIAN_POINT ( 'NONE',  ( -1.017788105676655300, -0.5876202367904158600, -8.433333333333331800 ) ) ;
#4638 = CARTESIAN_POINT ( 'NONE',  ( -0.6785254037844367100, 1.175240473580832200, -0.4958333333333342400 ) ) ;
#4639 = VERTEX_POINT ( 'NONE', #298 ) ;
#4640 = DIRECTION ( 'NONE',  ( -0.0000000000000000000, -0.0000000000000000000, -1.000000000000000000 ) ) ;
#4641 = CARTESIAN_POINT ( 'NONE',  ( -1.439254484199186200E-016, -1.175240473580832400, -7.287499999999999600 ) ) ;
#4642 = ORIENTED_EDGE ( 'NONE', *, *, #2343, .T. ) ;
#4643 = CARTESIAN_POINT ( 'NONE',  ( 1.322475605676656900, 0.7635316469341297800, 1.613541666666667500 ) ) ;
#4644 = CARTESIAN_POINT ( 'NONE',  ( -1.299038105676658400, 0.7500000000000003300, -5.766666666666669300 ) ) ;
#4645 = EDGE_LOOP ( 'NONE', ( #3503, #4082, #1819, #957, #858, #464 ) ) ;
#4646 = ORIENTED_EDGE ( 'NONE', *, *, #4086, .F. ) ;
#4647 = CARTESIAN_POINT ( 'NONE',  ( 1.091031948609574100, 0.4464839757398116300, -0.1875000000000010000 ) ) ;
#4648 = CARTESIAN_POINT ( 'NONE',  ( -1.870113174931180700E-016, -1.527063293868261800, -7.553124999999997900 ) ) ;
#4649 = EDGE_CURVE ( 'NONE', #1049, #2773, #2303, .T. ) ;
#4650 = CARTESIAN_POINT ( 'NONE',  ( 0.6785254037844372600, 1.175240473580831900, -8.141666666666665700 ) ) ;
#4651 = CYLINDRICAL_SURFACE ( 'NONE', #1621, 1.500000000000000400 ) ;
#4652 = DIRECTION ( 'NONE',  ( 0.01733375049386027800, 0.08714264840443966500, 0.9960450290638855900 ) ) ;
#4653 =( BOUNDED_CURVE ( )  B_SPLINE_CURVE ( 2, ( #657, #1774, #1039, #4276, #2445, #1347, #266, #3202, #1730, #3883, #2832, #2802, #3543, #1020, #1716, #3557, #1387, #2501, #3927, #2081, #1759, #2877, #2180, #3261, #2536, #692, #3232, #353, #1452, #1129, #336, #2896, #3247, #1094, #4345, #2161, #3591, #1053, #710, #4687, #371, #4004, #3661, #3277, #1420, #24, #3957, #1791, #4330, #2912, #728, #3627, #2567, #1077, #3606, #750, #1113, #2, #2925, #1841, #3643, #1439, #3975, #1491, #1811, #2550, #3992, #4023, #1472, #1825, #1853, #383, #4361, #2142, #4378, #2197, #2585, #2215, #39, #400, #2942, #768, #3297, #4673, #2521, #3374, #3327, #1197, #4056, #112, #2235, #1164, #834, #4400, #3347, #3365, #1889, #97, #2994, #1508, #2291, #1179, #2254, #4093, #800, #1920, #849, #3693, #56, #3721, #2600, #2308, #419, #3313, #1214, #2661, #4461, #132, #2959, #2634, #1525, #3734, #3031, #76, #1907, #783, #4433, #1576, #1147, #449, #4112, #3676, #3012, #817, #4037, #1874, #4447, #2650, #468, #3706, #2619, #485, #1565, #4412, #1546, #433, #4072, #2977, #2271, #543, #1997, #3919, #1380, #4161, #1999, #501, #2416, #1685, #2893, #1470, #4630, #2442, #1331, #4241, #2077, #307, #4217, #1712, #2483, #4227, #2845, #263, #614, #989, #1314, #3849, #3144, #4575, #293, #4274, #1741, #2090, #1005, #2470, #3198, #3895, #2106, #4608, #277, #4638, #2829, #654, #2797, #1727, #3157, #976, #600, #3185, #3513 ),
 .UNSPECIFIED., .F., .F. ) 
 B_SPLINE_CURVE_WITH_KNOTS ( ( 3, 2, 2, 2, 2, 2, 2, 2, 2, 2, 2, 2, 2, 2, 2, 2, 2, 2, 2, 2, 2, 2, 2, 2, 2, 2, 2, 2, 2, 2, 2, 2, 2, 2, 2, 2, 2, 2, 2, 2, 2, 2, 2, 2, 2, 2, 2, 2, 2, 2, 2, 2, 2, 2, 2, 2, 2, 2, 2, 2, 2, 2, 2, 2, 2, 2, 2, 2, 2, 2, 2, 2, 2, 2, 2, 2, 2, 2, 2, 2, 2, 2, 2, 2, 2, 2, 2, 2, 2, 2, 2, 2, 2, 2, 2, 2, 2, 2, 2, 3 ),
 ( 0.02254118752986918700, 0.02380952380952380800, 0.03174603174603174400, 0.03968253968253968000, 0.04761904761904761600, 0.05555555555555555200, 0.06349206349206348900, 0.07142857142857142500, 0.07936507936507936100, 0.08730158730158729700, 0.09523809523809523300, 0.1031746031746031700, 0.1111111111111111000, 0.1190476190476190400, 0.1269841269841269800, 0.1349206349206348900, 0.1428571428571428500, 0.1507936507936507900, 0.1587301587301587200, 0.1666666666666666600, 0.1746031746031745900, 0.1825396825396825300, 0.1904761904761904700, 0.1984126984126984000, 0.2063492063492063100, 0.2142857142857142700, 0.2222222222222222100, 0.2301587301587301500, 0.2380952380952380800, 0.2460317460317460200, 0.2539682539682539500, 0.2619047619047619200, 0.2698412698412698300, 0.2777777777777777900, 0.2857142857142857000, 0.2936507936507936600, 0.3015873015873015700, 0.3095238095238095300, 0.3174603174603174400, 0.3253968253968254100, 0.3333333333333333100, 0.3412698412698412800, 0.3492063492063491900, 0.3571428571428571000, 0.3650793650793650600, 0.3730158730158730200, 0.3809523809523808800, 0.3888888888888889000, 0.3968253968253968000, 0.4047619047619047700, 0.4126984126984126800, 0.4206349206349206400, 0.4285714285714285500, 0.4365079365079365100, 0.4444444444444444200, 0.4523809523809523800, 0.4603174603174602900, 0.4682539682539683100, 0.4761904761904761600, 0.4841269841269841300, 0.4920634920634920900, 0.5000000000000000000, 0.5079365079365079100, 0.5158730158730159300, 0.5238095238095238400, 0.5317460317460317400, 0.5396825396825396500, 0.5476190476190476700, 0.5555555555555555800, 0.5634920634920634900, 0.5714285714285714000, 0.5793650793650794200, 0.5873015873015873200, 0.5952380952380952300, 0.6031746031746031400, 0.6111111111111111600, 0.6190476190476190700, 0.6269841269841269800, 0.6349206349206348900, 0.6428571428571429000, 0.6507936507936508100, 0.6587301587301587200, 0.6666666666666666300, 0.6746031746031746500, 0.6825396825396825600, 0.6904761904761904700, 0.6984126984126982600, 0.7063492063492065000, 0.7142857142857143000, 0.7222222222222222100, 0.7301587301587301200, 0.7380952380952381400, 0.7460317460317460500, 0.7539682539682539500, 0.7619047619047618600, 0.7698412698412698800, 0.7777777777777779000, 0.7857142857142857000, 0.7936507936507936100, 0.7953452216858575300 ),
 .UNSPECIFIED. ) 
 CURVE ( )  GEOMETRIC_REPRESENTATION_ITEM ( )  RATIONAL_B_SPLINE_CURVE ( ( 0.9640221895668118500, 0.9785894700425333800, 1.000000000000000000, 0.8660254037844387100, 1.000000000000000000, 0.8660254037844387100, 1.000000000000000000, 0.8660254037844387100, 1.000000000000000000, 0.8660254037844387100, 1.000000000000000000, 0.8660254037844387100, 1.000000000000000000, 0.8660254037844387100, 1.000000000000000000, 0.8660254037844387100, 1.000000000000000000, 0.8660254037844387100, 1.000000000000000000, 0.8660254037844387100, 1.000000000000000000, 0.8660254037844387100, 1.000000000000000000, 0.8660254037844387100, 1.000000000000000000, 0.8660254037844387100, 1.000000000000000000, 0.8660254037844387100, 1.000000000000000000, 0.8660254037844387100, 1.000000000000000000, 0.8660254037844387100, 1.000000000000000000, 0.8660254037844387100, 1.000000000000000000, 0.8660254037844387100, 1.000000000000000000, 0.8660254037844387100, 1.000000000000000000, 0.8660254037844387100, 1.000000000000000000, 0.8660254037844387100, 1.000000000000000000, 0.8660254037844387100, 1.000000000000000000, 0.8660254037844387100, 1.000000000000000000, 0.8660254037844387100, 1.000000000000000000, 0.8660254037844387100, 1.000000000000000000, 0.8660254037844387100, 1.000000000000000000, 0.8660254037844387100, 1.000000000000000000, 0.8660254037844387100, 1.000000000000000000, 0.8660254037844387100, 1.000000000000000000, 0.8660254037844387100, 1.000000000000000000, 0.8660254037844387100, 1.000000000000000000, 0.8660254037844387100, 1.000000000000000000, 0.8660254037844387100, 1.000000000000000000, 0.8660254037844387100, 1.000000000000000000, 0.8660254037844387100, 1.000000000000000000, 0.8660254037844387100, 1.000000000000000000, 0.8660254037844387100, 1.000000000000000000, 0.8660254037844387100, 1.000000000000000000, 0.8660254037844387100, 1.000000000000000000, 0.8660254037844387100, 1.000000000000000000, 0.8660254037844387100, 1.000000000000000000, 0.8660254037844387100, 1.000000000000000000, 0.8660254037844387100, 1.000000000000000000, 0.8660254037844387100, 1.000000000000000000, 0.8660254037844387100, 1.000000000000000000, 0.8660254037844387100, 1.000000000000000000, 0.8660254037844387100, 1.000000000000000000, 0.8660254037844387100, 1.000000000000000000, 0.8660254037844387100, 1.000000000000000000, 0.8660254037844387100, 1.000000000000000000, 0.8660254037844387100, 1.000000000000000000, 0.8660254037844387100, 1.000000000000000000, 0.8660254037844387100, 1.000000000000000000, 0.8660254037844387100, 1.000000000000000000, 0.8660254037844387100, 1.000000000000000000, 0.8660254037844387100, 1.000000000000000000, 0.8660254037844387100, 1.000000000000000000, 0.8660254037844387100, 1.000000000000000000, 0.8660254037844387100, 1.000000000000000000, 0.8660254037844387100, 1.000000000000000000, 0.8660254037844387100, 1.000000000000000000, 0.8660254037844387100, 1.000000000000000000, 0.8660254037844387100, 1.000000000000000000, 0.8660254037844387100, 1.000000000000000000, 0.8660254037844387100, 1.000000000000000000, 0.8660254037844387100, 1.000000000000000000, 0.8660254037844387100, 1.000000000000000000, 0.8660254037844387100, 1.000000000000000000, 0.8660254037844387100, 1.000000000000000000, 0.8660254037844387100, 1.000000000000000000, 0.8660254037844387100, 1.000000000000000000, 0.8660254037844387100, 1.000000000000000000, 0.8660254037844387100, 1.000000000000000000, 0.8660254037844387100, 1.000000000000000000, 0.8660254037844387100, 1.000000000000000000, 0.8660254037844387100, 1.000000000000000000, 0.8660254037844387100, 1.000000000000000000, 0.8660254037844387100, 1.000000000000000000, 0.8660254037844387100, 1.000000000000000000, 0.8660254037844387100, 1.000000000000000000, 0.8660254037844387100, 1.000000000000000000, 0.8660254037844387100, 1.000000000000000000, 0.8660254037844387100, 1.000000000000000000, 0.8660254037844387100, 1.000000000000000000, 0.8660254037844387100, 1.000000000000000000, 0.8660254037844387100, 1.000000000000000000, 0.8660254037844387100, 1.000000000000000000, 0.8660254037844387100, 1.000000000000000000, 0.8660254037844387100, 1.000000000000000000, 0.8660254037844387100, 1.000000000000000000, 0.8660254037844387100, 1.000000000000000000, 0.8660254037844387100, 1.000000000000000000, 0.8660254037844387100, 1.000000000000000000, 0.8660254037844387100, 1.000000000000000000, 0.8660254037844387100, 1.000000000000000000, 0.8660254037844387100, 1.000000000000000000, 0.8660254037844387100, 1.000000000000000000, 0.8660254037844387100, 1.000000000000000000, 0.9713967007114361300, 0.9550068919397577400 ) ) 
 REPRESENTATION_ITEM ( '' )  );
#4654 = CARTESIAN_POINT ( 'NONE',  ( 1.357050807568873400, -2.277006752164422900E-016, -8.224999999999999600 ) ) ;
#4655 = AXIS2_PLACEMENT_3D ( 'NONE', #903, #1241, #2718 ) ;
#4656 = EDGE_CURVE ( 'NONE', #3725, #2773, #3700, .T. ) ;
#4657 = CARTESIAN_POINT ( 'NONE',  ( 1.299038105676659100, 0.7499999999999991100, -2.370833333333333100 ) ) ;
#4658 = CARTESIAN_POINT ( 'NONE',  ( 1.073809935526934600, -0.2359215567864277900, 0.8293762070536470100 ) ) ;
#4659 = LINE ( 'NONE', #1584, #1658 ) ;
#4660 = CARTESIAN_POINT ( 'NONE',  ( 1.017788105676655800, 0.5876202367904153100, -6.620833333333333600 ) ) ;
#4661 = CARTESIAN_POINT ( 'NONE',  ( -1.100811989133271900, 0.3716700472500811800, 2.380988553074016200 ) ) ;
#4662 = CYLINDRICAL_SURFACE ( 'NONE', #1539, 1.500000000000000400 ) ;
#4663 = CARTESIAN_POINT ( 'NONE',  ( -1.299038105676658400, 0.7500000000000003300, -6.266666666666669300 ) ) ;
#4664 = CARTESIAN_POINT ( 'NONE',  ( 0.8816504037844369300, -1.527063293868262000, -7.011458333333330900 ) ) ;
#4665 = CARTESIAN_POINT ( 'NONE',  ( 0.0000000000000000000, 1.175240473580832200, -4.100000000000000500 ) ) ;
#4666 = CARTESIAN_POINT ( 'NONE',  ( 1.017788105676655800, 0.5876202367904153100, 1.379166666666665800 ) ) ;
#4667 = DIRECTION ( 'NONE',  ( -0.0000000000000000000, -2.585091490897065700E-018, 1.000000000000000000 ) ) ;
#4668 = CARTESIAN_POINT ( 'NONE',  ( -1.017788105676655100, 0.5876202367904161900, -8.016666666666667500 ) ) ;
#4669 = CARTESIAN_POINT ( 'NONE',  ( -1.836970198721030400E-016, -1.500000000000000400, -4.600000000000003200 ) ) ;
#4670 = CARTESIAN_POINT ( 'NONE',  ( 0.8660254037844383700, -1.500000000000000900, -7.495833333333332700 ) ) ;
#4671 = ORIENTED_EDGE ( 'NONE', *, *, #474, .T. ) ;
#4672 = CARTESIAN_POINT ( 'NONE',  ( 1.017788105676655800, 0.5876202367904153100, -6.120833333333333600 ) ) ;
#4673 = CARTESIAN_POINT ( 'NONE',  ( -1.357050807568873600, 1.046809103374680900E-016, -4.912500000000000500 ) ) ;
#4674 = DIRECTION ( 'NONE',  ( 1.000000000000000000, 0.0000000000000000000, 0.0000000000000000000 ) ) ;
#4675 = CARTESIAN_POINT ( 'NONE',  ( 0.0000000000000000000, 1.500000000000000400, -7.287500000000000500 ) ) ;
#4676 = CARTESIAN_POINT ( 'NONE',  ( -1.439254484199186200E-016, -1.175240473580832600, -8.299759526419169500 ) ) ;
#4677 = CARTESIAN_POINT ( 'NONE',  ( 1.322475605676656900, 0.7635316469341297800, -7.386458333333331800 ) ) ;
#4678 =( BOUNDED_CURVE ( )  B_SPLINE_CURVE ( 2, ( #2817, #616, #1345, #1713, #3909, #4609, #1018 ),
 .UNSPECIFIED., .F., .F. ) 
 B_SPLINE_CURVE_WITH_KNOTS ( ( 3, 2, 2, 3 ),
 ( 0.3333333333333333700, 0.3412698412698412800, 0.3492063492063491900, 0.3571428571428571000 ),
 .UNSPECIFIED. ) 
 CURVE ( )  GEOMETRIC_REPRESENTATION_ITEM ( )  RATIONAL_B_SPLINE_CURVE ( ( 0.9999999999999991100, 0.8660254037844394800, 1.000000000000000000, 0.8660254037844386000, 1.000000000000000000, 0.8660254037844394800, 0.9999999999999991100 ) ) 
 REPRESENTATION_ITEM ( '' )  );
#4679 = DIRECTION ( 'NONE',  ( 1.000000000000000000, 7.993605777301127100E-015, 0.0000000000000000000 ) ) ;
#4680 = CARTESIAN_POINT ( 'NONE',  ( 1.357050807568873400, -2.277006752164422400E-016, -3.725000000000000100 ) ) ;
#4681 = CARTESIAN_POINT ( 'NONE',  ( -1.017788105676655300, -0.5876202367904158600, -6.433333333333333600 ) ) ;
#4682 = EDGE_CURVE ( 'NONE', #3330, #2721, #1173, .T. ) ;
#4683 = CARTESIAN_POINT ( 'NONE',  ( -0.6785254037844370400, -1.175240473580832200, -8.391666666666667500 ) ) ;
#4684 = CARTESIAN_POINT ( 'NONE',  ( 0.0000000000000000000, 0.0000000000000000000, 2.089977552738297100 ) ) ;
#4685 = CARTESIAN_POINT ( 'NONE',  ( 1.299038105676659100, 0.7499999999999991100, -7.370833333333333600 ) ) ;
#4686 = CARTESIAN_POINT ( 'NONE',  ( 0.6785254037844376000, 1.175240473580832200, -6.579166666666667500 ) ) ;
#4687 = CARTESIAN_POINT ( 'NONE',  ( 0.6785254037844366000, -1.175240473580832600, -6.745833333333332700 ) ) ;
#4688 = DIRECTION ( 'NONE',  ( 1.000000000000000000, 0.0000000000000000000, 0.0000000000000000000 ) ) ;
#4689 = CARTESIAN_POINT ( 'NONE',  ( -1.299038105676658400, -0.7499999999999998900, -2.620833333333333600 ) ) ;
#4690 = ORIENTED_EDGE ( 'NONE', *, *, #267, .T. ) ;
#4691 = DIRECTION ( 'NONE',  ( -0.0000000000000000000, -2.585091490897065700E-018, 1.000000000000000000 ) ) ;
#4692 = CARTESIAN_POINT ( 'NONE',  ( -0.8660254037844455900, 1.499999999999988000, -7.245833333333333600 ) ) ;
#4693 = CARTESIAN_POINT ( 'NONE',  ( -1.357050807568873600, 1.046809103374681300E-016, 1.587500000000000600 ) ) ;
#4694 = CARTESIAN_POINT ( 'NONE',  ( 1.322475605676655800, -0.7635316469341314500, -6.469791666666665700 ) ) ;
#4695 = PERSON_AND_ORGANIZATION ( #3414, #792 ) ;
#4696 = CARTESIAN_POINT ( 'NONE',  ( -1.322475605676656200, 0.7635316469341311100, -7.251041666666671000 ) ) ;
#4697 = CARTESIAN_POINT ( 'NONE',  ( 0.6785254037844363800, -1.175240473580832200, -6.308333333333333600 ) ) ;
#4698 = ORIENTED_EDGE ( 'NONE', *, *, #3798, .F. ) ;
#4699 = VERTEX_POINT ( 'NONE', #386 ) ;
#4700 = CARTESIAN_POINT ( 'NONE',  ( -0.6785254037844370400, -1.175240473580832200, -5.391666666666666600 ) ) ;
#4701 = CARTESIAN_POINT ( 'NONE',  ( 1.017788105676655600, 0.5876202367904153100, -5.683333333333333600 ) ) ;
#4702 = ORIENTED_EDGE ( 'NONE', *, *, #1590, .F. ) ;
#4703 = ORIENTED_EDGE ( 'NONE', *, *, #153, .T. ) ;
#4704 = CARTESIAN_POINT ( 'NONE',  ( 1.299038105676658900, 0.7499999999999990000, -4.433333333333336200 ) ) ;
#4705 = CARTESIAN_POINT ( 'NONE',  ( -1.651542389413730700, 0.3126715560647762600, 1.706632713042000900 ) ) ;
ENDSEC;
END-ISO-10303-21;
